#{"t_start": 1783262055.525511, "env_id": "None"}
r,l,t,is_success,final_distance,is_out_of_bounds,is_unsafe_low_altitude,altitude,terminal_reason,terminal_stop_command_accepted,terminal_yaw_error,terminal_yaw_penalty,physical_displacement,path_length,max_physical_displacement,min_altitude,motion_command_steps,motion_command_accepted_steps,motion_command_acceptance_rate,mean_action_norm,max_action_norm,mean_xy_action_norm,max_xy_action_norm,last_action_vx,last_action_vy,last_action_vz,last_action_vyaw,reset_method,reset_path,reset_service_attempted,reset_failure_class,reset_position_error,reset_yaw_error,reset_service_status,vertical_safety_penalty,low_altitude_guard_active,bounds_guard_active
10.596129,7,20.350023,True,0.34709820193026764,False,False,1.6787242365461406,success,True,0.8774856406151702,8.774856406151702,1.0519171790198376,1.062380501318465,1.0519171790198376,1.0841542347744215,7,7,1.0,1.793711581496792,1.793711581496792,0.7071067811865477,0.7071067811865476,0.5,0.5,-0.5,1.5707963705062866,simulator_service,service_success,True,,0.0793,1.2187,service_success,0.0,False,True
-15.959959,8,24.273173,False,1.5887258961216832,True,False,0.0,out_of_bounds,True,0.8984294861520021,0.0,2.753795659801377,0.8955408479110937,0.7185366473855596,1.1507188704137776,7,7,1.0,1.793711581496792,1.793711581496792,0.7071067811865477,0.7071067811865476,0.5,-0.5,-0.5,-1.5707963705062866,simulator_service,service_success,True,,0.106,0.6766,service_success,0.0,False,False
-15.518395,2,28.418106,False,2.9287114316973173,True,False,3.4917049648618756,out_of_bounds,True,0.9922594878635611,0.0,3.251025091497656,0.01855991620555749,0.01855991620555749,1.5743297509203802,1,1,1.0,1.793711581496792,1.793711581496792,0.7071067811865476,0.7071067811865476,0.5,-0.5,0.5,-1.5707963705062866,velocity,post_controller_hold,False,,0.1722,1.6044,not_attempted,0.0,False,False
-15.4135685,2,32.464509,False,2.6992457898201025,True,False,0.0,out_of_bounds,True,0.9754450039442532,0.0,1.8627602770662088,0.013940580533440397,0.013940580533440397,1.0974819193999248,1,1,1.0,1.793711581496792,1.793711581496792,0.7071067811865476,0.7071067811865476,0.5,-0.5,-0.5,-1.5707963705062866,simulator_service,service_success,True,,0.0239,0.0033,service_success,0.0,False,False
-15.474485,2,36.599054,False,2.3349294240394873,True,False,3.6846881643755705,out_of_bounds,True,0.8690139814032496,0.0,3.3210109519087703,0.009909177284938047,0.009909177284938047,1.7483379885511106,1,1,1.0,1.793711581496792,1.793711581496792,0.7071067811865476,0.7071067811865476,-0.5,0.5,0.5,-1.5707963705062866,simulator_service,service_success,True,,0.0167,0.0,service_success,0.0,False,False
-15.149095,2,40.702281,False,3.016025887473578,True,False,3.3015317046683466,out_of_bounds,True,0.9023206526645788,0.0,3.383248122777611,0.01573113727169948,0.01573113727169948,1.3285214507550505,1,1,1.0,1.793711581496792,1.793711581496792,0.7071067811865476,0.7071067811865476,0.5,0.5,0.5,1.5707963705062866,simulator_service,service_success,True,,0.0201,0.0003,service_success,0.0,False,False
-15.119164,2,44.803093,False,2.0948442301052577,True,False,0.0,out_of_bounds,True,0.5563850770918468,0.0,3.100380347187681,0.01278185789994581,0.01278185789994581,1.8081176839316988,1,1,1.0,1.793711581496792,1.793711581496792,0.7071067811865476,0.7071067811865476,0.5,0.5,-0.5,-1.5707963705062866,simulator_service,service_success,True,,0.0188,0.0,service_success,0.0,False,False
-15.549431,2,48.888637,False,2.6343067161762868,True,False,3.5254982409225963,out_of_bounds,True,0.5583863858898602,0.0,3.355298168413826,0.007680625516185516,0.007680625516185516,1.5678779124922777,1,1,1.0,1.793711581496792,1.793711581496792,0.7071067811865476,0.7071067811865476,-0.5,0.5,0.5,1.5707963705062866,simulator_service,service_success,True,,0.02,0.0,service_success,0.0,False,False
-15.446018,2,53.120483,False,2.4222429918739468,True,False,0.0,out_of_bounds,True,0.1573914709674455,0.0,2.812277160478044,0.012880876330000306,0.012880876330000306,1.644592021564241,1,1,1.0,1.793711581496792,1.793711581496792,0.7071067811865476,0.7071067811865476,0.5,0.5,-0.5,-1.5707963705062866,simulator_service,service_success,True,,0.0186,0.0002,service_success,0.0,False,False
-15.367867,2,57.296436,False,2.365429139052877,True,False,0.0,out_of_bounds,True,0.970959735615361,0.0,2.7202223926835627,0.006548982642721397,0.006548982642721397,1.5942928082603518,1,1,1.0,1.793711581496792,1.793711581496792,0.7071067811865476,0.7071067811865476,-0.5,-0.5,-0.5,-1.5707963705062866,simulator_service,service_success,True,,0.0186,0.0001,service_success,0.0,False,False
-15.132724,2,61.552229,False,1.4405124362343782,True,False,0.0,out_of_bounds,True,0.8351162583215685,0.0,1.6977699528260441,0.0035451357053775294,0.0035451357053775294,1.0170640494500311,1,1,1.0,1.793711581496792,1.793711581496792,0.7071067811865476,0.7071067811865476,-0.5,-0.5,-0.5,1.5707963705062866,simulator_service,service_success,True,,0.0184,0.0044,service_success,0.0,False,False
-15.311818,2,65.788066,False,3.520578990600841,True,False,3.8632578676662286,out_of_bounds,True,0.16250833105043505,0.0,3.513695756893292,0.007511014096282317,0.007511014096282317,1.8135774393898656,1,1,1.0,1.793711581496792,1.793711581496792,0.7071067811865476,0.7071067811865476,-0.5,0.5,0.5,-1.5707963705062866,simulator_service,service_success,True,,0.0205,0.0014,service_success,0.0,False,False
-15.53374,2,70.148995,False,3.503043570199166,True,False,0.0,out_of_bounds,True,0.07881203953012082,0.0,2.164385238337125,0.0011037930835297485,0.0011037930835297485,1.2832881111587306,1,1,1.0,1.793711581496792,1.793711581496792,0.7071067811865476,0.7071067811865476,0.5,0.5,-0.5,-1.5707963705062866,simulator_service,service_success,True,,0.018,0.0003,service_success,0.0,False,False
-15.454145,2,74.495339,False,3.0576912022788836,True,False,3.7487618926903004,out_of_bounds,True,0.9093836168040915,0.0,3.5998276078723532,0.005538217388760456,0.005538217388760456,1.6497267978358658,1,1,1.0,1.793711581496792,1.793711581496792,0.7071067811865476,0.7071067811865476,-0.5,0.5,0.5,-1.5707963705062866,simulator_service,service_success,True,,0.015,0.0002,service_success,0.0,False,False
-15.364425,2,78.875165,False,2.129587720679744,True,False,0.0,out_of_bounds,True,0.03937238143064332,0.0,2.4293511745128926,0.0005559452790742169,0.0005559452790742169,1.4370332137722315,1,1,1.0,1.793711581496792,1.793711581496792,0.7071067811865476,0.7071067811865476,0.5,-0.5,-0.5,-1.5707963705062866,simulator_service,service_success,True,,0.0168,0.0068,service_success,0.0,False,False
-15.248969,2,83.224125,False,1.9456356219810689,True,False,0.0,out_of_bounds,True,0.054052078666687035,0.0,1.8868076648681547,0.006323098310965803,0.006323098310965803,1.348604675101033,1,1,1.0,1.7226342394740828,1.7226342394740828,0.5000674808590619,0.5000674808590619,0.008214950561523438,0.5,-0.5,1.5707963705062866,simulator_service,service_success,True,,0.0149,0.0,service_success,0.0,False,False
-15.400345,2,87.669217,False,2.5103227745888574,True,False,0.0,out_of_bounds,True,0.8008029806075944,0.0,1.82315047457109,0.008516485385281311,0.008516485385281311,1.0794681320115025,1,1,1.0,1.793711581496792,1.793711581496792,0.7071067811865476,0.7071067811865476,0.5,0.5,-0.5,-1.5707963705062866,simulator_service,service_success,True,,0.0168,0.0104,service_success,0.0,False,False
-15.4378605,2,92.04408,False,1.8532406034437718,True,False,0.0,out_of_bounds,True,0.8569186039673441,0.0,3.30193402714381,0.0037378647182260824,0.0037378647182260824,1.9331347064405615,1,1,1.0,1.793711581496792,1.793711581496792,0.7071067811865476,0.7071067811865476,0.5,-0.5,-0.5,-1.5707963705062866,simulator_service,service_success,True,,0.0157,0.0003,service_success,0.0,False,False
-15.550183,2,96.581154,False,2.887960883243042,True,False,0.0,out_of_bounds,True,0.2947656155049123,0.0,2.9806149573042133,0.0013267037911592896,0.0013267037911592896,1.7519945902765257,1,1,1.0,1.793711581496792,1.793711581496792,0.7071067811865476,0.7071067811865476,0.5,-0.5,-0.5,-1.5707963705062866,simulator_service,service_success,True,,0.0147,0.0135,service_success,0.0,False,False
-15.280528,2,101.157006,False,4.93581938509122,True,False,4.060194040297417,out_of_bounds,True,0.18636290138540623,0.0,3.7518719812028056,0.0015008404216963513,0.0015008404216963513,1.873948434813634,1,1,1.0,1.3722115458160855,1.3722115458160855,0.7071067811865476,0.7071067811865476,-0.5,0.5,0.5,-1.0644080638885498,simulator_service,service_success,True,,0.0124,0.0003,service_success,0.0,False,False
-15.331659,2,105.89422,False,2.1903409263508853,True,False,0.0,out_of_bounds,True,0.8420429881492802,0.0,1.725947400413983,0.0011742032859954677,0.0011742032859954677,1.0353800283216772,1,1,1.0,1.793711581496792,1.793711581496792,0.7071067811865476,0.7071067811865476,0.5,-0.5,-0.5,1.5707963705062866,simulator_service,service_success,True,,0.0141,0.0119,service_success,0.0,False,False
-15.210136,2,110.573614,False,1.550469131673018,True,False,0.0,out_of_bounds,True,0.2211169427036712,0.0,2.6581940680375267,0.0012002252266678397,0.0012002252266678397,1.5666249612920278,1,1,1.0,1.793711581496792,1.793711581496792,0.7071067811865476,0.7071067811865476,-0.5,0.5,-0.5,1.5707963705062866,simulator_service,service_success,True,,0.0111,0.0002,service_success,0.0,False,False
-15.305215,2,115.310149,False,1.3135551726515018,True,False,0.0,out_of_bounds,True,0.517586225035652,0.0,2.677545372869883,0.0007119325841394793,0.0007119325841394793,1.5776193450140317,1,1,1.0,1.793711581496792,1.793711581496792,0.7071067811865476,0.7071067811865476,0.5,-0.5,-0.5,1.5707963705062866,simulator_service,service_success,True,,0.0108,0.0068,service_success,0.0,False,False
-15.351651,2,119.987688,False,3.0391890988888988,True,False,3.76852084619789,out_of_bounds,True,0.5471052566314484,0.0,3.9166264017147,0.0007670574082413735,0.0007670574082413735,1.487435507808889,1,1,1.0,1.793711581496792,1.793711581496792,0.7071067811865476,0.7071067811865476,0.5,-0.5,0.5,1.5707963705062866,simulator_service,service_success,True,,0.0119,0.0069,service_success,0.0,False,False
-15.3515625,2,124.821188,False,1.7646288474229297,True,False,3.6571561101304293,out_of_bounds,True,0.5978394962739095,0.0,3.8121643245867527,0.012709240451100575,0.012709240451100575,1.4357027635192043,1,1,1.0,1.1047279202586227,1.1047279202586227,0.7071067811865476,0.7071067811865476,-0.5,0.5,0.5,0.6858744621276855,simulator_service,service_success,True,,0.0102,0.0008,service_success,0.0,False,False
-15.307299,2,129.600011,False,4.793337387612808,True,False,0.0,out_of_bounds,True,0.31786475813989895,0.0,2.598043296825568,0.000950687262988793,0.000950687262988793,1.5335710253554045,1,1,1.0,1.793711581496792,1.793711581496792,0.7071067811865476,0.7071067811865476,-0.5,-0.5,-0.5,1.5707963705062866,simulator_service,service_success,True,,0.0107,0.0004,service_success,0.0,False,False
-15.453914,2,134.329313,False,3.5510471608504917,True,False,0.0,out_of_bounds,True,0.32905377742921815,0.0,2.151531277168469,0.012401311505276964,0.012401311505276964,1.264482113392488,1,1,1.0,1.793711581496792,1.793711581496792,0.7071067811865476,0.7071067811865476,0.5,-0.5,-0.5,1.5707963705062866,simulator_service,service_success,True,,0.0118,0.0001,service_success,0.0,False,False
-15.131375,2,139.112844,False,1.9622989166550444,True,False,0.0,out_of_bounds,True,0.8813133734611239,0.0,2.0776855479504768,0.012866748242169717,0.012866748242169717,1.2249991467800148,1,1,1.0,1.793711581496792,1.793711581496792,0.7071067811865476,0.7071067811865476,-0.5,-0.5,-0.5,1.5707963705062866,simulator_service,service_success,True,,0.0122,0.0126,service_success,0.0,False,False
-15.195955,2,144.051086,False,1.3656695880112315,True,False,0.0,out_of_bounds,True,0.7208197065749841,0.0,2.663598026725121,0.012180294746771493,0.012180294746771493,1.8737985950879672,1,1,1.0,1.7250884811057017,1.7250884811057017,0.5084575007292678,0.5084575007292678,0.09235274791717529,-0.5,-0.5,1.5707963705062866,simulator_service,service_success,True,,0.0119,0.0066,service_success,0.0,False,False
-15.420382,2,149.023219,False,3.2510243133555075,True,False,3.4453608652221583,out_of_bounds,True,0.3203590862164325,0.0,4.065844647015422,0.009873227624216425,0.009873227624216425,1.0785546328871372,1,1,1.0,1.793711581496792,1.793711581496792,0.7071067811865476,0.7071067811865476,0.5,-0.5,0.5,1.5707963705062866,simulator_service,service_success,True,,0.0096,0.0006,service_success,0.0,False,False
-15.237789,2,153.865075,False,2.1130106969026157,True,False,0.0,out_of_bounds,True,0.76003405904632,0.0,1.6851727605487967,0.006371991581719241,0.006371991581719241,1.0038985233966193,1,1,1.0,1.793711581496792,1.793711581496792,0.7071067811865476,0.7071067811865476,-0.5,-0.5,-0.5,-1.5707963705062866,simulator_service,service_success,True,,0.0108,0.0,service_success,0.0,False,False
-15.137967,2,158.740061,False,2.209834480389823,True,False,0.0,out_of_bounds,True,0.8787909065601825,0.0,2.8301861133419313,0.01058355888972474,0.01058355888972474,1.656979665124928,1,1,1.0,1.4146539207816005,1.4146539207816005,0.7071067811865476,0.7071067811865476,-0.5,0.5,-0.5,-1.1185909509658813,simulator_service,service_success,True,,0.0096,0.0004,service_success,0.0,False,False
-15.160167,2,163.877094,False,1.7760459060921763,True,False,0.0,out_of_bounds,True,0.06784748540916369,0.0,2.0047676534395684,0.0033864287324461085,0.0033864287324461085,1.1928423203627674,1,1,1.0,1.793711581496792,1.793711581496792,0.7071067811865476,0.7071067811865476,0.5,0.5,-0.5,-1.5707963705062866,simulator_service,service_success,True,,0.0101,0.0019,service_success,0.0,False,False
-15.208963,2,168.954992,False,1.5976010676413603,True,False,0.0,out_of_bounds,True,0.05995385674655465,0.0,1.9024775858486418,0.008363136103747325,0.008363136103747325,1.1307991682489162,1,1,1.0,1.793711581496792,1.793711581496792,0.7071067811865476,0.7071067811865476,0.5,0.5,-0.5,-1.5707963705062866,simulator_service,service_success,True,,0.0098,0.0065,service_success,0.0,False,False
-15.4159,2,173.993584,False,2.7180195506404927,True,False,0.0,out_of_bounds,True,0.8134808669436564,0.0,2.190622972249174,0.004984463527374323,0.004984463527374323,1.2951859493144229,1,1,1.0,1.793711581496792,1.793711581496792,0.7071067811865476,0.7071067811865476,-0.5,0.5,-0.5,-1.5707963705062866,simulator_service,service_success,True,,0.0081,0.0021,service_success,0.0,False,False
-15.430012,2,178.969104,False,3.7468300280188447,True,False,4.258519139517421,out_of_bounds,True,0.043774798845931405,0.0,4.1343093086845935,0.0052538937071488455,0.0052538937071488455,1.8520444236675644,1,1,1.0,1.793711581496792,1.793711581496792,0.7071067811865476,0.7071067811865476,-0.5,0.5,0.5,-1.5707963705062866,simulator_service,service_success,True,,0.0093,0.0004,service_success,0.0,False,False
-15.342757,2,184.21424,False,5.158725772200251,True,False,0.0,out_of_bounds,True,0.9063170022488106,0.0,2.768469338195188,0.0038683776788606735,0.0038683776788606735,1.6290426463389422,1,1,1.0,1.793711581496792,1.793711581496792,0.7071067811865476,0.7071067811865476,-0.5,0.5,-0.5,-1.5707963705062866,simulator_service,service_success,True,,0.0083,0.0098,service_success,0.0,False,False
-15.519981,2,189.38302,False,3.1987558888472623,True,False,4.166238961088206,out_of_bounds,True,0.16305782866257704,0.0,4.318859121328192,0.007667741007252647,0.007667741007252647,1.6528918683319176,1,1,1.0,1.793711581496792,1.793711581496792,0.7071067811865476,0.7071067811865476,0.5,0.5,0.5,-1.5707963705062866,simulator_service,service_success,True,,0.0089,0.0003,service_success,0.0,False,False
-15.52007,2,194.624136,False,3.3757795152075984,True,False,0.0,out_of_bounds,True,0.6087937274843636,0.0,2.7289989933874446,0.0034049921957543593,0.0034049921957543593,1.6024165680294058,1,1,1.0,1.793711581496792,1.793711581496792,0.7071067811865476,0.7071067811865476,0.5,0.5,-0.5,-1.5707963705062866,simulator_service,service_success,True,,0.0074,0.0075,service_success,0.0,False,False
-15.526459,2,199.809001,False,4.033152339206891,True,False,0.0,out_of_bounds,True,0.6584283842974464,0.0,1.9167295944740232,0.0018675435538393161,0.0018675435538393161,1.1419570683776237,1,1,1.0,1.793711581496792,1.793711581496792,0.7071067811865476,0.7071067811865476,0.5,-0.5,-0.5,-1.5707963705062866,simulator_service,service_success,True,,0.0084,0.0003,service_success,0.0,False,False
-15.234151,2,205.133193,False,3.9981013167134862,True,False,3.5724568831892074,out_of_bounds,True,0.870536639422649,0.0,4.223925062461327,0.004926334434052676,0.004926334434052676,1.1151393759910928,1,1,1.0,1.793711581496792,1.793711581496792,0.7071067811865476,0.7071067811865476,-0.5,0.5,0.5,-1.5707963705062866,simulator_service,service_success,True,,0.0071,0.0005,service_success,0.0,False,False
-15.381329,2,210.414683,False,2.356970000268338,True,False,0.0,out_of_bounds,True,0.2260270119874807,0.0,1.7505980384397326,0.0008753394948084342,0.0008753394948084342,1.0474167665296048,1,1,1.0,1.793711581496792,1.793711581496792,0.7071067811865476,0.7071067811865476,0.5,-0.5,-0.5,-1.5707963705062866,simulator_service,service_success,True,,0.009,0.0081,service_success,0.0,False,False
-15.419768,2,215.643245,False,2.5323741225376275,True,False,3.820223517293787,out_of_bounds,True,0.5244747653511292,0.0,4.301705230084043,0.0022930259791536494,0.0022930259791536494,1.3177816337211228,1,1,1.0,1.793711581496792,1.793711581496792,0.7071067811865476,0.7071067811865476,-0.5,0.5,0.5,-1.5707963705062866,simulator_service,service_success,True,,0.0066,0.0002,service_success,0.0,False,False
-15.546333,2,220.820127,False,3.338825103421175,True,False,4.316188766180129,out_of_bounds,True,0.4626553081826756,0.0,4.301868502059041,0.0014274492520586967,0.0014274492520586967,1.8128614614066973,1,1,1.0,1.793711581496792,1.793711581496792,0.7071067811865476,0.7071067811865476,-0.5,-0.5,0.5,1.5707963705062866,simulator_service,service_success,True,,0.0084,0.011,service_success,0.0,False,False
-15.221556,2,226.259158,False,3.132920485033234,True,False,4.068755614191071,out_of_bounds,True,0.15659171646032657,0.0,4.292679796296504,0.00044896140757685687,0.00044896140757685687,1.5712767729451116,1,1,1.0,1.793711581496792,1.793711581496792,0.7071067811865476,0.7071067811865476,0.5,-0.5,0.5,1.5707963705062866,simulator_service,service_success,True,,0.0062,0.0004,service_success,0.0,False,False
-15.194236,2,231.737195,False,1.3056042965572945,True,False,0.0,out_of_bounds,True,0.8947433899980196,0.0,2.711374514820565,0.0005790998372313771,0.0005790998372313771,1.5992708711472159,1,1,1.0,1.793711581496792,1.793711581496792,0.7071067811865476,0.7071067811865476,0.5,-0.5,-0.5,-1.5707963705062866,simulator_service,service_success,True,,0.0075,0.0003,service_success,0.0,False,False
-15.524624,2,237.2805,False,3.915050871216079,True,False,4.369385153600592,out_of_bounds,True,0.8350212665702892,0.0,4.450118096973777,0.0010888172296047384,0.0010888172296047384,1.7810315856041306,1,1,1.0,1.793711581496792,1.793711581496792,0.7071067811865476,0.7071067811865476,-0.5,-0.5,0.5,1.5707963705062866,simulator_service,service_success,True,,0.0042,0.0001,service_success,0.0,False,False
-15.329424,2,242.753203,False,3.7870979240351614,True,False,3.854688932824592,out_of_bounds,True,0.1975143059015757,0.0,4.634109534551414,0.001565846300743328,0.001565846300743328,1.1600803299827243,1,1,1.0,1.793711581496792,1.793711581496792,0.7071067811865476,0.7071067811865476,-0.5,-0.5,0.5,1.5707963705062866,simulator_service,service_success,True,,0.0054,0.0007,service_success,0.0,False,False
-15.231163,2,248.292165,False,3.0595991903684743,True,False,3.9086274718555005,out_of_bounds,True,0.659838931930543,0.0,4.537011081073789,0.0005679064341906914,0.0005679064341906914,1.2698019277784653,1,1,1.0,1.793711581496792,1.793711581496792,0.7071067811865476,0.7071067811865476,-0.5,-0.5,0.5,1.5707963705062866,simulator_service,service_success,True,,0.0022,0.0002,service_success,0.0,False,False
-15.418892,2,253.966265,False,3.004781618723646,True,False,4.005186002711465,out_of_bounds,True,0.4141526012730763,0.0,4.528345255007123,0.0005360836426983572,0.0005360836426983572,1.371381339551186,1,1,1.0,1.793711581496792,1.793711581496792,0.7071067811865476,0.7071067811865476,-0.5,-0.5,0.5,1.5707963705062866,simulator_service,service_success,True,,0.0031,0.0003,service_success,0.0,False,False
-15.27365,2,259.505422,False,3.305340563592362,True,False,4.117177526664545,out_of_bounds,True,0.3539043321246696,0.0,4.7053606602881075,0.0009504675835563903,0.0009504675835563903,1.3815083851239764,1,1,1.0,1.793711581496792,1.793711581496792,0.7071067811865476,0.7071067811865476,0.5,-0.5,0.5,1.5707963705062866,simulator_service,service_success,True,,0.0041,0.0,service_success,0.0,False,False
-15.385787,2,265.084997,False,2.631452225113964,True,False,3.7521394661490985,out_of_bounds,True,0.22280092924835776,0.0,4.625589387329905,0.0010143101023232287,0.0010143101023232287,1.0628199896574653,1,1,1.0,1.793711581496792,1.793711581496792,0.7071067811865476,0.7071067811865476,-0.5,0.5,0.5,1.5707963705062866,simulator_service,service_success,True,,0.0014,0.0002,service_success,0.0,False,False
-15.340506,2,270.82022,False,4.043411687070219,True,False,0.0,out_of_bounds,True,0.7160392972999498,0.0,3.1515431460003436,0.0007017095100083445,0.0007017095100083445,1.8507594758725217,1,1,1.0,1.793711581496792,1.793711581496792,0.7071067811865476,0.7071067811865476,0.5,-0.5,-0.5,1.5707963705062866,simulator_service,service_success,True,,0.0032,0.0003,service_success,0.0,False,False
-15.520635,2,276.596417,False,4.134911583637667,True,False,0.0,out_of_bounds,True,0.8867300956844351,0.0,1.816938476753505,0.0006678635223631872,0.0006678635223631872,1.0876115129987456,1,1,1.0,1.793711581496792,1.793711581496792,0.7071067811865476,0.7071067811865476,-0.5,-0.5,-0.5,1.5707963705062866,simulator_service,service_success,True,,0.0027,0.0001,service_success,0.0,False,False
-15.120821,2,282.33399,False,2.0972278823775814,True,False,0.0,out_of_bounds,True,0.2676464861404467,0.0,2.8905363824629293,0.011838526709307108,0.011838526709307108,1.6877672258490968,1,1,1.0,1.793711581496792,1.793711581496792,0.7071067811865476,0.7071067811865476,0.5,-0.5,-0.5,1.5707963705062866,simulator_service,service_success,True,,0.0027,0.0103,service_success,0.0,False,False
-15.246713,2,288.31241,False,4.53886640268041,True,False,4.439908089331673,out_of_bounds,True,0.44377950907195496,0.0,4.696825914469528,0.016239846928607794,0.016239846928607794,1.7084986963581845,1,1,1.0,1.793711581496792,1.793711581496792,0.7071067811865476,0.7071067811865476,0.5,-0.5,0.5,-1.5707963705062866,simulator_service,service_success,True,,0.0022,0.0092,service_success,0.0,False,False
-15.265914,2,294.146319,False,2.30009062202377,True,False,0.0,out_of_bounds,True,0.3021936465012805,0.0,3.007453487994691,0.009982208776884206,0.009982208776884206,1.759058735289438,1,1,1.0,1.793711581496792,1.793711581496792,0.7071067811865476,0.7071067811865476,0.5,-0.5,-0.5,1.5707963705062866,simulator_service,service_success,True,,0.002,0.0022,service_success,0.0,False,False
-15.460163,2,299.925019,False,5.160152458747093,True,False,4.3797674396086155,out_of_bounds,True,0.5280866258952113,0.0,4.852256424498194,0.00947419407464288,0.00947419407464288,1.5597142120754877,1,1,1.0,1.793711581496792,1.793711581496792,0.7071067811865476,0.7071067811865476,0.5,-0.5,0.5,-1.5707963705062866,simulator_service,service_success,True,,0.0008,0.0002,service_success,0.0,False,False
-15.377276,2,305.761153,False,2.2121399179076717,True,False,0.0,out_of_bounds,True,0.16993260192438922,0.0,2.308998864956469,0.0004805151334192367,0.0004805151334192367,1.3688161287496232,1,1,1.0,1.793711581496792,1.793711581496792,0.7071067811865476,0.7071067811865476,-0.5,-0.5,-0.5,1.5707963705062866,simulator_service,service_success,True,,0.0015,0.0003,service_success,0.0,False,False
-15.1729355,2,311.737066,False,3.839402394434097,True,False,4.691639147654864,out_of_bounds,True,0.35930784017370115,0.0,4.7731073459668,0.0005708496271598304,0.0005708496271598304,1.9165501759534231,1,1,1.0,1.793711581496792,1.793711581496792,0.7071067811865476,0.7071067811865476,0.5,0.5,0.5,-1.5707963705062866,simulator_service,service_success,True,,0.0025,0.0001,service_success,0.0,False,False
-15.450023,2,317.775074,False,3.9526827290636244,True,False,4.423698801305016,out_of_bounds,True,0.2037636850959548,0.0,4.932214572993813,0.0006233625400351833,0.0006233625400351833,1.556808418119842,1,1,1.0,1.793711581496792,1.793711581496792,0.7071067811865476,0.7071067811865476,0.5,0.5,0.5,-1.5707963705062866,simulator_service,service_success,True,,0.0032,0.0111,service_success,0.0,False,False
-15.350264,2,323.451009,False,3.571966651533344,True,False,4.332323837801864,out_of_bounds,True,0.527934529425941,0.0,4.9396310556298415,0.0006467265422266835,0.0006467265422266835,1.4616491310857511,1,1,1.0,1.793711581496792,1.793711581496792,0.7071067811865476,0.7071067811865476,-0.5,-0.5,0.5,1.5707963705062866,simulator_service,service_success,True,,0.0005,0.0003,service_success,0.0,False,False
-15.269488,2,329.589122,False,3.381007704759944,True,False,3.889409664313109,out_of_bounds,True,0.08376348120816823,0.0,4.755550882194173,0.00044755677074488485,0.00044755677074488485,1.1245640626571736,1,1,1.0,1.793711581496792,1.793711581496792,0.7071067811865476,0.7071067811865476,0.5,-0.5,0.5,-1.5707963705062866,simulator_service,service_success,True,,0.0003,0.0002,service_success,0.0,False,False
-15.201519,2,335.667001,False,2.6118552672192568,True,False,0.0,out_of_bounds,True,0.5828503698720879,0.0,3.285044322870601,0.0009012525264179951,0.0009012525264179951,1.927815887302399,1,1,1.0,1.793711581496792,1.793711581496792,0.7071067811865476,0.7071067811865476,-0.5,-0.5,-0.5,-1.5707963705062866,simulator_service,service_success,True,,0.0001,0.0001,service_success,0.0,False,False
-15.226475,2,341.801166,False,4.47538115357265,True,False,4.741860817746463,out_of_bounds,True,0.9573730025224301,0.0,5.009289106699592,0.005398158690139534,0.005398158690139534,1.8309775971244384,1,1,1.0,1.793711581496792,1.793711581496792,0.7071067811865476,0.7071067811865476,0.5,0.5,0.5,-1.5707963705062866,simulator_service,service_success,True,,0.0006,0.0001,service_success,0.0,False,False
-15.471642,2,347.880205,False,6.549348744988335,True,False,4.787110908015677,out_of_bounds,True,0.5022924531818657,0.0,5.019383841905407,0.007074090605175951,0.007074090605175951,1.8710769245220065,1,1,1.0,1.793711581496792,1.793711581496792,0.7071067811865476,0.7071067811865476,-0.5,-0.5,0.5,1.5707963705062866,simulator_service,service_success,True,,0.0015,0.0008,service_success,0.0,False,False
-15.1614485,2,354.317105,False,4.2160738787697305,True,False,4.969805149686233,out_of_bounds,True,0.08955595949538593,0.0,5.106529244177462,0.000435034047971017,0.000435034047971017,2.0033797125004074,1,1,1.0,1.793711581496792,1.793711581496792,0.7071067811865476,0.7071067811865476,0.5,0.5,0.5,-1.5707963705062866,simulator_service,service_success,True,,0.0007,0.0002,service_success,0.0,False,False
-15.409559,2,360.598042,False,3.554086224489698,True,False,4.982284739324715,out_of_bounds,True,0.08282439954058099,0.0,5.272241685159458,0.0004915383833075623,0.0004915383833075623,1.9188228658539455,1,1,1.0,1.793711581496792,1.793711581496792,0.7071067811865476,0.7071067811865476,0.5,0.5,0.5,1.5707963705062866,simulator_service,service_success,True,,0.0033,0.0228,service_success,0.0,False,False
-15.528955,2,366.731968,False,3.5201484246746633,True,False,0.0,out_of_bounds,True,0.7621911368535292,0.0,1.8389370602700412,0.0006341775411057407,0.0006341775411057407,1.0981526981128544,1,1,1.0,1.793711581496792,1.793711581496792,0.7071067811865476,0.7071067811865476,0.5,-0.5,-0.5,-1.5707963705062866,simulator_service,service_success,True,,0.0022,0.0001,service_success,0.0,False,False
-15.422162,2,372.806988,False,2.693294427835492,True,False,0.0,out_of_bounds,True,0.038625321005206444,0.0,2.6807035616590422,0.0006432135084661939,0.0006432135084661939,1.5822466004605602,1,1,1.0,1.793711581496792,1.793711581496792,0.7071067811865476,0.7071067811865476,-0.5,0.5,-0.5,1.5707963705062866,simulator_service,service_success,True,,0.0004,0.0001,service_success,0.0,False,False
-15.462888,2,379.245157,False,3.754313217653481,True,False,0.0,out_of_bounds,True,0.6693863212918553,0.0,1.777077146486852,0.001154487823163674,0.001154487823163674,1.0624950256228094,1,1,1.0,1.793711581496792,1.793711581496792,0.7071067811865476,0.7071067811865476,0.5,-0.5,-0.5,-1.5707963705062866,simulator_service,service_success,True,,0.0012,0.0068,service_success,0.0,False,False
-15.130689,2,385.522108,False,4.53321363027168,True,False,4.3300597121424325,out_of_bounds,True,0.8533966651128939,0.0,5.3428674335668696,0.0024092915106720416,0.0024092915106720416,1.2263858566597807,1,1,1.0,1.793711581496792,1.793711581496792,0.7071067811865476,0.7071067811865476,-0.5,0.5,0.5,1.5707963705062866,simulator_service,service_success,True,,0.0018,0.0056,service_success,0.0,False,False
-15.571941,2,391.95734,False,3.744842869298187,True,False,4.628116059254583,out_of_bounds,True,0.1105061502423203,0.0,5.246079534267027,0.0005813729400986905,0.0005813729400986905,1.5803763393007564,1,1,1.0,1.793711581496792,1.793711581496792,0.7071067811865476,0.7071067811865476,-0.5,0.5,0.5,-1.5707963705062866,simulator_service,service_success,True,,0.0024,0.0086,service_success,0.0,False,False
-15.538286,2,398.430982,False,3.6630334021965543,True,False,4.660068822699395,out_of_bounds,True,0.057596700199980845,0.0,5.247073275880557,0.0006433653849170663,0.0006433653849170663,1.6128044269170454,1,1,1.0,1.793711581496792,1.793711581496792,0.7071067811865476,0.7071067811865476,0.5,0.5,0.5,1.5707963705062866,simulator_service,service_success,True,,0.0006,0.0001,service_success,0.0,False,False
-15.448215,2,404.972063,False,3.0490706327634185,True,False,0.0,out_of_bounds,True,0.6006172623807002,0.0,1.9347167183410616,0.0,0.0,1.1557550751179488,1,1,1.0,1.793711581496792,1.793711581496792,0.7071067811865476,0.7071067811865476,-0.5,-0.5,-0.5,-1.5707963705062866,simulator_service,service_success,True,,0.0016,0.0,service_success,0.0,False,False
-15.31039,2,411.451217,False,5.337924692934972,True,False,4.343063790081322,out_of_bounds,True,0.4214666564461355,0.0,5.516739659440035,0.0,0.0,1.139650811394816,1,1,1.0,1.793711581496792,1.793711581496792,0.7071067811865476,0.7071067811865476,0.5,-0.5,0.5,-1.5707963705062866,simulator_service,service_success,True,,0.002,0.0001,service_success,0.0,False,False
-15.37203,2,418.089099,False,3.2320577860467075,True,False,4.474382524695012,out_of_bounds,True,0.9925834707935957,0.0,5.227460298820035,0.0,0.0,1.4372097949666323,1,1,1.0,1.793711581496792,1.793711581496792,0.7071067811865476,0.7071067811865476,0.5,0.5,0.5,-1.5707963705062866,simulator_service,service_success,True,,0.0042,0.0011,service_success,0.0,False,False
-15.507297,2,424.665974,False,2.837324351159537,True,False,4.259154763711527,out_of_bounds,True,0.4647139488493699,0.0,5.587115579178822,0.0007925198716500909,0.0007925198716500909,1.0150405683983177,1,1,1.0,1.793711581496792,1.793711581496792,0.7071067811865476,0.7071067811865476,-0.5,0.5,0.5,-1.5707963705062866,simulator_service,service_success,True,,0.0034,0.0003,service_success,0.0,False,False
-15.183902,2,431.302296,False,4.002173403076185,True,False,4.13246324925404,out_of_bounds,True,0.6155795057539741,0.0,5.315990499506942,0.0006054992036782749,0.0006054992036782749,1.04478897544167,1,1,1.0,1.793711581496792,1.793711581496792,0.7071067811865476,0.7071067811865476,-0.5,0.5,0.5,-1.5707963705062866,simulator_service,service_success,True,,0.0033,0.0001,service_success,0.0,False,False
-15.159457,2,437.881087,False,5.4788752254755595,True,False,5.219917277225703,out_of_bounds,True,0.27645390482744425,0.0,5.586121581357908,0.0006345432671232639,0.0006345432671232639,1.9759668079921993,1,1,1.0,1.793711581496792,1.793711581496792,0.7071067811865476,0.7071067811865476,-0.5,0.5,0.5,-1.5707963705062866,simulator_service,service_success,True,,0.0029,0.0,service_success,0.0,False,False
-15.327486,2,444.615004,False,3.8150727220307443,True,False,4.743301239159386,out_of_bounds,True,0.957553576273942,0.0,5.307284532501411,0.0007003305751170027,0.0007003305751170027,1.6611725182631478,1,1,1.0,1.793711581496792,1.793711581496792,0.7071067811865476,0.7071067811865476,-0.5,0.5,0.5,-1.5707963705062866,simulator_service,service_success,True,,0.0043,0.0003,service_success,0.0,False,False
-15.562696,2,451.1943,False,3.9286420738416217,True,False,5.112230803830987,out_of_bounds,True,0.07223426332042858,0.0,5.577556551539618,0.0007146815435439051,0.0007146815435439051,1.873223251209968,1,1,1.0,1.793711581496792,1.793711581496792,0.7071067811865476,0.7071067811865476,0.5,-0.5,0.5,1.5707963705062866,simulator_service,service_success,True,,0.0038,0.0003,service_success,0.0,False,False
-15.535463,2,457.930224,False,3.3944273547670534,True,False,4.8279294274819,out_of_bounds,True,0.6128445774616784,0.0,5.306343619371777,0.0006684366863396583,0.0006684366863396583,1.7456526414253102,1,1,1.0,1.793711581496792,1.793711581496792,0.7071067811865476,0.7071067811865476,0.5,0.5,0.5,-1.5707963705062866,simulator_service,service_success,True,,0.0037,0.0001,service_success,0.0,False,False
-15.120983,2,464.509049,False,2.413676447034912,True,False,0.0,out_of_bounds,True,0.25444167765693476,0.0,3.3047770027761496,0.0006621933121064306,0.0006621933121064306,1.933450279273448,1,1,1.0,1.1509440827980182,1.1509440827980182,0.7071067811865476,0.7071067811865476,0.5,-0.5,-0.5,0.7580714225769043,simulator_service,service_success,True,,0.0022,0.0001,service_success,0.0,False,False
-15.357138,2,471.347804,False,3.202495927622846,True,False,4.400015876072033,out_of_bounds,True,0.5464304907390775,0.0,5.2975949184348154,0.0,0.0,1.3234403436079842,1,1,1.0,1.793711581496792,1.793711581496792,0.7071067811865476,0.7071067811865476,0.5,-0.5,0.5,1.5707963705062866,simulator_service,service_success,True,,0.0046,0.0003,service_success,0.0,False,False
-15.232181,2,478.220202,False,2.548783286585472,True,False,0.0,out_of_bounds,True,0.3247095829713118,0.0,2.8525904332333,0.0,0.0,1.3429603622238004,1,1,1.0,1.761139982206991,1.761139982206991,0.7071067811865476,0.7071067811865476,0.5,0.5,-0.3663506507873535,-1.5707963705062866,simulator_service,service_success,True,,0.0044,0.0096,service_success,0.0,False,False
-15.352028,2,484.857156,False,3.092530986772818,True,False,4.402574432455826,out_of_bounds,True,0.1437637878234617,0.0,5.638543368451489,0.0008655010289594609,0.0008655010289594609,1.129067304969961,1,1,1.0,1.793711581496792,1.793711581496792,0.7071067811865476,0.7071067811865476,0.5,0.5,0.5,1.5707963705062866,simulator_service,service_success,True,,0.004,0.0002,service_success,0.0,False,False
-15.457775,2,491.732997,False,2.527130290407654,True,False,0.0,out_of_bounds,True,0.3308285654128708,0.0,2.6398342729843307,0.0008955684728160811,0.0008955684728160811,1.561057966435355,1,1,1.0,1.793711581496792,1.793711581496792,0.7071067811865476,0.7071067811865476,0.5,-0.5,-0.5,1.5707963705062866,simulator_service,service_success,True,,0.0044,0.0017,service_success,0.0,False,False
-15.567171,2,498.475225,False,4.843227827686087,True,False,4.66457125402936,out_of_bounds,True,0.2298131241674492,0.0,5.6305836478479705,0.0008910462903151167,0.0008910462903151167,1.3956413190313537,1,1,1.0,1.793711581496792,1.793711581496792,0.7071067811865476,0.7071067811865476,-0.5,-0.5,0.5,-1.5707963705062866,simulator_service,service_success,True,,0.0022,0.0001,service_success,0.0,False,False
-15.312315,2,505.347976,False,2.022277138605454,True,False,0.0,out_of_bounds,True,0.08240892870477882,0.0,1.7132341133241493,0.0009135408546295118,0.0009135408546295118,1.0312513426027354,1,1,1.0,1.793711581496792,1.793711581496792,0.7071067811865476,0.7071067811865476,0.5,-0.5,-0.5,1.5707963705062866,simulator_service,service_success,True,,0.0046,0.0025,service_success,0.0,False,False
-15.311881,2,512.484033,False,4.590518056766842,True,False,5.266157399361432,out_of_bounds,True,0.11935064609741416,0.0,5.631016372303459,0.000815871969024897,0.000815871969024897,1.997267746338901,1,1,1.0,1.793711581496792,1.793711581496792,0.7071067811865476,0.7071067811865476,0.5,0.5,0.5,1.5707963705062866,simulator_service,service_success,True,,0.0025,0.0,service_success,0.0,False,False
-15.286323,2,519.36402,False,4.156228927724976,True,False,0.0,out_of_bounds,True,0.274967931059749,0.0,2.7798693787872235,0.0008851710024550167,0.0008851710024550167,1.6385724726756297,1,1,1.0,1.793711581496792,1.793711581496792,0.7071067811865476,0.7071067811865476,-0.5,-0.5,-0.5,-1.5707963705062866,simulator_service,service_success,True,,0.0041,0.0051,service_success,0.0,False,False
-15.317445,2,526.500055,False,3.9287529699228716,True,False,5.0369513625425295,out_of_bounds,True,0.5477883528438648,0.0,4.612853087107551,0.0005972790364057787,0.0005972790364057787,1.765745252446384,1,1,1.0,1.7231153198130527,1.7231153198130527,0.501722201799677,0.501722201799677,0.041535139083862305,0.5,0.5,1.5707963705062866,simulator_service,service_success,True,,0.0054,0.0002,service_success,0.0,False,False
-15.279142,2,533.382181,False,1.8987773118053264,True,False,0.0,out_of_bounds,True,0.7910873542272635,0.0,2.0044735546199535,0.00064373639419785,0.00064373639419785,1.193886343891355,1,1,1.0,1.793711581496792,1.793711581496792,0.7071067811865476,0.7071067811865476,-0.5,0.5,-0.5,-1.5707963705062866,simulator_service,service_success,True,,0.0038,0.002,service_success,0.0,False,False
-15.453305,2,540.614956,False,3.1708178667341427,True,False,4.5606372735751135,out_of_bounds,True,0.25592399770182495,0.0,5.6111321512139325,0.0007277382193697857,0.0007277382193697857,1.3025936809374696,1,1,1.0,1.793711581496792,1.793711581496792,0.7071067811865476,0.7071067811865476,0.5,0.5,0.5,1.5707963705062866,simulator_service,service_success,True,,0.0055,0.0004,service_success,0.0,False,False
-15.391228,2,547.792029,False,6.362319166297399,True,False,0.0,out_of_bounds,True,0.8533938753014428,0.0,3.371709268859769,0.0008447371574331691,0.0008447371574331691,1.9772342765281208,1,1,1.0,1.793711581496792,1.793711581496792,0.7071067811865476,0.7071067811865476,-0.5,-0.5,-0.5,-1.5707963705062866,simulator_service,service_success,True,,0.0045,0.0117,service_success,0.0,False,False
-15.181903,2,554.83054,False,5.3163633743519805,True,False,5.124363071083367,out_of_bounds,True,0.945141220729695,0.0,5.969599314447203,0.005458290250336266,0.005458290250336266,1.6600079474129017,1,1,1.0,1.793711581496792,1.793711581496792,0.7071067811865476,0.7071067811865476,-0.5,0.5,0.5,1.5707963705062866,simulator_service,service_success,True,,0.0058,0.0,service_success,0.0,False,False
-15.213317,2,562.006124,False,1.437490907264054,True,False,0.0,out_of_bounds,True,0.4165762804245782,0.0,2.5707974023571634,0.0033180037509297536,0.0033180037509297536,1.5176901197066102,1,1,1.0,1.793711581496792,1.793711581496792,0.7071067811865476,0.7071067811865476,-0.5,0.5,-0.5,-1.5707963705062866,simulator_service,service_success,True,,0.0058,0.0052,service_success,0.0,False,False
-15.340909,2,569.236281,False,4.927514663879019,True,False,4.947176313576783,out_of_bounds,True,0.9780781098455578,0.0,5.950450425966025,0.002471043539884015,0.002471043539884015,1.492166344587138,1,1,1.0,1.793711581496792,1.793711581496792,0.7071067811865476,0.7071067811865476,0.5,-0.5,0.5,1.5707963705062866,simulator_service,service_success,True,,0.0043,0.0001,service_success,0.0,False,False
-15.341164,2,575.81626,False,5.243046464663462,True,False,5.130067409240595,out_of_bounds,True,0.6687233324988978,0.0,5.953145829260556,0.0025726215585619603,0.0025726215585619603,1.674826642087517,1,1,1.0,1.793711581496792,1.793711581496792,0.7071067811865476,0.7071067811865476,0.5,-0.5,0.5,1.5707963705062866,simulator_service,service_success,True,,0.0068,0.0017,service_success,0.0,False,False
-15.324025,2,583.257034,False,1.6150512629615748,True,False,0.0,out_of_bounds,True,0.7825928783292461,0.0,2.5526388104723208,0.0,0.0,1.508945116071478,1,1,1.0,1.793711581496792,1.793711581496792,0.7071067811865476,0.7071067811865476,-0.5,-0.5,-0.5,-1.5707963705062866,simulator_service,service_success,True,,0.0046,0.0003,service_success,0.0,False,False
-15.429978,2,590.92817,False,4.591170080491138,True,False,4.861890095605763,out_of_bounds,True,0.3617052849912796,0.0,6.067240602973407,0.0,0.0,1.3411408694117373,1,1,1.0,1.793711581496792,1.793711581496792,0.7071067811865476,0.7071067811865476,-0.5,0.5,0.5,-1.5707963705062866,simulator_service,service_success,True,,0.0036,0.0001,service_success,0.0,False,False
-15.498009,2,598.270445,False,4.317939153728381,True,False,4.900641786502382,out_of_bounds,True,0.20202831135535254,0.0,6.3726349141605025,0.0,0.0,1.2041924039207483,1,1,1.0,1.793711581496792,1.793711581496792,0.7071067811865476,0.7071067811865476,-0.5,0.5,0.5,1.5707963705062866,simulator_service,service_success,True,,0.0074,0.0094,service_success,0.0,False,False
-15.228973,2,605.549058,False,4.081887254702226,True,False,3.5052983610601345,out_of_bounds,True,0.9484893821544186,0.0,5.3242419717410785,0.0,0.0,1.4788300426108867,1,1,1.0,1.7466975810569534,1.7466975810569534,0.7071067811865476,0.7071067811865476,-0.5,-0.5,0.28905224800109863,-1.5707963705062866,simulator_service,service_success,True,,0.0072,0.0001,service_success,0.0,False,False
-15.17821,2,612.985683,False,2.50350071391563,True,False,0.0,out_of_bounds,True,0.2738352046094772,0.0,4.025541318817376,0.0,0.0,1.9744064173461107,1,1,1.0,0.9384744111854993,0.9384744111854993,0.7071067811865476,0.7071067811865476,-0.5,0.5,-0.3919229507446289,0.47658222913742065,simulator_service,service_success,True,,0.0066,0.0002,service_success,0.0,False,False
-15.423683,2,620.66217,False,4.023048448910497,True,False,5.3382832381509555,out_of_bounds,True,0.3462831718085409,0.0,6.022899303457427,0.0,0.0,1.8436019496124143,1,1,1.0,1.793711581496792,1.793711581496792,0.7071067811865476,0.7071067811865476,0.5,0.5,0.5,1.5707963705062866,simulator_service,service_success,True,,0.0063,0.0004,service_success,0.0,False,False
-15.457259,2,628.19722,False,2.1299902740279597,True,False,0.0,out_of_bounds,True,0.6309076673754317,0.0,3.3767501874845784,0.0008467455494041431,0.0008467455494041431,1.9814360662647952,1,1,1.0,1.793711581496792,1.793711581496792,0.7071067811865476,0.7071067811865476,0.5,-0.5,-0.5,-1.5707963705062866,simulator_service,service_success,True,,0.0064,0.0006,service_success,0.0,False,False
-15.443854,2,635.874474,False,3.966646458763652,True,False,0.0,out_of_bounds,True,0.4956694955791069,0.0,1.9244434017961956,0.0007626110629766164,0.0007626110629766164,1.1508496374402337,1,1,1.0,1.793711581496792,1.793711581496792,0.7071067811865476,0.7071067811865476,-0.5,0.5,-0.5,1.5707963705062866,simulator_service,service_success,True,,0.007,0.0001,service_success,0.0,False,False
-15.145645,2,643.513556,False,5.905725477435474,True,False,5.4198407279921055,out_of_bounds,True,0.33902468950969666,0.0,6.4423638543846975,0.0008113381125330208,0.0008113381125330208,1.6830048414774599,1,1,1.0,1.793711581496792,1.793711581496792,0.7071067811865476,0.7071067811865476,-0.5,-0.5,0.5,-1.5707963705062866,simulator_service,service_success,True,,0.0076,0.0005,service_success,0.0,False,False
-15.454277,2,651.190096,False,7.803914377589543,True,False,5.601453324426192,out_of_bounds,True,0.8606410633744087,0.0,6.450087316935574,0.0008005145392035592,0.0008005145392035592,1.8597833128774124,1,1,1.0,1.793711581496792,1.793711581496792,0.7071067811865476,0.7071067811865476,0.5,-0.5,0.5,1.5707963705062866,simulator_service,service_success,True,,0.0084,0.0008,service_success,0.0,False,False
-15.300883,2,658.828395,False,3.077437536882336,True,False,0.0,out_of_bounds,True,0.049524937509393664,0.0,2.1662066785672134,0.0007601928450882794,0.0007601928450882794,1.286327056587594,1,1,1.0,1.793711581496792,1.793711581496792,0.7071067811865476,0.7071067811865476,0.5,0.5,-0.5,-1.5707963705062866,simulator_service,service_success,True,,0.0067,0.0003,service_success,0.0,False,False
-15.519005,2,666.503189,False,5.104037442675068,True,False,0.0,out_of_bounds,True,0.43896555682874994,0.0,2.822221868221956,0.000753779122859898,0.000753779122859898,1.6625546781886995,1,1,1.0,1.793711581496792,1.793711581496792,0.7071067811865476,0.7071067811865476,-0.5,0.5,-0.5,1.5707963705062866,simulator_service,service_success,True,,0.0068,0.0002,service_success,0.0,False,False
-15.230914,2,674.238131,False,6.482220368533187,True,False,5.664027109419649,out_of_bounds,True,0.9871212053339878,0.0,6.441073978434241,0.0,0.0,1.92790747541479,1,1,1.0,1.793711581496792,1.793711581496792,0.7071067811865476,0.7071067811865476,0.5,-0.5,0.5,-1.5707963705062866,simulator_service,service_success,True,,0.0082,0.0046,service_success,0.0,False,False
-15.260819,2,681.920087,False,7.981157967290176,True,False,5.144290358071843,out_of_bounds,True,0.2821911572724478,0.0,6.432104460803284,0.0008689154943221319,0.0008689154943221319,1.4120254326832888,1,1,1.0,1.793711581496792,1.793711581496792,0.7071067811865476,0.7071067811865476,-0.5,-0.5,0.5,1.5707963705062866,simulator_service,service_success,True,,0.0089,0.0017,service_success,0.0,False,False
-15.260806,2,689.754179,False,2.727300686404292,True,False,0.0,out_of_bounds,True,0.0876700236760314,0.0,2.791273385090504,0.0006862366828362805,0.0006862366828362805,1.6463825995451435,1,1,1.0,1.793711581496792,1.793711581496792,0.7071067811865476,0.7071067811865476,0.5,0.5,-0.5,-1.5707963705062866,simulator_service,service_success,True,,0.007,0.0,service_success,0.0,False,False
-15.316274,2,697.432963,False,4.246744711081865,True,False,4.882699352267314,out_of_bounds,True,0.4646240715145341,0.0,6.528577089761725,0.000720174940411561,0.000720174940411561,1.0961223946357588,1,1,1.0,1.793711581496792,1.793711581496792,0.7071067811865476,0.7071067811865476,-0.5,0.5,0.5,1.5707963705062866,simulator_service,service_success,True,,0.0066,0.0,service_success,0.0,False,False
-15.295706,2,705.367952,False,4.089803082614262,True,False,4.82904779917953,out_of_bounds,True,0.19092513228541744,0.0,6.161734294010746,0.0006918769637207969,0.0006918769637207969,1.254030325955093,1,1,1.0,1.793711581496792,1.793711581496792,0.7071067811865476,0.7071067811865476,-0.5,-0.5,0.5,1.5707963705062866,simulator_service,service_success,True,,0.0078,0.0041,service_success,0.0,False,False
-15.451063,2,713.051089,False,5.349345315309345,True,False,4.868785812333189,out_of_bounds,True,0.5919636613443782,0.0,6.510079629884385,0.0006781732790066121,0.0006781732790066121,1.0925253786107492,1,1,1.0,1.793711581496792,1.793711581496792,0.7071067811865476,0.7071067811865476,-0.5,0.5,0.5,1.5707963705062866,simulator_service,service_success,True,,0.0066,0.0002,service_success,0.0,False,False
-15.307668,2,721.082021,False,4.479224699473395,True,False,5.227082490680511,out_of_bounds,True,0.8950757619727461,0.0,6.511758694622534,0.0006632418061879547,0.0006632418061879547,1.4506177623451708,1,1,1.0,1.793711581496792,1.793711581496792,0.7071067811865476,0.7071067811865476,-0.5,0.5,0.5,1.5707963705062866,simulator_service,service_success,True,,0.0077,0.0,service_success,0.0,False,False
-15.368247,2,729.159993,False,4.207452853676382,True,False,5.384252425925495,out_of_bounds,True,0.404392556008909,0.0,6.502529540586316,0.0006816039882631805,0.0006816039882631805,1.6128509473306287,1,1,1.0,1.793711581496792,1.793711581496792,0.7071067811865476,0.7071067811865476,-0.5,0.5,0.5,1.5707963705062866,simulator_service,service_success,True,,0.0062,0.0001,service_success,0.0,False,False
-15.577488,2,737.195094,False,5.749149439007312,True,False,5.08776674088919,out_of_bounds,True,0.05274759627794329,0.0,6.850627503491534,0.0006624943503221332,0.0006624943503221332,1.115323157332294,1,1,1.0,1.793711581496792,1.793711581496792,0.7071067811865476,0.7071067811865476,0.5,-0.5,0.5,1.5707963705062866,simulator_service,service_success,True,,0.0079,0.0001,service_success,0.0,False,False
-15.463769,2,745.274107,False,4.290170553594352,True,False,5.713402530233468,out_of_bounds,True,0.4613981595479154,0.0,6.510930807066679,0.0006582713790878824,0.0006582713790878824,1.9370933127556083,1,1,1.0,1.793711581496792,1.793711581496792,0.7071067811865476,0.7071067811865476,-0.5,0.5,0.5,1.5707963705062866,simulator_service,service_success,True,,0.0081,0.0002,service_success,0.0,False,False
-15.425904,2,753.409174,False,4.526627644422277,True,False,4.976461587467837,out_of_bounds,True,0.3558234206481983,0.0,6.833808985394834,0.000651089082973871,0.000651089082973871,1.0140601219748613,1,1,1.0,1.793711581496792,1.793711581496792,0.7071067811865476,0.7071067811865476,-0.5,0.5,0.5,1.5707963705062866,simulator_service,service_success,True,,0.0079,0.0001,service_success,0.0,False,False
-15.421501,2,761.49267,False,4.495282252102001,True,False,5.334934050990879,out_of_bounds,True,0.4679130274071025,0.0,6.841841631888063,0.0006453385969658117,0.0006453385969658117,1.367665481613304,1,1,1.0,1.793711581496792,1.793711581496792,0.7071067811865476,0.7071067811865476,-0.5,0.5,0.5,1.5707963705062866,simulator_service,service_success,True,,0.0081,0.0001,service_success,0.0,False,False
-15.441876,2,769.725173,False,6.621785127194842,True,False,5.609679397059246,out_of_bounds,True,0.268730162555001,0.0,6.581030410581217,0.005350915683337029,0.005350915683337029,1.7932833622919755,1,1,1.0,1.793711581496792,1.793711581496792,0.7071067811865476,0.7071067811865476,0.5,0.5,0.5,1.5707963705062866,simulator_service,service_success,True,,0.0082,0.0003,service_success,0.0,False,False
-15.131972,2,777.802127,False,5.86586054838914,True,False,5.345293692036629,out_of_bounds,True,0.6384865152412954,0.0,6.920838372627057,0.0035878952843587256,0.0035878952843587256,1.332641819729829,1,1,1.0,1.793711581496792,1.793711581496792,0.7071067811865476,0.7071067811865476,-0.5,-0.5,0.5,-1.5707963705062866,simulator_service,service_success,True,,0.008,0.0,service_success,0.0,False,False
-15.24263,2,786.231994,False,6.774220047202525,True,False,5.255278156742422,out_of_bounds,True,0.6352249516792174,0.0,6.745748392791501,0.0025763706476967622,0.0025763706476967622,1.3436960034974677,1,1,1.0,1.793711581496792,1.793711581496792,0.7071067811865476,0.7071067811865476,0.5,0.5,0.5,1.5707963705062866,simulator_service,service_success,True,,0.0085,0.0,service_success,0.0,False,False
-15.195501,2,794.313251,False,3.065022299661569,True,False,0.0,out_of_bounds,True,0.6804397139302786,0.0,4.227642835101339,0.0009503770776762902,0.0009503770776762902,1.2979752300720309,1,1,1.0,1.737213573256907,1.737213573256907,0.7071067811865476,0.7071067811865476,-0.5,-0.5,-0.2247437685728073,-1.5707963705062866,simulator_service,service_success,True,,0.0079,0.0001,service_success,0.0,False,False
-15.340159,2,802.252213,False,4.272426299775105,True,False,0.0,out_of_bounds,True,0.1308600594525156,0.0,2.1274255976592817,0.0,0.0,1.2674306277259133,1,1,1.0,1.793711581496792,1.793711581496792,0.7071067811865476,0.7071067811865476,0.5,0.5,-0.5,1.5707963705062866,simulator_service,service_success,True,,0.0084,0.0001,service_success,0.0,False,False
-15.552664,2,810.428091,False,8.507391180491442,True,False,5.108631207654588,out_of_bounds,True,0.5883470130648801,0.0,6.555386803232899,0.0,0.0,1.3069124660511258,1,1,1.0,1.793711581496792,1.793711581496792,0.7071067811865476,0.7071067811865476,-0.5,0.5,0.5,1.5707963705062866,simulator_service,service_success,True,,0.0087,0.001,service_success,0.0,False,False
-15.202189,2,818.56708,False,2.902074780148994,True,False,0.0,out_of_bounds,True,0.95177694397753,0.0,3.077347664692615,0.0,0.0,1.8113031341068946,1,1,1.0,1.793711581496792,1.793711581496792,0.7071067811865476,0.7071067811865476,-0.5,0.5,-0.5,1.5707963705062866,simulator_service,service_success,True,,0.0076,0.0002,service_success,0.0,False,False
-15.402242,2,827.245194,False,1.4723319108391733,True,False,0.0,out_of_bounds,True,0.884381311249717,0.0,3.015838024243814,0.0,0.0,1.7743994171587658,1,1,1.0,1.793711581496792,1.793711581496792,0.7071067811865476,0.7071067811865476,0.5,-0.5,-0.5,-1.5707963705062866,simulator_service,service_success,True,,0.0081,0.0002,service_success,0.0,False,False
-15.33339,2,835.879315,False,2.4032694655945357,True,False,0.0,out_of_bounds,True,0.2659686289362213,0.0,1.7247890897473812,0.0,0.0,1.0326144166660078,1,1,1.0,1.5854168236799593,1.5854168236799593,0.7071067811865476,0.7071067811865476,0.5,0.5,-0.5,-1.3279858827590942,simulator_service,service_success,True,,0.0089,0.0004,service_success,0.0,False,False
-15.16397,2,844.559984,False,1.5409573841476505,True,False,0.0,out_of_bounds,True,0.10070035776967541,0.0,2.5507283211135823,0.0,0.0,1.5095642803880422,1,1,1.0,1.793711581496792,1.793711581496792,0.7071067811865476,0.7071067811865476,-0.5,-0.5,-0.5,-1.5707963705062866,simulator_service,service_success,True,,0.0098,0.0025,service_success,0.0,False,False
-15.4749365,2,852.896178,False,3.886397339750094,True,False,0.0,out_of_bounds,True,0.810960829707533,0.0,3.427277696345089,0.0,0.0,2.008287421764404,1,1,1.0,1.793711581496792,1.793711581496792,0.7071067811865476,0.7071067811865476,0.5,-0.5,-0.5,-1.5707963705062866,simulator_service,service_success,True,,0.0109,0.0012,service_success,0.0,False,False
-15.349009,2,861.572063,False,2.6473606042071673,True,False,0.0,out_of_bounds,True,0.051526701789279865,0.0,3.397703018455868,0.0,0.0,1.9941593613161477,1,1,1.0,1.793711581496792,1.793711581496792,0.7071067811865476,0.7071067811865476,0.5,0.5,-0.5,1.5707963705062866,simulator_service,service_success,True,,0.0119,0.007,service_success,0.0,False,False
-15.4196205,2,870.00913,False,7.934820189432826,True,False,5.975140771954895,out_of_bounds,True,0.3739073308609742,0.0,7.0519669814542665,0.0,0.0,1.887392817441905,1,1,1.0,1.793711581496792,1.793711581496792,0.7071067811865476,0.7071067811865476,0.5,0.5,0.5,1.5707963705062866,simulator_service,service_success,True,,0.0089,0.0043,service_success,0.0,False,False
-15.313433,2,878.686327,False,1.9426340058658549,True,False,0.0,out_of_bounds,True,0.20413564856967012,0.0,2.888044376285443,0.0,0.0,1.7007821995445087,1,1,1.0,1.793711581496792,1.793711581496792,0.7071067811865476,0.7071067811865476,-0.5,0.5,-0.5,1.5707963705062866,simulator_service,service_success,True,,0.01,0.001,service_success,0.0,False,False
-15.248378,2,887.223126,False,1.6662895068561818,True,False,0.0,out_of_bounds,True,0.2693014784861719,0.0,3.0105537876151947,0.0,0.0,1.7715216480743727,1,1,1.0,1.793711581496792,1.793711581496792,0.7071067811865476,0.7071067811865476,0.5,-0.5,-0.5,-1.5707963705062866,simulator_service,service_success,True,,0.0087,0.0001,service_success,0.0,False,False
-15.258776,2,895.808058,False,2.883040777457642,True,False,0.0,out_of_bounds,True,0.9412517332317819,0.0,3.2922543867494984,0.0,0.0,1.9303989194034579,1,1,1.0,1.5945611803562663,1.5945611803562663,0.7071067811865476,0.7071067811865476,-0.5,-0.5,-0.5,-1.3388895988464355,simulator_service,service_success,True,,0.0096,0.0001,service_success,0.0,False,False
-15.298737,2,904.443856,False,2.4353634562828272,True,False,0.0,out_of_bounds,True,0.4664249969782359,0.0,1.8469212637176071,0.0,0.0,1.1085999228553673,1,1,1.0,1.793711581496792,1.793711581496792,0.7071067811865476,0.7071067811865476,0.5,-0.5,-0.5,1.5707963705062866,simulator_service,service_success,True,,0.0102,0.0089,service_success,0.0,False,False
-15.334522,2,913.114225,False,2.8897712466742873,True,False,0.0,out_of_bounds,True,0.5133090350534877,0.0,2.662873247080399,0.0,0.0,1.572669681109012,1,1,1.0,1.793711581496792,1.793711581496792,0.7071067811865476,0.7071067811865476,0.5,0.5,-0.5,-1.5707963705062866,simulator_service,service_success,True,,0.0105,0.0023,service_success,0.0,False,False
-15.353148,2,921.750164,False,1.728848953920872,True,False,0.0,out_of_bounds,True,0.5403957643945275,0.0,2.9816536823357813,0.0,0.0,1.756682399918074,1,1,1.0,1.793711581496792,1.793711581496792,0.7071067811865476,0.7071067811865476,0.5,0.5,-0.5,1.5707963705062866,simulator_service,service_success,True,,0.0105,0.0008,service_success,0.0,False,False
-15.205635,2,930.327273,False,2.374391616958451,True,False,0.0,out_of_bounds,True,0.3279654673349985,0.0,2.972086501497095,0.0,0.0,1.7508356813005677,1,1,1.0,1.793711581496792,1.793711581496792,0.7071067811865476,0.7071067811865476,0.5,0.5,-0.5,1.5707963705062866,simulator_service,service_success,True,,0.0103,0.0058,service_success,0.0,False,False
-15.529846,2,939.164998,False,6.172853666296477,True,False,5.243690975775583,out_of_bounds,True,0.3932260784791112,0.0,7.120949615669337,0.0,0.0,1.115851051405616,1,1,1.0,1.793711581496792,1.793711581496792,0.7071067811865476,0.7071067811865476,-0.5,0.5,0.5,-1.5707963705062866,simulator_service,service_success,True,,0.0116,0.0086,service_success,0.0,False,False
-15.51495,2,948.24408,False,4.056982026867294,True,False,0.0,out_of_bounds,True,0.8573510643272988,0.0,1.9281637051690932,0.0,0.0,1.1538277654887743,1,1,1.0,1.793711581496792,1.793711581496792,0.7071067811865476,0.7071067811865476,0.5,0.5,-0.5,-1.5707963705062866,simulator_service,service_success,True,,0.0113,0.0013,service_success,0.0,False,False
-15.38811,2,957.078765,False,5.120686214796046,True,False,5.792023175528251,out_of_bounds,True,0.9033616722041764,0.0,7.564226078269264,0.0,0.0,1.4085491169801034,1,1,1.0,1.793711581496792,1.793711581496792,0.7071067811865476,0.7071067811865476,-0.5,-0.5,0.5,-1.5707963705062866,simulator_service,service_success,True,,0.0098,0.0002,service_success,0.0,False,False
-15.457962,2,966.156182,False,9.74255531018283,True,False,5.539958617056225,out_of_bounds,True,0.7081624866116444,0.0,7.112576044420627,0.0,0.0,1.418043156248627,1,1,1.0,1.793711581496792,1.793711581496792,0.7071067811865476,0.7071067811865476,0.5,-0.5,0.5,1.5707963705062866,simulator_service,service_success,True,,0.0112,0.0041,service_success,0.0,False,False
-15.448559,2,975.091124,False,3.3722116373774433,True,False,0.0,out_of_bounds,True,0.4862009339882543,0.0,2.026537941874571,0.0,0.0,1.2106889417095683,1,1,1.0,1.793711581496792,1.793711581496792,0.7071067811865476,0.7071067811865476,-0.5,0.5,-0.5,-1.5707963705062866,simulator_service,service_success,True,,0.0098,0.0003,service_success,0.0,False,False
-15.256388,2,984.169056,False,6.264726227287787,True,False,5.863551821382115,out_of_bounds,True,0.6873129023954084,0.0,7.556110417166617,0.0,0.0,1.4852636904974863,1,1,1.0,1.793711581496792,1.793711581496792,0.7071067811865476,0.7071067811865476,-0.5,0.5,0.5,1.5707963705062866,simulator_service,service_success,True,,0.0103,0.0,service_success,0.0,False,False
-15.259954,2,993.207021,False,3.2091268963429105,True,False,0.0,out_of_bounds,True,0.22923655893551143,0.0,2.113775478688316,0.0,0.0,1.2592777985532542,1,1,1.0,1.793711581496792,1.793711581496792,0.7071067811865476,0.7071067811865476,-0.5,0.5,-0.5,-1.5707963705062866,simulator_service,service_success,True,,0.0115,0.002,service_success,0.0,False,False
-15.38594,2,1002.284525,False,9.123558704422313,True,False,6.258811608065145,out_of_bounds,True,0.7923609909721553,0.0,7.547214946508569,0.0,0.0,1.885519947408408,1,1,1.0,1.793711581496792,1.793711581496792,0.7071067811865476,0.7071067811865476,0.5,-0.5,0.5,1.5707963705062866,simulator_service,service_success,True,,0.0103,0.0003,service_success,0.0,False,False
-15.396749,2,1011.420135,False,5.890560518972879,True,False,3.4945646275016466,out_of_bounds,True,0.1491461696387336,0.0,4.869672344009753,0.0,0.0,1.4835975530615853,1,1,1.0,1.6652980178007082,1.6652980178007082,0.5042371719061643,0.5042371719061643,0.5,0.0652313232421875,0.22707074880599976,-1.5707963705062866,simulator_service,service_success,True,,0.011,0.006,service_success,0.0,False,False
-15.423291,2,1020.19716,False,8.052830966527907,True,False,5.901523287714435,out_of_bounds,True,0.5266090572498728,0.0,7.625008168466098,0.0,0.0,1.4831943553672664,1,1,1.0,1.793711581496792,1.793711581496792,0.7071067811865476,0.7071067811865476,-0.5,0.5,0.5,1.5707963705062866,simulator_service,service_success,True,,0.0103,0.0001,service_success,0.0,False,False
-15.557368,2,1029.528237,False,4.637314098113422,True,False,0.0,out_of_bounds,True,0.6193125129250114,0.0,2.122892669956368,0.0,0.0,1.2667864213439404,1,1,1.0,1.793711581496792,1.793711581496792,0.7071067811865476,0.7071067811865476,0.5,0.5,-0.5,-1.5707963705062866,simulator_service,service_success,True,,0.0104,0.0003,service_success,0.0,False,False
-15.54641,2,1038.609011,False,5.583567040473018,True,False,6.021429188103643,out_of_bounds,True,0.046043786891047024,0.0,7.6166820712257035,0.0,0.0,1.6077283493772279,1,1,1.0,1.793711581496792,1.793711581496792,0.7071067811865476,0.7071067811865476,-0.5,0.5,0.5,-1.5707963705062866,simulator_service,service_success,True,,0.0092,0.0002,service_success,0.0,False,False
-15.432121,2,1047.546426,False,2.8001941464031264,True,False,0.0,out_of_bounds,True,0.38300927142455093,0.0,1.975738041785039,0.0,0.0,1.1812355767348983,1,1,1.0,1.793711581496792,1.793711581496792,0.7071067811865476,0.7071067811865476,-0.5,-0.5,-0.5,1.5707963705062866,simulator_service,service_success,True,,0.0118,0.0079,service_success,0.0,False,False
-15.552297,2,1056.72501,False,6.2360167316003725,True,False,6.17355971768558,out_of_bounds,True,0.03323162194084224,0.0,7.5210056450929335,0.0,0.0,1.8154336660297814,1,1,1.0,1.793711581496792,1.793711581496792,0.7071067811865476,0.7071067811865476,-0.5,-0.5,0.5,-1.5707963705062866,simulator_service,service_success,True,,0.01,0.0,service_success,0.0,False,False
-15.501775,2,1065.964054,False,5.004103709573739,True,False,0.0,out_of_bounds,True,0.4213311153942474,0.0,2.3988025225342136,0.0,0.0,1.4199312911931694,1,1,1.0,1.793711581496792,1.793711581496792,0.7071067811865476,0.7071067811865476,-0.5,0.5,-0.5,-1.5707963705062866,simulator_service,service_success,True,,0.0113,0.0012,service_success,0.0,False,False
-15.469046,2,1075.152515,False,4.286946808396078,True,False,5.901063555697609,out_of_bounds,True,0.9767752452688,0.0,6.344940128063609,0.0,0.0,1.4908786290327716,1,1,1.0,1.7285482321088246,1.7285482321088246,0.5200747572520893,0.5200747572520893,0.5,-0.14310050010681152,0.5,-1.5707963705062866,simulator_service,service_success,True,,0.0108,0.0,service_success,0.0,False,False
-15.402036,2,1084.383036,False,1.5148119883787359,True,False,0.0,out_of_bounds,True,0.13956790253840837,0.0,3.221375557733369,0.0,0.0,1.8907773116757305,1,1,1.0,1.793711581496792,1.793711581496792,0.7071067811865476,0.7071067811865476,-0.5,-0.5,-0.5,1.5707963705062866,simulator_service,service_success,True,,0.0128,0.0102,service_success,0.0,False,False
-15.398097,2,1093.657081,False,5.314555618944307,True,False,5.4767421066831945,out_of_bounds,True,0.9004472017586521,0.0,7.669784943043126,0.0008511054877836527,0.0008511054877836527,1.032512381827164,1,1,1.0,1.793711581496792,1.793711581496792,0.7071067811865476,0.7071067811865476,-0.5,0.5,0.5,-1.5707963705062866,simulator_service,service_success,True,,0.0095,0.0001,service_success,0.0,False,False
-15.462791,2,1102.99114,False,2.1727943203485562,True,False,0.0,out_of_bounds,True,0.050804211797864963,0.0,3.041358382654596,0.0009433617310449686,0.0009433617310449686,1.7911111396250368,1,1,1.0,1.793711581496792,1.793711581496792,0.7071067811865476,0.7071067811865476,-0.5,-0.5,-0.5,1.5707963705062866,simulator_service,service_success,True,,0.011,0.0001,service_success,0.0,False,False
-15.283743,2,1112.270188,False,2.356819226804295,True,False,0.0,out_of_bounds,True,0.8478975380288324,0.0,3.008553909863087,0.0009766686976119497,0.0009766686976119497,1.7681423109118064,1,1,1.0,1.793711581496792,1.793711581496792,0.7071067811865476,0.7071067811865476,0.5,-0.5,-0.5,1.5707963705062866,simulator_service,service_success,True,,0.0109,0.0002,service_success,0.0,False,False
-15.502103,2,1121.708259,False,8.22897130173575,True,False,6.4985604102920105,out_of_bounds,True,0.5467550208064077,0.0,7.75602297852839,0.0008542425201277357,0.0008542425201277357,2.0038639308498385,1,1,1.0,1.793711581496792,1.793711581496792,0.7071067811865476,0.7071067811865476,-0.5,0.5,0.5,1.5707963705062866,simulator_service,service_success,True,,0.0112,0.0005,service_success,0.0,False,False
-15.242574,2,1130.884043,False,5.844323826878306,True,False,5.811159702405721,out_of_bounds,True,0.034280556346607656,0.0,7.679533623544213,0.0008836059568829096,0.0008836059568829096,1.3614829939402888,1,1,1.0,1.793711581496792,1.793711581496792,0.7071067811865476,0.7071067811865476,-0.5,0.5,0.5,1.5707963705062866,simulator_service,service_success,True,,0.0115,0.0016,service_success,0.0,False,False
-15.314565,2,1140.430471,False,5.931459021283629,True,False,5.9305197165549535,out_of_bounds,True,0.8410126060513313,0.0,7.669832523783657,0.0008326692009930051,0.0008326692009930051,1.4864058983579338,1,1,1.0,1.793711581496792,1.793711581496792,0.7071067811865476,0.7071067811865476,0.5,-0.5,0.5,1.5707963705062866,simulator_service,service_success,True,,0.0111,0.0001,service_success,0.0,False,False
-15.428748,2,1149.700915,False,4.792125783428525,True,False,5.768377708719769,out_of_bounds,True,0.02609927621310797,0.0,7.756384134351444,0.000832945518053573,0.000832945518053573,1.2739097518539804,1,1,1.0,1.793711581496792,1.793711581496792,0.7071067811865476,0.7071067811865476,-0.5,-0.5,0.5,1.5707963705062866,simulator_service,service_success,True,,0.0108,0.0,service_success,0.0,False,False
-15.470664,2,1159.238277,False,2.735827235130214,True,False,0.0,out_of_bounds,True,0.32377148939456885,0.0,2.9810141810549484,0.0,0.0,1.753152654565696,1,1,1.0,1.793711581496792,1.793711581496792,0.7071067811865476,0.7071067811865476,-0.5,0.5,-0.5,1.5707963705062866,simulator_service,service_success,True,,0.0113,0.0003,service_success,0.0,False,False
-15.407696,2,1169.116132,False,2.1915831000320893,True,False,0.0,out_of_bounds,True,0.5452061057528024,0.0,2.621905179390763,0.0007494537348862332,0.0007494537348862332,1.5519846678012295,1,1,1.0,1.793711581496792,1.793711581496792,0.7071067811865476,0.7071067811865476,0.5,-0.5,-0.5,1.5707963705062866,simulator_service,service_success,True,,0.0098,0.0003,service_success,0.0,False,False
-15.16269,2,1178.748105,False,7.737222204609134,True,False,6.142500278788107,out_of_bounds,True,0.09871896320181951,0.0,8.260902296232173,0.000885674343491455,0.000885674343491455,1.356960325026018,1,1,1.0,1.793711581496792,1.793711581496792,0.7071067811865476,0.7071067811865476,0.5,-0.5,0.5,1.5707963705062866,simulator_service,service_success,True,,0.0106,0.001,service_success,0.0,False,False
-15.30226,2,1188.625215,False,2.2699620784994825,True,False,0.0,out_of_bounds,True,0.4157819292171972,0.0,2.4466339510712407,0.0008198078071889917,0.0008198078071889917,1.4470906426891517,1,1,1.0,1.793711581496792,1.793711581496792,0.7071067811865476,0.7071067811865476,0.5,0.5,-0.5,-1.5707963705062866,simulator_service,service_success,True,,0.0105,0.0011,service_success,0.0,False,False
-15.461528,2,1198.36207,False,3.140438741600294,True,False,0.0,out_of_bounds,True,0.20072645930505192,0.0,1.7169781267519704,0.0008517803881958437,0.0008517803881958437,1.0336616251075954,1,1,1.0,1.793711581496792,1.793711581496792,0.7071067811865476,0.7071067811865476,-0.5,-0.5,-0.5,1.5707963705062866,simulator_service,service_success,True,,0.0103,0.0002,service_success,0.0,False,False
-15.346525,2,1208.239145,False,6.324826546918834,True,False,6.055522427374095,out_of_bounds,True,0.22959087652786586,0.0,8.260504502250981,0.0008228572579007407,0.0008228572579007407,1.2704082614714918,1,1,1.0,1.793711581496792,1.793711581496792,0.7071067811865476,0.7071067811865476,-0.5,0.5,0.5,1.5707963705062866,simulator_service,service_success,True,,0.0106,0.0014,service_success,0.0,False,False
-15.440111,2,1217.976297,False,2.9396534592779275,True,False,0.0,out_of_bounds,True,0.4497381745332192,0.0,2.168255415026353,0.0008822977031250508,0.0008822977031250508,1.291155760488337,1,1,1.0,1.793711581496792,1.793711581496792,0.7071067811865476,0.7071067811865476,-0.5,0.5,-0.5,1.5707963705062866,simulator_service,service_success,True,,0.0123,0.0096,service_success,0.0,False,False
-15.368852,2,1227.854264,False,6.545731191326894,True,False,5.9329113240866995,out_of_bounds,True,0.3978496545758845,0.0,8.252137158074982,0.0007657878166521637,0.0007657878166521637,1.1527707530172395,1,1,1.0,1.793711581496792,1.793711581496792,0.7071067811865476,0.7071067811865476,0.5,-0.5,0.5,1.5707963705062866,simulator_service,service_success,True,,0.0104,0.0002,service_success,0.0,False,False
-15.363016,2,1237.689131,False,2.4414202810959362,True,False,0.0,out_of_bounds,True,0.6308236165228053,0.0,3.3539651965431623,0.0008533660837988987,0.0008533660837988987,1.9678859809982878,1,1,1.0,1.793711581496792,1.793711581496792,0.7071067811865476,0.7071067811865476,0.5,-0.5,-0.5,1.5707963705062866,simulator_service,service_success,True,,0.0113,0.0012,service_success,0.0,False,False
-15.514208,2,1247.569046,False,2.5593055521072388,True,False,0.0,out_of_bounds,True,0.9022386213723145,0.0,3.203109951506865,0.0007994649778979561,0.0007994649778979561,1.8819145740777186,1,1,1.0,1.793711581496792,1.793711581496792,0.7071067811865476,0.7071067811865476,0.5,0.5,-0.5,-1.5707963705062866,simulator_service,service_success,True,,0.0105,0.0001,service_success,0.0,False,False
-15.173359,2,1257.605207,False,1.9409371878118113,True,False,0.0,out_of_bounds,True,0.3279622564336581,0.0,1.72888112452898,0.0008206233517756322,0.0008206233517756322,1.0398809905818218,1,1,1.0,1.793711581496792,1.793711581496792,0.7071067811865476,0.7071067811865476,0.5,0.5,-0.5,1.5707963705062866,simulator_service,service_success,True,,0.013,0.0007,service_success,0.0,False,False
-15.399572,2,1267.281366,False,1.7509091963978234,True,False,0.0,out_of_bounds,True,0.2620417206720912,0.0,3.031423465987621,0.0007265766393778801,0.0007265766393778801,1.783661976427556,1,1,1.0,1.793711581496792,1.793711581496792,0.7071067811865476,0.7071067811865476,-0.5,0.5,-0.5,1.5707963705062866,simulator_service,service_success,True,,0.0106,0.0005,service_success,0.0,False,False
-15.38039,2,1277.518094,False,4.276617084757926,True,False,0.0,out_of_bounds,True,0.41556217966559994,0.0,2.6443208888314964,0.0030264255992345896,0.0030264255992345896,1.5567769659552788,1,1,1.0,1.793711581496792,1.793711581496792,0.7071067811865476,0.7071067811865476,0.5,0.5,-0.5,1.5707963705062866,simulator_service,service_success,True,,0.0114,0.0023,service_success,0.0,False,False
-15.317751,2,1287.29614,False,1.5369656582696047,True,False,0.0,out_of_bounds,True,0.14217243699681956,0.0,2.5953884090375134,0.0030522575530137278,0.0030522575530137278,1.5320215457868618,1,1,1.0,1.793711581496792,1.793711581496792,0.7071067811865476,0.7071067811865476,-0.5,0.5,-0.5,1.5707963705062866,simulator_service,service_success,True,,0.0111,0.0046,service_success,0.0,False,False
-15.153135,2,1297.725199,False,3.74387359338121,True,False,0.0,out_of_bounds,True,0.5044186759761787,0.0,3.1771281120841817,0.001519033416670962,0.001519033416670962,1.9913039516546829,1,1,1.0,1.766143802990975,1.766143802990975,0.6339264115397786,0.6339264115397786,0.5,-0.3896956443786621,-0.5,1.5707963705062866,simulator_service,service_success,True,,0.0111,0.0004,service_success,0.0,False,False
-15.329659,2,1308.106252,False,6.478402650371863,True,False,6.555182270258669,out_of_bounds,True,0.17001543399878644,0.0,8.329898303593254,0.004070170868158827,0.004070170868158827,1.729761421935578,1,1,1.0,1.793711581496792,1.793711581496792,0.7071067811865476,0.7071067811865476,-0.5,0.5,0.5,1.5707963705062866,simulator_service,service_success,True,,0.0108,0.0015,service_success,0.0,False,False
-15.213884,2,1318.940048,False,2.075087525478041,True,False,0.0,out_of_bounds,True,0.6150489797990983,0.0,3.438307590838308,0.0016245447871173061,0.0016245447871173061,2.013154215281298,1,1,1.0,1.793711581496792,1.793711581496792,0.7071067811865476,0.7071067811865476,0.5,-0.5,-0.5,1.5707963705062866,simulator_service,service_success,True,,0.0123,0.0076,service_success,0.0,False,False
-15.413685,2,1329.421317,False,6.9547290402786315,True,False,6.9441139498669,out_of_bounds,True,0.13438460172320885,0.0,9.087214234042882,0.005472074959219684,0.005472074959219684,1.682525278718763,1,1,1.0,1.793711581496792,1.793711581496792,0.7071067811865476,0.7071067811865476,-0.5,0.5,0.5,1.5707963705062866,simulator_service,service_success,True,,0.0108,0.0001,service_success,0.0,False,False
-15.234102,2,1339.760206,False,3.036025773937361,True,False,0.0,out_of_bounds,True,0.4857477076233233,0.0,1.9264981911861072,0.0007549982922334383,0.0007549982922334383,1.1516183006783467,1,1,1.0,1.793711581496792,1.793711581496792,0.7071067811865476,0.7071067811865476,0.5,0.5,-0.5,1.5707963705062866,simulator_service,service_success,True,,0.0109,0.0004,service_success,0.0,False,False
-15.394932,2,1350.239992,False,3.1447467953955486,True,False,0.0,out_of_bounds,True,0.5083662722006823,0.0,2.5222324972274954,0.001922835798640364,0.001922835798640364,1.4924124162769856,1,1,1.0,1.793711581496792,1.793711581496792,0.7071067811865476,0.7071067811865476,0.5,0.5,-0.5,1.5707963705062866,simulator_service,service_success,True,,0.0109,0.0003,service_success,0.0,False,False
-15.341014,2,1360.575082,False,6.130089106876323,True,False,6.348955017195885,out_of_bounds,True,0.12385579268155286,0.0,8.478000908171467,0.002438372175581356,0.002438372175581356,1.4388792866810243,1,1,1.0,1.793711581496792,1.793711581496792,0.7071067811865476,0.7071067811865476,-0.5,0.5,0.5,1.5707963705062866,simulator_service,service_success,True,,0.0112,0.0006,service_success,0.0,False,False
-15.536192,2,1371.055052,False,5.677288936567789,True,False,6.750227288460079,out_of_bounds,True,0.3989534824394896,0.0,8.469074411990178,0.0017582855640496785,0.0017582855640496785,1.844826715410399,1,1,1.0,1.793711581496792,1.793711581496792,0.7071067811865476,0.7071067811865476,-0.5,-0.5,0.5,-1.5707963705062866,simulator_service,service_success,True,,0.0128,0.0091,service_success,0.0,False,False
-15.429221,2,1381.594422,False,5.909584291917444,True,False,6.060165057515415,out_of_bounds,True,0.14171319363498122,0.0,8.54776334772669,0.0,0.0,1.1099960336263923,1,1,1.0,1.793711581496792,1.793711581496792,0.7071067811865476,0.7071067811865476,-0.5,0.5,0.5,1.5707963705062866,simulator_service,service_success,True,,0.0109,0.0001,service_success,0.0,False,False
-15.521491,2,1392.068149,False,5.817662464850259,True,False,6.012209448212557,out_of_bounds,True,0.813601895390678,0.0,8.556711336831496,0.0,0.0,1.0569440278372888,1,1,1.0,1.793711581496792,1.793711581496792,0.7071067811865476,0.7071067811865476,-0.5,0.5,0.5,1.5707963705062866,simulator_service,service_success,True,,0.011,0.0001,service_success,0.0,False,False
-15.552772,2,1402.706138,False,7.58724937518262,True,False,6.511459773483426,out_of_bounds,True,0.9386414675333339,0.0,8.644321516120664,0.0,0.0,1.5062093108171102,1,1,1.0,1.793711581496792,1.793711581496792,0.7071067811865476,0.7071067811865476,-0.5,-0.5,0.5,1.5707963705062866,simulator_service,service_success,True,,0.011,0.0003,service_success,0.0,False,False
-15.491962,2,1413.780516,False,4.394795414288328,True,False,0.0,out_of_bounds,True,0.39184042185690576,0.0,3.4050429018161896,0.0,0.0,1.9972944579692422,1,1,1.0,1.793711581496792,1.793711581496792,0.7071067811865476,0.7071067811865476,0.5,0.5,-0.5,1.5707963705062866,simulator_service,service_success,True,,0.011,0.0001,service_success,0.0,False,False
-15.535234,2,1424.52014,False,5.52976142146057,True,False,6.363998054537821,out_of_bounds,True,0.9358675894717889,0.0,9.148423854498995,0.0,0.0,1.0676309713750889,1,1,1.0,1.793711581496792,1.793711581496792,0.7071067811865476,0.7071067811865476,-0.5,0.5,0.5,1.5707963705062866,simulator_service,service_success,True,,0.0111,0.0002,service_success,0.0,False,False
-15.133367,2,1435.708058,False,1.9742881666221683,True,False,0.0,out_of_bounds,True,0.1811772704951246,0.0,3.041417240464643,0.0,0.0,1.7881598055876984,1,1,1.0,1.793711581496792,1.793711581496792,0.7071067811865476,0.7071067811865476,-0.5,0.5,-0.5,-1.5707963705062866,simulator_service,service_success,True,,0.0115,0.0006,service_success,0.0,False,False
-15.530411,2,1443.159073,False,7.016393298079986,True,False,6.458142913533911,out_of_bounds,True,0.07094743640042143,0.0,9.148819117461235,0.0,0.0,1.1617249503232296,1,1,1.0,1.793711581496792,1.793711581496792,0.7071067811865476,0.7071067811865476,0.5,0.5,0.5,1.5707963705062866,simulator_service,service_success,True,,0.0112,0.0001,service_success,0.0,False,False
-15.423626,2,1450.828573,False,2.1535847039891056,True,False,0.0,out_of_bounds,True,0.23726311849280815,0.0,3.356175822318308,0.010330069749102756,0.010330069749102756,1.9598564261011497,1,1,1.0,1.793711581496792,1.793711581496792,0.7071067811865476,0.7071067811865476,0.5,-0.5,-0.5,1.5707963705062866,simulator_service,service_success,True,,0.0112,0.0003,service_success,0.0,False,False
-15.344925,2,1462.036157,False,2.188517265811386,True,False,0.0,out_of_bounds,True,0.5932958955731018,0.0,2.129380915736724,0.0,0.0,1.2699461572028292,1,1,1.0,1.793711581496792,1.793711581496792,0.7071067811865476,0.7071067811865476,0.5,-0.5,-0.5,1.5707963705062866,simulator_service,service_success,True,,0.0112,0.0002,service_success,0.0,False,False
-15.337121,2,1473.216971,False,2.533743471860653,True,False,0.0,out_of_bounds,True,0.6023766280463406,0.0,2.6571731805983463,0.0,0.0,1.5724826159472092,1,1,1.0,1.793711581496792,1.793711581496792,0.7071067811865476,0.7071067811865476,-0.5,0.5,-0.5,-1.5707963705062866,simulator_service,service_success,True,,0.0114,0.0001,service_success,0.0,False,False
-15.150781,2,1480.889522,False,1.5802368710908106,True,False,0.0,out_of_bounds,True,0.08537391998427557,0.0,2.8367530939692216,0.0,0.0,1.7672275562224606,1,1,1.0,0.8381470813583825,0.8381470813583825,0.6427182882890264,0.6427182882890264,-0.4038400650024414,-0.5,-0.5,-0.19850373268127441,simulator_service,service_success,True,,0.0122,0.001,service_success,0.0,False,False
-15.253196,2,1491.732065,False,2.927906705098663,True,False,0.0,out_of_bounds,True,0.16577437457491198,0.0,1.8294033904979863,0.0,0.0,1.0965375130508417,1,1,1.0,1.793711581496792,1.793711581496792,0.7071067811865476,0.7071067811865476,-0.5,0.5,-0.5,-1.5707963705062866,simulator_service,service_success,True,,0.0118,0.0,service_success,0.0,False,False
-15.479411,2,1499.372088,False,3.0686437634992396,True,False,0.0,out_of_bounds,True,0.3771172622347788,0.0,1.9259373303392893,0.0,0.0,1.1510314244071629,1,1,1.0,1.793711581496792,1.793711581496792,0.7071067811865476,0.7071067811865476,0.5,-0.5,-0.5,-1.5707963705062866,simulator_service,service_success,True,,0.0128,0.0044,service_success,0.0,False,False
-15.298837,2,1507.065056,False,5.509651789713735,True,False,4.695599762391292,out_of_bounds,True,0.6880962712450538,0.0,6.169194233342468,0.0,0.0,1.1175245887598493,1,1,1.0,1.793711581496792,1.793711581496792,0.7071067811865476,0.7071067811865476,-0.5,0.5,0.5,1.5707963705062866,simulator_service,service_success,True,,0.0142,0.0084,service_success,0.0,False,False
-15.194404,2,1515.085955,False,5.061035684529529,True,False,5.008473815374587,out_of_bounds,True,0.5055113816518432,0.0,6.5108444935646075,0.0,0.0,1.233687197786472,1,1,1.0,1.793711581496792,1.793711581496792,0.7071067811865476,0.7071067811865476,-0.5,0.5,0.5,1.5707963705062866,simulator_service,service_success,True,,0.0117,0.0015,service_success,0.0,False,False
-15.344827,2,1526.053078,False,6.7453335240565035,True,False,5.719890973163157,out_of_bounds,True,0.8182609488984394,0.0,6.501319356818777,0.0,0.0,1.950213175184214,1,1,1.0,1.793711581496792,1.793711581496792,0.7071067811865476,0.7071067811865476,-0.5,0.5,0.5,1.5707963705062866,simulator_service,service_success,True,,0.0114,0.0002,service_success,0.0,False,False
-15.534608,2,1533.727238,False,5.961046887370189,True,False,6.745653047774919,out_of_bounds,True,0.7646481597844501,0.0,8.931668889599194,0.0,0.0,1.5734729835849357,1,1,1.0,1.793711581496792,1.793711581496792,0.7071067811865476,0.7071067811865476,-0.5,-0.5,0.5,1.5707963705062866,simulator_service,service_success,True,,0.0113,0.0002,service_success,0.0,False,False
-15.514452,2,1541.487017,False,6.0690165763610935,True,False,5.291588676089955,out_of_bounds,True,0.5614448976639842,0.0,6.161278441700499,0.0,0.0,1.7193153654207387,1,1,1.0,1.793711581496792,1.793711581496792,0.7071067811865476,0.7071067811865476,0.5,-0.5,0.5,1.5707963705062866,simulator_service,service_success,True,,0.0114,0.0001,service_success,0.0,False,False
-15.389042,2,1549.593055,False,6.98448138039359,True,False,5.744336888666426,out_of_bounds,True,0.22653821358205176,0.0,6.545472114812171,0.0,0.0,1.9481960015514517,1,1,1.0,1.793711581496792,1.793711581496792,0.7071067811865476,0.7071067811865476,-0.5,0.5,0.5,1.5707963705062866,simulator_service,service_success,True,,0.0115,0.0,service_success,0.0,False,False
-15.513169,2,1557.277025,False,6.400937655746177,True,False,5.140043166922622,out_of_bounds,True,0.3093316804939601,0.0,6.484550608314764,0.0,0.0,1.3799479908167047,1,1,1.0,1.793711581496792,1.793711581496792,0.7071067811865476,0.7071067811865476,0.5,-0.5,0.5,1.5707963705062866,simulator_service,service_success,True,,0.0115,0.0001,service_success,0.0,False,False
-15.184004,2,1565.374103,False,5.502983366460647,True,False,4.984922784212125,out_of_bounds,True,0.7177514201890624,0.0,6.492808637294569,0.0,0.0,1.21920573059048,1,1,1.0,1.793711581496792,1.793711581496792,0.7071067811865476,0.7071067811865476,0.5,0.5,0.5,1.5707963705062866,simulator_service,service_success,True,,0.0113,0.0002,service_success,0.0,False,False
-15.358614,2,1573.193187,False,3.6275528555481826,True,False,4.0987843877598955,out_of_bounds,True,0.942568107429986,0.0,5.830251422367411,0.0,0.0,1.649056528812601,1,1,1.0,1.7529813923900186,1.7529813923900186,0.7071067811865476,0.7071067811865476,0.5,-0.5,0.32487308979034424,1.5707963705062866,simulator_service,service_success,True,,0.0115,0.0002,service_success,0.0,False,False
-15.450297,2,1581.194975,False,5.943409729039666,True,False,5.143859622773514,out_of_bounds,True,0.7510024542925648,0.0,6.509852306693186,0.0,0.0,1.3695906591615468,1,1,1.0,1.793711581496792,1.793711581496792,0.7071067811865476,0.7071067811865476,0.5,0.5,0.5,1.5707963705062866,simulator_service,service_success,True,,0.0113,0.0002,service_success,0.0,False,False
-15.160748,2,1589.169002,False,5.884406260698729,True,False,5.811332606683534,out_of_bounds,True,0.4670209554443062,0.0,6.57059734973796,0.0,0.0,2.00072877435642,1,1,1.0,1.793711581496792,1.793711581496792,0.7071067811865476,0.7071067811865476,-0.5,0.5,0.5,-1.5707963705062866,simulator_service,service_success,True,,0.0116,0.0002,service_success,0.0,False,False
-15.426293,2,1597.081158,False,4.7937338960950795,True,False,4.897198728791874,out_of_bounds,True,0.42624378261257434,0.0,6.502460774354933,0.0,0.0,1.1277751276924575,1,1,1.0,1.793711581496792,1.793711581496792,0.7071067811865476,0.7071067811865476,0.5,0.5,0.5,1.5707963705062866,simulator_service,service_success,True,,0.0115,0.0,service_success,0.0,False,False
-15.521554,2,1605.102702,False,4.524868074762948,True,False,5.3664939106911245,out_of_bounds,True,0.8692306201579467,0.0,6.51058545962261,0.0,0.0,1.5905854663617713,1,1,1.0,1.776623982899009,1.776623982899009,0.7071067811865476,0.7071067811865476,-0.5,0.5,0.5,1.551255226135254,simulator_service,service_success,True,,0.0115,0.0001,service_success,0.0,False,False
-15.5557995,2,1613.013248,False,4.5499363075852335,True,False,0.0,out_of_bounds,True,0.8170892745062729,0.0,1.7528808913839928,0.0,0.0,1.0566135435069528,1,1,1.0,1.793711581496792,1.793711581496792,0.7071067811865476,0.7071067811865476,0.5,-0.5,-0.5,-1.5707963705062866,simulator_service,service_success,True,,0.0115,0.0001,service_success,0.0,False,False
-15.449168,2,1621.282909,False,4.9689347347758295,True,False,5.640615839065532,out_of_bounds,True,0.06663210801333483,0.0,6.56248405925888,0.0,0.0,1.8346658876604736,1,1,1.0,1.793711581496792,1.793711581496792,0.7071067811865476,0.7071067811865476,-0.5,-0.5,0.5,-1.5707963705062866,simulator_service,service_success,True,,0.0116,0.0002,service_success,0.0,False,False
-15.259395,2,1629.592757,False,5.601276988346138,True,False,5.275891394802232,out_of_bounds,True,0.7879063785347192,0.0,6.493049421296139,0.0,0.0,1.511433749716003,1,1,1.0,1.793711581496792,1.793711581496792,0.7071067811865476,0.7071067811865476,0.5,0.5,0.5,1.5707963705062866,simulator_service,service_success,True,,0.0118,0.0003,service_success,0.0,False,False
-15.205164,2,1637.493075,False,5.014074053192818,True,False,5.123356140908187,out_of_bounds,True,0.2500889220364107,0.0,6.582037663609973,0.0,0.0,1.3073738332183582,1,1,1.0,1.793711581496792,1.793711581496792,0.7071067811865476,0.7071067811865476,-0.5,-0.5,0.5,1.5707963705062866,simulator_service,service_success,True,,0.0115,0.0002,service_success,0.0,False,False
-15.437284,2,1645.612283,False,5.2091544965917755,True,False,4.979050682851912,out_of_bounds,True,0.7157897617489191,0.0,6.51002328117201,0.0,0.0,1.205356989737226,1,1,1.0,1.793711581496792,1.793711581496792,0.7071067811865476,0.7071067811865476,0.5,0.5,0.5,1.5707963705062866,simulator_service,service_success,True,,0.0113,0.0,service_success,0.0,False,False
-15.302109,2,1653.885981,False,5.1239774944983765,True,False,4.9259070323241065,out_of_bounds,True,0.9581340482472209,0.0,6.674608053477711,0.0,0.0,1.0555790733673829,1,1,1.0,1.793711581496792,1.793711581496792,0.7071067811865476,0.7071067811865476,0.5,-0.5,0.5,-1.5707963705062866,simulator_service,service_success,True,,0.0117,0.0002,service_success,0.0,False,False
-15.462233,2,1665.921387,False,2.141819314380707,True,False,0.0,out_of_bounds,True,0.2236280497633772,0.0,3.3014705384363565,0.0,0.0,1.9392067485647009,1,1,1.0,1.793711581496792,1.793711581496792,0.7071067811865476,0.7071067811865476,0.5,-0.5,-0.5,1.5707963705062866,simulator_service,service_success,True,,0.0116,0.0,service_success,0.0,False,False
-15.472032,2,1678.123541,False,8.113370192207018,True,False,7.511497254943455,out_of_bounds,True,0.12704843559595583,0.0,9.714685828231778,0.0,0.0,1.8871744866473152,1,1,1.0,1.793711581496792,1.793711581496792,0.7071067811865476,0.7071067811865476,0.5,-0.5,0.5,-1.5707963705062866,simulator_service,service_success,True,,0.0115,0.0002,service_success,0.0,False,False
-15.277677,2,1686.397856,False,9.807542746359069,True,False,7.392744736367183,out_of_bounds,True,0.5035478476928921,0.0,10.05982376696372,0.0,0.0,1.5705182374671907,1,1,1.0,1.793711581496792,1.793711581496792,0.7071067811865476,0.7071067811865476,0.5,-0.5,0.5,1.5707963705062866,simulator_service,service_success,True,,0.0128,0.0067,service_success,0.0,False,False
-15.248948,2,1695.217299,False,5.370317609170299,True,False,5.663215874883323,out_of_bounds,True,0.20006586815753527,0.0,6.386530902977266,0.0,0.0,1.960620906733865,1,1,1.0,1.793711581496792,1.793711581496792,0.7071067811865476,0.7071067811865476,0.5,-0.5,0.5,-1.5707963705062866,simulator_service,service_success,True,,0.0113,0.0002,service_success,0.0,False,False
-15.321442,2,1703.621652,False,6.848855129878161,True,False,5.404160492485945,out_of_bounds,True,0.05925186088613139,0.0,7.2053817678092535,0.0,0.0,1.2268842155476782,1,1,1.0,1.793711581496792,1.793711581496792,0.7071067811865476,0.7071067811865476,0.5,0.5,0.5,1.5707963705062866,simulator_service,service_success,True,,0.0118,0.0,service_success,0.0,False,False
-15.479847,2,1711.896135,False,3.073870130489573,True,False,0.0,out_of_bounds,True,0.6179505371684287,0.0,2.611637333533053,0.0,0.0,1.5403636219666266,1,1,1.0,1.793711581496792,1.793711581496792,0.7071067811865476,0.7071067811865476,0.5,-0.5,-0.5,-1.5707963705062866,simulator_service,service_success,True,,0.0112,0.0,service_success,0.0,False,False
-15.378462,2,1723.856096,False,7.300161706623394,True,False,4.980552587825806,out_of_bounds,True,0.377862153786814,0.0,6.753124212337494,0.0,0.0,1.0646595200862048,1,1,1.0,1.793711581496792,1.793711581496792,0.7071067811865476,0.7071067811865476,-0.5,-0.5,0.5,1.5707963705062866,simulator_service,service_success,True,,0.0116,0.0002,service_success,0.0,False,False
-15.3263445,2,1732.726379,False,7.402897023548938,True,False,6.6363635666897185,out_of_bounds,True,0.8441977747764602,0.0,9.547188350122992,0.0,0.0,1.1075318292404115,1,1,1.0,1.793711581496792,1.793711581496792,0.7071067811865476,0.7071067811865476,0.5,0.5,0.5,1.5707963705062866,simulator_service,service_success,True,,0.0133,0.0072,service_success,0.0,False,False
-15.410355,2,1741.014479,False,6.621532602004277,True,False,5.656583772005758,out_of_bounds,True,0.19843909674579502,0.0,7.085559515551091,0.0,0.0,1.5514927401764274,1,1,1.0,1.793711581496792,1.793711581496792,0.7071067811865476,0.7071067811865476,-0.5,0.5,0.5,1.5707963705062866,simulator_service,service_success,True,,0.0116,0.0002,service_success,0.0,False,False
-15.4088955,2,1749.508049,False,4.7180621806006835,True,False,5.560488194261957,out_of_bounds,True,0.5228740310005756,0.0,6.757315588559032,0.0,0.0,1.6445762564753834,1,1,1.0,1.793711581496792,1.793711581496792,0.7071067811865476,0.7071067811865476,-0.5,-0.5,0.5,1.5707963705062866,simulator_service,service_success,True,,0.0113,0.0001,service_success,0.0,False,False
-15.424717,2,1757.826049,False,4.041152431327952,True,False,5.361173876603229,out_of_bounds,True,0.9348973050976139,0.0,6.781382902279665,0.0,0.0,1.4299242230519007,1,1,1.0,1.793711581496792,1.793711581496792,0.7071067811865476,0.7071067811865476,-0.5,0.5,0.5,-1.5707963705062866,simulator_service,service_success,True,,0.0118,0.0002,service_success,0.0,False,False
-15.445493,2,1766.330786,False,4.748548076761011,True,False,5.28800075806927,out_of_bounds,True,0.7818140904345698,0.0,6.775608218529336,0.0,0.0,1.3612144451017552,1,1,1.0,1.793711581496792,1.793711581496792,0.7071067811865476,0.7071067811865476,-0.5,-0.5,0.5,1.5707963705062866,simulator_service,service_success,True,,0.0117,0.0001,service_success,0.0,False,False
-15.15914,2,1774.657077,False,6.012482037226604,True,False,5.395968186174004,out_of_bounds,True,0.7599544946858132,0.0,6.766327532797114,0.0,0.0,1.4740824612484325,1,1,1.0,1.793711581496792,1.793711581496792,0.7071067811865476,0.7071067811865476,-0.5,0.5,0.5,-1.5707963705062866,simulator_service,service_success,True,,0.0118,0.0002,service_success,0.0,False,False
-15.393044,2,1785.971156,False,5.183007683719897,True,False,0.0,out_of_bounds,True,0.4115158859470697,0.0,2.6895774203925997,0.0,0.0,1.5803853585720768,1,1,1.0,0.9028000442831061,0.9028000442831061,0.7071067811865476,0.7071067811865476,-0.5,-0.5,-0.5,0.25504493713378906,simulator_service,service_success,True,,0.0117,0.0001,service_success,0.0,False,False
-15.574252,2,1793.95517,False,4.07966543110018,True,False,0.0,out_of_bounds,True,0.32481729480887994,0.0,2.3949619293243547,0.0,0.0,1.4174084891434948,1,1,1.0,1.793711581496792,1.793711581496792,0.7071067811865476,0.7071067811865476,0.5,-0.5,-0.5,-1.5707963705062866,simulator_service,service_success,True,,0.0119,0.0001,service_success,0.0,False,False
-15.399635,2,1802.55756,False,4.326107837493407,True,False,4.898152234709238,out_of_bounds,True,0.6164575763480885,0.0,6.466396360242001,0.0,0.0,1.1495981922690144,1,1,1.0,1.793711581496792,1.793711581496792,0.7071067811865476,0.7071067811865476,-0.5,0.5,0.5,1.5707963705062866,simulator_service,service_success,True,,0.0121,0.0014,service_success,0.0,False,False
-15.496058,2,1813.700095,False,4.66285183487715,True,False,5.359293801743312,out_of_bounds,True,0.6473013967101161,0.0,6.756472158977759,0.0,0.0,1.442150703785274,1,1,1.0,1.793711581496792,1.793711581496792,0.7071067811865476,0.7071067811865476,-0.5,0.5,0.5,1.5707963705062866,simulator_service,service_success,True,,0.0088,0.0016,service_success,0.0,False,False
-15.231354,2,1825.493006,False,8.256123340613055,True,False,7.399649122656231,out_of_bounds,True,0.28935688536399407,0.0,9.524612367491795,0.0,0.0,1.8863901620363797,1,1,1.0,1.793711581496792,1.793711581496792,0.7071067811865476,0.7071067811865476,-0.5,0.5,0.5,1.5707963705062866,simulator_service,service_success,True,,0.0118,0.0001,service_success,0.0,False,False
-15.337862,2,1837.116157,False,2.882346787775269,True,False,0.0,out_of_bounds,True,0.4394899972542847,0.0,2.6233706341724976,0.0,0.0,1.5496755294883788,1,1,1.0,1.793711581496792,1.793711581496792,0.7071067811865476,0.7071067811865476,-0.5,0.5,-0.5,1.5707963705062866,simulator_service,service_success,True,,0.0119,0.0002,service_success,0.0,False,False
-15.34984,2,1846.216684,False,7.9102844687473866,True,False,7.727037042743778,out_of_bounds,True,0.2818881510236008,0.0,9.922052289301243,0.0,0.0,1.985009995851747,1,1,1.0,1.793711581496792,1.793711581496792,0.7071067811865476,0.7071067811865476,-0.5,-0.5,0.5,-1.5707963705062866,simulator_service,service_success,True,,0.0114,0.0002,service_success,0.0,False,False
-15.531366,2,1855.37325,False,4.6610127395596415,True,False,5.854647894031875,out_of_bounds,True,0.022021315998132212,0.0,7.137006098244241,0.0,0.0,1.7190376054401286,1,1,1.0,1.793711581496792,1.793711581496792,0.7071067811865476,0.7071067811865476,-0.5,-0.5,0.5,1.5707963705062866,simulator_service,service_success,True,,0.0117,0.0002,service_success,0.0,False,False
-15.563589,2,1864.058709,False,3.347575574476963,True,False,0.0,out_of_bounds,True,0.6977071498714528,0.0,2.1963843820776776,0.0,0.0,1.3023124030369857,1,1,1.0,1.793711581496792,1.793711581496792,0.7071067811865476,0.7071067811865476,0.5,0.5,-0.5,1.5707963705062866,simulator_service,service_success,True,,0.0113,0.0001,service_success,0.0,False,False
-15.263286,2,1873.143568,False,3.3294980271479875,True,False,0.0,out_of_bounds,True,0.8693026794582202,0.0,1.74841942863976,0.0,0.0,1.2301060134364052,1,1,1.0,1.7293126339014209,1.7293126339014209,0.5226097474936214,0.5226097474936214,-0.1520557403564453,-0.5,-0.5,1.5707963705062866,simulator_service,service_success,True,,0.0113,0.0002,service_success,0.0,False,False
-15.518399,2,1884.719282,False,5.5213749931698635,True,False,5.5072399383159905,out_of_bounds,True,0.3467892531185122,0.0,7.454484019213371,0.0,0.0,1.1884487354920201,1,1,1.0,1.793711581496792,1.793711581496792,0.7071067811865476,0.7071067811865476,0.5,-0.5,0.5,1.5707963705062866,simulator_service,service_success,True,,0.0129,0.0055,service_success,0.0,False,False
-15.271174,2,1896.243109,False,3.1056659023273676,True,False,0.0,out_of_bounds,True,0.6692064614357068,0.0,3.1931434659902145,0.0,0.0,1.8764204303702177,1,1,1.0,1.793711581496792,1.793711581496792,0.7071067811865476,0.7071067811865476,-0.5,-0.5,-0.5,1.5707963705062866,simulator_service,service_success,True,,0.0121,0.0051,service_success,0.0,False,False
-15.420606,2,1904.747754,False,3.146884684336262,True,False,0.0,out_of_bounds,True,0.5272670336162117,0.0,2.296939654180551,0.0,0.0,1.3652488798764364,1,1,1.0,1.793711581496792,1.793711581496792,0.7071067811865476,0.7071067811865476,0.5,0.5,-0.5,-1.5707963705062866,simulator_service,service_success,True,,0.0118,0.0001,service_success,0.0,False,False
-15.365245,2,1913.874853,False,5.608706663548745,True,False,5.967197197364873,out_of_bounds,True,0.4847454260578444,0.0,7.2154694466080525,0.0,0.0,1.786138465812778,1,1,1.0,1.793711581496792,1.793711581496792,0.7071067811865476,0.7071067811865476,-0.5,-0.5,0.5,-1.5707963705062866,simulator_service,service_success,True,,0.0127,0.0045,service_success,0.0,False,False
-15.153383,2,1925.542103,False,1.7064214227082326,True,False,0.0,out_of_bounds,True,0.28996765196040974,0.0,2.8857774452104827,0.0,0.0,1.6987303579930872,1,1,1.0,1.793711581496792,1.793711581496792,0.7071067811865476,0.7071067811865476,0.5,0.5,-0.5,1.5707963705062866,simulator_service,service_success,True,,0.0132,0.0007,service_success,0.0,False,False
-15.3839,2,1937.063191,False,3.3118837938078407,True,False,0.0,out_of_bounds,True,0.5486135088727437,0.0,2.128046422175436,0.0,0.0,1.4482431253417603,1,1,1.0,1.738571799877535,1.738571799877535,0.5524768463326662,0.5524768463326662,0.23501205444335938,-0.5,-0.5,1.5707963705062866,simulator_service,service_success,True,,0.0115,0.0001,service_success,0.0,False,False
-15.473059,2,1948.454164,False,2.70588692656847,True,False,0.0,out_of_bounds,True,0.423265579266574,0.0,2.293352227992613,0.0,0.0,1.3618718265794272,1,1,1.0,1.793711581496792,1.793711581496792,0.7071067811865476,0.7071067811865476,-0.5,0.5,-0.5,1.5707963705062866,simulator_service,service_success,True,,0.0128,0.0013,service_success,0.0,False,False
-15.542577,2,1960.180747,False,2.9907640136298967,True,False,0.0,out_of_bounds,True,0.782920638756916,0.0,2.8596579630956853,0.0,0.0,1.6868966418108566,1,1,1.0,1.793711581496792,1.793711581496792,0.7071067811865476,0.7071067811865476,0.5,-0.5,-0.5,-1.5707963705062866,simulator_service,service_success,True,,0.0123,0.0016,service_success,0.0,False,False
-15.4621725,2,1972.374048,False,2.9150546467032137,True,False,0.0,out_of_bounds,True,0.5196751373678955,0.0,3.0268603378659966,0.0,0.0,1.7817495126415177,1,1,1.0,1.793711581496792,1.793711581496792,0.7071067811865476,0.7071067811865476,-0.5,0.5,-0.5,1.5707963705062866,simulator_service,service_success,True,,0.0137,0.0022,service_success,0.0,False,False
-15.263376,2,1984.000031,False,2.0058165060988267,True,False,0.0,out_of_bounds,True,0.27782535728103036,0.0,2.061278297085626,0.0,0.0,1.2320053437037237,1,1,1.0,1.793711581496792,1.793711581496792,0.7071067811865476,0.7071067811865476,0.5,-0.5,-0.5,1.5707963705062866,simulator_service,service_success,True,,0.0139,0.0087,service_success,0.0,False,False
-15.138973,2,1995.585019,False,1.7814695319468055,True,False,0.0,out_of_bounds,True,0.3466278317221116,0.0,1.754437582667058,0.0,0.0,1.0575682725344258,1,1,1.0,1.793711581496792,1.793711581496792,0.7071067811865476,0.7071067811865476,-0.5,-0.5,-0.5,1.5707963705062866,simulator_service,service_success,True,,0.0133,0.0001,service_success,0.0,False,False
-15.316783,2,2007.905226,False,2.2059764532985673,True,False,0.0,out_of_bounds,True,0.27444372940116707,0.0,2.653712622961364,0.0,0.0,1.5673254484838814,1,1,1.0,1.793711581496792,1.793711581496792,0.7071067811865476,0.7071067811865476,0.5,-0.5,-0.5,-1.5707963705062866,simulator_service,service_success,True,,0.0144,0.0048,service_success,0.0,False,False
-15.128282,2,2019.696269,False,1.7122513182381058,True,False,0.0,out_of_bounds,True,0.11562534988314542,0.0,2.7107342902981997,0.0,0.0,1.735660535599308,1,1,1.0,1.7599857545487203,1.7599857545487203,0.616561934130469,0.616561934130469,0.3607611656188965,-0.5,-0.5,1.5707963705062866,simulator_service,service_success,True,,0.0147,0.0003,service_success,0.0,False,False
-15.472787,2,2032.017313,False,8.53259146430752,True,False,7.658419895540837,out_of_bounds,True,0.20676121739387693,0.0,10.059385108742147,0.0,0.0,1.8362178184807871,1,1,1.0,1.793711581496792,1.793711581496792,0.7071067811865476,0.7071067811865476,-0.5,-0.5,0.5,1.5707963705062866,simulator_service,service_success,True,,0.0133,0.0064,service_success,0.0,False,False
-15.525602,2,2044.61798,False,3.1069790280722187,True,False,0.0,out_of_bounds,True,0.09587674833781573,0.0,2.8147170620242394,0.0,0.0,1.661953992987143,1,1,1.0,1.793711581496792,1.793711581496792,0.7071067811865476,0.7071067811865476,0.5,0.5,-0.5,-1.5707963705062866,simulator_service,service_success,True,,0.013,0.0046,service_success,0.0,False,False
-15.4956665,2,2057.025526,False,3.503671557116735,True,False,0.0,out_of_bounds,True,0.5200487986200347,0.0,2.2296123285630913,0.0,0.0,1.3277577294179312,1,1,1.0,1.793711581496792,1.793711581496792,0.7071067811865476,0.7071067811865476,0.5,-0.5,-0.5,1.5707963705062866,simulator_service,service_success,True,,0.0116,0.0002,service_success,0.0,False,False
-15.4576845,2,2069.523077,False,8.136591627755598,True,False,7.238480899325927,out_of_bounds,True,0.9929922718978509,0.0,10.399567851596556,0.0,0.0,1.2212378948966587,1,1,1.0,1.793711581496792,1.793711581496792,0.7071067811865476,0.7071067811865476,-0.5,-0.5,0.5,-1.5707963705062866,simulator_service,service_success,True,,0.0116,0.0003,service_success,0.0,False,False
-15.230103,2,2081.851133,False,8.95415056652484,True,False,7.912903903272527,out_of_bounds,True,0.3011480891324962,0.0,10.312129744732559,0.0,0.0,1.9455193001786373,1,1,1.0,1.793711581496792,1.793711581496792,0.7071067811865476,0.7071067811865476,0.5,-0.5,0.5,1.5707963705062866,simulator_service,service_success,True,,0.0129,0.0045,service_success,0.0,False,False
-15.307647,2,2094.645031,False,1.3563174977637917,True,False,0.0,out_of_bounds,True,0.2980420045908471,0.0,2.8987501729051504,0.0,0.0,1.7078032991170764,1,1,1.0,1.793711581496792,1.793711581496792,0.7071067811865476,0.7071067811865476,0.5,0.5,-0.5,-1.5707963705062866,simulator_service,service_success,True,,0.0117,0.0001,service_success,0.0,False,False
-15.509413,2,2106.961357,False,7.642846622879408,True,False,7.6341265419019715,out_of_bounds,True,0.06251645566102365,0.0,10.485776488855864,0.0,0.0,1.566702296156779,1,1,1.0,1.793711581496792,1.793711581496792,0.7071067811865476,0.7071067811865476,0.5,-0.5,0.5,1.5707963705062866,simulator_service,service_success,True,,0.012,0.0,service_success,0.0,False,False
-15.333388,2,2119.854275,False,8.567150535790736,True,False,7.024599599461431,out_of_bounds,True,0.5424595218263965,0.0,9.781772029565607,0.0,0.0,1.3632556040284445,1,1,1.0,1.793711581496792,1.793711581496792,0.7071067811865476,0.7071067811865476,-0.5,0.5,0.5,-1.5707963705062866,simulator_service,service_success,True,,0.013,0.0013,service_success,0.0,False,False
-15.32416,2,2132.075245,False,1.6237071286087137,True,False,0.0,out_of_bounds,True,0.8864520023000689,0.0,2.213179929062614,0.0,0.0,1.3109869743680456,1,1,1.0,0.8960504894549466,0.8960504894549466,0.7071067811865476,0.7071067811865476,-0.5,-0.5,-0.5,-0.23001408576965332,simulator_service,service_success,True,,0.0121,0.0002,service_success,0.0,False,False
-15.332111,2,2144.269093,False,2.859781238918075,True,False,0.0,out_of_bounds,True,0.7973267597763688,0.0,2.719476607067217,0.0,0.0,1.6064986647843364,1,1,1.0,1.793711581496792,1.793711581496792,0.7071067811865476,0.7071067811865476,-0.5,-0.5,-0.5,1.5707963705062866,simulator_service,service_success,True,,0.0113,0.0002,service_success,0.0,False,False
-15.537679,2,2156.496692,False,3.6401777376096836,True,False,0.0,out_of_bounds,True,0.30209531955722596,0.0,2.0222886758976073,0.0,0.0,1.208994607090859,1,1,1.0,1.793711581496792,1.793711581496792,0.7071067811865476,0.7071067811865476,-0.5,0.5,-0.5,1.5707963705062866,simulator_service,service_success,True,,0.0144,0.0039,service_success,0.0,False,False
-15.502054,2,2169.580941,False,2.8057493849710697,True,False,0.0,out_of_bounds,True,0.09526190928129817,0.0,2.426038359689214,0.0,0.0,1.4366950571891375,1,1,1.0,1.793711581496792,1.793711581496792,0.7071067811865476,0.7071067811865476,0.5,-0.5,-0.5,-1.5707963705062866,simulator_service,service_success,True,,0.0132,0.0011,service_success,0.0,False,False
-15.33974,2,2181.80608,False,2.0102372664338364,True,False,0.0,out_of_bounds,True,0.7899985111314443,0.0,2.0974815915156917,0.0,0.0,1.2513069732206812,1,1,1.0,1.793711581496792,1.793711581496792,0.7071067811865476,0.7071067811865476,-0.5,0.5,-0.5,1.5707963705062866,simulator_service,service_success,True,,0.0132,0.0001,service_success,0.0,False,False
-15.414815,2,2194.996386,False,3.026401730611118,True,False,0.0,out_of_bounds,True,0.7750388855040077,0.0,2.2013070691118384,0.0,0.0,1.4958687737595868,1,1,1.0,1.7398195003918762,1.7398195003918762,0.5563907407102624,0.5563907407102624,-0.5,-0.24407100677490234,-0.5,1.5707963705062866,simulator_service,service_success,True,,0.0116,0.0019,service_success,0.0,False,False
-50.472446,130,2239.720113,True,0.13279283309990236,False,False,1.3079771463492251,success,True,0.31900091019931415,3.1900091019931414,1.122083603072689,26.871850503911368,9.320706325277706,1.033773492725756,130,130,1.0,1.78867708009852,1.793711581496792,0.6954802963868794,0.7071067811865476,0.5,-0.5,0.5,1.5707963705062866,simulator_service,service_success,True,,0.013,0.0005,service_success,0.0,True,False
-38.563454,130,2252.912524,False,14.888385404897292,True,False,10.172925515306652,out_of_bounds,True,0.7612596963601129,0.0,15.849529586665478,16.19236975898232,3.653348700514864,1.0520773629855102,129,129,1.0,1.7191389889474349,1.793711581496792,0.7071067811865486,0.7071067811865476,-0.5,-0.5,0.5,1.5707963705062866,simulator_service,service_success,True,,0.0117,0.0028,service_success,0.0,False,False
-15.245312,2,2266.132073,False,2.2546685438360927,True,False,0.0,out_of_bounds,True,0.9886844645384221,0.0,2.040480737775008,0.0,0.0,1.207870612428613,1,1,1.0,1.793711581496792,1.793711581496792,0.7071067811865476,0.7071067811865476,0.5,0.5,-0.5,1.5707963705062866,velocity,post_controller_hold,False,,0.0745,1.6067,not_attempted,0.0,False,False
-15.176929,2,2279.42526,False,1.6569788243757757,True,False,0.0,out_of_bounds,True,0.041528062878306966,0.0,1.9490961570582197,0.0,0.0,1.1643839237016071,1,1,1.0,1.793711581496792,1.793711581496792,0.7071067811865476,0.7071067811865476,0.5,-0.5,-0.5,-1.5707963705062866,simulator_service,service_success,True,,0.0112,0.0002,service_success,0.0,False,False
-15.145667,2,2292.545097,False,10.719218072799045,True,False,7.962591398097759,out_of_bounds,True,0.5029149006240212,0.0,11.311089180984261,0.0,0.0,1.4191396333289121,1,1,1.0,1.793711581496792,1.793711581496792,0.7071067811865476,0.7071067811865476,0.5,-0.5,0.5,-1.5707963705062866,simulator_service,service_success,True,,0.0135,0.0017,service_success,0.0,False,False
-15.506238,2,2305.141094,False,8.61721883564394,True,False,8.040923939300134,out_of_bounds,True,0.9925178589756151,0.0,10.606559985120269,0.0,0.0,1.9037051591303171,1,1,1.0,1.793711581496792,1.793711581496792,0.7071067811865476,0.7071067811865476,0.5,-0.5,0.5,1.5707963705062866,simulator_service,service_success,True,,0.0125,0.0047,service_success,0.0,False,False
-15.553447,2,2318.264146,False,7.003764619270968,True,False,7.41145323563117,out_of_bounds,True,0.30590372072655336,0.0,9.67062126878482,0.0,0.0,1.2684100968353442,1,1,1.0,0.8000205752342907,0.8000205752342907,0.6096839041607655,0.6096839041607655,-0.3488759994506836,0.5,0.5,-0.1353456974029541,simulator_service,service_success,True,,0.0116,0.0002,service_success,0.0,False,False
-15.318835,2,2330.854194,False,9.262115327824477,True,False,7.504113562903331,out_of_bounds,True,0.02677166987544966,0.0,10.615968470465983,0.0,0.0,1.3616666016190757,1,1,1.0,1.793711581496792,1.793711581496792,0.7071067811865476,0.7071067811865476,-0.5,0.5,0.5,1.5707963705062866,simulator_service,service_success,True,,0.0126,0.0001,service_success,0.0,False,False
-15.273123,2,2344.078211,False,9.333429232987463,True,False,7.879856887356775,out_of_bounds,True,0.03229801744609536,0.0,10.606993000502106,0.0,0.0,1.74230778637204,1,1,1.0,1.106012319028642,1.106012319028642,0.7071067811865476,0.7071067811865476,-0.5,-0.5,0.5,0.687941312789917,simulator_service,service_success,True,,0.0119,0.0,service_success,0.0,False,False
-15.481802,2,2356.868053,False,2.41692287937572,True,False,0.0,out_of_bounds,True,0.9211835917720806,0.0,2.692920140623155,0.0,0.0,1.5908682737908462,1,1,1.0,1.793711581496792,1.793711581496792,0.7071067811865476,0.7071067811865476,-0.5,-0.5,-0.5,-1.5707963705062866,simulator_service,service_success,True,,0.0126,0.0001,service_success,0.0,False,False
-15.444735,2,2369.888093,False,9.837560743723497,True,False,7.2588942937711876,out_of_bounds,True,0.1220269634542692,0.0,10.589976746812782,0.0,0.0,1.1317890922516707,1,1,1.0,1.793711581496792,1.793711581496792,0.7071067811865476,0.7071067811865476,-0.5,-0.5,0.5,1.5707963705062866,simulator_service,service_success,True,,0.0118,0.0,service_success,0.0,False,False
-15.437468,2,2382.682137,False,3.0406859156914936,True,False,0.0,out_of_bounds,True,0.297529275532482,0.0,2.698273565280981,0.0,0.0,1.5925039237315464,1,1,1.0,1.793711581496792,1.793711581496792,0.7071067811865476,0.7071067811865476,-0.5,-0.5,-0.5,-1.5707963705062866,simulator_service,service_success,True,,0.0126,0.0001,service_success,0.0,False,False
-15.191485,2,2395.807409,False,1.8158666007657112,True,False,0.0,out_of_bounds,True,0.8835445347148081,0.0,2.114278147618377,0.0,0.0,1.2611142039422207,1,1,1.0,1.793711581496792,1.793711581496792,0.7071067811865476,0.7071067811865476,-0.5,-0.5,-0.5,-1.5707963705062866,simulator_service,service_success,True,,0.0121,0.0001,service_success,0.0,False,False
-15.167559,2,2408.892212,False,2.364514839312573,True,False,0.0,out_of_bounds,True,0.3915921975728801,0.0,3.3154191429372024,0.0,0.0,1.9466790556410238,1,1,1.0,1.793711581496792,1.793711581496792,0.7071067811865476,0.7071067811865476,-0.5,-0.5,-0.5,-1.5707963705062866,simulator_service,service_success,True,,0.0128,0.0004,service_success,0.0,False,False
-15.300624,2,2422.217039,False,2.7546114007213425,True,False,0.0,out_of_bounds,True,0.9868512980448565,0.0,3.287853637067463,0.0,0.0,1.9326431833387387,1,1,1.0,1.793711581496792,1.793711581496792,0.7071067811865476,0.7071067811865476,-0.5,-0.5,-0.5,-1.5707963705062866,simulator_service,service_success,True,,0.0124,0.0001,service_success,0.0,False,False
-15.507279,2,2435.904053,False,9.218741419653954,True,False,7.538924853217857,out_of_bounds,True,0.808373463765565,0.0,11.250444033787513,0.0,0.0,1.0308458699503786,1,1,1.0,1.793711581496792,1.793711581496792,0.7071067811865476,0.7071067811865476,0.5,0.5,0.5,-1.5707963705062866,simulator_service,service_success,True,,0.0128,0.002,service_success,0.0,False,False
-15.342261,2,2449.132048,False,1.6928465088712852,True,False,0.0,out_of_bounds,True,0.8827809628613384,0.0,3.212409547415632,0.0,0.0,1.8902423610881567,1,1,1.0,1.793711581496792,1.793711581496792,0.7071067811865476,0.7071067811865476,0.5,0.5,-0.5,-1.5707963705062866,simulator_service,service_success,True,,0.0125,0.0014,service_success,0.0,False,False
-15.204885,2,2462.696228,False,10.317284961039563,True,False,7.888459297552979,out_of_bounds,True,0.8143090675261013,0.0,10.911256470809027,0.0,0.0,1.5761874042063282,1,1,1.0,1.793711581496792,1.793711581496792,0.7071067811865476,0.7071067811865476,0.5,0.5,0.5,-1.5707963705062866,simulator_service,service_success,True,,0.0116,0.0,service_success,0.0,False,False
-15.274368,2,2476.842466,False,2.083611812165952,True,False,0.0,out_of_bounds,True,0.9980405459121001,0.0,2.279345931647742,0.0,0.0,1.3540986308408502,1,1,1.0,1.793711581496792,1.793711581496792,0.7071067811865476,0.7071067811865476,0.5,-0.5,-0.5,-1.5707963705062866,simulator_service,service_success,True,,0.0147,0.0017,service_success,0.0,False,False
-15.564423,2,2490.636149,False,4.5303733474408645,True,False,0.0,out_of_bounds,True,0.7050612206673071,0.0,3.2659102129061375,0.0,0.0,1.9176036045819822,1,1,1.0,1.793711581496792,1.793711581496792,0.7071067811865476,0.7071067811865476,0.5,-0.5,-0.5,-1.5707963705062866,simulator_service,service_success,True,,0.0121,0.0002,service_success,0.0,False,False
-15.556839,2,2503.761249,False,8.633925923720533,True,False,8.3332855433323,out_of_bounds,True,0.8874422258614593,0.0,11.796792572957957,0.0,0.0,1.510039953646065,1,1,1.0,1.793711581496792,1.793711581496792,0.7071067811865476,0.7071067811865476,-0.5,-0.5,0.5,-1.5707963705062866,simulator_service,service_success,True,,0.0123,0.0023,service_success,0.0,False,False
-15.4126215,2,2517.555008,False,5.800309446886316,True,False,0.0,out_of_bounds,True,0.12070525183627341,0.0,3.2867481594682215,0.0,0.0,1.930452148492657,1,1,1.0,1.793711581496792,1.793711581496792,0.7071067811865476,0.7071067811865476,0.5,-0.5,-0.5,-1.5707963705062866,simulator_service,service_success,True,,0.013,0.0025,service_success,0.0,False,False
-15.25024,2,2531.676091,False,1.8773899767039337,True,False,0.0,out_of_bounds,True,0.7921711271522448,0.0,2.1460902725642987,0.0,0.0,1.4888131281501211,1,1,1.0,1.733184605725448,1.733184605725448,0.5352827663281845,0.5352827663281845,-0.5,-0.19112205505371094,-0.5,-1.5707963705062866,simulator_service,service_success,True,,0.0087,0.0001,service_success,0.0,False,False
-15.204286,2,2545.665983,False,4.186753910651961,True,False,0.0,out_of_bounds,True,0.7061016404445332,0.0,2.983464172017106,0.0,0.0,1.755857220627865,1,1,1.0,1.3633855805518096,1.3633855805518096,0.7071067811865476,0.7071067811865476,0.5,-0.5,-0.5,1.053005337715149,simulator_service,service_success,True,,0.0135,0.0012,service_success,0.0,False,False
-15.56719,2,2559.891077,False,7.480319884166083,True,False,8.060072392233126,out_of_bounds,True,0.6346674001889229,0.0,9.819882192377502,0.0,0.0,1.1558211633991764,1,1,1.0,1.7247051735303074,1.7247051735303074,0.5071554968710136,0.5071554968710136,0.5,-0.08489227294921875,0.5,-1.5707963705062866,simulator_service,service_success,True,,0.0127,0.0002,service_success,0.0,False,False
-15.417623,2,2573.791129,False,5.166110836928972,True,False,0.0,out_of_bounds,True,0.13882729047898845,0.0,2.126161331570244,0.0,0.0,1.268511658734176,1,1,1.0,1.793711581496792,1.793711581496792,0.7071067811865476,0.7071067811865476,0.5,-0.5,-0.5,-1.5707963705062866,simulator_service,service_success,True,,0.0123,0.0023,service_success,0.0,False,False
-15.262796,2,2588.001997,False,10.298276734916262,True,False,8.502275137433955,out_of_bounds,True,0.10605271125766559,0.0,11.857044547381832,0.0,0.0,1.6440868614854087,1,1,1.0,1.793711581496792,1.793711581496792,0.7071067811865476,0.7071067811865476,0.5,-0.5,0.5,-1.5707963705062866,simulator_service,service_success,True,,0.0113,0.0002,service_success,0.0,False,False
-15.288231,2,2602.098023,False,2.2171955017534115,True,False,0.0,out_of_bounds,True,0.1957953248168127,0.0,2.1505172965196935,0.0,0.0,1.2815146138329823,1,1,1.0,1.793711581496792,1.793711581496792,0.7071067811865476,0.7071067811865476,0.5,0.5,-0.5,1.5707963705062866,simulator_service,service_success,True,,0.0136,0.0022,service_success,0.0,False,False
-15.395574,2,2616.215072,False,3.453797040777105,True,False,0.0,out_of_bounds,True,0.5013183010011696,0.0,1.9769001870857323,0.0,0.0,1.182985571611974,1,1,1.0,1.793711581496792,1.793711581496792,0.7071067811865476,0.7071067811865476,0.5,0.5,-0.5,-1.5707963705062866,simulator_service,service_success,True,,0.0113,0.0,service_success,0.0,False,False
-15.36381,2,2630.409972,False,2.098133392853836,True,False,0.0,out_of_bounds,True,0.20351178953522014,0.0,3.118100998263738,0.0,0.0,1.8354965376698822,1,1,1.0,1.793711581496792,1.793711581496792,0.7071067811865476,0.7071067811865476,0.5,-0.5,-0.5,-1.5707963705062866,simulator_service,service_success,True,,0.0135,0.001,service_success,0.0,False,False
-15.229685,2,2644.537228,False,1.788259491433902,True,False,0.0,out_of_bounds,True,0.9554591199790323,0.0,3.1787416377754463,0.0,0.0,1.87111180736378,1,1,1.0,1.793711581496792,1.793711581496792,0.7071067811865476,0.7071067811865476,-0.5,0.5,-0.5,-1.5707963705062866,simulator_service,service_success,True,,0.0126,0.0041,service_success,0.0,False,False
-15.314083,2,2658.822084,False,2.272041968599148,True,False,0.0,out_of_bounds,True,0.7692515717308395,0.0,2.758795707202896,0.0,0.0,1.63003355270025,1,1,1.0,1.793711581496792,1.793711581496792,0.7071067811865476,0.7071067811865476,-0.5,-0.5,-0.5,1.5707963705062866,simulator_service,service_success,True,,0.0124,0.003,service_success,0.0,False,False
-15.536254,2,2673.047486,False,3.2121233803658114,True,False,0.0,out_of_bounds,True,0.4941988113475848,0.0,2.6758323367525616,0.0,0.0,1.583220108557342,1,1,1.0,1.793711581496792,1.793711581496792,0.7071067811865476,0.7071067811865476,-0.5,0.5,-0.5,-1.5707963705062866,simulator_service,service_success,True,,0.0122,0.0005,service_success,0.0,False,False
-15.250301,2,2687.33707,False,1.7950426429936521,True,False,0.0,out_of_bounds,True,0.7501310328200674,0.0,3.2249991145186825,0.0,0.0,1.8978156648203455,1,1,1.0,1.793711581496792,1.793711581496792,0.7071067811865476,0.7071067811865476,-0.5,-0.5,-0.5,1.5707963705062866,simulator_service,service_success,True,,0.0119,0.0016,service_success,0.0,False,False
-15.309336,2,2701.560041,False,2.54710788276218,True,False,0.0,out_of_bounds,True,0.977594064748649,0.0,2.982284830540044,0.0,0.0,1.757286098818694,1,1,1.0,1.793711581496792,1.793711581496792,0.7071067811865476,0.7071067811865476,-0.5,0.5,-0.5,-1.5707963705062866,simulator_service,service_success,True,,0.0123,0.0012,service_success,0.0,False,False
-15.454814,2,2715.852082,False,2.6611789036795055,True,False,0.0,out_of_bounds,True,0.3279422019766764,0.0,2.1658420302012713,0.0,0.0,1.2910537307642826,1,1,1.0,1.793711581496792,1.793711581496792,0.7071067811865476,0.7071067811865476,-0.5,0.5,-0.5,-1.5707963705062866,simulator_service,service_success,True,,0.0121,0.0005,service_success,0.0,False,False
-15.4294615,2,2730.073234,False,3.954886320156908,True,False,0.0,out_of_bounds,True,0.21484570659700988,0.0,4.527543549514145,0.0,0.0,1.515523209054128,1,1,1.0,1.740279881021464,1.740279881021464,0.7071067811865476,0.7071067811865476,0.5,0.5,-0.2473314106464386,1.5707963705062866,simulator_service,service_success,True,,0.0131,0.0049,service_success,0.0,False,False
-15.254596,2,2744.564982,False,1.3928439919350653,True,False,0.0,out_of_bounds,True,0.304636608547524,0.0,1.908285585972783,0.0,0.0,1.1435533729670295,1,1,1.0,1.793711581496792,1.793711581496792,0.7071067811865476,0.7071067811865476,-0.5,-0.5,-0.5,-1.5707963705062866,simulator_service,service_success,True,,0.0138,0.0012,service_success,0.0,False,False
-15.510497,2,2758.688172,False,11.2389568076024,True,False,8.166631794614473,out_of_bounds,True,0.7264542461002276,0.0,11.900375452976908,0.0,0.0,1.2833631024988394,1,1,1.0,1.793711581496792,1.793711581496792,0.7071067811865476,0.7071067811865476,-0.5,0.5,0.5,-1.5707963705062866,simulator_service,service_success,True,,0.0122,0.0,service_success,0.0,False,False
-15.554212,2,2773.177046,False,9.903880403923798,True,False,8.8211366918964,out_of_bounds,True,0.7011445409407716,0.0,11.900236124252364,0.0,0.0,1.9379619418555984,1,1,1.0,1.793711581496792,1.793711581496792,0.7071067811865476,0.7071067811865476,-0.5,0.5,0.5,1.5707963705062866,simulator_service,service_success,True,,0.0128,0.0042,service_success,0.0,False,False
-15.500109,2,2787.301174,False,15.123432139211355,True,False,8.231252062434192,out_of_bounds,True,0.9536597825601539,0.0,11.901235669017453,0.0,0.0,1.3480664437406125,1,1,1.0,1.793711581496792,1.793711581496792,0.7071067811865476,0.7071067811865476,0.5,0.5,0.5,-1.5707963705062866,simulator_service,service_success,True,,0.0124,0.0002,service_success,0.0,False,False
-15.207907,2,2802.086178,False,10.537246608826747,True,False,8.2979450638802,out_of_bounds,True,0.9802512164698258,0.0,11.978776905499283,0.0,0.0,1.3697743294358906,1,1,1.0,1.793711581496792,1.793711581496792,0.7071067811865476,0.7071067811865476,0.5,-0.5,0.5,1.5707963705062866,simulator_service,service_success,True,,0.0117,0.0,service_success,0.0,False,False
-15.391955,2,2812.040859,False,15.006238466614784,True,False,8.546737555802503,out_of_bounds,True,0.018064054554575198,0.0,12.06603278320556,0.0,0.0,1.5684710626372094,1,1,1.0,1.793711581496792,1.793711581496792,0.7071067811865476,0.7071067811865476,0.5,0.5,0.5,-1.5707963705062866,simulator_service,service_success,True,,0.0124,0.0001,service_success,0.0,False,False
-15.336698,2,2822.370781,False,2.0276139215534497,True,False,0.0,out_of_bounds,True,0.3899023048925286,0.0,2.893321230011245,0.0,0.0,1.7031591967266073,1,1,1.0,0.9767925923241734,0.9767925923241734,0.7071067811865476,0.7071067811865476,-0.5,0.5,-0.5,0.4518005847930908,simulator_service,service_success,True,,0.0115,0.0002,service_success,0.0,False,False
-15.380624,2,2837.512581,False,5.267699586622343,True,False,0.0,out_of_bounds,True,0.0861483110858231,0.0,3.0822541569955,0.0,0.0,1.8152699169135498,1,1,1.0,1.793711581496792,1.793711581496792,0.7071067811865476,0.7071067811865476,-0.5,-0.5,-0.5,1.5707963705062866,simulator_service,service_success,True,,0.0126,0.0002,service_success,0.0,False,False
-15.350134,2,2848.092763,False,2.9187428355208715,True,False,0.0,out_of_bounds,True,0.5768185916184739,0.0,2.4102822652595135,0.0,0.0,1.4310386781372626,1,1,1.0,1.793711581496792,1.793711581496792,0.7071067811865476,0.7071067811865476,-0.5,0.5,-0.5,1.5707963705062866,simulator_service,service_success,True,,0.0137,0.0049,service_success,0.0,False,False
-15.560886,2,2859.016059,False,7.390531531696885,True,False,0.0,out_of_bounds,True,0.6035706735842002,0.0,2.845335013535622,0.0,0.0,1.6732809681571625,1,1,1.0,0.8691287582343743,0.8691287582343743,0.7071067811865476,0.7071067811865476,-0.5,-0.5,-0.5,-0.07338118553161621,simulator_service,service_success,True,,0.0114,0.0019,service_success,0.0,False,False
-15.177083,2,2873.326085,False,7.01203207797226,True,False,5.900935670499512,out_of_bounds,True,0.40966388104755785,0.0,8.417019416037082,0.0,0.0,1.0270919697225254,1,1,1.0,1.793711581496792,1.793711581496792,0.7071067811865476,0.7071067811865476,-0.5,-0.5,0.5,1.5707963705062866,simulator_service,service_success,True,,0.0124,0.004,service_success,0.0,False,False
-15.35796,2,2888.544225,False,4.738185543385522,True,False,0.0,out_of_bounds,True,0.5493141676785319,0.0,2.0679592986393485,0.0,0.0,1.2351371182897903,1,1,1.0,1.793711581496792,1.793711581496792,0.7071067811865476,0.7071067811865476,0.5,0.5,-0.5,1.5707963705062866,simulator_service,service_success,True,,0.011,0.0001,service_success,0.0,False,False
-15.305163,2,2899.628131,False,10.382041498243549,True,False,8.659099954862093,out_of_bounds,True,0.8176874997896046,0.0,12.126045851208563,0.0,0.0,1.6458261365558302,1,1,1.0,1.793711581496792,1.793711581496792,0.7071067811865476,0.7071067811865476,-0.5,-0.5,0.5,1.5707963705062866,simulator_service,service_success,True,,0.0084,0.0,service_success,0.0,False,False
-15.182858,2,2910.449729,False,4.011921723080324,True,False,0.0,out_of_bounds,True,0.784344356721649,0.0,3.0407393106456384,0.0,0.0,1.7903922565661654,1,1,1.0,1.793711581496792,1.793711581496792,0.7071067811865476,0.7071067811865476,-0.5,-0.5,-0.5,1.5707963705062866,simulator_service,service_success,True,,0.0119,0.0037,service_success,0.0,False,False
-15.495135,2,2920.493756,False,5.530936994493024,True,False,6.680981842401478,out_of_bounds,True,0.38855354893980165,0.0,8.408363345514555,0.0,0.0,1.8123463077740702,1,1,1.0,1.793711581496792,1.793711581496792,0.7071067811865476,0.7071067811865476,-0.5,-0.5,0.5,-1.5707963705062866,simulator_service,service_success,True,,0.0108,0.0001,service_success,0.0,False,False
-15.337853,2,2931.456345,False,1.8274738089602671,True,False,0.0,out_of_bounds,True,0.8103073750415231,0.0,2.0718199981438206,0.0,0.0,1.2353899980507785,1,1,1.0,1.793711581496792,1.793711581496792,0.7071067811865476,0.7071067811865476,0.5,0.5,-0.5,1.5707963705062866,simulator_service,service_success,True,,0.0121,0.0017,service_success,0.0,False,False
-15.464276,2,2946.948925,False,9.491058907609506,True,False,6.409218865244576,out_of_bounds,True,0.54489004233555,0.0,8.434243559294096,0.0,0.0,1.5254511943195441,1,1,1.0,1.793711581496792,1.793711581496792,0.7071067811865476,0.7071067811865476,-0.5,-0.5,0.5,-1.5707963705062866,simulator_service,service_success,True,,0.0127,0.0002,service_success,0.0,False,False
-15.493013,2,2957.854905,False,11.004353737981862,True,False,9.616008722621984,out_of_bounds,True,0.49018218415263515,0.0,13.169070666157388,0.0,0.0,1.9995692077883427,1,1,1.0,1.3720623058709447,1.3720623058709447,0.7071067811865476,0.7071067811865476,-0.5,-0.5,0.5,1.0642156600952148,simulator_service,service_success,True,,0.0126,0.006,service_success,0.0,False,False
-15.304922,2,2969.031092,False,9.82957138155077,True,False,6.830768581455116,out_of_bounds,True,0.5166550193401404,0.0,8.389981234199443,0.0,0.0,1.973772521016659,1,1,1.0,1.793711581496792,1.793711581496792,0.7071067811865476,0.7071067811865476,0.5,0.5,0.5,1.5707963705062866,simulator_service,service_success,True,,0.0108,0.0,service_success,0.0,False,False
-15.138995,2,2979.932926,False,8.290372736042697,True,False,6.71222494051122,out_of_bounds,True,0.16963483922903644,0.0,9.356030115584261,0.0,0.0,1.2959695747542834,1,1,1.0,1.793711581496792,1.793711581496792,0.7071067811865476,0.7071067811865476,-0.5,0.5,0.5,1.5707963705062866,simulator_service,service_success,True,,0.0111,0.0,service_success,0.0,False,False
-15.333234,2,2990.107332,False,2.108188238040886,True,False,0.0,out_of_bounds,True,0.1882874089198205,0.0,2.0497068545295214,0.0,0.0,1.223388952658433,1,1,1.0,1.793711581496792,1.793711581496792,0.7071067811865476,0.7071067811865476,0.5,0.5,-0.5,-1.5707963705062866,simulator_service,service_success,True,,0.0108,0.0001,service_success,0.0,False,False
-15.141156,2,3000.930897,False,7.56760936212008,True,False,6.0111139803710545,out_of_bounds,True,0.4852566782373226,0.0,8.434638759822713,0.0,0.0,1.1267963634656082,1,1,1.0,1.6644686136052462,1.6644686136052462,0.7071067811865476,0.7071067811865476,-0.5,-0.5,0.5,-1.4214273691177368,simulator_service,service_success,True,,0.0113,0.0,service_success,0.0,False,False
-15.222292,2,3011.241151,False,7.257235144744139,True,False,6.477298876614582,out_of_bounds,True,0.18493747835829102,0.0,8.43475761139825,0.0,0.0,1.592465277999272,1,1,1.0,1.793711581496792,1.793711581496792,0.7071067811865476,0.7071067811865476,0.5,-0.5,0.5,1.5707963705062866,simulator_service,service_success,True,,0.0139,0.006,service_success,0.0,False,False
-15.3302555,2,3021.943818,False,6.396461122840917,True,False,6.034559178679754,out_of_bounds,True,0.1594951786863035,0.0,8.433802088483182,0.0,0.0,1.150874703459992,1,1,1.0,1.793711581496792,1.793711581496792,0.7071067811865476,0.7071067811865476,0.5,0.5,0.5,-1.5707963705062866,simulator_service,service_success,True,,0.0114,0.0001,service_success,0.0,False,False
-15.531343,2,3032.361042,False,6.303302430437514,True,False,6.53999864022429,out_of_bounds,True,0.9805093886562442,0.0,8.408979182900278,0.0,0.0,1.6699814304277494,1,1,1.0,1.793711581496792,1.793711581496792,0.7071067811865476,0.7071067811865476,-0.5,-0.5,0.5,1.5707963705062866,simulator_service,service_success,True,,0.0127,0.0002,service_success,0.0,False,False
-15.49938,2,3043.069626,False,9.193772662990101,True,False,6.540881701342042,out_of_bounds,True,0.31096682267171344,0.0,8.425035809391984,0.0,0.0,1.6627461881330772,1,1,1.0,1.793711581496792,1.793711581496792,0.7071067811865476,0.7071067811865476,-0.5,0.5,0.5,-1.5707963705062866,simulator_service,service_success,True,,0.0117,0.0,service_success,0.0,False,False
-15.495888,2,3053.435545,False,6.393794059088138,True,False,6.4527843904795965,out_of_bounds,True,0.886085708646941,0.0,8.391459584839287,0.0,0.0,1.593228744392039,1,1,1.0,1.793711581496792,1.793711581496792,0.7071067811865476,0.7071067811865476,0.5,-0.5,0.5,1.5707963705062866,simulator_service,service_success,True,,0.0125,0.0001,service_success,0.0,False,False
-15.33096,2,3064.243531,False,10.913394156370947,True,False,6.460383007016191,out_of_bounds,True,0.7071819610003024,0.0,8.494264927940211,0.0,0.0,1.5419270610573914,1,1,1.0,1.793711581496792,1.793711581496792,0.7071067811865476,0.7071067811865476,0.5,0.5,0.5,-1.5707963705062866,simulator_service,service_success,True,,0.0119,0.0,service_success,0.0,False,False
-15.279718,2,3074.564339,False,6.6180438594190525,True,False,6.147793466891006,out_of_bounds,True,0.10875301409675296,0.0,8.425617309347393,0.0,0.0,1.2685485155248615,1,1,1.0,1.793711581496792,1.793711581496792,0.7071067811865476,0.7071067811865476,0.5,0.5,0.5,1.5707963705062866,simulator_service,service_success,True,,0.0126,0.0002,service_success,0.0,False,False
-15.157299,2,3085.373397,False,9.600515351857101,True,False,6.832998744328541,out_of_bounds,True,0.8920093695835372,0.0,8.42583671725065,0.0,0.0,1.9536638067065841,1,1,1.0,1.793711581496792,1.793711581496792,0.7071067811865476,0.7071067811865476,0.5,0.5,0.5,-1.5707963705062866,simulator_service,service_success,True,,0.0116,0.0001,service_success,0.0,False,False
-15.455929,2,3095.854766,False,2.0956467900005102,True,False,0.0,out_of_bounds,True,0.02351848950379073,0.0,2.872763608707577,0.0,0.0,1.6931515427450743,1,1,1.0,1.793711581496792,1.793711581496792,0.7071067811865476,0.7071067811865476,-0.5,-0.5,-0.5,1.5707963705062866,simulator_service,service_success,True,,0.0126,0.0001,service_success,0.0,False,False
-15.268976,2,3106.556521,False,2.8831332421565268,True,False,0.0,out_of_bounds,True,0.9442526834589718,0.0,2.4724704443893284,0.0,0.0,1.4639030203559884,1,1,1.0,1.793711581496792,1.793711581496792,0.7071067811865476,0.7071067811865476,0.5,0.5,-0.5,1.5707963705062866,simulator_service,service_success,True,,0.0117,0.0002,service_success,0.0,False,False
-15.31553,2,3117.042452,False,2.01568284904581,True,False,0.0,out_of_bounds,True,0.1382639875895658,0.0,3.1055575593005007,0.0,0.0,1.8247414226435181,1,1,1.0,1.793711581496792,1.793711581496792,0.7071067811865476,0.7071067811865476,-0.5,-0.5,-0.5,1.5707963705062866,simulator_service,service_success,True,,0.0135,0.0048,service_success,0.0,False,False
-15.389953,2,3127.783443,False,1.9351412041177345,True,False,0.0,out_of_bounds,True,0.8003270114807431,0.0,3.3396314423288076,0.0,0.0,1.9589223160328486,1,1,1.0,1.793711581496792,1.793711581496792,0.7071067811865476,0.7071067811865476,0.5,0.5,-0.5,1.5707963705062866,simulator_service,service_success,True,,0.0144,0.0015,service_success,0.0,False,False
-15.515421,2,3138.25147,False,4.9122645730895815,True,False,0.0,out_of_bounds,True,0.11511495024336837,0.0,2.685890518697414,0.0,0.0,1.5885598922397153,1,1,1.0,1.793711581496792,1.793711581496792,0.7071067811865476,0.7071067811865476,0.5,0.5,-0.5,-1.5707963705062866,simulator_service,service_success,True,,0.0129,0.0009,service_success,0.0,False,False
-15.266114,2,3148.958502,False,9.348283910536157,True,False,6.8522995467575605,out_of_bounds,True,0.05975430216242931,0.0,8.399779077603105,0.0,0.0,1.9884731037805332,1,1,1.0,1.793711581496792,1.793711581496792,0.7071067811865476,0.7071067811865476,-0.5,0.5,0.5,-1.5707963705062866,simulator_service,service_success,True,,0.0123,0.0014,service_success,0.0,False,False
-15.265142,2,3159.535055,False,1.5806401252811841,True,False,0.0,out_of_bounds,True,0.7451775116316991,0.0,3.0515431032399967,0.0,0.0,1.797875503751626,1,1,1.0,1.793711581496792,1.793711581496792,0.7071067811865476,0.7071067811865476,0.5,0.5,-0.5,1.5707963705062866,simulator_service,service_success,True,,0.0135,0.0046,service_success,0.0,False,False
-15.360013,2,3170.27096,False,6.668299548676269,True,False,6.560993555191197,out_of_bounds,True,0.8411071454067104,0.0,8.416959778081456,0.0,0.0,1.68653666772607,1,1,1.0,1.793711581496792,1.793711581496792,0.7071067811865476,0.7071067811865476,-0.5,0.5,0.5,1.5707963705062866,simulator_service,service_success,True,,0.012,0.0,service_success,0.0,False,False
-15.212537,2,3180.88344,False,10.087830822929078,True,False,6.834019674981368,out_of_bounds,True,0.31911111896306926,0.0,8.442149239061557,0.0,0.0,1.9453930054414592,1,1,1.0,1.793711581496792,1.793711581496792,0.7071067811865476,0.7071067811865476,0.5,0.5,0.5,-1.5707963705062866,simulator_service,service_success,True,,0.0126,0.0004,service_success,0.0,False,False
-15.129294,2,3191.574081,False,7.802144778094031,True,False,6.463400775073029,out_of_bounds,True,0.7208383142011988,0.0,8.426032100635188,0.0,0.0,1.5838097064588572,1,1,1.0,0.9048780577639779,0.9048780577639779,0.7071067811865476,0.7071067811865476,-0.5,0.5,0.5,0.26230573654174805,simulator_service,service_success,True,,0.0122,0.0002,service_success,0.0,False,False
-15.368026,2,3202.286666,False,2.8569577107154354,True,False,0.0,out_of_bounds,True,0.0175984180058885,0.0,2.438564075806701,0.0,0.0,1.4447178792185291,1,1,1.0,1.793711581496792,1.793711581496792,0.7071067811865476,0.7071067811865476,0.5,0.5,-0.5,-1.5707963705062866,simulator_service,service_success,True,,0.015,0.0218,service_success,0.0,False,False
-15.452964,2,3212.9016,False,6.852543674447639,True,False,6.637965038353205,out_of_bounds,True,0.12155968281575429,0.0,8.426177604081154,0.0,0.0,1.7589065540017756,1,1,1.0,1.793711581496792,1.793711581496792,0.7071067811865476,0.7071067811865476,-0.5,0.5,0.5,1.5707963705062866,simulator_service,service_success,True,,0.0123,0.0,service_success,0.0,False,False
-15.562117,2,3223.673404,False,12.111341461529783,True,False,6.675292221620115,out_of_bounds,True,0.9785708238024546,0.0,8.401789831471463,0.0,0.0,1.8105076249573693,1,1,1.0,1.793711581496792,1.793711581496792,0.7071067811865476,0.7071067811865476,0.5,0.5,0.5,-1.5707963705062866,simulator_service,service_success,True,,0.0121,0.004,service_success,0.0,False,False
-15.141431,2,3234.28713,False,8.406736955247844,True,False,6.254875426977297,out_of_bounds,True,0.7833574204586963,0.0,8.40041410972951,0.0,0.0,1.3906655724208152,1,1,1.0,1.793711581496792,1.793711581496792,0.7071067811865476,0.7071067811865476,-0.5,0.5,0.5,1.5707963705062866,simulator_service,service_success,True,,0.0124,0.0002,service_success,0.0,False,False
-15.185418,2,3243.857988,False,1.705307890707994,True,False,0.0,out_of_bounds,True,0.12435849091535203,0.0,2.6037298653528542,0.0,0.0,1.5430335986598391,1,1,1.0,1.793711581496792,1.793711581496792,0.7071067811865476,0.7071067811865476,0.5,0.5,-0.5,-1.5707963705062866,simulator_service,service_success,True,,0.0123,0.0002,service_success,0.0,False,False
-15.269408,2,3254.606001,False,6.8367005988645015,True,False,6.235058029657491,out_of_bounds,True,0.35857518808867017,0.0,7.468307852816085,0.0,0.0,1.907577069777358,1,1,1.0,0.8909786851798919,0.8909786851798919,0.7071067811865476,0.7071067811865476,-0.5,0.5,0.5,0.20938724279403687,simulator_service,service_success,True,,0.0126,0.0,service_success,0.0,False,False
-15.406524,2,3265.372797,False,2.1718039520726657,True,False,0.0,out_of_bounds,True,0.10585160509620162,0.0,3.1249327087756704,0.0,0.0,1.836963990944447,1,1,1.0,1.793711581496792,1.793711581496792,0.7071067811865476,0.7071067811865476,-0.5,0.5,-0.5,1.5707963705062866,simulator_service,service_success,True,,0.0098,0.0004,service_success,0.0,False,False
-15.283143,2,3275.995082,False,4.511844150979308,True,False,0.0,out_of_bounds,True,0.40367273116030494,0.0,3.025423421565012,0.0,0.0,1.784287542443424,1,1,1.0,1.793711581496792,1.793711581496792,0.7071067811865476,0.7071067811865476,-0.5,0.5,-0.5,1.5707963705062866,simulator_service,service_success,True,,0.015,0.0002,service_success,0.0,False,False
-15.523552,2,3286.896551,False,3.38565702546641,True,False,0.0,out_of_bounds,True,0.5802827048644691,0.0,1.6916564692270748,0.0,0.0,1.01566647204255,1,1,1.0,1.793711581496792,1.793711581496792,0.7071067811865476,0.7071067811865476,-0.5,0.5,-0.5,1.5707963705062866,simulator_service,service_success,True,,0.0128,0.0007,service_success,0.0,False,False
-15.438766,2,3298.67969,False,2.5708405989151775,True,False,0.0,out_of_bounds,True,0.9639054267139217,0.0,1.8500571638893326,0.0,0.0,1.1102462692868522,1,1,1.0,1.793711581496792,1.793711581496792,0.7071067811865476,0.7071067811865476,-0.5,-0.5,-0.5,1.5707963705062866,simulator_service,service_success,True,,0.0128,0.0009,service_success,0.0,False,False
-15.331093,2,3309.588391,False,1.6825619126147744,True,False,0.0,out_of_bounds,True,0.47792625303973246,0.0,3.3075155999475427,0.0,0.0,1.9385449844191347,1,1,1.0,1.793711581496792,1.793711581496792,0.7071067811865476,0.7071067811865476,0.5,0.5,-0.5,1.5707963705062866,simulator_service,service_success,True,,0.0128,0.0027,service_success,0.0,False,False
-15.39397,2,3321.290745,False,6.901569781988821,True,False,6.7742467805415485,out_of_bounds,True,0.3989705325455146,0.0,8.435412801286938,0.0,0.0,1.8903340200199947,1,1,1.0,1.793711581496792,1.793711581496792,0.7071067811865476,0.7071067811865476,-0.5,0.5,0.5,-1.5707963705062866,simulator_service,service_success,True,,0.0116,0.0006,service_success,0.0,False,False
-15.275021,2,3332.506032,False,2.1437297443031897,True,False,0.0,out_of_bounds,True,0.8419652554273821,0.0,2.6370265875008707,0.0,0.0,1.5558277767853896,1,1,1.0,1.793711581496792,1.793711581496792,0.7071067811865476,0.7071067811865476,0.5,0.5,-0.5,1.5707963705062866,simulator_service,service_success,True,,0.0142,0.001,service_success,0.0,False,False
-15.224584,2,3343.925997,False,8.045547431967659,True,False,6.9439683404152674,out_of_bounds,True,0.3171603296601378,0.0,9.384048132249841,0.0,0.0,1.5124856997638152,1,1,1.0,1.793711581496792,1.793711581496792,0.7071067811865476,0.7071067811865476,-0.5,0.5,0.5,-1.5707963705062866,simulator_service,service_success,True,,0.0106,0.0,service_success,0.0,False,False
-15.177241,2,3356.491347,False,8.72721326444715,True,False,7.331238617473704,out_of_bounds,True,0.3429372320597127,0.0,9.434039808345542,0.0,0.0,1.869941439079019,1,1,1.0,1.793711581496792,1.793711581496792,0.7071067811865476,0.7071067811865476,-0.5,-0.5,0.5,1.5707963705062866,simulator_service,service_success,True,,0.0134,0.0055,service_success,0.0,False,False
-15.390396,2,3367.902601,False,2.6009994262372906,True,False,0.0,out_of_bounds,True,0.3895585921710443,0.0,2.13950638493654,0.0,0.0,1.273954808034765,1,1,1.0,1.793711581496792,1.793711581496792,0.7071067811865476,0.7071067811865476,0.5,-0.5,-0.5,-1.5707963705062866,simulator_service,service_success,True,,0.0112,0.0001,service_success,0.0,False,False
-15.35864,2,3379.670049,False,7.368720789126246,True,False,6.632034350280045,out_of_bounds,True,0.04588211280497717,0.0,9.714790281734505,0.0,0.0,1.0105082871003823,1,1,1.0,1.793711581496792,1.793711581496792,0.7071067811865476,0.7071067811865476,0.5,-0.5,0.5,-1.5707963705062866,simulator_service,service_success,True,,0.009,0.0,service_success,0.0,False,False
-15.455281,2,3390.981464,False,3.2726943214003263,True,False,0.0,out_of_bounds,True,0.3527833778910727,0.0,1.6230233736679363,0.0,0.0,1.0783519263337236,1,1,1.0,1.751006773538837,1.751006773538837,0.5904434633249525,0.5904434633249525,-0.3140437602996826,-0.5,-0.5,-1.5707963705062866,simulator_service,service_success,True,,0.0116,0.0013,service_success,0.0,False,False
-15.31325,2,3401.894993,False,7.439117174174266,True,False,6.840340841654111,out_of_bounds,True,0.258052923955481,0.0,8.880741766314035,0.0,0.0,1.6998578241851279,1,1,1.0,1.793711581496792,1.793711581496792,0.7071067811865476,0.7071067811865476,0.5,0.5,0.5,-1.5707963705062866,simulator_service,service_success,True,,0.0096,0.0001,service_success,0.0,False,False
-15.492337,2,3413.107994,False,2.9364448872951203,True,False,0.0,out_of_bounds,True,0.8619961895735964,0.0,2.2568242961412968,0.0,0.0,1.3358336898944987,1,1,1.0,1.793711581496792,1.793711581496792,0.7071067811865476,0.7071067811865476,-0.5,0.5,-0.5,-1.5707963705062866,simulator_service,service_success,True,,0.0123,0.0001,service_success,0.0,False,False
-15.500475,2,3424.690713,False,9.199368335060642,True,False,6.869194303192217,out_of_bounds,True,0.47162594915367606,0.0,9.199596649146708,0.0,0.0,1.5435911551417083,1,1,1.0,1.793711581496792,1.793711581496792,0.7071067811865476,0.7071067811865476,-0.5,-0.5,0.5,-1.5707963705062866,simulator_service,service_success,True,,0.0112,0.0002,service_success,0.0,False,False
-15.564118,2,3435.631472,False,2.477460846395915,True,False,0.0,out_of_bounds,True,0.30576710971027576,0.0,3.211978725455538,0.0,0.0,1.8849036025799428,1,1,1.0,1.793711581496792,1.793711581496792,0.7071067811865476,0.7071067811865476,-0.5,0.5,-0.5,-1.5707963705062866,simulator_service,service_success,True,,0.0119,0.0048,service_success,0.0,False,False
-15.4275055,2,3447.521362,False,7.9968641082669585,True,False,7.185524483400061,out_of_bounds,True,0.9452454388943279,0.0,9.205989763573147,0.0,0.0,1.8551923615670773,1,1,1.0,1.793711581496792,1.793711581496792,0.7071067811865476,0.7071067811865476,-0.5,0.5,0.5,1.5707963705062866,simulator_service,service_success,True,,0.0102,0.0,service_success,0.0,False,False
-15.403731,2,3459.413722,False,2.514122570184303,True,False,0.0,out_of_bounds,True,0.8804851207247114,0.0,2.3101980551291432,0.0,0.0,1.3673560474837787,1,1,1.0,1.793711581496792,1.793711581496792,0.7071067811865476,0.7071067811865476,-0.5,0.5,-0.5,-1.5707963705062866,simulator_service,service_success,True,,0.0116,0.0007,service_success,0.0,False,False
-15.389055,2,3471.532709,False,7.274688378053041,True,False,6.6907234330533845,out_of_bounds,True,0.21742269135119902,0.0,9.183330026269006,0.0,0.0,1.37517838473581,1,1,1.0,1.793711581496792,1.793711581496792,0.7071067811865476,0.7071067811865476,-0.5,0.5,0.5,1.5707963705062866,simulator_service,service_success,True,,0.0096,0.0001,service_success,0.0,False,False
-15.22854,2,3483.407819,False,2.282332269173569,True,False,0.0,out_of_bounds,True,0.32233813144807977,0.0,1.7460835439398437,0.0,0.0,1.048679483004575,1,1,1.0,1.793711581496792,1.793711581496792,0.7071067811865476,0.7071067811865476,0.5,0.5,-0.5,-1.5707963705062866,simulator_service,service_success,True,,0.0098,0.0011,service_success,0.0,False,False
-15.368233,2,3495.589898,False,8.370564768160824,True,False,7.003230540234149,out_of_bounds,True,0.30102603754953855,0.0,9.182082064116495,0.0,0.0,1.6878153621794925,1,1,1.0,1.793711581496792,1.793711581496792,0.7071067811865476,0.7071067811865476,-0.5,0.5,0.5,1.5707963705062866,simulator_service,service_success,True,,0.0092,0.0001,service_success,0.0,False,False
-15.533179,2,3507.424486,False,5.199227351248118,True,False,0.0,out_of_bounds,True,0.7287265456213202,0.0,1.9155149637751332,0.0,0.0,1.146338348828779,1,1,1.0,1.793711581496792,1.793711581496792,0.7071067811865476,0.7071067811865476,-0.5,0.5,-0.5,-1.5707963705062866,simulator_service,service_success,True,,0.0097,0.0004,service_success,0.0,False,False
-15.417684,2,3518.541466,False,9.600105267433657,True,False,6.494511369466235,out_of_bounds,True,0.08299426221517973,0.0,9.228734661106156,0.0,0.0,1.1536288965770256,1,1,1.0,1.793711581496792,1.793711581496792,0.7071067811865476,0.7071067811865476,-0.5,0.5,0.5,1.5707963705062866,simulator_service,service_success,True,,0.0091,0.0,service_success,0.0,False,False
-15.138773,2,3530.342098,False,2.1194944392369113,True,False,0.0,out_of_bounds,True,0.9192034955476165,0.0,2.356731677912799,0.0,0.0,1.3962649910830713,1,1,1.0,1.793711581496792,1.793711581496792,0.7071067811865476,0.7071067811865476,-0.5,0.5,-0.5,-1.5707963705062866,simulator_service,service_success,True,,0.0101,0.0018,service_success,0.0,False,False
-15.166297,2,3541.391996,False,8.012885098045713,True,False,6.763602066928613,out_of_bounds,True,0.3469527770192131,0.0,8.814902278137076,0.0,0.0,1.6587380490527293,1,1,1.0,1.793711581496792,1.793711581496792,0.7071067811865476,0.7071067811865476,-0.5,-0.5,0.5,1.5707963705062866,simulator_service,service_success,True,,0.0112,0.0001,service_success,0.0,False,False
-15.170127,2,3553.35467,False,8.639078335914359,True,False,6.7119979586768785,out_of_bounds,True,0.8804703262173968,0.0,9.190881805330491,0.0,0.0,1.3906722918501704,1,1,1.0,1.793711581496792,1.793711581496792,0.7071067811865476,0.7071067811865476,-0.5,0.5,0.5,-1.5707963705062866,simulator_service,service_success,True,,0.0115,0.0033,service_success,0.0,False,False
-15.266816,2,3564.364842,False,7.756762204065607,True,False,6.736336503540757,out_of_bounds,True,0.149538754426787,0.0,9.22456914002217,0.0,0.0,1.3955696373887219,1,1,1.0,1.793711581496792,1.793711581496792,0.7071067811865476,0.7071067811865476,0.5,-0.5,0.5,-1.5707963705062866,simulator_service,service_success,True,,0.0112,0.0001,service_success,0.0,False,False
-15.134599,2,3576.259816,False,9.355841619792512,True,False,7.048678961389716,out_of_bounds,True,0.3048280852972069,0.0,9.184886647096988,0.0,0.0,1.7332023382529227,1,1,1.0,1.793711581496792,1.793711581496792,0.7071067811865476,0.7071067811865476,-0.5,0.5,0.5,-1.5707963705062866,simulator_service,service_success,True,,0.0097,0.0,service_success,0.0,False,False
-15.546062,2,3587.430138,False,7.933208816134824,True,False,6.998128258555433,out_of_bounds,True,0.6191694048970119,0.0,9.246134090442375,0.0,0.0,1.6468649487599165,1,1,1.0,1.793711581496792,1.793711581496792,0.7071067811865476,0.7071067811865476,0.5,0.5,0.5,1.5707963705062866,simulator_service,service_success,True,,0.008,0.0001,service_success,0.0,False,False
-15.2617235,2,3599.242684,False,7.135821438444427,True,False,6.524301913962891,out_of_bounds,True,0.7334213788111222,0.0,9.171643478370289,0.0,0.0,1.2142797126496887,1,1,1.0,1.793711581496792,1.793711581496792,0.7071067811865476,0.7071067811865476,-0.5,0.5,0.5,-1.5707963705062866,simulator_service,service_success,True,,0.0098,0.0001,service_success,0.0,False,False
-15.418701,2,3610.411311,False,7.505674110697237,True,False,7.19368214664783,out_of_bounds,True,0.03432736040064592,0.0,9.202581352377067,0.0,0.0,1.867684741938833,1,1,1.0,1.793711581496792,1.793711581496792,0.7071067811865476,0.7071067811865476,0.5,0.5,0.5,1.5707963705062866,simulator_service,service_success,True,,0.0112,0.0002,service_success,0.0,False,False
-15.549917,2,3622.367039,False,10.00530555029305,True,False,6.939082388952876,out_of_bounds,True,0.9816528260900985,0.0,9.211519526976174,0.0,0.0,1.6082872596040017,1,1,1.0,1.793711581496792,1.793711581496792,0.7071067811865476,0.7071067811865476,-0.5,0.5,0.5,-1.5707963705062866,simulator_service,service_success,True,,0.01,0.0001,service_success,0.0,False,False
-15.502455,2,3634.626365,False,2.6586495525091935,True,False,0.0,out_of_bounds,True,0.31490979753219317,0.0,2.3818326485961046,0.0,0.0,1.4071896013795582,1,1,1.0,1.793711581496792,1.793711581496792,0.7071067811865476,0.7071067811865476,0.5,0.5,-0.5,-1.5707963705062866,simulator_service,service_success,True,,0.0112,0.0001,service_success,0.0,False,False
-15.376808,2,3646.538559,False,3.6181411943515376,True,False,0.0,out_of_bounds,True,0.7245284207475148,0.0,1.9822771794808134,0.0,0.0,1.1845787675332622,1,1,1.0,1.793711581496792,1.793711581496792,0.7071067811865476,0.7071067811865476,0.5,-0.5,-0.5,-1.5707963705062866,simulator_service,service_success,True,,0.01,0.0002,service_success,0.0,False,False
-15.34424,2,3659.055505,False,2.424558660323945,True,False,0.0,out_of_bounds,True,0.4023147630982696,0.0,1.4305117467706794,0.0,0.0,1.0278589758877512,1,1,1.0,1.7242692408082394,1.7242692408082394,0.505671016770488,0.505671016770488,0.0755193829536438,0.5,-0.5,-1.5707963705062866,simulator_service,service_success,True,,0.0095,0.0012,service_success,0.0,False,False
-15.477313,2,3670.868357,False,3.7046655436075415,True,False,0.0,out_of_bounds,True,0.8200383183566019,0.0,2.1412264954337994,0.0,0.0,1.2737812843901837,1,1,1.0,1.793711581496792,1.793711581496792,0.7071067811865476,0.7071067811865476,0.5,-0.5,-0.5,-1.5707963705062866,simulator_service,service_success,True,,0.0108,0.0009,service_success,0.0,False,False
-15.5280285,2,3682.14714,False,3.5596193086521635,True,False,0.0,out_of_bounds,True,0.41699255571458954,0.0,1.7057065993851952,0.0,0.0,1.0220399616108002,1,1,1.0,0.88154564453568,0.88154564453568,0.7071067811865476,0.7071067811865476,0.5,0.5,-0.5,-0.1646897792816162,simulator_service,service_success,True,,0.0093,0.0002,service_success,0.0,False,False
-15.366143,2,3693.94762,False,8.176650902080238,True,False,7.159641073304879,out_of_bounds,True,0.9296828027110161,0.0,9.190187909079748,0.0,0.0,1.8383906353902395,1,1,1.0,1.793711581496792,1.793711581496792,0.7071067811865476,0.7071067811865476,-0.5,-0.5,0.5,-1.5707963705062866,simulator_service,service_success,True,,0.0114,0.0046,service_success,0.0,False,False
-15.50731,2,3705.272797,False,2.601728223931932,True,False,0.0,out_of_bounds,True,0.5625862229485635,0.0,2.9073185008376816,0.0,0.0,1.7142742966200382,1,1,1.0,1.793711581496792,1.793711581496792,0.7071067811865476,0.7071067811865476,-0.5,0.5,-0.5,-1.5707963705062866,simulator_service,service_success,True,,0.0113,0.0003,service_success,0.0,False,False
-15.1785145,2,3717.144711,False,8.450295346288065,True,False,6.8747939259884765,out_of_bounds,True,0.14045225754642032,0.0,9.284371603936936,0.0,0.0,1.4992428789466121,1,1,1.0,1.793711581496792,1.793711581496792,0.7071067811865476,0.7071067811865476,0.5,0.5,0.5,-1.5707963705062866,simulator_service,service_success,True,,0.0102,0.0001,service_success,0.0,False,False
-15.1291895,2,3729.64972,False,3.424187398731487,True,False,0.0,out_of_bounds,True,0.3383596439824514,0.0,2.3959219312378472,0.0,0.0,1.416817977781754,1,1,1.0,1.793711581496792,1.793711581496792,0.7071067811865476,0.7071067811865476,-0.5,0.5,-0.5,-1.5707963705062866,simulator_service,service_success,True,,0.0114,0.0003,service_success,0.0,False,False
-15.53736,2,3741.553093,False,7.780073789216701,True,False,7.607713749990506,out_of_bounds,True,0.27561818806019034,0.0,10.249816749885616,0.0,0.0,1.6753976706233091,1,1,1.0,1.793711581496792,1.793711581496792,0.7071067811865476,0.7071067811865476,0.5,-0.5,0.5,-1.5707963705062866,simulator_service,service_success,True,,0.0101,0.0,service_success,0.0,False,False
-15.489954,2,3752.928824,False,5.079054818898999,True,False,0.0,out_of_bounds,True,0.7978667351145514,0.0,2.6514963715785127,0.0,0.0,1.5667894115402323,1,1,1.0,1.793711581496792,1.793711581496792,0.7071067811865476,0.7071067811865476,0.5,0.5,-0.5,-1.5707963705062866,simulator_service,service_success,True,,0.0095,0.0015,service_success,0.0,False,False
-15.181335,2,3764.786055,False,3.3917209228922953,True,False,0.0,out_of_bounds,True,0.9571337301850895,0.0,2.2127345129330496,0.0,0.0,1.3156878408072699,1,1,1.0,1.793711581496792,1.793711581496792,0.7071067811865476,0.7071067811865476,0.5,-0.5,-0.5,1.5707963705062866,simulator_service,service_success,True,,0.0102,0.0001,service_success,0.0,False,False
-15.409106,2,3776.231003,False,9.641531521981815,True,False,5.200750339845819,out_of_bounds,True,0.11558999141658856,0.0,8.23735851475533,0.0,0.0,1.8241201885070468,1,1,1.0,1.7513796771659849,1.7513796771659849,0.7071067811865476,0.7071067811865476,-0.5,0.5,0.3161163330078125,1.5707963705062866,simulator_service,service_success,True,,0.0123,0.0013,service_success,0.0,False,False
-15.451345,2,3788.089023,False,7.832204655109344,True,False,7.169061992542779,out_of_bounds,True,0.672078483302085,0.0,9.175732920989818,0.0,0.0,1.8587168133717997,1,1,1.0,1.793711581496792,1.793711581496792,0.7071067811865476,0.7071067811865476,0.5,-0.5,0.5,-1.5707963705062866,simulator_service,service_success,True,,0.0109,0.0005,service_success,0.0,False,False
-15.3295355,2,3799.538363,False,2.0818828191035994,True,False,0.0,out_of_bounds,True,0.23771331216910233,0.0,2.173782201426623,0.0,0.0,1.2950782589036847,1,1,1.0,1.793711581496792,1.793711581496792,0.7071067811865476,0.7071067811865476,-0.5,0.5,-0.5,1.5707963705062866,simulator_service,service_success,True,,0.0112,0.0001,service_success,0.0,False,False
-15.488395,2,3811.49723,False,5.457399262677195,True,False,0.0,out_of_bounds,True,0.674590151255023,0.0,3.089402003309595,0.0,0.0,1.8163466403209985,1,1,1.0,1.793711581496792,1.793711581496792,0.7071067811865476,0.7071067811865476,0.5,-0.5,-0.5,1.5707963705062866,simulator_service,service_success,True,,0.0105,0.0,service_success,0.0,False,False
-15.2399,2,3822.967601,False,2.0681226024255634,True,False,0.0,out_of_bounds,True,0.6440346677329365,0.0,2.779625705837574,0.0,0.0,1.6410351534957708,1,1,1.0,1.3101154586388994,1.3101154586388994,0.7071067811865476,0.7071067811865476,0.5,-0.5,-0.5,0.9830577373504639,simulator_service,service_success,True,,0.0113,0.0002,service_success,0.0,False,False
-15.406801,2,3834.774768,False,11.20581973418602,True,False,6.743910162698134,out_of_bounds,True,0.4264188543088132,0.0,9.182303975191529,0.0,0.0,1.427967409684438,1,1,1.0,1.793711581496792,1.793711581496792,0.7071067811865476,0.7071067811865476,-0.5,0.5,0.5,-1.5707963705062866,simulator_service,service_success,True,,0.011,0.0007,service_success,0.0,False,False
-15.216045,2,3846.350559,False,2.3883079126166824,True,False,0.0,out_of_bounds,True,0.051307596903021044,0.0,2.5106849249360397,0.0,0.0,1.485318956132718,1,1,1.0,1.793711581496792,1.793711581496792,0.7071067811865476,0.7071067811865476,-0.5,-0.5,-0.5,-1.5707963705062866,simulator_service,service_success,True,,0.0115,0.0004,service_success,0.0,False,False
-15.164202,2,3858.103064,False,9.480294352964014,True,False,6.465429448839936,out_of_bounds,True,0.651633672499718,0.0,9.208511213851914,0.0,0.0,1.134444793696747,1,1,1.0,1.793711581496792,1.793711581496792,0.7071067811865476,0.7071067811865476,0.5,0.5,0.5,1.5707963705062866,simulator_service,service_success,True,,0.0105,0.0001,service_success,0.0,False,False
-15.314751,2,3869.765855,False,1.4557958337390706,True,False,0.0,out_of_bounds,True,0.5469007998046294,0.0,2.9402523438463666,0.0,0.0,1.732923564742155,1,1,1.0,1.793711581496792,1.793711581496792,0.7071067811865476,0.7071067811865476,0.5,-0.5,-0.5,-1.5707963705062866,simulator_service,service_success,True,,0.0119,0.003,service_success,0.0,False,False
-15.561237,2,3881.584759,False,3.674898390969614,True,False,0.0,out_of_bounds,True,0.14598513220904302,0.0,2.7901458765039973,0.0,0.0,1.6424482034522268,1,1,1.0,1.793711581496792,1.793711581496792,0.7071067811865476,0.7071067811865476,0.5,0.5,-0.5,1.5707963705062866,simulator_service,service_success,True,,0.0107,0.0001,service_success,0.0,False,False
-15.325464,2,3893.286076,False,2.6537467713701646,True,False,0.0,out_of_bounds,True,0.14511267174176853,0.0,3.2535576782737587,0.0,0.0,1.9125772963904186,1,1,1.0,1.793711581496792,1.793711581496792,0.7071067811865476,0.7071067811865476,0.5,0.5,-0.5,1.5707963705062866,simulator_service,service_success,True,,0.012,0.0008,service_success,0.0,False,False
-15.415338,2,3905.007335,False,11.463983984739832,True,False,6.931248677215163,out_of_bounds,True,0.3577053369927354,0.0,9.208255110299877,0.0,0.0,1.5998371872808892,1,1,1.0,1.7110730908293552,1.7110730908293552,0.7071067811865476,0.7071067811865476,-0.5,0.5,0.5,-1.4757273197174072,simulator_service,service_success,True,,0.0122,0.0009,service_success,0.0,False,False
-15.5159025,2,3916.776537,False,3.7072690873436374,True,False,0.0,out_of_bounds,True,0.3527215195828275,0.0,3.1079175946148783,0.0,0.0,1.8276781816735936,1,1,1.0,1.793711581496792,1.793711581496792,0.7071067811865476,0.7071067811865476,-0.5,-0.5,-0.5,-1.5707963705062866,simulator_service,service_success,True,,0.0118,0.0011,service_success,0.0,False,False
-15.491156,2,3928.396294,False,5.1718480686998305,True,False,0.0,out_of_bounds,True,0.9986363585032323,0.0,2.522588406344262,0.0,0.0,1.4924292496802387,1,1,1.0,1.793711581496792,1.793711581496792,0.7071067811865476,0.7071067811865476,0.5,0.5,-0.5,1.5707963705062866,simulator_service,service_success,True,,0.0109,0.0001,service_success,0.0,False,False
-15.124949,2,3940.258349,False,1.2761934112059095,True,False,0.0,out_of_bounds,True,0.18803269950367316,0.0,2.1860957446641027,0.0,0.0,1.3044175250739076,1,1,1.0,1.793711581496792,1.793711581496792,0.7071067811865476,0.7071067811865476,0.5,-0.5,-0.5,-1.5707963705062866,simulator_service,service_success,True,,0.011,0.0013,service_success,0.0,False,False
-15.130056,2,3953.088887,False,2.7686104710690884,True,False,0.0,out_of_bounds,True,0.4571164782229169,0.0,2.7997348914844826,0.0,0.0,1.6537093889967183,1,1,1.0,1.793711581496792,1.793711581496792,0.7071067811865476,0.7071067811865476,0.5,0.5,-0.5,1.5707963705062866,simulator_service,service_success,True,,0.0119,0.0009,service_success,0.0,False,False
-15.131139,2,3965.188344,False,2.50999631151038,True,False,0.0,out_of_bounds,True,0.24228385423643803,0.0,2.6243469043681915,0.0,0.0,1.5545553357884123,1,1,1.0,1.793711581496792,1.793711581496792,0.7071067811865476,0.7071067811865476,-0.5,0.5,-0.5,-1.5707963705062866,simulator_service,service_success,True,,0.0111,0.0015,service_success,0.0,False,False
-15.479663,2,3977.900125,False,5.239477654270136,True,False,0.0,out_of_bounds,True,0.8213750073984396,0.0,3.205080888720256,0.0,0.0,1.8825288417365704,1,1,1.0,1.793711581496792,1.793711581496792,0.7071067811865476,0.7071067811865476,0.5,0.5,-0.5,1.5707963705062866,simulator_service,service_success,True,,0.0097,0.0021,service_success,0.0,False,False
-15.367791,2,3990.171128,False,2.224747567821638,True,False,0.0,out_of_bounds,True,0.4498016736181244,0.0,3.277458185998217,0.0,0.0,1.926544372608264,1,1,1.0,1.793711581496792,1.793711581496792,0.7071067811865476,0.7071067811865476,0.5,-0.5,-0.5,-1.5707963705062866,simulator_service,service_success,True,,0.0105,0.0002,service_success,0.0,False,False
-15.410078,2,4002.725008,False,2.696334324471279,True,False,0.0,out_of_bounds,True,0.3105142491728133,0.0,2.716244561707733,0.0,0.0,1.601100248595805,1,1,1.0,1.0668650338823216,1.0668650338823216,0.7071067811865476,0.7071067811865476,-0.5,-0.5,-0.5,0.6230577826499939,simulator_service,service_success,True,,0.0099,0.0026,service_success,0.0,False,False
-15.217053,2,4015.500921,False,10.97198419431346,True,False,7.590090508478449,out_of_bounds,True,0.733666836375923,0.0,10.616196160036775,0.0,0.0,1.446641124996115,1,1,1.0,1.793711581496792,1.793711581496792,0.7071067811865476,0.7071067811865476,-0.5,-0.5,0.5,-1.5707963705062866,simulator_service,service_success,True,,0.0113,0.0048,service_success,0.0,False,False
-15.304807,2,4027.726733,False,2.24128246356599,True,False,0.0,out_of_bounds,True,0.6118269196502563,0.0,1.9315999036148592,0.0,0.0,1.152645988979402,1,1,1.0,1.793711581496792,1.793711581496792,0.7071067811865476,0.7071067811865476,-0.5,0.5,-0.5,1.5707963705062866,simulator_service,service_success,True,,0.0098,0.0008,service_success,0.0,False,False
-15.464283,2,4039.675261,False,5.129250650005893,True,False,0.0,out_of_bounds,True,0.22355936192513168,0.0,1.7546387819857783,0.0,0.0,1.057430503377691,1,1,1.0,1.793711581496792,1.793711581496792,0.7071067811865476,0.7071067811865476,-0.5,0.5,-0.5,-1.5707963705062866,simulator_service,service_success,True,,0.0093,0.0001,service_success,0.0,False,False
-15.41095,2,4051.81909,False,2.1912842394467735,True,False,0.0,out_of_bounds,True,0.19467630490678586,0.0,3.1060549546522007,0.0,0.0,1.826380938478528,1,1,1.0,1.793711581496792,1.793711581496792,0.7071067811865476,0.7071067811865476,0.5,0.5,-0.5,1.5707963705062866,simulator_service,service_success,True,,0.0107,0.0015,service_success,0.0,False,False
-15.339723,2,4064.199356,False,9.37597706799933,True,False,7.318596475890918,out_of_bounds,True,0.8186417632326909,0.0,9.825891652657544,0.0,0.0,1.6314376166196014,1,1,1.0,1.793711581496792,1.793711581496792,0.7071067811865476,0.7071067811865476,-0.5,0.5,0.5,-1.5707963705062866,simulator_service,service_success,True,,0.011,0.0006,service_success,0.0,False,False
-15.390011,2,4077.228542,False,2.9048543937790283,True,False,0.0,out_of_bounds,True,0.027440818757771105,0.0,1.7690488316129251,0.0,0.0,1.063120473011754,1,1,1.0,1.793711581496792,1.793711581496792,0.7071067811865476,0.7071067811865476,-0.5,0.5,-0.5,1.5707963705062866,simulator_service,service_success,True,,0.0124,0.0017,service_success,0.0,False,False
-15.371885,2,4090.29556,False,2.882368568652021,True,False,0.0,out_of_bounds,True,0.7880593891941722,0.0,2.942473938929285,0.0,0.0,1.9337939768953698,1,1,1.0,1.7492818945710846,1.7492818945710846,0.5853083880130882,0.5853083880130882,0.5,-0.3042793273925781,-0.5,-1.5707963705062866,simulator_service,service_success,True,,0.01,0.0002,service_success,0.0,False,False
-15.386711,2,4103.014729,False,2.804788318261038,True,False,0.0,out_of_bounds,True,0.32590249016641615,0.0,1.732504544540379,0.0,0.0,1.0430624716091714,1,1,1.0,1.793711581496792,1.793711581496792,0.7071067811865476,0.7071067811865476,-0.5,0.5,-0.5,1.5707963705062866,simulator_service,service_success,True,,0.0094,0.0018,service_success,0.0,False,False
-15.540694,2,4115.10761,False,6.159692277611114,True,False,6.827545231812058,out_of_bounds,True,0.944435098921881,0.0,9.980969478202512,0.0,0.0,1.051074262089672,1,1,1.0,1.793711581496792,1.793711581496792,0.7071067811865476,0.7071067811865476,0.5,-0.5,0.5,-1.5707963705062866,simulator_service,service_success,True,,0.0101,0.0007,service_success,0.0,False,False
-15.449891,2,4127.718634,False,2.3875579172947057,True,False,0.0,out_of_bounds,True,0.044108342223716596,0.0,2.606775129757799,0.0,0.0,1.5428662302506309,1,1,1.0,1.793711581496792,1.793711581496792,0.7071067811865476,0.7071067811865476,-0.5,-0.5,-0.5,1.5707963705062866,simulator_service,service_success,True,,0.0106,0.0011,service_success,0.0,False,False
-15.402693,2,4139.903772,False,2.648845990031811,True,False,0.0,out_of_bounds,True,0.545068357706623,0.0,1.9256767363536305,0.0,0.0,1.152302386043719,1,1,1.0,1.793711581496792,1.793711581496792,0.7071067811865476,0.7071067811865476,-0.5,-0.5,-0.5,-1.5707963705062866,simulator_service,service_success,True,,0.0107,0.0001,service_success,0.0,False,False
-15.228522,2,4152.514627,False,1.8062373219307768,True,False,0.0,out_of_bounds,True,0.8508709014256625,0.0,1.931788848898324,0.0,0.0,1.1562311351701382,1,1,1.0,1.793711581496792,1.793711581496792,0.7071067811865476,0.7071067811865476,-0.5,-0.5,-0.5,1.5707963705062866,simulator_service,service_success,True,,0.0105,0.0031,service_success,0.0,False,False
-15.252213,2,4164.807755,False,1.5819120737539483,True,False,0.0,out_of_bounds,True,0.1641280180044367,0.0,2.674965899725885,0.0,0.0,1.5840411599893849,1,1,1.0,1.793711581496792,1.793711581496792,0.7071067811865476,0.7071067811865476,-0.5,-0.5,-0.5,-1.5707963705062866,simulator_service,service_success,True,,0.0106,0.0002,service_success,0.0,False,False
-15.290119,2,4177.394049,False,8.130752541172974,True,False,7.710236098238592,out_of_bounds,True,0.852026723149847,0.0,9.99951670367954,0.0,0.0,1.923468402006875,1,1,1.0,1.793711581496792,1.793711581496792,0.7071067811865476,0.7071067811865476,-0.5,0.5,0.5,1.5707963705062866,simulator_service,service_success,True,,0.0114,0.0006,service_success,0.0,False,False
-15.537912,2,4189.693665,False,9.788632294433345,True,False,7.680672573750262,out_of_bounds,True,0.8310600607004894,0.0,9.991957364148439,0.0,0.0,1.8982929249463771,1,1,1.0,1.793711581496792,1.793711581496792,0.7071067811865476,0.7071067811865476,0.5,0.5,0.5,-1.5707963705062866,simulator_service,service_success,True,,0.0111,0.0025,service_success,0.0,False,False
-15.544765,2,4202.221282,False,7.005689634057035,True,False,7.441609955352609,out_of_bounds,True,0.010829704539586274,0.0,9.919979297450878,0.0,0.0,1.7000797811733965,1,1,1.0,1.793711581496792,1.793711581496792,0.7071067811865476,0.7071067811865476,-0.5,0.5,0.5,1.5707963705062866,simulator_service,service_success,True,,0.0098,0.0001,service_success,0.0,False,False
-15.383598,2,4214.701723,False,2.7433587318662442,True,False,0.0,out_of_bounds,True,0.543352713575864,0.0,3.228868567801496,0.0,0.0,1.899544941107784,1,1,1.0,1.5946472632853468,1.5946472632853468,0.7071067811865476,0.7071067811865476,0.5,-0.5,-0.5,1.3389921188354492,simulator_service,service_success,True,,0.0104,0.0001,service_success,0.0,False,False
-15.373585,2,4227.130692,False,1.9737910715699027,True,False,0.0,out_of_bounds,True,0.1740789758656929,0.0,2.5634358624516596,0.0,0.0,1.5169815997428489,1,1,1.0,1.793711581496792,1.793711581496792,0.7071067811865476,0.7071067811865476,0.5,-0.5,-0.5,1.5707963705062866,simulator_service,service_success,True,,0.01,0.0001,service_success,0.0,False,False
-15.165397,2,4239.698055,False,3.34857145403245,True,False,0.0,out_of_bounds,True,0.16849554236376843,0.0,2.989059888011249,0.0,0.0,1.7615431367218661,1,1,1.0,1.793711581496792,1.793711581496792,0.7071067811865476,0.7071067811865476,0.5,-0.5,-0.5,-1.5707963705062866,simulator_service,service_success,True,,0.0113,0.0041,service_success,0.0,False,False
-15.179937,2,4252.058933,False,1.6548520996507272,True,False,0.0,out_of_bounds,True,0.29211185854765165,0.0,1.7215054677672716,0.0,0.0,1.0353446275983476,1,1,1.0,1.793711581496792,1.793711581496792,0.7071067811865476,0.7071067811865476,0.5,-0.5,-0.5,1.5707963705062866,simulator_service,service_success,True,,0.0104,0.0003,service_success,0.0,False,False
-15.413008,2,4264.742788,False,2.7320387312804972,True,False,0.0,out_of_bounds,True,0.007419064569020786,0.0,1.9914238004698448,0.0,0.0,1.1874151538578086,1,1,1.0,1.793711581496792,1.793711581496792,0.7071067811865476,0.7071067811865476,0.5,0.5,-0.5,-1.5707963705062866,simulator_service,service_success,True,,0.0116,0.0004,service_success,0.0,False,False
-15.476446,2,4277.140798,False,7.602038669469837,True,False,7.43208733230929,out_of_bounds,True,0.4084102784522921,0.0,10.05104416924071,0.0,0.0,1.6150931605924481,1,1,1.0,1.793711581496792,1.793711581496792,0.7071067811865476,0.7071067811865476,-0.5,-0.5,0.5,1.5707963705062866,simulator_service,service_success,True,,0.0112,0.0033,service_success,0.0,False,False
-15.389625,2,4289.81708,False,3.420161547998545,True,False,0.0,out_of_bounds,True,0.34530824521453596,0.0,2.044387870894615,0.0,0.0,1.2205533471518846,1,1,1.0,1.793711581496792,1.793711581496792,0.7071067811865476,0.7071067811865476,0.5,-0.5,-0.5,-1.5707963705062866,simulator_service,service_success,True,,0.011,0.001,service_success,0.0,False,False
-15.497977,2,4302.165805,False,3.5597422670525387,True,False,0.0,out_of_bounds,True,0.4219201239346648,0.0,2.4675840973835066,0.0,0.0,1.4614440478409947,1,1,1.0,1.793711581496792,1.793711581496792,0.7071067811865476,0.7071067811865476,0.5,0.5,-0.5,1.5707963705062866,simulator_service,service_success,True,,0.0105,0.0,service_success,0.0,False,False
-15.376158,2,4314.943511,False,8.694237991246979,True,False,6.891333916953898,out_of_bounds,True,0.3981190578267595,0.0,9.988994838696675,0.0,0.0,1.1093948051402338,1,1,1.0,1.793711581496792,1.793711581496792,0.7071067811865476,0.7071067811865476,-0.5,0.5,0.5,1.5707963705062866,simulator_service,service_success,True,,0.0113,0.0048,service_success,0.0,False,False
-15.133781,2,4327.150859,False,2.1228886988724516,True,False,0.0,out_of_bounds,True,0.14970031769283282,0.0,1.8348747458724317,0.0,0.0,1.1001923282361126,1,1,1.0,1.793711581496792,1.793711581496792,0.7071067811865476,0.7071067811865476,0.5,0.5,-0.5,1.5707963705062866,simulator_service,service_success,True,,0.0115,0.0009,service_success,0.0,False,False
-15.522,2,4340.057967,False,7.2928096674409835,True,False,0.0,out_of_bounds,True,0.07030904132695096,0.0,3.3269371211380196,0.0,0.0,1.9524021596132015,1,1,1.0,1.793711581496792,1.793711581496792,0.7071067811865476,0.7071067811865476,0.5,0.5,-0.5,-1.5707963705062866,simulator_service,service_success,True,,0.0099,0.0001,service_success,0.0,False,False
-15.278625,2,4352.369159,False,10.858499710787736,True,False,6.861742109645396,out_of_bounds,True,0.792041998908163,0.0,10.05205950979844,0.0,0.0,1.0439825838453556,1,1,1.0,1.793711581496792,1.793711581496792,0.7071067811865476,0.7071067811865476,0.5,-0.5,0.5,1.5707963705062866,simulator_service,service_success,True,,0.0124,0.0007,service_success,0.0,False,False
-15.5533495,2,4365.144049,False,7.433760148139024,True,False,0.0,out_of_bounds,True,0.41323513429653164,0.0,2.9745401877343087,0.0,0.0,1.7508675106030367,1,1,1.0,1.793711581496792,1.793711581496792,0.7071067811865476,0.7071067811865476,0.5,0.5,-0.5,-1.5707963705062866,simulator_service,service_success,True,,0.0111,0.0005,service_success,0.0,False,False
-15.449174,2,4377.481533,False,3.558756017484328,True,False,0.0,out_of_bounds,True,0.008573230233906257,0.0,2.5436123591890656,0.0,0.0,1.5034634816945425,1,1,1.0,1.793711581496792,1.793711581496792,0.7071067811865476,0.7071067811865476,0.5,-0.5,-0.5,1.5707963705062866,simulator_service,service_success,True,,0.0108,0.0001,service_success,0.0,False,False
-15.415469,2,4390.43404,False,7.206252412148895,True,False,6.999523793855231,out_of_bounds,True,0.478332908375269,0.0,10.068027405782038,0.0,0.0,1.1724180796603902,1,1,1.0,1.793711581496792,1.793711581496792,0.7071067811865476,0.7071067811865476,0.5,0.5,0.5,1.5707963705062866,simulator_service,service_success,True,,0.0116,0.0006,service_success,0.0,False,False
-15.54909,2,4403.885456,False,3.5308612507165655,True,False,0.0,out_of_bounds,True,0.39121064341427897,0.0,3.2164940643813424,0.0,0.0,1.8899922817537886,1,1,1.0,1.793711581496792,1.793711581496792,0.7071067811865476,0.7071067811865476,0.5,-0.5,-0.5,1.5707963705062866,simulator_service,service_success,True,,0.0125,0.0057,service_success,0.0,False,False
-15.494439,2,4416.959791,False,2.683395125959069,True,False,0.0,out_of_bounds,True,0.5381781769793618,0.0,2.3819606728437632,0.0,0.0,1.4113641816161973,1,1,1.0,1.793711581496792,1.793711581496792,0.7071067811865476,0.7071067811865476,-0.5,-0.5,-0.5,1.5707963705062866,simulator_service,service_success,True,,0.0097,0.0001,service_success,0.0,False,False
-15.337729,2,4430.457585,False,1.9144773587742125,True,False,0.0,out_of_bounds,True,0.5202165759547168,0.0,2.18187642032333,0.0,0.0,1.2983285552105057,1,1,1.0,1.793711581496792,1.793711581496792,0.7071067811865476,0.7071067811865476,-0.5,-0.5,-0.5,1.5707963705062866,simulator_service,service_success,True,,0.0102,0.0001,service_success,0.0,False,False
-15.230861,2,4443.460891,False,2.099579878212043,True,False,0.0,out_of_bounds,True,0.3108090501660047,0.0,3.1253630366773546,0.0,0.0,1.8399194188099062,1,1,1.0,1.793711581496792,1.793711581496792,0.7071067811865476,0.7071067811865476,0.5,0.5,-0.5,1.5707963705062866,simulator_service,service_success,True,,0.01,0.0018,service_success,0.0,False,False
-15.409218,2,4456.984056,False,11.44756502642357,True,False,7.901262370931005,out_of_bounds,True,0.8022697415524451,0.0,11.113117178209022,0.0,0.0,1.4731787707441728,1,1,1.0,1.793711581496792,1.793711581496792,0.7071067811865476,0.7071067811865476,0.5,0.5,0.5,1.5707963705062866,simulator_service,service_success,True,,0.0092,0.0003,service_success,0.0,False,False
-15.352228,2,4470.065975,False,4.230433862485958,True,False,0.0,out_of_bounds,True,0.83934571307268,0.0,2.33410968051508,0.0,0.0,1.3865179549259088,1,1,1.0,1.793711581496792,1.793711581496792,0.7071067811865476,0.7071067811865476,-0.5,-0.5,-0.5,1.5707963705062866,simulator_service,service_success,True,,0.0098,0.0002,service_success,0.0,False,False
-15.282749,2,4483.465076,False,2.9857990664453893,True,False,0.0,out_of_bounds,True,0.3782949744576531,0.0,2.19415006372681,0.0,0.0,1.2993002051633002,1,1,1.0,0.9849023628659007,0.9849023628659007,0.7071067811865476,0.7071067811865476,0.5,0.5,-0.5,0.46907639503479004,simulator_service,service_success,True,,0.0088,0.0,service_success,0.0,False,False
-15.38711,2,4496.662654,False,4.460257368535502,True,False,0.0,out_of_bounds,True,0.09529729182905963,0.0,3.4002304054293857,0.0,0.0,1.995330096778185,1,1,1.0,1.793711581496792,1.793711581496792,0.7071067811865476,0.7071067811865476,-0.5,-0.5,-0.5,1.5707963705062866,simulator_service,service_success,True,,0.0101,0.0023,service_success,0.0,False,False
-15.199651,2,4510.147869,False,2.7378659385195987,True,False,0.0,out_of_bounds,True,0.5529061313909285,0.0,3.099889449906614,0.0,0.0,1.823359490491107,1,1,1.0,1.793711581496792,1.793711581496792,0.7071067811865476,0.7071067811865476,-0.5,-0.5,-0.5,1.5707963705062866,simulator_service,service_success,True,,0.0098,0.0023,service_success,0.0,False,False
-15.498706,2,4523.264623,False,3.595317497920737,True,False,0.0,out_of_bounds,True,0.9323033777564395,0.0,2.5236385715363556,0.0,0.0,1.2609056035420498,1,1,1.0,1.7667446457020555,1.7667446457020555,0.7071067811865476,0.7071067811865476,-0.5,-0.5,-0.3924097418785095,1.5707963705062866,simulator_service,service_success,True,,0.01,0.002,service_success,0.0,False,False
-15.273198,2,4536.764148,False,11.266698233795864,True,False,8.294393136462084,out_of_bounds,True,0.013616271035617966,0.0,11.136256884284855,0.0,0.0,1.8506440761277192,1,1,1.0,1.793711581496792,1.793711581496792,0.7071067811865476,0.7071067811865476,0.5,-0.5,0.5,1.5707963705062866,simulator_service,service_success,True,,0.0103,0.0042,service_success,0.0,False,False
-15.439922,2,4550.082625,False,2.2275407980577815,True,False,0.0,out_of_bounds,True,0.22553404335004915,0.0,2.4788884587850104,0.0,0.0,1.4718475224378749,1,1,1.0,1.793711581496792,1.793711581496792,0.7071067811865476,0.7071067811865476,0.5,-0.5,-0.5,1.5707963705062866,simulator_service,service_success,True,,0.0097,0.0004,service_success,0.0,False,False
-15.552803,2,4563.474815,False,12.618202998224072,True,False,8.02161872236973,out_of_bounds,True,0.9586864213740819,0.0,11.12811350032127,0.0,0.0,1.5832186509783208,1,1,1.0,1.793711581496792,1.793711581496792,0.7071067811865476,0.7071067811865476,-0.5,-0.5,0.5,-1.5707963705062866,simulator_service,service_success,True,,0.0089,0.0001,service_success,0.0,False,False
-15.444798,2,4575.355457,False,2.3863041485668703,True,False,0.0,out_of_bounds,True,0.5983074445467212,0.0,2.4536754962234757,0.0,0.0,1.4510833022245575,1,1,1.0,1.793711581496792,1.793711581496792,0.7071067811865476,0.7071067811865476,-0.5,0.5,-0.5,1.5707963705062866,simulator_service,service_success,True,,0.0099,0.0001,service_success,0.0,False,False
-15.275157,2,4588.981525,False,10.419490168611079,True,False,7.312525715172658,out_of_bounds,True,0.41006327588681674,0.0,10.078596440880522,0.0,0.0,1.4809341976748258,1,1,1.0,1.793711581496792,1.793711581496792,0.7071067811865476,0.7071067811865476,0.5,-0.5,0.5,1.5707963705062866,simulator_service,service_success,True,,0.0093,0.0,service_success,0.0,False,False
-15.210311,2,4602.197125,False,2.0185230533276584,True,False,0.0,out_of_bounds,True,0.5322303740752641,0.0,3.1734292946258993,0.0,0.0,1.8673057063735072,1,1,1.0,1.793711581496792,1.793711581496792,0.7071067811865476,0.7071067811865476,-0.5,-0.5,-0.5,1.5707963705062866,simulator_service,service_success,True,,0.0087,0.0018,service_success,0.0,False,False
-15.545599,2,4615.672537,False,7.623100040228869,True,False,7.722002605466239,out_of_bounds,True,0.17839147668988217,0.0,11.1107990849539,0.0,0.0,1.2936798141412484,1,1,1.0,1.793711581496792,1.793711581496792,0.7071067811865476,0.7071067811865476,0.5,-0.5,0.5,1.5707963705062866,simulator_service,service_success,True,,0.0088,0.0001,service_success,0.0,False,False
-15.55239,2,4627.705462,False,8.635791874699153,True,False,7.872647825390574,out_of_bounds,True,0.9162553629597043,0.0,11.179633069564114,0.0,0.0,1.4038724244875853,1,1,1.0,1.793711581496792,1.793711581496792,0.7071067811865476,0.7071067811865476,0.5,0.5,0.5,1.5707963705062866,simulator_service,service_success,True,,0.0106,0.0037,service_success,0.0,False,False
-15.413178,2,4641.082135,False,9.194165183318182,True,False,7.671086553547019,out_of_bounds,True,0.8739732012500707,0.0,9.999208699359695,0.0,0.0,1.8842661646522123,1,1,1.0,1.793711581496792,1.793711581496792,0.7071067811865476,0.7071067811865476,-0.5,0.5,0.5,1.5707963705062866,simulator_service,service_success,True,,0.009,0.0001,service_success,0.0,False,False
-15.443059,2,4654.557453,False,9.77303351925885,True,False,8.188258764357494,out_of_bounds,True,0.6085090927698756,0.0,11.163478021484892,0.0,0.0,1.729534224413036,1,1,1.0,1.793711581496792,1.793711581496792,0.7071067811865476,0.7071067811865476,0.5,0.5,0.5,1.5707963705062866,simulator_service,service_success,True,,0.0087,0.0001,service_success,0.0,False,False
-15.404566,2,4667.90705,False,3.5895525071930297,True,False,0.0,out_of_bounds,True,0.029427643935317667,0.0,2.883747847563184,0.0,0.0,1.6975782807505613,1,1,1.0,1.793711581496792,1.793711581496792,0.7071067811865476,0.7071067811865476,-0.5,-0.5,-0.5,-1.5707963705062866,simulator_service,service_success,True,,0.0092,0.0001,service_success,0.0,False,False
-15.219171,2,4681.474145,False,9.904011046399294,True,False,8.305994194623711,out_of_bounds,True,0.9629266944536226,0.0,11.127769185534259,0.0,0.0,1.8677482449687015,1,1,1.0,1.793711581496792,1.793711581496792,0.7071067811865476,0.7071067811865476,-0.5,0.5,0.5,1.5707963705062866,simulator_service,service_success,True,,0.0092,0.0001,service_success,0.0,False,False
-15.209082,2,4694.986408,False,11.063018857182227,True,False,8.031684512129843,out_of_bounds,True,0.14176510933527361,0.0,11.267253376403769,0.0,0.0,1.5128941612133644,1,1,1.0,1.793711581496792,1.793711581496792,0.7071067811865476,0.7071067811865476,-0.5,-0.5,0.5,-1.5707963705062866,simulator_service,service_success,True,,0.0101,0.0008,service_success,0.0,False,False
-15.353498,2,4708.809669,False,10.171407036770344,True,False,8.41572180737984,out_of_bounds,True,0.9894468994697999,0.0,11.458690376319256,0.0,0.0,1.78722745807225,1,1,1.0,1.793711581496792,1.793711581496792,0.7071067811865476,0.7071067811865476,0.5,0.5,0.5,1.5707963705062866,simulator_service,service_success,True,,0.0093,0.0,service_success,0.0,False,False
-15.432713,2,4721.814127,False,11.744630637763503,True,False,7.6048153939914735,out_of_bounds,True,0.8591021450168277,0.0,11.112508898373905,0.0,0.0,1.1766008736550122,1,1,1.0,1.793711581496792,1.793711581496792,0.7071067811865476,0.7071067811865476,-0.5,0.5,0.5,-1.5707963705062866,simulator_service,service_success,True,,0.0092,0.0001,service_success,0.0,False,False
-15.159861,2,4734.893253,False,10.23471479961302,True,False,7.7897877623568315,out_of_bounds,True,0.48257347808872986,0.0,10.303685723886533,0.0,0.0,1.8280403476408487,1,1,1.0,1.793711581496792,1.793711581496792,0.7071067811865476,0.7071067811865476,-0.5,0.5,0.5,1.5707963705062866,simulator_service,service_success,True,,0.0087,0.0,service_success,0.0,False,False
-15.263249,2,4747.907012,False,8.214085700238844,True,False,6.0368008539837525,out_of_bounds,True,0.6954009521356137,0.0,9.53841490710682,0.0,0.0,1.5647834619603234,1,1,1.0,1.0042502650879552,1.0042502650879552,0.7071067811865476,0.7071067811865476,0.5,-0.5,0.37384796142578125,-0.6072530746459961,simulator_service,service_success,True,,0.0101,0.0,service_success,0.0,False,False
-15.48048,2,4761.387693,False,7.4125121495634625,True,False,7.13653929218214,out_of_bounds,True,0.5104175334737647,0.0,10.50365011608589,0.0,0.0,1.059120369310184,1,1,1.0,1.793711581496792,1.793711581496792,0.7071067811865476,0.7071067811865476,0.5,-0.5,0.5,-1.5707963705062866,simulator_service,service_success,True,,0.0102,0.0001,service_success,0.0,False,False
-15.348247,2,4775.319751,False,2.4665652478424747,True,False,0.0,out_of_bounds,True,0.26553497533828774,0.0,1.839235361860825,0.0,0.0,1.1030448501588621,1,1,1.0,1.793711581496792,1.793711581496792,0.7071067811865476,0.7071067811865476,0.5,-0.5,-0.5,-1.5707963705062866,simulator_service,service_success,True,,0.0103,0.0,service_success,0.0,False,False
-15.383389,2,4789.200676,False,10.02062432898763,True,False,7.914668414377918,out_of_bounds,True,0.6216453648461626,0.0,11.727917586380281,0.0,0.0,1.130527247874293,1,1,1.0,1.793711581496792,1.793711581496792,0.7071067811865476,0.7071067811865476,0.5,-0.5,0.5,-1.5707963705062866,simulator_service,service_success,True,,0.0096,0.0,service_success,0.0,False,False
-15.152621,2,4803.020298,False,10.708617108357561,True,False,8.269936123698075,out_of_bounds,True,0.15699523431525178,0.0,11.693492752472064,0.0,0.0,1.5059542188725303,1,1,1.0,1.399911320247564,1.399911320247564,0.7071067811865476,0.7071067811865476,-0.5,0.5,0.5,1.0998871326446533,simulator_service,service_success,True,,0.0094,0.0017,service_success,0.0,False,False
-15.304189,2,4815.982145,False,8.737985366873618,True,False,7.672367343340696,out_of_bounds,True,0.43886826253620864,0.0,10.765027743373055,0.0,0.0,1.4448829347187133,1,1,1.0,1.793711581496792,1.793711581496792,0.7071067811865476,0.7071067811865476,0.5,0.5,0.5,1.5707963705062866,simulator_service,service_success,True,,0.0087,0.0001,service_success,0.0,False,False
-15.176432,2,4829.530631,False,3.1200654511887125,True,False,0.0,out_of_bounds,True,0.355240450253064,0.0,3.1928385996735393,0.0,0.0,1.8779264494954917,1,1,1.0,1.793711581496792,1.793711581496792,0.7071067811865476,0.7071067811865476,-0.5,0.5,-0.5,-1.5707963705062866,simulator_service,service_success,True,,0.0088,0.0,service_success,0.0,False,False
-15.550957,2,4842.897287,False,8.132449882909622,True,False,7.776210799074954,out_of_bounds,True,0.9153648607521342,0.0,10.772974243797025,0.0,0.0,1.5431831112200893,1,1,1.0,1.793711581496792,1.793711581496792,0.7071067811865476,0.7071067811865476,-0.5,0.5,0.5,-1.5707963705062866,simulator_service,service_success,True,,0.0105,0.0001,service_success,0.0,False,False
-15.1216345,2,4856.228489,False,10.770945929331942,True,False,8.098807506164915,out_of_bounds,True,0.22058163890576532,0.0,10.721643500971178,0.0,0.0,1.8963512344394104,1,1,1.0,1.793711581496792,1.793711581496792,0.7071067811865476,0.7071067811865476,-0.5,0.5,0.5,1.5707963705062866,simulator_service,service_success,True,,0.0094,0.0003,service_success,0.0,False,False
-15.328896,2,4868.263838,False,2.703015034944839,True,False,0.0,out_of_bounds,True,0.12329152988067506,0.0,2.3800827863901177,0.0,0.0,1.413046219951392,1,1,1.0,1.793711581496792,1.793711581496792,0.7071067811865476,0.7071067811865476,-0.5,-0.5,-0.5,1.5707963705062866,simulator_service,service_success,True,,0.01,0.0001,service_success,0.0,False,False
-15.419193,2,4880.20422,False,7.187924159133559,True,False,6.642210777154769,out_of_bounds,True,0.3516142912471234,0.0,9.529742200769029,0.0,0.0,1.1263530695590545,1,1,1.0,1.793711581496792,1.793711581496792,0.7071067811865476,0.7071067811865476,-0.5,0.5,0.5,1.5707963705062866,simulator_service,service_success,True,,0.0098,0.0001,service_success,0.0,False,False
-15.138205,2,4893.806416,False,8.769553590441943,True,False,7.411819456232521,out_of_bounds,True,0.7540875193769019,0.0,9.583881515633818,0.0,0.0,1.8649544118475596,1,1,1.0,1.793711581496792,1.793711581496792,0.7071067811865476,0.7071067811865476,0.5,0.5,0.5,-1.5707963705062866,simulator_service,service_success,True,,0.0102,0.0024,service_success,0.0,False,False
-15.350566,2,4907.148086,False,9.234618514488114,True,False,8.187288043656292,out_of_bounds,True,0.8642317266647118,0.0,10.789485867096282,0.0,0.0,1.9435815505932463,1,1,1.0,1.793711581496792,1.793711581496792,0.7071067811865476,0.7071067811865476,-0.5,0.5,0.5,1.5707963705062866,simulator_service,service_success,True,,0.0086,0.0001,service_success,0.0,False,False
-15.489123,2,4920.807095,False,3.037828802795604,True,False,0.0,out_of_bounds,True,0.5628818514894843,0.0,2.2246731845682146,0.0,0.0,1.3216995718303357,1,1,1.0,1.793711581496792,1.793711581496792,0.7071067811865476,0.7071067811865476,0.5,-0.5,-0.5,1.5707963705062866,simulator_service,service_success,True,,0.0095,0.0001,service_success,0.0,False,False
-15.400225,2,4934.050093,False,8.684347129115972,True,False,7.854267208810294,out_of_bounds,True,0.4340265831117833,0.0,10.745943436423048,0.0,0.0,1.6361215878976407,1,1,1.0,1.793711581496792,1.793711581496792,0.7071067811865476,0.7071067811865476,-0.5,0.5,0.5,1.5707963705062866,simulator_service,service_success,True,,0.0098,0.0001,service_success,0.0,False,False
-15.439501,2,4949.143147,False,2.290554772528616,True,False,0.0,out_of_bounds,True,0.2273074627383522,0.0,3.064088568067528,0.0,0.0,1.8021350516635983,1,1,1.0,1.793711581496792,1.793711581496792,0.7071067811865476,0.7071067811865476,0.5,0.5,-0.5,-1.5707963705062866,simulator_service,service_success,True,,0.0097,0.0,service_success,0.0,False,False
-15.268886,2,4962.327378,False,1.918873710299588,True,False,0.0,out_of_bounds,True,0.040378716914381545,0.0,1.8894463743844414,0.0,0.0,1.1287189400378808,1,1,1.0,1.793711581496792,1.793711581496792,0.7071067811865476,0.7071067811865476,0.5,-0.5,-0.5,-1.5707963705062866,simulator_service,service_success,True,,0.0101,0.0001,service_success,0.0,False,False
-15.489528,2,4976.115688,False,3.1058593580740887,True,False,0.0,out_of_bounds,True,0.9847760785662254,0.0,3.2865310415379896,0.0,0.0,1.9321922958937392,1,1,1.0,1.793711581496792,1.793711581496792,0.7071067811865476,0.7071067811865476,0.5,0.5,-0.5,-1.5707963705062866,simulator_service,service_success,True,,0.0081,0.0025,service_success,0.0,False,False
-15.229438,2,4989.340446,False,2.287125281670445,True,False,0.0,out_of_bounds,True,0.8267659913669384,0.0,3.098626917849887,0.0,0.0,1.823843849761605,1,1,1.0,1.793711581496792,1.793711581496792,0.7071067811865476,0.7071067811865476,0.5,-0.5,-0.5,-1.5707963705062866,simulator_service,service_success,True,,0.0116,0.0045,service_success,0.0,False,False
-15.170125,2,5003.232253,False,10.25995937439387,True,False,8.171689056221078,out_of_bounds,True,0.33184851725248155,0.0,10.772132126326893,0.0,0.0,1.9391905322703205,1,1,1.0,1.793711581496792,1.793711581496792,0.7071067811865476,0.7071067811865476,-0.5,-0.5,0.5,-1.5707963705062866,simulator_service,service_success,True,,0.0094,0.0001,service_success,0.0,False,False
-15.402858,2,5017.73397,False,1.6818033521906828,True,False,0.0,out_of_bounds,True,0.35247140435784113,0.0,2.8135850014385815,0.0,0.0,1.6619428970905668,1,1,1.0,1.793711581496792,1.793711581496792,0.7071067811865476,0.7071067811865476,-0.5,-0.5,-0.5,-1.5707963705062866,simulator_service,service_success,True,,0.0124,0.0049,service_success,0.0,False,False
-15.273309,2,5031.654107,False,10.463067583501916,True,False,8.672062993970778,out_of_bounds,True,0.04409798873337101,0.0,11.979796372266655,0.0,0.0,1.74280805643816,1,1,1.0,1.793711581496792,1.793711581496792,0.7071067811865476,0.7071067811865476,-0.5,-0.5,0.5,-1.5707963705062866,simulator_service,service_success,True,,0.0094,0.0001,service_success,0.0,False,False
-15.128581,2,5046.176488,False,1.4784630231763483,True,False,0.0,out_of_bounds,True,0.5155157467826165,0.0,2.0303205191669034,0.0,0.0,1.2168504649500675,1,1,1.0,1.793711581496792,1.793711581496792,0.7071067811865476,0.7071067811865476,0.5,-0.5,-0.5,-1.5707963705062866,simulator_service,service_success,True,,0.0082,0.0004,service_success,0.0,False,False
-15.128545,2,5060.13682,False,11.009466659229457,True,False,8.20669905551804,out_of_bounds,True,0.2091929549341616,0.0,11.953331668389254,0.0,0.0,1.2923756037339704,1,1,1.0,1.793711581496792,1.793711581496792,0.7071067811865476,0.7071067811865476,-0.5,0.5,0.5,-1.5707963705062866,simulator_service,service_success,True,,0.0091,0.0001,service_success,0.0,False,False
-15.274575,2,5074.666005,False,2.410498711102274,True,False,0.0,out_of_bounds,True,0.6493160769376157,0.0,3.1069138724296392,0.0,0.0,1.8235818739225933,1,1,1.0,1.0426672921543594,1.0426672921543594,0.7071067811865476,0.7071067811865476,-0.5,0.5,-0.5,0.5806505680084229,simulator_service,service_success,True,,0.0092,0.0012,service_success,0.0,False,False
-15.253803,2,5088.743621,False,10.364697922949446,True,False,8.169141812632702,out_of_bounds,True,0.3496946631031647,0.0,11.970269988832648,0.0,0.0,1.2451388549895566,1,1,1.0,1.793711581496792,1.793711581496792,0.7071067811865476,0.7071067811865476,-0.5,0.5,0.5,-1.5707963705062866,simulator_service,service_success,True,,0.0092,0.0,service_success,0.0,False,False
-15.213095,2,5103.153518,False,1.1675993941710976,True,False,0.0,out_of_bounds,True,0.1303773414834104,0.0,2.3982628980634364,0.0,0.0,1.4228088991251464,1,1,1.0,1.793711581496792,1.793711581496792,0.7071067811865476,0.7071067811865476,-0.5,-0.5,-0.5,1.5707963705062866,simulator_service,service_success,True,,0.0091,0.001,service_success,0.0,False,False
-15.519165,2,5117.248389,False,8.764166726474038,True,False,8.743278467130736,out_of_bounds,True,0.3721902782331716,0.0,11.97973386372274,0.0,0.0,1.81411321229307,1,1,1.0,1.793711581496792,1.793711581496792,0.7071067811865476,0.7071067811865476,-0.5,0.5,0.5,-1.5707963705062866,simulator_service,service_success,True,,0.0092,0.0,service_success,0.0,False,False
-15.316066,2,5131.657835,False,2.9097785401718754,True,False,0.0,out_of_bounds,True,0.37105820709739973,0.0,3.306167921878571,0.0,0.0,1.939737808779207,1,1,1.0,1.793711581496792,1.793711581496792,0.7071067811865476,0.7071067811865476,-0.5,-0.5,-0.5,1.5707963705062866,simulator_service,service_success,True,,0.0096,0.0037,service_success,0.0,False,False
-15.231538,2,5145.82152,False,10.777622384521669,True,False,8.550607786995078,out_of_bounds,True,0.3307816675356605,0.0,11.979458231850087,0.0,0.0,1.6214359378886454,1,1,1.0,1.793711581496792,1.793711581496792,0.7071067811865476,0.7071067811865476,0.5,0.5,0.5,1.5707963705062866,simulator_service,service_success,True,,0.0089,0.0001,service_success,0.0,False,False
-15.337992,2,5160.27316,False,1.5502848287854465,True,False,0.0,out_of_bounds,True,0.6736559753524585,0.0,2.1553203889924863,0.0,0.0,1.2828666905167743,1,1,1.0,1.793711581496792,1.793711581496792,0.7071067811865476,0.7071067811865476,0.5,0.5,-0.5,1.5707963705062866,simulator_service,service_success,True,,0.009,0.0002,service_success,0.0,False,False
-15.521416,2,5174.526899,False,12.485013986234563,True,False,8.528652523959419,out_of_bounds,True,0.12996061061298317,0.0,12.005440322801123,0.0,0.0,1.5847120708088696,1,1,1.0,1.793711581496792,1.793711581496792,0.7071067811865476,0.7071067811865476,0.5,0.5,0.5,1.5707963705062866,simulator_service,service_success,True,,0.009,0.0001,service_success,0.0,False,False
-15.365416,2,5188.849141,False,9.308186292786196,True,False,8.480196249717952,out_of_bounds,True,0.6623548054851306,0.0,11.97066207214299,0.0,0.0,1.5562624371368197,1,1,1.0,1.793711581496792,1.793711581496792,0.7071067811865476,0.7071067811865476,-0.5,-0.5,0.5,-1.5707963705062866,simulator_service,service_success,True,,0.0085,0.0006,service_success,0.0,False,False
-15.366931,2,5203.175034,False,9.438760533447555,True,False,8.115462407783422,out_of_bounds,True,0.13644573551788594,0.0,11.996331081972262,0.0,0.0,1.1765382347841857,1,1,1.0,1.793711581496792,1.793711581496792,0.7071067811865476,0.7071067811865476,0.5,0.5,0.5,1.5707963705062866,simulator_service,service_success,True,,0.009,0.0001,service_success,0.0,False,False
-15.379564,2,5217.455101,False,10.886092311207237,True,False,8.559683020956346,out_of_bounds,True,0.7557184206994662,0.0,11.98834146914919,0.0,0.0,1.6255583880374156,1,1,1.0,1.793711581496792,1.793711581496792,0.7071067811865476,0.7071067811865476,0.5,-0.5,0.5,1.5707963705062866,simulator_service,service_success,True,,0.0086,0.0001,service_success,0.0,False,False
-15.215208,2,5231.763108,False,11.31071853428986,True,False,8.889366450300077,out_of_bounds,True,0.6033500004344731,0.0,11.953521293064819,0.0,0.0,1.9753399897653259,1,1,1.0,1.793711581496792,1.793711581496792,0.7071067811865476,0.7071067811865476,0.5,0.5,0.5,1.5707963705062866,simulator_service,service_success,True,,0.0087,0.0001,service_success,0.0,False,False
-15.343614,2,5246.198367,False,9.33251740662935,True,False,8.321077624950714,out_of_bounds,True,0.6309426449394794,0.0,11.979169185582544,0.0,0.0,1.391951926589936,1,1,1.0,1.224694833113672,1.224694833113672,0.7071067811865476,0.7071067811865476,0.5,-0.5,0.5,0.8659546375274658,simulator_service,service_success,True,,0.0087,0.0001,service_success,0.0,False,False
-15.26873,2,5260.455613,False,10.375770579158077,True,False,8.412581494996175,out_of_bounds,True,0.12490416470842935,0.0,11.970644888245108,0.0,0.0,1.488416577064817,1,1,1.0,1.793711581496792,1.793711581496792,0.7071067811865476,0.7071067811865476,0.5,-0.5,0.5,1.5707963705062866,simulator_service,service_success,True,,0.0087,0.0,service_success,0.0,False,False
-15.333714,2,5274.906875,False,9.791129826892629,True,False,8.170895691875868,out_of_bounds,True,0.5295373016962361,0.0,11.962110015978132,0.0,0.0,1.2519392920813963,1,1,1.0,1.793711581496792,1.793711581496792,0.7071067811865476,0.7071067811865476,0.5,-0.5,0.5,1.5707963705062866,simulator_service,service_success,True,,0.0086,0.0,service_success,0.0,False,False
-15.132114,2,5289.17388,False,2.0721185202350734,True,False,0.0,out_of_bounds,True,0.17265893749497166,0.0,3.2054952339608884,0.0,0.0,1.8843653267770535,1,1,1.0,1.793711581496792,1.793711581496792,0.7071067811865476,0.7071067811865476,-0.5,-0.5,-0.5,1.5707963705062866,simulator_service,service_success,True,,0.009,0.0,service_success,0.0,False,False
-15.346898,2,5303.57387,False,2.6014957371753553,True,False,0.0,out_of_bounds,True,0.9008802200814126,0.0,2.0347438191954876,0.0,0.0,1.067891822232978,1,1,1.0,1.7719894988830913,1.7719894988830913,0.7071067811865476,0.7071067811865476,0.5,0.5,-0.41538602113723755,1.5707963705062866,simulator_service,service_success,True,,0.0086,0.0001,service_success,0.0,False,False
-15.135917,2,5317.895201,False,1.6845489417845436,True,False,0.0,out_of_bounds,True,0.4132222716360955,0.0,2.3811287748974177,0.0,0.0,1.4144018722554863,1,1,1.0,1.793711581496792,1.793711581496792,0.7071067811865476,0.7071067811865476,-0.5,-0.5,-0.5,1.5707963705062866,simulator_service,service_success,True,,0.0091,0.0008,service_success,0.0,False,False
-15.432256,2,5332.403753,False,4.160872960466638,True,False,0.0,out_of_bounds,True,0.849876690815939,0.0,2.662921606617851,0.0,0.0,1.5724994956425866,1,1,1.0,1.793711581496792,1.793711581496792,0.7071067811865476,0.7071067811865476,-0.5,0.5,-0.5,1.5707963705062866,simulator_service,service_success,True,,0.01,0.0033,service_success,0.0,False,False
-15.355876,2,5346.778026,False,2.3834099771758988,True,False,0.0,out_of_bounds,True,0.5506880545163559,0.0,2.505501462242059,0.0,0.0,1.483516708153512,1,1,1.0,1.793711581496792,1.793711581496792,0.7071067811865476,0.7071067811865476,0.5,-0.5,-0.5,1.5707963705062866,simulator_service,service_success,True,,0.0094,0.0023,service_success,0.0,False,False
-15.429884,2,5361.181252,False,3.171161455188882,True,False,0.0,out_of_bounds,True,0.3793710001669997,0.0,1.9459299691433716,0.0,0.0,1.165967238437302,1,1,1.0,1.793711581496792,1.793711581496792,0.7071067811865476,0.7071067811865476,-0.5,-0.5,-0.5,1.5707963705062866,simulator_service,service_success,True,,0.0095,0.0027,service_success,0.0,False,False
-15.509963,2,5375.559891,False,3.7888311628143803,True,False,0.0,out_of_bounds,True,0.7761900904550462,0.0,1.6783943499072658,0.0,0.0,1.0110361859789379,1,1,1.0,1.793711581496792,1.793711581496792,0.7071067811865476,0.7071067811865476,0.5,0.5,-0.5,1.5707963705062866,simulator_service,service_success,True,,0.0096,0.0022,service_success,0.0,False,False
-15.417538,2,5390.020217,False,9.37389192066891,True,False,8.194995897648802,out_of_bounds,True,0.4386805016109332,0.0,11.979671369753124,0.0,0.0,1.265878509304045,1,1,1.0,1.793711581496792,1.793711581496792,0.7071067811865476,0.7071067811865476,0.5,-0.5,0.5,1.5707963705062866,simulator_service,service_success,True,,0.0093,0.0005,service_success,0.0,False,False
-15.51212,2,5405.981392,False,3.1786192876071557,True,False,0.0,out_of_bounds,True,0.41782293155777894,0.0,2.4200636354829763,0.0,0.0,1.438072073128837,1,1,1.0,1.793711581496792,1.793711581496792,0.7071067811865476,0.7071067811865476,0.5,-0.5,-0.5,-1.5707963705062866,simulator_service,service_success,True,,0.0098,0.0007,service_success,0.0,False,False
-15.395551,2,5420.331499,False,10.635416075269019,True,False,8.80128055355064,out_of_bounds,True,0.724809520616928,0.0,13.255215159153838,0.0,0.0,1.136281756202613,1,1,1.0,1.793711581496792,1.793711581496792,0.7071067811865476,0.7071067811865476,0.5,-0.5,0.5,-1.5707963705062866,simulator_service,service_success,True,,0.0087,0.0,service_success,0.0,False,False
-15.230696,2,5434.964081,False,11.169499049644953,True,False,8.444386407922739,out_of_bounds,True,0.999367396977609,0.0,12.065338253559379,0.0,0.0,1.4655483336582324,1,1,1.0,1.793711581496792,1.793711581496792,0.7071067811865476,0.7071067811865476,-0.5,0.5,0.5,1.5707963705062866,simulator_service,service_success,True,,0.0072,0.0022,service_success,0.0,False,False
-15.485131,2,5449.318087,False,8.785957486371549,True,False,8.12753817681835,out_of_bounds,True,0.7910554217996701,0.0,12.031571182463058,0.0,0.0,1.168594211199493,1,1,1.0,1.793711581496792,1.793711581496792,0.7071067811865476,0.7071067811865476,0.5,0.5,0.5,-1.5707963705062866,simulator_service,service_success,True,,0.009,0.0,service_success,0.0,False,False
-15.475464,2,5464.203051,False,3.0421564495212943,True,False,0.0,out_of_bounds,True,0.6253149770664881,0.0,2.200663326466179,0.0,0.0,1.3105437367634298,1,1,1.0,1.793711581496792,1.793711581496792,0.7071067811865476,0.7071067811865476,0.5,-0.5,-0.5,-1.5707963705062866,simulator_service,service_success,True,,0.0085,0.0001,service_success,0.0,False,False
-15.4981,2,5478.381722,False,9.413433438696279,True,False,8.62762724221079,out_of_bounds,True,0.34570693510361516,0.0,12.040233220400681,0.0,0.0,1.6635073961559625,1,1,1.0,1.793711581496792,1.793711581496792,0.7071067811865476,0.7071067811865476,-0.5,0.5,0.5,1.5707963705062866,simulator_service,service_success,True,,0.0091,0.0001,service_success,0.0,False,False
-15.27588,2,5492.194494,False,9.463430123209658,True,False,7.869035127685818,out_of_bounds,True,0.32161317316845806,0.0,11.0852764120067,0.0,0.0,1.4563438590293583,1,1,1.0,1.793711581496792,1.793711581496792,0.7071067811865476,0.7071067811865476,0.5,0.5,0.5,-1.5707963705062866,simulator_service,service_success,True,,0.0083,0.0002,service_success,0.0,False,False
-15.449102,2,5506.234709,False,8.64397289699275,True,False,7.476533822899572,out_of_bounds,True,0.1902219438455726,0.0,11.03276690051624,0.0,0.0,1.0934959425559856,1,1,1.0,1.793711581496792,1.793711581496792,0.7071067811865476,0.7071067811865476,0.5,-0.5,0.5,-1.5707963705062866,simulator_service,service_success,True,,0.0096,0.0001,service_success,0.0,False,False
-15.428348,2,5520.415123,False,9.482441095063516,True,False,8.362453880108708,out_of_bounds,True,0.2723899064756772,0.0,11.198307371673225,0.0,0.0,1.8842484951070757,1,1,1.0,1.793711581496792,1.793711581496792,0.7071067811865476,0.7071067811865476,0.5,-0.5,0.5,-1.5707963705062866,simulator_service,service_success,True,,0.01,0.0001,service_success,0.0,False,False
-15.38174,2,5534.297568,False,2.206953310586418,True,False,0.0,out_of_bounds,True,0.35579955869803387,0.0,2.3617765052319415,0.0,0.0,1.402252265475771,1,1,1.0,1.793711581496792,1.793711581496792,0.7071067811865476,0.7071067811865476,0.5,0.5,-0.5,-1.5707963705062866,simulator_service,service_success,True,,0.0096,0.0001,service_success,0.0,False,False
-15.519226,2,5548.884084,False,7.958548115622431,True,False,8.227540448117871,out_of_bounds,True,0.4956009021038282,0.0,11.35465826666821,0.0,0.0,1.6589694675173383,1,1,1.0,1.793711581496792,1.793711581496792,0.7071067811865476,0.7071067811865476,-0.5,-0.5,0.5,-1.5707963705062866,simulator_service,service_success,True,,0.0108,0.0012,service_success,0.0,False,False
-15.117584,2,5565.533363,False,2.4194296971611045,True,False,0.0,out_of_bounds,True,0.8903499582072026,0.0,2.7344344960462057,0.0,0.0,1.6128543269136542,1,1,1.0,1.793711581496792,1.793711581496792,0.7071067811865476,0.7071067811865476,0.5,0.5,-0.5,-1.5707963705062866,simulator_service,service_success,True,,0.0109,0.0039,service_success,0.0,False,False
-15.443029,2,5580.588457,False,10.986610764614205,True,False,9.198706025893497,out_of_bounds,True,0.9257902299557933,0.0,14.070347847021146,0.0,0.0,1.062980046063295,1,1,1.0,1.793711581496792,1.793711581496792,0.7071067811865476,0.7071067811865476,-0.5,0.5,0.5,-1.5707963705062866,simulator_service,service_success,True,,0.0088,0.0,service_success,0.0,False,False
-15.176077,2,5595.409147,False,2.335075232062241,True,False,0.0,out_of_bounds,True,0.7290193741666635,0.0,2.982656469685305,0.0,0.0,1.755293260973456,1,1,1.0,1.793711581496792,1.793711581496792,0.7071067811865476,0.7071067811865476,0.5,0.5,-0.5,-1.5707963705062866,simulator_service,service_success,True,,0.0068,0.0003,service_success,0.0,False,False
-15.11507,2,5609.423947,False,10.856717271715995,True,False,8.016138282501322,out_of_bounds,True,0.625337255019204,0.0,11.553994473238104,0.0,0.0,1.3326104611033458,1,1,1.0,1.0070867365381264,1.0070867365381264,0.7071067811865476,0.7071067811865476,-0.5,0.5,0.5,-0.514026939868927,simulator_service,service_success,True,,0.008,0.0001,service_success,0.0,False,False
-15.420454,2,5624.042894,False,3.4002581152441422,True,False,0.0,out_of_bounds,True,0.2389604958255282,0.0,2.8085409995205564,0.0,0.0,1.6566304803265823,1,1,1.0,1.793711581496792,1.793711581496792,0.7071067811865476,0.7071067811865476,0.5,0.5,-0.5,-1.5707963705062866,simulator_service,service_success,True,,0.0089,0.0004,service_success,0.0,False,False
-15.363815,2,5638.308316,False,2.6491187089188255,True,False,0.0,out_of_bounds,True,0.8057331941584662,0.0,3.34866690964858,0.0,0.0,1.685631299985215,1,1,1.0,1.7688548489288838,1.7688548489288838,0.7071067811865476,0.7071067811865476,-0.5,-0.5,-0.40180373191833496,1.5707963705062866,simulator_service,service_success,True,,0.0101,0.0,service_success,0.0,False,False
-15.181313,2,5652.834148,False,10.408600774742986,True,False,8.270797235316802,out_of_bounds,True,0.5389185636305085,0.0,11.518889202968142,0.0,0.0,1.6075059974656998,1,1,1.0,1.793711581496792,1.793711581496792,0.7071067811865476,0.7071067811865476,0.5,-0.5,0.5,1.5707963705062866,simulator_service,service_success,True,,0.0102,0.0018,service_success,0.0,False,False
-15.497037,2,5667.132147,False,2.2918025496542263,True,False,0.0,out_of_bounds,True,0.32433748588764094,0.0,3.218727908662273,0.0,0.0,1.8924269420466355,1,1,1.0,1.793711581496792,1.793711581496792,0.7071067811865476,0.7071067811865476,0.5,-0.5,-0.5,1.5707963705062866,simulator_service,service_success,True,,0.0103,0.0004,service_success,0.0,False,False
-15.145233,2,5681.653275,False,10.60546050072422,True,False,8.418436120060042,out_of_bounds,True,0.4228571629634754,0.0,11.54525842591641,0.0,0.0,1.7400006965968866,1,1,1.0,1.793711581496792,1.793711581496792,0.7071067811865476,0.7071067811865476,0.5,-0.5,0.5,1.5707963705062866,simulator_service,service_success,True,,0.009,0.0001,service_success,0.0,False,False
-15.316293,2,5696.034513,False,2.323667862036193,True,False,0.0,out_of_bounds,True,0.8318110565931138,0.0,1.8710197418626036,0.0,0.0,1.1195447797571079,1,1,1.0,1.793711581496792,1.793711581496792,0.7071067811865476,0.7071067811865476,0.5,0.5,-0.5,1.5707963705062866,simulator_service,service_success,True,,0.0099,0.0018,service_success,0.0,False,False
-15.312136,2,5710.651983,False,12.664329888446979,True,False,8.054996297159105,out_of_bounds,True,0.7597927583636658,0.0,10.485144074037658,0.0,0.0,1.3459327785350013,1,1,1.0,1.7549632665749948,1.7549632665749948,0.602075435001174,0.602075435001174,0.5,0.3354024887084961,0.5,1.5707963705062866,simulator_service,service_success,True,,0.0091,0.0,service_success,0.0,False,False
-15.45231,2,5724.998986,False,9.61732846461838,True,False,8.704572421387937,out_of_bounds,True,0.08719053720337297,0.0,11.60539700527081,0.0,0.0,1.9909381974521783,1,1,1.0,1.793711581496792,1.793711581496792,0.7071067811865476,0.7071067811865476,-0.5,-0.5,0.5,1.5707963705062866,simulator_service,service_success,True,,0.0103,0.0021,service_success,0.0,False,False
-15.535988,2,5739.556848,False,11.728666487906413,True,False,8.437734638102093,out_of_bounds,True,0.7260063355465036,0.0,11.527535188596408,0.0,0.0,1.7692925632516991,1,1,1.0,1.793711581496792,1.793711581496792,0.7071067811865476,0.7071067811865476,0.5,-0.5,0.5,1.5707963705062866,simulator_service,service_success,True,,0.0091,0.0001,service_success,0.0,False,False
-15.169087,2,5753.922817,False,10.958984729602037,True,False,8.469332116961924,out_of_bounds,True,0.5705886515703554,0.0,11.553466966927873,0.0,0.0,1.7858827666934467,1,1,1.0,1.793711581496792,1.793711581496792,0.7071067811865476,0.7071067811865476,0.5,-0.5,0.5,1.5707963705062866,simulator_service,service_success,True,,0.0095,0.0001,service_success,0.0,False,False
-15.378513,2,5768.546437,False,7.575437726350856,True,False,3.9039631689746046,out_of_bounds,True,0.1407450423355913,0.0,9.686484025118403,0.0,0.0,1.8586681247756442,1,1,1.0,1.7293164288781928,1.7293164288781928,0.7071067811865476,0.7071067811865476,0.5,-0.5,0.1520988941192627,1.5707963705062866,simulator_service,service_success,True,,0.0091,0.0,service_success,0.0,False,False
-15.550276,2,5782.920086,False,8.329160153421395,True,False,8.435367095161334,out_of_bounds,True,0.13362535511130605,0.0,11.544783815243791,0.0,0.0,1.7568860822765509,1,1,1.0,1.793711581496792,1.793711581496792,0.7071067811865476,0.7071067811865476,-0.5,-0.5,0.5,-1.5707963705062866,simulator_service,service_success,True,,0.0095,0.0,service_success,0.0,False,False
-15.556839,2,5797.524465,False,3.526798011957033,True,False,0.0,out_of_bounds,True,0.9964250069942578,0.0,2.002601965558669,0.0,0.0,1.1949683855368698,1,1,1.0,1.793711581496792,1.793711581496792,0.7071067811865476,0.7071067811865476,0.5,-0.5,-0.5,1.5707963705062866,simulator_service,service_success,True,,0.009,0.0,service_success,0.0,False,False
-15.269426,2,5812.035212,False,9.625043406804526,True,False,8.13600606798765,out_of_bounds,True,0.5816378476563725,0.0,11.641208308142808,0.0,0.0,1.4023769296850601,1,1,1.0,1.793711581496792,1.793711581496792,0.7071067811865476,0.7071067811865476,-0.5,0.5,0.5,-1.5707963705062866,simulator_service,service_success,True,,0.0096,0.0,service_success,0.0,False,False
-15.336774,2,5826.648277,False,1.9267360556308066,True,False,0.0,out_of_bounds,True,0.8911802983877337,0.0,1.95589743346487,0.0,0.0,1.1683004720742542,1,1,1.0,1.793711581496792,1.793711581496792,0.7071067811865476,0.7071067811865476,0.5,-0.5,-0.5,1.5707963705062866,simulator_service,service_success,True,,0.0095,0.0015,service_success,0.0,False,False
-15.463165,2,5841.020959,False,9.976406877316935,True,False,8.168649620337783,out_of_bounds,True,0.8087612690094057,0.0,11.53552295780476,0.0,0.0,1.4952580395916488,1,1,1.0,1.793711581496792,1.793711581496792,0.7071067811865476,0.7071067811865476,-0.5,0.5,0.5,-1.5707963705062866,simulator_service,service_success,True,,0.0093,0.0001,service_success,0.0,False,False
-15.139595,2,5855.676296,False,10.834749743817353,True,False,6.823536292452457,out_of_bounds,True,0.231975682965778,0.0,10.963425666570442,0.0,0.0,1.2001755701517742,1,1,1.0,1.773355865757744,1.773355865757744,0.7071067811865476,0.7071067811865476,-0.5,-0.5,0.4211766719818115,1.5707963705062866,simulator_service,service_success,True,,0.0104,0.0034,service_success,0.0,False,False
-15.219355,2,5870.118932,False,1.960304576816881,True,False,0.0,out_of_bounds,True,0.15017855646608919,0.0,1.957620850762979,0.0,0.0,1.1719488640777143,1,1,1.0,1.793711581496792,1.793711581496792,0.7071067811865476,0.7071067811865476,0.5,0.5,-0.5,-1.5707963705062866,simulator_service,service_success,True,,0.0096,0.0,service_success,0.0,False,False
-15.344941,2,5886.259082,False,3.2774109317167492,True,False,0.0,out_of_bounds,True,0.1164310862552878,0.0,1.8549605113055565,0.0,0.0,1.1066941430841166,1,1,1.0,1.3570340337416338,1.3570340337416338,0.7071067811865476,0.7071067811865476,-0.5,0.5,-0.5,1.0447685718536377,simulator_service,service_success,True,,0.0091,0.0,service_success,0.0,False,False
-15.444975,2,5900.765253,False,10.584097720159509,True,False,8.598933158260033,out_of_bounds,True,0.4873048328481414,0.0,12.8553175226811,0.0,0.0,1.164202190838762,1,1,1.0,1.793711581496792,1.793711581496792,0.7071067811865476,0.7071067811865476,-0.5,0.5,0.5,-1.5707963705062866,simulator_service,service_success,True,,0.0097,0.0009,service_success,0.0,False,False
-15.477436,2,5915.475822,False,9.10746137807224,True,False,7.7945765806161065,out_of_bounds,True,0.9397841667930311,0.0,11.613330983233675,0.0,0.0,1.0765010525596903,1,1,1.0,1.793711581496792,1.793711581496792,0.7071067811865476,0.7071067811865476,-0.5,0.5,0.5,1.5707963705062866,simulator_service,service_success,True,,0.0072,0.0004,service_success,0.0,False,False
-15.459346,2,5935.612432,False,3.1932923125983463,True,False,0.0,out_of_bounds,True,0.42045558795307064,0.0,1.7086469281752827,0.0,0.0,1.029639457380183,1,1,1.0,1.793711581496792,1.793711581496792,0.7071067811865476,0.7071067811865476,0.5,0.5,-0.5,-1.5707963705062866,simulator_service,service_success,True,,0.0096,0.0001,service_success,0.0,False,False
-15.223091,2,5950.561894,False,2.381248878385857,True,False,0.0,out_of_bounds,True,0.8424154889758986,0.0,3.3126496635219054,0.0,0.0,1.9455412172713493,1,1,1.0,1.793711581496792,1.793711581496792,0.7071067811865476,0.7071067811865476,0.5,0.5,-0.5,1.5707963705062866,simulator_service,service_success,True,,0.0092,0.0001,service_success,0.0,False,False
-15.408712,2,5965.253579,False,9.752171284563014,True,False,7.90913540752913,out_of_bounds,True,0.30353910120450767,0.0,11.917689370544124,0.0,0.0,1.0172489591138643,1,1,1.0,1.793711581496792,1.793711581496792,0.7071067811865476,0.7071067811865476,-0.5,-0.5,0.5,1.5707963705062866,simulator_service,service_success,True,,0.0101,0.0006,service_success,0.0,False,False
-15.482119,2,5985.421169,False,4.365529764244504,True,False,0.0,out_of_bounds,True,0.859697611809694,0.0,2.643436428398437,0.0,0.0,1.564529854020078,1,1,1.0,1.7094617600693525,1.7094617600693525,0.7071067811865476,0.7071067811865476,-0.5,0.5,-0.5,1.4738587141036987,simulator_service,service_success,True,,0.0101,0.0005,service_success,0.0,False,False
-15.368246,2,6006.221252,False,2.3849868286970097,True,False,0.0,out_of_bounds,True,0.28439920568536264,0.0,1.9934650490730155,0.0,0.0,1.194398645688621,1,1,1.0,1.793711581496792,1.793711581496792,0.7071067811865476,0.7071067811865476,-0.5,-0.5,-0.5,-1.5707963705062866,simulator_service,service_success,True,,0.0093,0.0001,service_success,0.0,False,False
-15.483503,2,6021.080549,False,18.838025609402084,True,False,11.713370004555824,out_of_bounds,True,0.2082768331272177,0.0,17.147522653299262,0.0,0.0,1.8032165372649809,1,1,1.0,1.3129333245888275,1.3129333245888275,0.7071067811865476,0.7071067811865476,0.5,0.5,0.5,0.9868099689483643,simulator_service,service_success,True,,0.0108,0.0041,service_success,0.0,False,False
-15.1778345,2,6035.969135,False,1.9175153284277242,True,False,0.0,out_of_bounds,True,0.4408382921937777,0.0,3.0662244115741792,0.0,0.0,1.8037950819068562,1,1,1.0,1.793711581496792,1.793711581496792,0.7071067811865476,0.7071067811865476,-0.5,0.5,-0.5,-1.5707963705062866,simulator_service,service_success,True,,0.0095,0.0029,service_success,0.0,False,False
-15.551695,2,6050.363762,False,7.914038324734217,True,False,8.01098254439732,out_of_bounds,True,0.7239298051463006,0.0,11.631476152849508,0.0,0.0,1.2825403788522582,1,1,1.0,1.793711581496792,1.793711581496792,0.7071067811865476,0.7071067811865476,0.5,0.5,0.5,1.5707963705062866,simulator_service,service_success,True,,0.0091,0.0,service_success,0.0,False,False
-15.1533,2,6066.95142,False,10.796946533155804,True,False,8.011115385050315,out_of_bounds,True,0.45774636241569566,0.0,11.535467656830967,0.0,0.0,1.3376864719058363,1,1,1.0,1.793711581496792,1.793711581496792,0.7071067811865476,0.7071067811865476,0.5,0.5,0.5,1.5707963705062866,simulator_service,service_success,True,,0.0103,0.0007,service_success,0.0,False,False
-15.255655,2,6082.688485,False,12.848991192642053,True,False,9.848208514909238,out_of_bounds,True,0.3206023872708269,0.0,14.16497673151624,0.0,0.0,1.6573215630641482,1,1,1.0,1.0442695313892383,1.0442695313892383,0.7071067811865476,0.7071067811865476,-0.5,0.5,0.5,0.5835227966308594,simulator_service,service_success,True,,0.0098,0.0001,service_success,0.0,False,False
-15.242548,2,6097.788929,False,1.2120820303766957,True,False,0.0,out_of_bounds,True,0.6786700036122151,0.0,2.814306296664748,0.0,0.0,1.6635974459042036,1,1,1.0,1.793711581496792,1.793711581496792,0.7071067811865476,0.7071067811865476,-0.5,0.5,-0.5,-1.5707963705062866,simulator_service,service_success,True,,0.0066,0.0,service_success,0.0,False,False
-15.2109585,2,6117.753233,False,11.972740276108482,True,False,9.385360007210512,out_of_bounds,True,0.09961901497572298,0.0,12.835938864955965,0.0,0.0,1.9609744821187531,1,1,1.0,1.793711581496792,1.793711581496792,0.7071067811865476,0.7071067811865476,0.5,0.5,0.5,1.5707963705062866,simulator_service,service_success,True,,0.0078,0.0,service_success,0.0,False,False
-15.337863,2,6133.173719,False,1.4874500965436228,True,False,0.0,out_of_bounds,True,0.48164892658354597,0.0,2.8184078543603754,0.0,0.0,1.6632186745572064,1,1,1.0,1.793711581496792,1.793711581496792,0.7071067811865476,0.7071067811865476,-0.5,0.5,-0.5,-1.5707963705062866,simulator_service,service_success,True,,0.0089,0.0002,service_success,0.0,False,False
-15.298548,2,6149.077946,False,2.4091013133838564,True,False,0.0,out_of_bounds,True,0.3872152543090307,0.0,1.8734102136699,0.0,0.0,1.1229814152360822,1,1,1.0,1.793711581496792,1.793711581496792,0.7071067811865476,0.7071067811865476,-0.5,0.5,-0.5,-1.5707963705062866,simulator_service,service_success,True,,0.0078,0.0,service_success,0.0,False,False
-15.387455,2,6164.195248,False,15.575000648313551,True,False,9.404928903110747,out_of_bounds,True,0.012877462676168022,0.0,12.935641162634202,0.0,0.0,1.925180354768444,1,1,1.0,1.793711581496792,1.793711581496792,0.7071067811865476,0.7071067811865476,-0.5,0.5,0.5,1.5707963705062866,simulator_service,service_success,True,,0.009,0.0006,service_success,0.0,False,False
-15.567144,2,6180.021731,False,5.427841254754113,True,False,0.0,out_of_bounds,True,0.4175444639943949,0.0,2.1473572364427023,0.0,0.0,1.2790345667989353,1,1,1.0,1.793711581496792,1.793711581496792,0.7071067811865476,0.7071067811865476,0.5,-0.5,-0.5,-1.5707963705062866,simulator_service,service_success,True,,0.0089,0.0004,service_success,0.0,False,False
-15.476952,2,6195.18229,False,4.711462314541502,True,False,0.0,out_of_bounds,True,0.9179322586282525,0.0,1.8626710211676167,0.0,0.0,1.1174648611782343,1,1,1.0,1.793711581496792,1.793711581496792,0.7071067811865476,0.7071067811865476,-0.5,0.5,-0.5,-1.5707963705062866,simulator_service,service_success,True,,0.0089,0.0001,service_success,0.0,False,False
-15.123844,2,6211.022,False,12.266668289645589,True,False,8.551667081742183,out_of_bounds,True,0.2787280868167111,0.0,12.908946732097478,0.0,0.0,1.0871077488378915,1,1,1.0,1.793711581496792,1.793711581496792,0.7071067811865476,0.7071067811865476,0.5,-0.5,0.5,-1.5707963705062866,simulator_service,service_success,True,,0.0086,0.0005,service_success,0.0,False,False
-15.160818,2,6226.380605,False,2.411032244849012,True,False,0.0,out_of_bounds,True,0.3416830994576099,0.0,2.914568725017581,0.0,0.0,1.7159862949074687,1,1,1.0,1.793711581496792,1.793711581496792,0.7071067811865476,0.7071067811865476,-0.5,0.5,-0.5,-1.5707963705062866,simulator_service,service_success,True,,0.0098,0.0003,service_success,0.0,False,False
-15.175223,2,6242.132106,False,12.599414633685004,True,False,9.422840682125797,out_of_bounds,True,0.915979656379717,0.0,12.907921958394915,0.0,0.0,1.9583973656259812,1,1,1.0,1.793711581496792,1.793711581496792,0.7071067811865476,0.7071067811865476,0.5,0.5,0.5,-1.5707963705062866,simulator_service,service_success,True,,0.0077,0.0,service_success,0.0,False,False
-15.372428,2,6257.774898,False,3.0668220198849014,True,False,0.0,out_of_bounds,True,0.47351368336671806,0.0,1.7808974065713081,0.0,0.0,1.0666688191297915,1,1,1.0,1.793711581496792,1.793711581496792,0.7071067811865476,0.7071067811865476,0.5,0.5,-0.5,-1.5707963705062866,simulator_service,service_success,True,,0.0093,0.0006,service_success,0.0,False,False
-15.425753,2,6273.317814,False,10.813096200209461,True,False,8.950097850716102,out_of_bounds,True,0.7877536052401585,0.0,12.897969257522687,0.0,0.0,1.4906637217222174,1,1,1.0,1.793711581496792,1.793711581496792,0.7071067811865476,0.7071067811865476,-0.5,-0.5,0.5,1.5707963705062866,simulator_service,service_success,True,,0.008,0.0,service_success,0.0,False,False
-15.327824,2,6289.509879,False,2.544136061410264,True,False,0.0,out_of_bounds,True,0.39209691397190455,0.0,2.1642776376524284,0.0,0.0,1.2905351943600092,1,1,1.0,1.793711581496792,1.793711581496792,0.7071067811865476,0.7071067811865476,0.5,-0.5,-0.5,-1.5707963705062866,simulator_service,service_success,True,,0.0088,0.0023,service_success,0.0,False,False
-15.515783,2,6304.634816,False,3.2287125666752177,True,False,0.0,out_of_bounds,True,0.4575985137955464,0.0,2.004043937508758,0.0,0.0,1.1984617221187004,1,1,1.0,1.793711581496792,1.793711581496792,0.7071067811865476,0.7071067811865476,0.5,0.5,-0.5,1.5707963705062866,simulator_service,service_success,True,,0.0085,0.0001,service_success,0.0,False,False
-15.534093,2,6319.975494,False,3.8640430523616147,True,False,0.0,out_of_bounds,True,0.43879213184444776,0.0,2.562629713431358,0.0,0.0,1.5208640115670853,1,1,1.0,1.793711581496792,1.793711581496792,0.7071067811865476,0.7071067811865476,-0.5,0.5,-0.5,1.5707963705062866,simulator_service,service_success,True,,0.0074,0.0,service_success,0.0,False,False
-15.218651,2,6336.233108,False,10.23423766609698,True,False,8.45667798362695,out_of_bounds,True,0.3713013276047876,0.0,11.873549080827596,0.0,0.0,1.5876577440158197,1,1,1.0,0.8933563107322061,0.8933563107322061,0.7071067811865476,0.7071067811865476,0.5,-0.5,0.5,-0.2192840576171875,simulator_service,service_success,True,,0.0093,0.0004,service_success,0.0,False,False
-15.518914,2,6352.089572,False,3.3463279536002655,True,False,0.0,out_of_bounds,True,0.6578159521326562,0.0,2.978001249059297,0.0,0.0,1.7563813602509533,1,1,1.0,1.793711581496792,1.793711581496792,0.7071067811865476,0.7071067811865476,0.5,-0.5,-0.5,-1.5707963705062866,simulator_service,service_success,True,,0.0092,0.0016,service_success,0.0,False,False
-15.220459,2,6368.137942,False,11.832077617133587,True,False,9.668412564791355,out_of_bounds,True,0.07745628538236023,0.0,13.348888517299835,0.0,0.0,1.9487602024401192,1,1,1.0,1.793711581496792,1.793711581496792,0.7071067811865476,0.7071067811865476,-0.5,0.5,0.5,1.5707963705062866,simulator_service,service_success,True,,0.0072,0.0,service_success,0.0,False,False
-15.489423,2,6384.288077,False,3.6281020824035903,True,False,0.0,out_of_bounds,True,0.8663948459071813,0.0,2.8489863473970614,0.0,0.0,1.6839244462180254,1,1,1.0,1.793711581496792,1.793711581496792,0.7071067811865476,0.7071067811865476,0.5,0.5,-0.5,1.5707963705062866,simulator_service,service_success,True,,0.0086,0.001,service_success,0.0,False,False
-15.162889,2,6400.110857,False,3.6703617085652747,True,False,0.0,out_of_bounds,True,0.5436363375356927,0.0,2.9584024994716187,0.0,0.0,1.7440795599226642,1,1,1.0,1.793711581496792,1.793711581496792,0.7071067811865476,0.7071067811865476,0.5,0.5,-0.5,1.5707963705062866,simulator_service,service_success,True,,0.0076,0.0,service_success,0.0,False,False
-15.265857,2,6415.214707,False,1.1698211437531698,True,False,0.0,out_of_bounds,True,0.8247051214633484,0.0,3.262597198654334,0.0,0.0,1.9175702806637884,1,1,1.0,1.793711581496792,1.793711581496792,0.7071067811865476,0.7071067811865476,0.5,0.5,-0.5,1.5707963705062866,simulator_service,service_success,True,,0.0076,0.0004,service_success,0.0,False,False
-15.335966,2,6435.234989,False,2.249890840460825,True,False,0.0,out_of_bounds,True,0.7460901092887031,0.0,2.724128373235016,0.0,0.0,1.6120668597326566,1,1,1.0,1.793711581496792,1.793711581496792,0.7071067811865476,0.7071067811865476,0.5,-0.5,-0.5,1.5707963705062866,simulator_service,service_success,True,,0.0086,0.0017,service_success,0.0,False,False
-15.200686,2,6450.798771,False,1.5009456238133685,True,False,0.0,out_of_bounds,True,0.48199249534688265,0.0,2.6503719048311463,0.0,0.0,1.5654613585253063,1,1,1.0,1.44401345761621,1.44401345761621,0.7071067811865476,0.7071067811865476,-0.5,-0.5,-0.5,1.155497670173645,simulator_service,service_success,True,,0.0107,0.0007,service_success,0.0,False,False
-15.567531,2,6466.423559,False,4.149366620946766,True,False,0.0,out_of_bounds,True,0.40310783278101375,0.0,1.7152413643858648,0.0,0.0,1.0360927300037093,1,1,1.0,1.793711581496792,1.793711581496792,0.7071067811865476,0.7071067811865476,-0.5,0.5,-0.5,1.5707963705062866,simulator_service,service_success,True,,0.0093,0.0029,service_success,0.0,False,False
-15.211862,2,6481.732881,False,1.8830934148399867,True,False,0.0,out_of_bounds,True,0.2924143943419743,0.0,2.7814067528683006,0.0,0.0,1.6429584044398815,1,1,1.0,1.793711581496792,1.793711581496792,0.7071067811865476,0.7071067811865476,-0.5,-0.5,-0.5,-1.5707963705062866,simulator_service,service_success,True,,0.009,0.0012,service_success,0.0,False,False
-15.51774,2,6497.216373,False,4.6246228678458055,True,False,0.0,out_of_bounds,True,0.4744519830192163,0.0,2.2680553250321185,0.0,0.0,1.34828202791393,1,1,1.0,1.793711581496792,1.793711581496792,0.7071067811865476,0.7071067811865476,0.5,0.5,-0.5,1.5707963705062866,simulator_service,service_success,True,,0.0089,0.0003,service_success,0.0,False,False
-15.320848,2,6512.610616,False,10.755796946025065,True,False,8.17169935930858,out_of_bounds,True,0.8832989231402681,0.0,12.298987906519129,0.0,0.0,1.0575102743246663,1,1,1.0,1.793711581496792,1.793711581496792,0.7071067811865476,0.7071067811865476,0.5,-0.5,0.5,1.5707963705062866,simulator_service,service_success,True,,0.0098,0.0025,service_success,0.0,False,False
-15.555228,2,6528.242854,False,14.196326992654045,True,False,8.967747486538588,out_of_bounds,True,0.7385794613133189,0.0,12.4234434752494,0.0,0.0,1.7833418662984115,1,1,1.0,1.793711581496792,1.793711581496792,0.7071067811865476,0.7071067811865476,-0.5,0.5,0.5,1.5707963705062866,simulator_service,service_success,True,,0.0102,0.0009,service_success,0.0,False,False
-15.387564,2,6549.55505,False,10.202357148392101,True,False,8.988045831107762,out_of_bounds,True,0.09100837402522595,0.0,12.32529167339595,0.0,0.0,1.858952759897605,1,1,1.0,1.793711581496792,1.793711581496792,0.7071067811865476,0.7071067811865476,-0.5,0.5,0.5,1.5707963705062866,simulator_service,service_success,True,,0.009,0.0,service_success,0.0,False,False
-15.267166,2,6565.563074,False,2.4428092368898264,True,False,0.0,out_of_bounds,True,0.14852245897891558,0.0,2.650431185614894,0.0,0.0,1.5683988294737758,1,1,1.0,1.793711581496792,1.793711581496792,0.7071067811865476,0.7071067811865476,0.5,0.5,-0.5,-1.5707963705062866,simulator_service,service_success,True,,0.0086,0.0,service_success,0.0,False,False
-15.49572,2,6580.931386,False,9.69196100419048,True,False,8.790249544631548,out_of_bounds,True,0.7778884885337106,0.0,12.733181891705282,0.0,0.0,1.4277683870814302,1,1,1.0,1.793711581496792,1.793711581496792,0.7071067811865476,0.7071067811865476,0.5,-0.5,0.5,1.5707963705062866,simulator_service,service_success,True,,0.0091,0.0001,service_success,0.0,False,False
-15.21691,2,6596.553316,False,10.798389144615884,True,False,8.441806402534063,out_of_bounds,True,0.9275725275752658,0.0,12.307732354334865,0.0,0.0,1.3226593897804326,1,1,1.0,1.793711581496792,1.793711581496792,0.7071067811865476,0.7071067811865476,-0.5,0.5,0.5,-1.5707963705062866,simulator_service,service_success,True,,0.0088,0.0026,service_success,0.0,False,False
-15.236034,2,6612.00967,False,11.22465471300014,True,False,8.831304949647487,out_of_bounds,True,0.03226466873202746,0.0,12.325019832834549,0.0,0.0,1.7022432093970863,1,1,1.0,1.793711581496792,1.793711581496792,0.7071067811865476,0.7071067811865476,0.5,-0.5,0.5,1.5707963705062866,simulator_service,service_success,True,,0.009,0.0001,service_success,0.0,False,False
-15.337509,2,6627.526313,False,2.6808558866740535,True,False,0.0,out_of_bounds,True,0.677602235102833,0.0,2.1760052958506058,0.0,0.0,1.294737395296043,1,1,1.0,1.793711581496792,1.793711581496792,0.7071067811865476,0.7071067811865476,0.5,0.5,-0.5,1.5707963705062866,simulator_service,service_success,True,,0.0088,0.0,service_success,0.0,False,False
-15.450401,2,6643.046611,False,10.400351139871878,True,False,9.01523596466146,out_of_bounds,True,0.32027438809778136,0.0,12.343970245286462,0.0,0.0,1.8763049470788404,1,1,1.0,1.793711581496792,1.793711581496792,0.7071067811865476,0.7071067811865476,-0.5,0.5,0.5,-1.5707963705062866,simulator_service,service_success,True,,0.0091,0.0001,service_success,0.0,False,False
-15.554236,2,6658.58113,False,3.8841703900950755,True,False,0.0,out_of_bounds,True,0.82663349777063,0.0,1.7983391832686884,0.0,0.0,1.0832063633915017,1,1,1.0,1.793711581496792,1.793711581496792,0.7071067811865476,0.7071067811865476,-0.5,-0.5,-0.5,-1.5707963705062866,simulator_service,service_success,True,,0.0092,0.0012,service_success,0.0,False,False
-15.132372,2,6674.029426,False,9.795363109635826,True,False,4.511788561317379,out_of_bounds,True,0.5376039734694171,0.0,10.456373691242861,0.0,0.0,1.6000111441047575,1,1,1.0,1.7346820911447298,1.7346820911447298,0.7071067811865476,0.7071067811865476,0.5,-0.5,0.20425650477409363,-1.5707963705062866,simulator_service,service_success,True,,0.0089,0.0,service_success,0.0,False,False
-15.40114,2,6695.599521,False,10.295944052232525,True,False,9.046223842728471,out_of_bounds,True,0.4938637169200771,0.0,12.3785800452722,0.0,0.0,1.8870602393888716,1,1,1.0,1.793711581496792,1.793711581496792,0.7071067811865476,0.7071067811865476,0.5,-0.5,0.5,1.5707963705062866,simulator_service,service_success,True,,0.0098,0.0005,service_success,0.0,False,False
-15.187935,2,6711.660016,False,16.73852793567919,True,False,11.548389834385091,out_of_bounds,True,0.34160552366300306,0.0,17.98067209081426,0.0,0.0,1.156407030228795,1,1,1.0,1.793711581496792,1.793711581496792,0.7071067811865476,0.7071067811865476,0.5,-0.5,0.5,-1.5707963705062866,simulator_service,service_success,True,,0.009,0.0001,service_success,0.0,False,False
-15.508521,2,6731.518259,False,3.9894915659238674,True,False,0.0,out_of_bounds,True,0.701926667150395,0.0,2.5639965349810154,0.0,0.0,1.5210627010236308,1,1,1.0,1.793711581496792,1.793711581496792,0.7071067811865476,0.7071067811865476,-0.5,-0.5,-0.5,-1.5707963705062866,simulator_service,service_success,True,,0.0087,0.0,service_success,0.0,False,False
-15.140833,2,6751.904175,False,15.630716460806276,True,False,10.692514046354882,out_of_bounds,True,0.09939525334158494,0.0,16.480124735798814,0.0,0.0,1.1661155954037663,1,1,1.0,1.793711581496792,1.793711581496792,0.7071067811865476,0.7071067811865476,0.5,0.5,0.5,-1.5707963705062866,simulator_service,service_success,True,,0.0082,0.0001,service_success,0.0,False,False
-15.278877,2,6772.324177,False,15.442095672679583,True,False,11.670973064773472,out_of_bounds,True,0.6971469037137453,0.0,16.95581107303584,0.0,0.0,1.8707722991336826,1,1,1.0,1.793711581496792,1.793711581496792,0.7071067811865476,0.7071067811865476,0.5,-0.5,0.5,1.5707963705062866,simulator_service,service_success,True,,0.0092,0.0005,service_success,0.0,False,False
-15.139268,2,6792.808011,False,16.35153801951702,True,False,11.096443445443494,out_of_bounds,True,0.734817281414163,0.0,16.96514825468366,0.0,0.0,1.2912963432434548,1,1,1.0,1.793711581496792,1.793711581496792,0.7071067811865476,0.7071067811865476,-0.5,0.5,0.5,-1.5707963705062866,simulator_service,service_success,True,,0.0082,0.0,service_success,0.0,False,False
-15.491189,2,6813.244193,False,3.10169566685482,True,False,0.0,out_of_bounds,True,0.8047712927723218,0.0,2.2437517464920154,0.0,0.0,1.3374339714192343,1,1,1.0,1.793711581496792,1.793711581496792,0.7071067811865476,0.7071067811865476,0.5,-0.5,-0.5,1.5707963705062866,simulator_service,service_success,True,,0.0081,0.0001,service_success,0.0,False,False
-15.287227,2,6833.798191,False,3.0103429157823824,True,False,0.0,out_of_bounds,True,0.45642162818938076,0.0,1.755930059901388,0.0,0.0,1.0594956119926253,1,1,1.0,1.793711581496792,1.793711581496792,0.7071067811865476,0.7071067811865476,0.5,0.5,-0.5,-1.5707963705062866,simulator_service,service_success,True,,0.0081,0.0,service_success,0.0,False,False
-15.350788,2,6854.358181,False,14.763915539387563,True,False,11.73866744919059,out_of_bounds,True,0.127108257971189,0.0,17.042948790378837,0.0,0.0,1.8884553248057283,1,1,1.0,1.793711581496792,1.793711581496792,0.7071067811865476,0.7071067811865476,0.5,0.5,0.5,1.5707963705062866,simulator_service,service_success,True,,0.0088,0.0017,service_success,0.0,False,False
-15.280276,2,6874.839178,False,16.655543485783124,True,False,11.118509020655301,out_of_bounds,True,0.135631102882854,0.0,16.991448446374157,0.0,0.0,1.298323829526768,1,1,1.0,1.793711581496792,1.793711581496792,0.7071067811865476,0.7071067811865476,-0.5,0.5,0.5,-1.5707963705062866,simulator_service,service_success,True,,0.0086,0.0003,service_success,0.0,False,False
-15.304136,2,6895.427058,False,16.16724205401677,True,False,11.114261525352235,out_of_bounds,True,0.46923326840879037,0.0,16.948172798598886,0.0,0.0,1.3191821808679867,1,1,1.0,1.793711581496792,1.793711581496792,0.7071067811865476,0.7071067811865476,0.5,-0.5,0.5,1.5707963705062866,simulator_service,service_success,True,,0.0082,0.0,service_success,0.0,False,False
-15.237308,2,6916.053394,False,15.920865863967029,True,False,11.818785648699802,out_of_bounds,True,0.681726557967639,0.0,17.042385178687766,0.0,0.0,1.968606251304236,1,1,1.0,1.793711581496792,1.793711581496792,0.7071067811865476,0.7071067811865476,-0.5,0.5,0.5,-1.5707963705062866,simulator_service,service_success,True,,0.0084,0.0,service_success,0.0,False,False
-15.492985,2,6936.680645,False,13.98175358222255,True,False,11.646758715476938,out_of_bounds,True,0.06681365077909426,0.0,16.973358064280212,0.0,0.0,1.8365522785140735,1,1,1.0,1.793711581496792,1.793711581496792,0.7071067811865476,0.7071067811865476,0.5,0.5,0.5,1.5707963705062866,simulator_service,service_success,True,,0.0091,0.0009,service_success,0.0,False,False
-15.568689,2,6957.383208,False,13.80953078426443,True,False,11.764581840732511,out_of_bounds,True,0.06118400099350476,0.0,17.025724302979445,0.0,0.0,1.9244762480048638,1,1,1.0,1.793711581496792,1.793711581496792,0.7071067811865476,0.7071067811865476,0.5,-0.5,0.5,1.5707963705062866,simulator_service,service_success,True,,0.0082,0.0,service_success,0.0,False,False
-15.111915,2,6978.488079,False,14.040241935400333,True,False,11.739539507943867,out_of_bounds,True,0.4334046698601864,0.0,14.429733761858026,0.0,0.0,1.7091150984856003,1,1,1.0,0.7382393501409238,0.7382393501409238,0.5178836151543856,0.5178836151543856,0.1349201202392578,0.5,0.5,-0.16368842124938965,simulator_service,service_success,True,,0.0084,0.0001,service_success,0.0,False,False
-15.31515,2,7000.980309,False,15.340714596301726,True,False,11.876709534615525,out_of_bounds,True,0.5055449044519166,0.0,17.43294368770196,0.0,0.0,1.8015446614693207,1,1,1.0,1.793711581496792,1.793711581496792,0.7071067811865476,0.7071067811865476,-0.5,-0.5,0.5,-1.5707963705062866,simulator_service,service_success,True,,0.0083,0.0001,service_success,0.0,False,False
-15.220916,2,7022.294326,False,17.408566342331913,True,False,12.62005102977608,out_of_bounds,True,0.12001791086373127,0.0,18.915288679928572,0.0,0.0,1.6895282908026024,1,1,1.0,1.6748242324631877,1.6748242324631877,0.7071067811865476,0.7071067811865476,-0.5,0.5,0.5,1.4335397481918335,simulator_service,service_success,True,,0.0077,0.0,service_success,0.0,False,False
-15.359275,2,7043.604227,False,15.43248657882767,True,False,11.397012793697378,out_of_bounds,True,0.07857698004409214,0.0,17.891693420045456,0.0,0.0,1.056887949514165,1,1,1.0,1.793711581496792,1.793711581496792,0.7071067811865476,0.7071067811865476,0.5,-0.5,0.5,1.5707963705062866,simulator_service,service_success,True,,0.0058,0.0,service_success,0.0,False,False
-15.346711,2,7064.924123,False,1.4826850446470763,True,False,0.0,out_of_bounds,True,0.043484465477620166,0.0,2.5601250011725325,0.0,0.0,1.5141152810106933,1,1,1.0,1.793711581496792,1.793711581496792,0.7071067811865476,0.7071067811865476,0.5,-0.5,-0.5,-1.5707963705062866,simulator_service,service_success,True,,0.0076,0.0,service_success,0.0,False,False
-15.403583,2,7080.214789,False,2.7846453057920733,True,False,0.0,out_of_bounds,True,0.5400623875684475,0.0,1.8908123780093593,0.0,0.0,1.1330639624612193,1,1,1.0,1.793711581496792,1.793711581496792,0.7071067811865476,0.7071067811865476,-0.5,0.5,-0.5,-1.5707963705062866,simulator_service,service_success,True,,0.0075,0.0,service_success,0.0,False,False
-15.562855,2,7101.041012,False,9.367775045904642,True,False,8.464916518737954,out_of_bounds,True,0.44146339281207414,0.0,12.073083149106314,0.0,0.0,1.4827681847841976,1,1,1.0,1.793711581496792,1.793711581496792,0.7071067811865476,0.7071067811865476,0.5,0.5,0.5,1.5707963705062866,simulator_service,service_success,True,,0.0086,0.0004,service_success,0.0,False,False
-15.5515,2,7122.515012,False,5.4367342328641906,True,False,0.0,out_of_bounds,True,0.29854995780304233,0.0,3.269436560202011,0.0,0.0,1.9206037648245369,1,1,1.0,1.793711581496792,1.793711581496792,0.7071067811865476,0.7071067811865476,0.5,0.5,-0.5,1.5707963705062866,simulator_service,service_success,True,,0.0074,0.0011,service_success,0.0,False,False
-15.565676,2,7144.065231,False,14.852298311905205,True,False,12.273219803259233,out_of_bounds,True,0.47709580412330777,0.0,17.95240280001435,0.0,0.0,1.8978954342668952,1,1,1.0,1.793711581496792,1.793711581496792,0.7071067811865476,0.7071067811865476,0.5,0.5,0.5,1.5707963705062866,simulator_service,service_success,True,,0.0085,0.0001,service_success,0.0,False,False
-15.2330475,2,7165.54424,False,17.289570731466743,True,False,12.142747291513867,out_of_bounds,True,0.48236620866253654,0.0,18.05648981816608,0.0,0.0,1.707395308433823,1,1,1.0,1.793711581496792,1.793711581496792,0.7071067811865476,0.7071067811865476,0.5,0.5,0.5,-1.5707963705062866,simulator_service,service_success,True,,0.0083,0.0005,service_success,0.0,False,False
-15.318098,2,7187.066247,False,2.896585839653895,True,False,0.0,out_of_bounds,True,0.8156095146246907,0.0,1.5596708292709809,0.0,0.0,1.1225802717973172,1,1,1.0,1.7237006731611175,1.7237006731611175,0.5037288685993356,0.5037288685993356,0.06117820739746094,-0.5,-0.5,1.5707963705062866,simulator_service,service_success,True,,0.0077,0.0001,service_success,0.0,False,False
-15.50012,2,7208.645206,False,14.930281906205924,True,False,12.111495278396317,out_of_bounds,True,0.47506052969783513,0.0,18.030571011794112,0.0,0.0,1.6912769496011237,1,1,1.0,1.793711581496792,1.793711581496792,0.7071067811865476,0.7071067811865476,0.5,0.5,0.5,-1.5707963705062866,simulator_service,service_success,True,,0.0076,0.0,service_success,0.0,False,False
-15.524838,2,7230.283115,False,4.725180481827542,True,False,0.0,out_of_bounds,True,0.8779896146114272,0.0,2.1012728144550827,0.0,0.0,1.507118674859539,1,1,1.0,1.7229297077961239,1.7229297077961239,0.5010843645642052,0.5010843645642052,-0.032947540283203125,-0.5,-0.5,1.5707963705062866,simulator_service,service_success,True,,0.0083,0.0003,service_success,0.0,False,False
-15.244967,2,7251.762519,False,17.027302883817743,True,False,12.033114804843487,out_of_bounds,True,0.370445992907358,0.0,18.030570858034277,0.0,0.0,1.6128561930906609,1,1,1.0,1.793711581496792,1.793711581496792,0.7071067811865476,0.7071067811865476,0.5,0.5,0.5,-1.5707963705062866,simulator_service,service_success,True,,0.0076,0.0,service_success,0.0,False,False
-15.547746,2,7273.498866,False,15.724679483914938,True,False,12.402343556993245,out_of_bounds,True,0.6476398636914321,0.0,18.03051489467571,0.0,0.0,1.9820474743829595,1,1,1.0,1.793711581496792,1.793711581496792,0.7071067811865476,0.7071067811865476,-0.5,0.5,0.5,1.5707963705062866,simulator_service,service_success,True,,0.0082,0.0025,service_success,0.0,False,False
-15.410223,2,7294.967964,False,16.839240383708848,True,False,11.612039158426928,out_of_bounds,True,0.35750992471838466,0.0,18.117254758894735,0.0,0.0,1.1417538966228435,1,1,1.0,1.793711581496792,1.793711581496792,0.7071067811865476,0.7071067811865476,0.5,0.5,0.5,1.5707963705062866,simulator_service,service_success,True,,0.0077,0.0,service_success,0.0,False,False
-15.291926,2,7316.725071,False,16.06447303284993,True,False,11.72518082805304,out_of_bounds,True,0.7822429213302046,0.0,18.013053069971264,0.0,0.0,1.3149279922729584,1,1,1.0,1.793711581496792,1.793711581496792,0.7071067811865476,0.7071067811865476,-0.5,0.5,0.5,-1.5707963705062866,simulator_service,service_success,True,,0.0075,0.0001,service_success,0.0,False,False
-15.141401,2,7338.322716,False,18.686910213126882,True,False,12.136132370199785,out_of_bounds,True,0.8468767579759684,0.0,18.03135653724489,0.0,0.0,1.7159138152973272,1,1,1.0,1.793711581496792,1.793711581496792,0.7071067811865476,0.7071067811865476,-0.5,0.5,0.5,1.5707963705062866,simulator_service,service_success,True,,0.0078,0.0001,service_success,0.0,False,False
-15.264247,2,7360.03309,False,17.154153738483007,True,False,12.22882187840917,out_of_bounds,True,0.7948035935711923,0.0,18.09079847477187,0.0,0.0,1.773624210068751,1,1,1.0,1.793711581496792,1.793711581496792,0.7071067811865476,0.7071067811865476,-0.5,0.5,0.5,-1.5707963705062866,simulator_service,service_success,True,,0.0074,0.0,service_success,0.0,False,False
-15.444908,2,7381.705134,False,16.105140255951603,True,False,11.962378938425788,out_of_bounds,True,0.06744858231312689,0.0,18.0739628532215,0.0,0.0,1.5171886716167808,1,1,1.0,1.793711581496792,1.793711581496792,0.7071067811865476,0.7071067811865476,-0.5,0.5,0.5,1.5707963705062866,simulator_service,service_success,True,,0.0079,0.0,service_success,0.0,False,False
-15.278799,2,7403.546506,False,16.739252133184124,True,False,12.242563160230796,out_of_bounds,True,0.07234606152074388,0.0,18.09198769108284,0.0,0.0,1.7872979753788758,1,1,1.0,1.793711581496792,1.793711581496792,0.7071067811865476,0.7071067811865476,-0.5,0.5,0.5,-1.5707963705062866,simulator_service,service_success,True,,0.0075,0.0,service_success,0.0,False,False
-15.331798,2,7425.322246,False,17.678301532173666,True,False,11.957378225402529,out_of_bounds,True,0.22210380892079565,0.0,18.212200872092644,0.0,0.0,1.432128844516589,1,1,1.0,1.793711581496792,1.793711581496792,0.7071067811865476,0.7071067811865476,-0.5,0.5,0.5,1.5707963705062866,simulator_service,service_success,True,,0.0077,0.0,service_success,0.0,False,False
-15.413306,2,7447.157141,False,3.1924537963521518,True,False,0.0,out_of_bounds,True,0.37757411515722233,0.0,3.305223849382064,0.0,0.0,1.943507767038171,1,1,1.0,1.793711581496792,1.793711581496792,0.7071067811865476,0.7071067811865476,-0.5,0.5,-0.5,-1.5707963705062866,simulator_service,service_success,True,,0.0075,0.0001,service_success,0.0,False,False
-15.36664,2,7468.98404,False,17.855503372374624,True,False,11.700920660638634,out_of_bounds,True,0.16780103022998713,0.0,18.083347654707325,0.0,0.0,1.2506829133991813,1,1,1.0,1.793711581496792,1.793711581496792,0.7071067811865476,0.7071067811865476,-0.5,-0.5,0.5,1.5707963705062866,simulator_service,service_success,True,,0.0076,0.0,service_success,0.0,False,False
-15.298058,2,7484.378456,False,1.7403387785476527,True,False,0.0,out_of_bounds,True,0.4307179586885738,0.0,2.746701973478359,0.0,0.0,1.6233746206351254,1,1,1.0,1.793711581496792,1.793711581496792,0.7071067811865476,0.7071067811865476,0.5,0.5,-0.5,1.5707963705062866,simulator_service,service_success,True,,0.0079,0.0,service_success,0.0,False,False
-15.451654,2,7505.757136,False,10.942630877666845,True,False,8.680824487359079,out_of_bounds,True,0.7949312091967603,0.0,12.212138804786703,0.0,0.0,1.6187321656141642,1,1,1.0,1.793711581496792,1.793711581496792,0.7071067811865476,0.7071067811865476,-0.5,-0.5,0.5,1.5707963705062866,simulator_service,service_success,True,,0.0079,0.0,service_success,0.0,False,False
-15.413842,2,7527.782224,False,3.320100131402892,True,False,0.0,out_of_bounds,True,0.8114059777891023,0.0,2.7578858713186465,0.0,0.0,1.6291655764066333,1,1,1.0,1.793711581496792,1.793711581496792,0.7071067811865476,0.7071067811865476,0.5,-0.5,-0.5,-1.5707963705062866,simulator_service,service_success,True,,0.0082,0.0026,service_success,0.0,False,False
-15.444159,2,7549.664209,False,15.10090983367074,True,False,11.850386026060116,out_of_bounds,True,0.6141573835214688,0.0,18.152532522538795,0.0,0.0,1.3602125927545958,1,1,1.0,1.793711581496792,1.793711581496792,0.7071067811865476,0.7071067811865476,0.5,-0.5,0.5,1.5707963705062866,simulator_service,service_success,True,,0.0084,0.0001,service_success,0.0,False,False
-15.148338,2,7573.682217,False,1.9580327934703357,True,False,0.0,out_of_bounds,True,0.6613489089994474,0.0,1.7707636046373194,0.0,0.0,1.0602718265018694,1,1,1.0,0.8759966816406657,0.8759966816406657,0.7071067811865476,0.7071067811865476,0.5,0.5,-0.5,0.1317960023880005,simulator_service,service_success,True,,0.008,0.0016,service_success,0.0,False,False
-15.440341,2,7595.574059,False,18.155383554375828,True,False,12.564889199858532,out_of_bounds,True,0.6462339125151576,0.0,19.89312924299734,0.0,0.0,1.0693730176985436,1,1,1.0,1.793711581496792,1.793711581496792,0.7071067811865476,0.7071067811865476,0.5,-0.5,0.5,1.5707963705062866,simulator_service,service_success,True,,0.0078,0.0001,service_success,0.0,False,False
-15.121569,2,7618.214373,False,2.3123338016712944,True,False,0.0,out_of_bounds,True,0.3756884635887796,0.0,2.2110509769935662,0.0,0.0,1.3152152173869713,1,1,1.0,1.793711581496792,1.793711581496792,0.7071067811865476,0.7071067811865476,0.5,0.5,-0.5,-1.5707963705062866,simulator_service,service_success,True,,0.0058,0.0,service_success,0.0,False,False
-15.385747,2,7640.493548,False,16.240947820814874,True,False,12.670293753120623,out_of_bounds,True,0.8264893075549155,0.0,18.84477134493118,0.0,0.0,1.7800022112780771,1,1,1.0,1.793711581496792,1.793711581496792,0.7071067811865476,0.7071067811865476,0.5,-0.5,0.5,1.5707963705062866,simulator_service,service_success,True,,0.0078,0.0001,service_success,0.0,False,False
-15.346477,2,7663.217418,False,16.495600676683775,True,False,12.318709550782161,out_of_bounds,True,0.44275150874588376,0.0,18.914116670122848,0.0,0.0,1.3883810293069783,1,1,1.0,1.793711581496792,1.793711581496792,0.7071067811865476,0.7071067811865476,0.5,0.5,0.5,1.5707963705062866,simulator_service,service_success,True,,0.0079,0.0022,service_success,0.0,False,False
-15.448484,2,7685.812871,False,16.579203518349303,True,False,12.74732254541736,out_of_bounds,True,0.9172328695999898,0.0,19.09596808520585,0.0,0.0,1.7120107635174469,1,1,1.0,1.793711581496792,1.793711581496792,0.7071067811865476,0.7071067811865476,0.5,-0.5,0.5,-1.5707963705062866,simulator_service,service_success,True,,0.0074,0.0,service_success,0.0,False,False
-15.510307,2,7708.634282,False,3.0739658971299018,True,False,0.0,out_of_bounds,True,0.8104011798099634,0.0,2.2315655870970317,0.0,0.0,1.3290890805096438,1,1,1.0,1.793711581496792,1.793711581496792,0.7071067811865476,0.7071067811865476,-0.5,-0.5,-0.5,1.5707963705062866,simulator_service,service_success,True,,0.0068,0.0001,service_success,0.0,False,False
-15.529678,2,7731.216094,False,16.41205129682375,True,False,12.649670573928157,out_of_bounds,True,0.4595843251803644,0.0,19.079264586595183,0.0,0.0,1.6243827692198316,1,1,1.0,1.793711581496792,1.793711581496792,0.7071067811865476,0.7071067811865476,-0.5,0.5,0.5,1.5707963705062866,simulator_service,service_success,True,,0.0071,0.0,service_success,0.0,False,False
-15.304778,2,7754.125724,False,2.3111662862321647,True,False,0.0,out_of_bounds,True,0.09541334696254636,0.0,1.9958780522704045,0.0,0.0,1.1926520487315118,1,1,1.0,1.793711581496792,1.793711581496792,0.7071067811865476,0.7071067811865476,-0.5,-0.5,-0.5,-1.5707963705062866,simulator_service,service_success,True,,0.0077,0.0022,service_success,0.0,False,False
-15.28318,2,7783.314177,False,17.463352828385414,True,False,12.703131631797957,out_of_bounds,True,0.7634995556175831,0.0,19.078703782990893,0.0,0.0,1.677800752504825,1,1,1.0,1.793711581496792,1.793711581496792,0.7071067811865476,0.7071067811865476,-0.5,-0.5,0.5,1.5707963705062866,simulator_service,service_success,True,,0.0073,0.0,service_success,0.0,False,False
-15.427368,2,7804.981338,False,21.044945747677392,True,False,14.836021109875679,out_of_bounds,True,0.03525084635930394,0.0,23.775010669518707,0.0,0.0,1.1001597383282615,1,1,1.0,1.793711581496792,1.793711581496792,0.7071067811865476,0.7071067811865476,0.5,0.5,0.5,1.5707963705062866,simulator_service,service_success,True,,0.0075,0.0017,service_success,0.0,False,False
-15.387165,2,7828.228071,False,17.090049935140488,True,False,12.330224676329305,out_of_bounds,True,0.0136517335944344,0.0,18.576548600659482,0.0,0.0,1.594082084129443,1,1,1.0,1.793711581496792,1.793711581496792,0.7071067811865476,0.7071067811865476,0.5,-0.5,0.5,1.5707963705062866,simulator_service,service_success,True,,0.0066,0.0,service_success,0.0,False,False
-15.206345,2,7850.582261,False,17.969832025823685,True,False,13.003149179492317,out_of_bounds,True,0.5296449193366717,0.0,19.225968648291367,0.0,0.0,1.8927180783337676,1,1,1.0,1.793711581496792,1.793711581496792,0.7071067811865476,0.7071067811865476,0.5,0.5,0.5,1.5707963705062866,simulator_service,service_success,True,,0.0087,0.0001,service_success,0.0,False,False
-15.3338995,2,7873.868018,False,15.714466748823174,True,False,12.494691502237764,out_of_bounds,True,0.8056079916005876,0.0,18.00836833440449,0.0,0.0,1.4143573349521288,1,1,1.0,1.7688325926036506,1.7688325926036506,0.6413793753007876,0.6413793753007876,0.5,0.4017057418823242,0.5,1.5707963705062866,simulator_service,service_success,True,,0.0065,0.0,service_success,0.0,False,False
-15.371076,2,7896.28811,False,16.600957795073764,True,False,12.517378784239417,out_of_bounds,True,0.7132637633259572,0.0,19.157787363624998,0.0,0.0,1.4470287181936716,1,1,1.0,1.793711581496792,1.793711581496792,0.7071067811865476,0.7071067811865476,0.5,0.5,0.5,1.5707963705062866,simulator_service,service_success,True,,0.0076,0.0,service_success,0.0,False,False
-15.33072,2,7919.676145,False,17.605859956295713,True,False,12.770983234844937,out_of_bounds,True,0.802473388739024,0.0,19.243353561230354,0.0,0.0,1.650729131395035,1,1,1.0,1.793711581496792,1.793711581496792,0.7071067811865476,0.7071067811865476,-0.5,0.5,0.5,1.5707963705062866,simulator_service,service_success,True,,0.0064,0.0,service_success,0.0,False,False
-15.429177,2,7942.015147,False,2.669486174407961,True,False,0.0,out_of_bounds,True,0.5224479386331399,0.0,3.107739825768089,0.0,0.0,1.8278817944152803,1,1,1.0,1.793711581496792,1.793711581496792,0.7071067811865476,0.7071067811865476,-0.5,0.5,-0.5,-1.5707963705062866,simulator_service,service_success,True,,0.0077,0.0,service_success,0.0,False,False
-15.53347,2,7965.49109,False,18.250244661805805,True,False,12.826911270227692,out_of_bounds,True,0.9065252497718707,0.0,19.14866566730168,0.0,0.0,1.7616657551135755,1,1,1.0,1.793711581496792,1.793711581496792,0.7071067811865476,0.7071067811865476,0.5,-0.5,0.5,1.5707963705062866,simulator_service,service_success,True,,0.0065,0.0,service_success,0.0,False,False
-15.490868,2,7987.920151,False,3.0625751069488767,True,False,0.0,out_of_bounds,True,0.2645291607826605,0.0,2.1291973012191074,0.0,0.0,1.2709512857283343,1,1,1.0,1.793711581496792,1.793711581496792,0.7071067811865476,0.7071067811865476,-0.5,0.5,-0.5,-1.5707963705062866,simulator_service,service_success,True,,0.0087,0.0005,service_success,0.0,False,False
-15.32649,2,8011.401057,False,17.135645846871377,True,False,12.758007305146869,out_of_bounds,True,0.29983978164749797,0.0,19.148027673999238,0.0,0.0,1.6927943683671374,1,1,1.0,1.793711581496792,1.793711581496792,0.7071067811865476,0.7071067811865476,-0.5,-0.5,0.5,1.5707963705062866,simulator_service,service_success,True,,0.0064,0.0,service_success,0.0,False,False
-15.165609,2,8033.852066,False,18.230402975336705,True,False,12.799473301420061,out_of_bounds,True,0.8847202960909997,0.0,19.226112287909604,0.0,0.0,1.6891016031820731,1,1,1.0,1.793711581496792,1.793711581496792,0.7071067811865476,0.7071067811865476,-0.5,-0.5,0.5,-1.5707963705062866,simulator_service,service_success,True,,0.008,0.0002,service_success,0.0,False,False
-15.344117,2,8057.319002,False,2.5610821508781756,True,False,0.0,out_of_bounds,True,0.9412185653371037,0.0,1.693376903958017,0.0,0.0,1.0214757274774326,1,1,1.0,1.793711581496792,1.793711581496792,0.7071067811865476,0.7071067811865476,0.5,-0.5,-0.5,-1.5707963705062866,simulator_service,service_success,True,,0.0066,0.0001,service_success,0.0,False,False
-15.221328,2,8079.842141,False,17.87390612050794,True,False,12.452735441111985,out_of_bounds,True,0.15203558185725516,0.0,19.20001505811797,0.0,0.0,1.3574182236650636,1,1,1.0,1.793711581496792,1.793711581496792,0.7071067811865476,0.7071067811865476,-0.5,0.5,0.5,1.5707963705062866,simulator_service,service_success,True,,0.0079,0.0,service_success,0.0,False,False
-15.277232,2,8105.340017,False,17.809875775077757,True,False,13.103481366155304,out_of_bounds,True,0.7099119209902778,0.0,19.295309048319748,0.0,0.0,1.953210684703696,1,1,1.0,1.793711581496792,1.793711581496792,0.7071067811865476,0.7071067811865476,-0.5,-0.5,0.5,1.5707963705062866,simulator_service,service_success,True,,0.007,0.0005,service_success,0.0,False,False
-15.257193,2,8127.86711,False,19.274220108906963,True,False,13.6628458077078,out_of_bounds,True,0.06981708937724368,0.0,20.77686673998045,0.0,0.0,1.657321971822864,1,1,1.0,1.793711581496792,1.793711581496792,0.7071067811865476,0.7071067811865476,0.5,-0.5,0.5,-1.5707963705062866,simulator_service,service_success,True,,0.0079,0.0,service_success,0.0,False,False
-15.299531,2,8151.733125,False,17.750796840654406,True,False,12.707714719724972,out_of_bounds,True,0.06188982083740999,0.0,19.38181218056724,0.0,0.0,1.5075625618116872,1,1,1.0,1.793711581496792,1.793711581496792,0.7071067811865476,0.7071067811865476,-0.5,0.5,0.5,1.5707963705062866,simulator_service,service_success,True,,0.0044,0.0,service_success,0.0,False,False
-15.418393,2,8174.382373,False,2.927941220036832,True,False,0.0,out_of_bounds,True,0.6313712639321659,0.0,1.7021601019296688,0.0,0.0,1.0288412881286824,1,1,1.0,1.793711581496792,1.793711581496792,0.7071067811865476,0.7071067811865476,-0.5,0.5,-0.5,1.5707963705062866,simulator_service,service_success,True,,0.0083,0.0,service_success,0.0,False,False
-15.176234,2,8196.7521,False,2.4848252639424055,True,False,0.0,out_of_bounds,True,0.1579772418267015,0.0,2.7883165745761183,0.0,0.0,1.6468508114317388,1,1,1.0,1.793711581496792,1.793711581496792,0.7071067811865476,0.7071067811865476,0.5,-0.5,-0.5,1.5707963705062866,simulator_service,service_success,True,,0.0063,0.0,service_success,0.0,False,False
-15.466849,2,8219.195338,False,2.47427986628523,True,False,0.0,out_of_bounds,True,0.15268268161959175,0.0,2.660709937483769,0.0,0.0,1.5741244911275518,1,1,1.0,1.793711581496792,1.793711581496792,0.7071067811865476,0.7071067811865476,-0.5,0.5,-0.5,1.5707963705062866,simulator_service,service_success,True,,0.0093,0.0001,service_success,0.0,False,False
-15.551136,2,8241.953151,False,4.430496057001338,True,False,0.0,out_of_bounds,True,0.5571742869695192,0.0,2.8612875808037916,0.0,0.0,1.6868505383824934,1,1,1.0,1.793711581496792,1.793711581496792,0.7071067811865476,0.7071067811865476,-0.5,-0.5,-0.5,1.5707963705062866,simulator_service,service_success,True,,0.0093,0.0022,service_success,0.0,False,False
-15.258947,2,8264.508212,False,1.7511073572245148,True,False,0.0,out_of_bounds,True,0.08442298420900358,0.0,3.0229317738028842,0.0,0.0,1.7788862185194063,1,1,1.0,1.793711581496792,1.793711581496792,0.7071067811865476,0.7071067811865476,-0.5,-0.5,-0.5,1.5707963705062866,simulator_service,service_success,True,,0.0096,0.0033,service_success,0.0,False,False
-15.239447,2,8287.506149,False,17.259796793522195,True,False,12.458409498071699,out_of_bounds,True,0.40812543467044465,0.0,18.343015591243024,0.0,0.0,1.858377305465763,1,1,1.0,1.793711581496792,1.793711581496792,0.7071067811865476,0.7071067811865476,-0.5,0.5,0.5,-1.5707963705062866,simulator_service,service_success,True,,0.0083,0.0002,service_success,0.0,False,False
-15.305173,2,8310.315069,False,18.05207569267117,True,False,12.636179131720333,out_of_bounds,True,0.862766440526749,0.0,18.498581706341525,0.0,0.0,1.9459814476384307,1,1,1.0,1.793711581496792,1.793711581496792,0.7071067811865476,0.7071067811865476,0.5,-0.5,0.5,1.5707963705062866,simulator_service,service_success,True,,0.0096,0.0005,service_success,0.0,False,False
-15.427119,2,8333.418075,False,15.914499573541265,True,False,12.665266726669778,out_of_bounds,True,0.15481926689027356,0.0,18.567338227121848,0.0,0.0,1.9352013950563176,1,1,1.0,1.793711581496792,1.793711581496792,0.7071067811865476,0.7071067811865476,-0.5,0.5,0.5,-1.5707963705062866,simulator_service,service_success,True,,0.0077,0.0,service_success,0.0,False,False
-15.357913,2,8356.249158,False,1.544433153852533,True,False,0.0,out_of_bounds,True,0.43402278857649007,0.0,2.8712973085211075,0.0,0.0,1.6941987626841666,1,1,1.0,1.793711581496792,1.793711581496792,0.7071067811865476,0.7071067811865476,-0.5,0.5,-0.5,1.5707963705062866,simulator_service,service_success,True,,0.0081,0.0001,service_success,0.0,False,False
-15.316072,2,8379.41802,False,2.1806801247110497,True,False,0.0,out_of_bounds,True,0.8371590273177828,0.0,1.9456615418566583,0.0,0.0,1.1613884191250883,1,1,1.0,1.793711581496792,1.793711581496792,0.7071067811865476,0.7071067811865476,-0.5,0.5,-0.5,-1.5707963705062866,simulator_service,service_success,True,,0.0077,0.0,service_success,0.0,False,False
-15.150471,2,8402.352046,False,15.108715418791814,True,False,12.738493027530751,out_of_bounds,True,0.7006740362305618,0.0,15.405224897816074,0.0,0.0,1.9681921244944658,1,1,1.0,1.7261478161968304,1.7261478161968304,0.5120400821863105,0.5120400821863105,-0.5,-0.11038589477539062,0.5,1.5707963705062866,simulator_service,service_success,True,,0.0085,0.0015,service_success,0.0,False,False
-15.349043,2,8425.433071,False,3.1315714989970527,True,False,0.0,out_of_bounds,True,0.6214832726825367,0.0,3.1268165716686407,0.0,0.0,1.838127177973358,1,1,1.0,1.793711581496792,1.793711581496792,0.7071067811865476,0.7071067811865476,0.5,-0.5,-0.5,1.5707963705062866,simulator_service,service_success,True,,0.0086,0.0026,service_success,0.0,False,False
-15.258899,2,8448.569092,False,17.405947190599772,True,False,12.150420156808954,out_of_bounds,True,0.7363169878202195,0.0,18.645544587173593,0.0,0.0,1.3753521592082183,1,1,1.0,1.793711581496792,1.793711581496792,0.7071067811865476,0.7071067811865476,-0.5,0.5,0.5,-1.5707963705062866,simulator_service,service_success,True,,0.0081,0.0,service_success,0.0,False,False
-15.186513,2,8471.64113,False,2.630118334737088,True,False,0.0,out_of_bounds,True,0.521067399881676,0.0,3.2754369953263365,0.0,0.0,1.925274756783727,1,1,1.0,1.793711581496792,1.793711581496792,0.7071067811865476,0.7071067811865476,-0.5,-0.5,-0.5,1.5707963705062866,simulator_service,service_success,True,,0.0086,0.0004,service_success,0.0,False,False
-15.123746,2,8494.783112,False,15.109959325734586,True,False,12.393587703158914,out_of_bounds,True,0.139672814521244,0.0,15.317773968877034,0.0,0.0,1.628366222042005,1,1,1.0,1.7246051912042373,1.7246051912042373,0.506815378548126,0.506815378548126,-0.5,0.08283615112304688,0.5,1.5707963705062866,simulator_service,service_success,True,,0.0078,0.0001,service_success,0.0,False,False
-15.526295,2,8517.877274,False,6.194072360027485,True,False,0.0,out_of_bounds,True,0.187907551596865,0.0,2.7775206530921133,0.0,0.0,1.5031842676686558,1,1,1.0,1.777758687053448,1.777758687053448,0.7071067811865476,0.7071067811865476,-0.5,0.5,-0.4393457770347595,1.5707963705062866,simulator_service,service_success,True,,0.009,0.0005,service_success,0.0,False,False
-15.321471,2,8540.993206,False,2.389743194077184,True,False,0.0,out_of_bounds,True,0.9421318504320564,0.0,1.6732824595585274,0.0,0.0,1.0103089894010748,1,1,1.0,1.793711581496792,1.793711581496792,0.7071067811865476,0.7071067811865476,-0.5,-0.5,-0.5,1.5707963705062866,simulator_service,service_success,True,,0.008,0.0,service_success,0.0,False,False
-15.45279,2,8564.171148,False,16.37721086665387,True,False,12.657746753121607,out_of_bounds,True,0.9407010414485594,0.0,18.714797334685645,0.0,0.0,1.8426427504708744,1,1,1.0,1.793711581496792,1.793711581496792,0.7071067811865476,0.7071067811865476,0.5,-0.5,0.5,-1.5707963705062866,simulator_service,service_success,True,,0.0087,0.0002,service_success,0.0,False,False
-15.371403,2,8587.42411,False,3.879479195297942,True,False,0.0,out_of_bounds,True,0.8697941650545321,0.0,2.5747190825588593,0.0,0.0,1.5247432666546301,1,1,1.0,1.793711581496792,1.793711581496792,0.7071067811865476,0.7071067811865476,0.5,-0.5,-0.5,1.5707963705062866,simulator_service,service_success,True,,0.0083,0.0013,service_success,0.0,False,False
-15.500513,2,8610.587222,False,17.832212614198333,True,False,12.471246184996991,out_of_bounds,True,0.06589982982473336,0.0,18.6366569055995,0.0,0.0,1.7011623124387474,1,1,1.0,1.793711581496792,1.793711581496792,0.7071067811865476,0.7071067811865476,0.5,-0.5,0.5,1.5707963705062866,simulator_service,service_success,True,,0.0078,0.0,service_success,0.0,False,False
-15.300477,2,8633.923047,False,2.3049528137871427,True,False,0.0,out_of_bounds,True,0.9182915916667173,0.0,2.629626546467916,0.0,0.0,1.5555041502088907,1,1,1.0,1.793711581496792,1.793711581496792,0.7071067811865476,0.7071067811865476,0.5,-0.5,-0.5,1.5707963705062866,simulator_service,service_success,True,,0.0081,0.0004,service_success,0.0,False,False
-15.464088,2,8657.00104,False,21.664011542350494,True,False,12.385880011532684,out_of_bounds,True,0.373633496012513,0.0,18.628987575964945,0.0,0.0,1.6207976989598094,1,1,1.0,1.793711581496792,1.793711581496792,0.7071067811865476,0.7071067811865476,0.5,-0.5,0.5,-1.5707963705062866,simulator_service,service_success,True,,0.008,0.0,service_success,0.0,False,False
-15.3065605,2,8680.542212,False,14.442816201102843,True,False,1.9711854167548886,out_of_bounds,True,0.369908192062974,0.0,15.273801922881525,0.0,0.0,1.5275969699684104,1,1,1.0,1.7227361775376309,1.7227361775376309,0.7071067811865476,0.7071067811865476,-0.5,0.5,0.02046215534210205,1.5707963705062866,simulator_service,service_success,True,,0.0084,0.0016,service_success,0.0,False,False
-15.122275,2,8703.624293,False,15.177539153850962,True,False,12.249092024154221,out_of_bounds,True,0.21283215779873757,0.0,15.583306489746937,0.0,0.0,1.3888374048837733,1,1,1.0,1.72708408672522,1.72708408672522,0.5151875435448373,0.5151875435448373,0.12417006492614746,-0.5,0.5,-1.5707963705062866,simulator_service,service_success,True,,0.0083,0.0001,service_success,0.0,False,False
-15.357039,2,8727.140947,False,2.3854553080629897,True,False,0.0,out_of_bounds,True,0.2502006004866183,0.0,2.0384068488935823,0.0,0.0,1.2155446678827055,1,1,1.0,1.793711581496792,1.793711581496792,0.7071067811865476,0.7071067811865476,0.5,-0.5,-0.5,1.5707963705062866,simulator_service,service_success,True,,0.0078,0.0,service_success,0.0,False,False
-15.369249,2,8750.429409,False,3.080847084392589,True,False,0.0,out_of_bounds,True,0.9596066164889144,0.0,1.7111054147610651,0.0,0.0,1.031689964776229,1,1,1.0,1.793711581496792,1.793711581496792,0.7071067811865476,0.7071067811865476,-0.5,-0.5,-0.5,1.5707963705062866,simulator_service,service_success,True,,0.0083,0.0001,service_success,0.0,False,False
-15.410339,2,8773.758176,False,17.452826286043724,True,False,12.324280578493942,out_of_bounds,True,0.913050971560047,0.0,18.698235562273304,0.0,0.0,1.5193642530510185,1,1,1.0,1.793711581496792,1.793711581496792,0.7071067811865476,0.7071067811865476,-0.5,0.5,0.5,1.5707963705062866,simulator_service,service_success,True,,0.0086,0.0025,service_success,0.0,False,False
-15.500557,2,8799.248168,False,3.118811527690527,True,False,0.0,out_of_bounds,True,0.01718474108509582,0.0,2.0080576081039023,0.0,0.0,1.2041544250278557,1,1,1.0,1.793711581496792,1.793711581496792,0.7071067811865476,0.7071067811865476,-0.5,0.5,-0.5,-1.5707963705062866,simulator_service,service_success,True,,0.009,0.0027,service_success,0.0,False,False
-15.264865,2,8822.676247,False,18.633643201535104,True,False,12.926894359871824,out_of_bounds,True,0.9314605030630867,0.0,20.49952283723289,0.0,0.0,1.0814979512124878,1,1,1.0,1.793711581496792,1.793711581496792,0.7071067811865476,0.7071067811865476,-0.5,0.5,0.5,1.5707963705062866,simulator_service,service_success,True,,0.008,0.0,service_success,0.0,False,False
-15.181844,2,8846.55705,False,1.953775479978564,True,False,0.0,out_of_bounds,True,0.02125597049676971,0.0,2.7758449031983776,0.0,0.0,1.6401585650792203,1,1,1.0,1.793711581496792,1.793711581496792,0.7071067811865476,0.7071067811865476,-0.5,-0.5,-0.5,1.5707963705062866,simulator_service,service_success,True,,0.0061,0.0008,service_success,0.0,False,False
-15.272787,2,8871.890025,False,8.358666685979786,True,False,0.0,out_of_bounds,True,0.3404810463809181,0.0,10.260519767879234,0.0,0.0,1.8844771602128096,1,1,1.0,1.7276323386326924,1.7276323386326924,0.7071067811865476,0.7071067811865476,0.5,0.5,-0.1315760612487793,1.5707963705062866,simulator_service,service_success,True,,0.0082,0.0,service_success,0.0,False,False
-15.577197,2,8895.971246,False,3.0878641882614004,True,False,0.0,out_of_bounds,True,0.0311824554389697,0.0,3.1104973592812457,0.0,0.0,1.8288394417850806,1,1,1.0,1.793711581496792,1.793711581496792,0.7071067811865476,0.7071067811865476,-0.5,0.5,-0.5,-1.5707963705062866,simulator_service,service_success,True,,0.0076,0.0005,service_success,0.0,False,False
-15.514431,2,8919.715106,False,16.470884162772904,True,False,12.540945859075777,out_of_bounds,True,0.6103548842841399,0.0,19.36451884752833,0.0,0.0,1.3508678601703072,1,1,1.0,1.793711581496792,1.793711581496792,0.7071067811865476,0.7071067811865476,-0.5,0.5,0.5,1.5707963705062866,simulator_service,service_success,True,,0.0059,0.0001,service_success,0.0,False,False
-15.368959,2,8944.098079,False,2.9654511894542446,True,False,0.0,out_of_bounds,True,0.9375222049899866,0.0,3.0880070760012868,0.0,0.0,1.817046539479684,1,1,1.0,1.793711581496792,1.793711581496792,0.7071067811865476,0.7071067811865476,-0.5,0.5,-0.5,-1.5707963705062866,simulator_service,service_success,True,,0.0084,0.0003,service_success,0.0,False,False
-15.311193,2,8967.924184,False,17.47853076069036,True,False,12.438774118295582,out_of_bounds,True,0.6839994196655123,0.0,19.616094835812515,0.0,0.0,1.1035900473307936,1,1,1.0,1.793711581496792,1.793711581496792,0.7071067811865476,0.7071067811865476,0.5,0.5,0.5,1.5707963705062866,simulator_service,service_success,True,,0.0079,0.0,service_success,0.0,False,False
-15.383302,2,8992.481313,False,18.64532129348622,True,False,12.868295715587688,out_of_bounds,True,0.6350713575741442,0.0,19.61613597204024,0.0,0.0,1.5331525974134632,1,1,1.0,1.793711581496792,1.793711581496792,0.7071067811865476,0.7071067811865476,-0.5,-0.5,0.5,-1.5707963705062866,simulator_service,service_success,True,,0.0075,0.0001,service_success,0.0,False,False
