#{"t_start": 1783117055.9462988, "env_id": "None"}
r,l,t,is_success,final_distance,is_out_of_bounds,is_unsafe_low_altitude,altitude,terminal_reason,terminal_stop_command_accepted,terminal_yaw_error,terminal_yaw_penalty,physical_displacement,path_length,max_physical_displacement,min_altitude,motion_command_steps,motion_command_accepted_steps,motion_command_acceptance_rate,mean_action_norm,max_action_norm,mean_xy_action_norm,max_xy_action_norm,last_action_vx,last_action_vy,last_action_vz,last_action_vyaw,reset_method,reset_path,reset_service_attempted,reset_failure_class,reset_position_error,reset_yaw_error,reset_service_status,vertical_safety_penalty,low_altitude_guard_active
12.277843,70,34.001642,True,0.3924635750650599,False,False,2.2367161568448872,success,True,0.02780121506848809,0.2780121506848809,1.40771893660907,4.09642658467119,1.4986245776938614,1.3679584294787468,70,70,1.0,0.34475225712922963,0.9872837940554829,0.2496094009692409,0.5871264713494728,0.02568403072655201,-0.013660554774105549,-0.11147383600473404,0.06776896864175797,simulator_service,service_success,True,,0.0815,1.1168,service_success,0.0,False
-21.389503,11,40.224406,False,4.911541378196071,True,False,2.50213659761123,out_of_bounds,True,0.5225963150139369,0.0,1.3319082024584934,1.5558666866923374,1.3319082024584934,1.7722365276058367,11,11,1.0,1.3704631302486079,1.6330268267843904,0.6609815064532985,0.7071067811865476,-0.21508528292179108,0.5,0.5,-0.34550154209136963,velocity,post_controller_hold,False,,0.2298,1.5648,not_attempted,0.0,False
-18.794502,7,45.582504,False,5.461275522576167,True,False,2.5193633369096426,out_of_bounds,True,0.7146278764350886,0.0,0.914159327985514,0.9186478112118629,0.914159327985514,1.9714159954477997,7,7,1.0,1.1211675465305462,1.1291834238762728,0.7071067811865477,0.7071067811865476,-0.5,-0.5,0.5,-0.7205988764762878,simulator_service,service_success,True,,0.0177,0.0006,service_success,0.0,False
-30.431847,20,53.712815,False,7.3490969580243775,True,False,2.3684518759153566,out_of_bounds,True,0.1533032547461199,0.0,1.8667158268027488,2.60407068084276,1.8667158268027488,1.1129862879686094,20,20,1.0,0.9530306890454945,1.1351977661977846,0.5541434838879915,0.7071067811865476,-0.5,-0.5,0.5,0.7339441180229187,simulator_service,service_success,True,,0.0194,0.0,service_success,0.0,False
-18.901186,25,63.020128,False,1.5990271910206728,True,False,2.527939653743106,out_of_bounds,True,0.5009469178346747,0.0,0.5003615238987473,2.85056973705982,0.7769363674298024,2.0110976134493943,25,25,1.0,0.9417236254868613,1.657596479148048,0.5313745761774397,0.7071067811865476,0.06195409968495369,0.3003960847854614,0.36749258637428284,0.024406341835856438,simulator_service,service_success,True,,0.0191,0.0,service_success,0.0,False
-20.253517,7,68.528503,False,7.4284352297167295,True,False,2.500830726966324,out_of_bounds,True,0.9741188955576519,0.0,0.726049753063807,0.8127188766667156,0.726049753063807,1.9981465925437738,7,7,1.0,1.442389379664218,1.7609704530555244,0.62374381937397,0.7071067811865476,0.5,-0.02937229536473751,0.5,-1.5707963705062866,simulator_service,service_success,True,,0.0171,0.0,service_success,0.0,False
-35.26923,36,80.085088,False,5.401114954222916,True,False,2.52851874340851,out_of_bounds,True,0.9397053047448225,0.0,1.0717403464859798,5.566016126327007,2.1544011189276353,1.1948982716279322,36,36,1.0,1.4640161684176904,1.793711581496792,0.7045582086077944,0.7071067811865476,-0.5,0.5,0.3744596242904663,-1.1845309734344482,simulator_service,service_success,True,,0.0146,0.0,service_success,0.0,False
5.6933765,87,106.656811,True,0.3990745655044877,False,False,1.7545638631438332,success,True,0.101810631814661,1.0181063181466101,1.303568494635381,7.581258800025488,1.7448498487996333,1.1392240833682319,87,87,1.0,0.5692986521601805,1.1194640672869256,0.3720571108220608,0.7071067811865476,-0.14506478607654572,-0.029048528522253036,-0.10348417609930038,0.18928590416908264,simulator_service,service_success,True,,0.0155,0.0004,service_success,0.0,False
-22.491858,11,113.172892,False,6.7813805716556255,True,False,2.3238996778561862,out_of_bounds,True,0.6272113234243198,0.0,1.408102040032192,1.5330718678554232,1.408102040032192,1.5745841341100815,11,11,1.0,1.1598453041122083,1.7668401797131477,0.6775834041052166,0.7071067811865476,-0.38665544986724854,-0.5,-0.5,1.5707963705062866,velocity,post_controller_hold,False,,0.1434,2.3456,not_attempted,0.0,False
-49.137146,36,125.000504,False,8.116615748657248,True,False,2.531757880557648,out_of_bounds,True,0.8083647284854711,0.0,1.4527687176433943,5.137392715707726,1.4527687176433943,1.0901008363357754,36,36,1.0,1.4629916077881697,1.793711581496792,0.6659008564838556,0.7071067811865476,-0.5,-0.5,0.5,-0.7030197978019714,simulator_service,service_success,True,,0.0133,0.0047,service_success,0.0,False
-30.967693,31,135.815455,False,5.794144455626901,True,False,2.5095639750039367,out_of_bounds,True,0.13034494838394606,0.0,1.657487899279528,3.7718275478679257,1.6009210168196817,1.1547059314509658,30,30,1.0,1.112107467137292,1.793711581496792,0.5585822572702155,0.7071067811865476,-0.1563388556241989,0.5,0.28824469447135925,0.466892272233963,simulator_service,service_success,True,,0.0111,0.0,service_success,0.0,False
-20.85637,7,141.828828,False,8.245240515783534,True,False,2.5110317130211706,out_of_bounds,True,0.8257306310245869,0.0,0.508747313172709,0.6070864430022258,0.508747313172709,2.113735943839344,7,7,1.0,1.2065375205218156,1.793711581496792,0.5357606227437389,0.7071067811865476,0.5,-0.5,0.5,1.5707963705062866,simulator_service,service_success,True,,0.0106,0.0001,service_success,0.0,False
-27.13433,26,151.843575,False,3.201108831678684,True,False,2.500955407069287,out_of_bounds,True,0.11068866072373815,0.0,1.9793288289322353,3.943686618585212,1.9793288289322353,1.196036709268759,26,26,1.0,1.358988120872818,1.793711581496792,0.656937254291327,0.7071067811865476,0.4615647792816162,0.34181636571884155,0.3472611606121063,0.6165180206298828,simulator_service,service_success,True,,0.0109,0.0001,service_success,0.0,False
-20.35067,8,158.353667,False,6.776157654399613,True,False,2.520631625793684,out_of_bounds,True,0.7796527944978153,0.0,0.870590650485217,0.9658927113269199,0.870590650485217,1.9787113567917707,8,8,1.0,1.7311575551629996,1.793711581496792,0.6703820671824555,0.7071067811865476,-0.5,-0.5,0.023573854938149452,-1.5707963705062866,simulator_service,service_success,True,,0.0105,0.0001,service_success,0.0,False
-42.392982,57,174.768324,False,5.293961932595677,True,False,1.42761049311076,out_of_bounds,True,0.1126484882875786,0.0,4.228066688400552,7.660110010531285,4.228066688400552,1.1618991874631075,57,57,1.0,1.1636230009082047,1.7770972594438796,0.6082983985921413,0.7071067811865476,-0.5,-0.5,-0.1190534308552742,1.0007137060165405,simulator_service,service_success,True,,0.0098,0.0004,service_success,0.0,False
-18.42614,9,181.474631,False,4.245916962072174,True,False,2.514245670475853,out_of_bounds,True,0.632968591120616,0.0,0.9213959023502412,1.129113742054307,0.9213959023502412,1.8205706209716084,9,9,1.0,1.1400358593500464,1.2375095014784858,0.7071067811865477,0.7071067811865476,-0.5,0.5,0.5,0.6521927118301392,simulator_service,service_success,True,,0.0091,0.0001,service_success,0.0,False
-70.98909,60,198.899699,False,9.213477978430824,True,False,2.2364581082218504,out_of_bounds,True,0.1853662733587241,0.0,2.121962935165072,9.547500025124364,2.130708149626193,1.1166586148948752,60,60,1.0,1.29577804649674,1.793711581496792,0.6769218865502504,0.7071067811865476,0.5,-0.5,0.5,0.8792314529418945,simulator_service,service_success,True,,0.0081,0.0,service_success,0.0,False
-24.21628,19,208.025268,False,4.749868264030761,True,False,2.5089538037537724,out_of_bounds,True,0.11703998762336217,0.0,1.6181122108465353,2.308008729672688,1.6181122108465353,1.6943042413679232,19,19,1.0,1.1715792459449077,1.7268458165747875,0.5255381589279784,0.7071067811865476,0.351263165473938,0.1865653395652771,0.26645180583000183,-0.24899832904338837,simulator_service,service_success,True,,0.0075,0.0,service_success,0.0,False
-25.48059,17,216.733903,False,6.5170617096321175,True,False,2.222528052054399,out_of_bounds,True,0.3363566730509142,0.0,1.482161176070563,2.563329694976301,1.482161176070563,1.2326951537683875,17,17,1.0,1.216992238349065,1.5503394194196924,0.6829565542566278,0.7071067811865476,-0.5,-0.5,0.5,-0.5732691287994385,simulator_service,service_success,True,,0.0073,0.0,service_success,0.0,False
-21.796564,9,223.642085,False,7.091301499998248,True,False,2.5346578323267,out_of_bounds,True,0.19466102658881923,0.0,1.0485160185563132,1.0646203244471197,1.0485160185563132,1.7991379727931633,9,9,1.0,1.4526257721288662,1.5502784458205086,0.5596418262786997,0.7071067811865476,0.5,-0.5,-0.2854238748550415,-1.2035715579986572,simulator_service,service_success,True,,0.0067,0.0,service_success,0.0,False
-64.963806,74,244.053394,False,4.481873631572418,True,False,2.533195530893846,out_of_bounds,True,0.2412934727764333,0.0,2.8597916712199516,10.015237781345412,2.8597916712199516,1.1350924499962654,74,74,1.0,1.273902632364976,1.793711581496792,0.5648556789854388,0.7071067811865476,-0.15523698925971985,-0.5,0.5,0.8619122505187988,simulator_service,service_success,True,,0.0056,0.0004,service_success,0.0,False
-31.117554,86,266.661485,False,1.2080394549139115,True,False,2.5430724947068155,out_of_bounds,True,0.7032011394498515,0.0,2.138441478409277,10.515918045518612,3.7396699379703917,1.0848755365788258,86,86,1.0,0.8837158776878733,1.6789144940134646,0.49744526672332456,0.7071067811865476,0.5,0.15070754289627075,0.5,-0.08547808229923248,simulator_service,service_success,True,,0.0056,0.0002,service_success,0.0,False
-21.286901,8,273.67892,False,7.466143306904471,True,False,2.5627899984682996,out_of_bounds,True,0.8767353753450425,0.0,0.9596491130310917,1.0019551429232245,0.9596491130310917,1.9718073366169224,8,8,1.0,1.6423606381064468,1.772973842260199,0.6314120111578467,0.7071067811865476,-0.5,0.5,-0.5,0.16160957515239716,simulator_service,service_success,True,,0.0066,0.0001,service_success,0.0,False
-47.4918,38,286.905583,False,8.600866514237419,True,False,1.2846270328069824,out_of_bounds,True,0.7755859576857126,0.0,1.973321167482925,5.902591580567277,1.973321167482925,1.084044890810466,38,38,1.0,1.1359421216728596,1.5068447249512193,0.6870115243425341,0.7071067811865476,-0.5,-0.5,0.5,-1.0440338850021362,simulator_service,service_success,True,,0.0043,0.0002,service_success,0.0,True
-18.889381,15,295.5208,False,2.0183393693311684,True,False,2.5390330938936025,out_of_bounds,True,0.044164208398181214,0.0,1.6869872644076782,1.883438011790003,1.6869872644076782,1.2820690094324376,15,15,1.0,0.8561172408522887,0.9742379680717702,0.49938490366773897,0.6232936030406292,-0.5,0.010639265179634094,0.5,0.19850920140743256,simulator_service,service_success,True,,0.0034,0.0001,service_success,0.0,False
-19.468126,20,305.235293,False,1.4944751626081894,True,False,2.5435956891623213,out_of_bounds,True,0.9192764987181217,0.0,1.1119529062391917,2.077159884176342,1.1119529062391917,1.4827293084191613,20,20,1.0,0.7042571519170218,1.0627002103379326,0.5097491631808684,0.7071067811865476,0.5,0.5,0.5,-0.45601487159729004,simulator_service,service_success,True,,0.0024,0.0,service_success,0.0,False
-21.639786,12,313.448005,False,5.919208781989347,True,False,1.7616757396370277,out_of_bounds,True,0.14103235784443507,0.0,1.162180257769285,1.623364218254574,1.162180257769285,1.5736650822185692,12,12,1.0,1.0878274480381418,1.1473235149601964,0.6081870530563496,0.7071067811865476,0.5,-0.5,-0.22911709547042847,-0.7488306760787964,simulator_service,service_success,True,,0.0031,0.0003,service_success,0.0,False
-18.94759,10,321.145114,False,3.5077079336378145,True,False,2.507953559403357,out_of_bounds,True,0.2695311998435671,0.0,0.9615901180726142,1.1817302422057443,0.9615901180726142,1.874566220138587,10,10,1.0,1.186594354859751,1.5755428120229868,0.6170923470466831,0.7007031239331585,-0.21783219277858734,-0.5,0.37789544463157654,-0.8198623657226562,simulator_service,service_success,True,,0.0021,0.0001,service_success,0.0,False
-32.987022,20,331.076252,False,8.931701258062073,True,False,2.5474417092402137,out_of_bounds,True,0.8164099125960101,0.0,1.822972301823792,2.9218306545791153,1.9334212135506894,1.1991287609846892,20,20,1.0,0.9043491456356925,1.2322642456577133,0.6020315757944186,0.7071067811865476,0.3835897147655487,-0.5,0.5,0.9334527850151062,simulator_service,service_success,True,,0.0025,0.0001,service_success,0.0,False
-20.37926,9,338.792659,False,6.0230628106452935,True,False,2.567524888800756,out_of_bounds,True,0.045855687121400535,0.0,0.9248743811511044,1.1584071743551938,0.9248743811511044,1.8500561197258876,9,9,1.0,0.8951194991767234,1.0180887772689613,0.6186501139214572,0.7071067811865476,-0.5,-0.28776004910469055,0.4951854646205902,-0.3534433841705322,simulator_service,service_success,True,,0.0021,0.0,service_success,0.0,False
-62.063198,58,356.708024,False,9.025437060921636,True,False,1.1936945630426525,out_of_bounds,True,0.45088751358180956,0.0,3.7069784554707836,8.363141646688383,3.7069784554707836,1.0698376048546434,58,58,1.0,1.2961591453158574,1.793711581496792,0.6204068962268773,0.7071067811865476,0.5,0.5,0.5,0.30156564712524414,simulator_service,service_success,True,,0.0011,0.0,service_success,0.0,True
-66.55008,62,375.622408,False,5.8624384429864955,True,False,2.5221609383058547,out_of_bounds,True,0.7790818882094236,0.0,2.501598969460802,9.288969049039347,2.501598969460802,1.1354983748660585,62,62,1.0,1.1779173441472448,1.7304767575719415,0.6459131466183223,0.7071067811865476,0.5,-0.5,0.17517292499542236,-0.1692158281803131,simulator_service,service_success,True,,0.0006,0.0,service_success,0.0,False
-32.397156,49,391.634439,False,4.710068147611264,True,False,2.5524131530060767,out_of_bounds,True,0.5071004988139457,0.0,2.4524359442553694,7.071674223956357,2.4524359442553694,1.1020968681321097,49,49,1.0,0.9791585610659156,1.3685499843516409,0.6018000288754428,0.7071067811865476,0.24391859769821167,0.14275820553302765,0.5,0.8328364491462708,simulator_service,service_success,True,,0.0007,0.0,service_success,0.0,False
-27.123672,26,403.248726,False,3.947757015812095,True,False,2.5605409380065587,out_of_bounds,True,0.5172711350231736,0.0,1.5339534023471255,3.8628182992022,1.8172442031625298,1.1537301883726998,26,26,1.0,0.9341601832892614,1.386389901423164,0.6136530922738839,0.7071067811865476,-0.011221237480640411,-0.5,0.39985883235931396,-0.04507056251168251,simulator_service,service_success,True,,0.0004,0.0001,service_success,0.0,False
-33.38482,40,417.665362,False,6.456131838178421,True,False,2.162129896098901,out_of_bounds,True,0.5903626366111827,0.0,3.896707848366846,5.561542280014596,3.896707848366846,1.0303797494360443,40,40,1.0,0.966370405834929,1.7387329094451205,0.5718232272101614,0.7071067811865476,-0.5,0.5,0.5,-0.059338923543691635,simulator_service,service_success,True,,0.0003,0.0,service_success,0.0,False
-73.0,59,436.08087,False,11.763692378432571,True,False,2.1789247847980087,out_of_bounds,True,0.3066071598337828,0.0,1.7352391366081894,7.932395599066607,1.7352391366081894,1.0661121893333627,59,59,1.0,1.3011501537515917,1.793711581496792,0.6059339473723957,0.7071067811865476,-0.5,-0.5,-0.5,0.1715935617685318,simulator_service,service_success,True,,0.0015,0.0,service_success,0.0,False
-28.597681,21,446.795627,False,5.84763647527153,True,False,2.5761221479856706,out_of_bounds,True,0.007235910135609223,0.0,0.8403820717594138,2.7052592816606063,1.1435123969323413,1.5782472677415222,21,21,1.0,1.3670152528574362,1.793711581496792,0.6135600441232731,0.7071067811865476,-0.3464049696922302,0.5,0.5,0.015537905506789684,simulator_service,service_success,True,,0.0032,0.0003,service_success,0.0,False
-55.21579,105,474.710741,False,3.6332646793777967,True,False,2.630804643070392,out_of_bounds,True,0.8953251449356425,0.0,2.472736412852913,13.932987118468985,3.1640976953347577,1.060893569818077,105,105,1.0,1.1291631083803175,1.793711581496792,0.5547205003473187,0.7071067811865476,0.047813139855861664,0.2598271369934082,-0.3432469069957733,-0.6257716417312622,simulator_service,service_success,True,,0.0028,0.0,service_success,0.0,False
-77.48282,160,514.125232,False,4.697664726317565,True,False,2.6013038011252974,out_of_bounds,True,0.15564209981890284,0.0,2.0638108814392253,20.33222553166592,2.0663423310740625,1.244942716606895,160,160,1.0,0.8873540068416672,1.6161763272103316,0.5596946221187732,0.7071067811865476,-0.5,0.31100285053253174,-0.5,-0.3263576924800873,simulator_service,service_success,True,,0.0036,0.0006,service_success,0.0,False
-50.515453,61,533.144434,False,6.997158760711641,True,False,1.2984084535616804,out_of_bounds,True,0.6280757016088107,0.0,3.6255874248303086,9.230342766769207,3.6255874248303086,1.0365402453444346,61,61,1.0,1.2685225067846961,1.793711581496792,0.6468016097893767,0.7071067811865476,-0.5,-0.5,0.5,0.07464716583490372,simulator_service,service_success,True,,0.0033,0.0008,service_success,0.0,True
-18.368809,27,545.356225,False,1.617886210416479,True,False,1.7359274566026959,out_of_bounds,True,0.9747200614292459,0.0,2.786361155153285,3.76627448374281,2.786361155153285,1.0329556059536598,27,27,1.0,1.1253889698284287,1.6083926969415083,0.5834033722360851,0.7071067811865476,0.5,0.5,-0.5,0.484796404838562,simulator_service,service_success,True,,0.0032,0.0,service_success,0.0,False
-43.61128,31,558.667807,False,8.704992926004756,True,False,2.60276261168083,out_of_bounds,True,0.5670403989528104,0.0,1.5832891512809948,4.341101048047097,1.5832891512809948,1.0668291992726537,31,31,1.0,0.9610960949370667,1.7524601123194474,0.5742651345332624,0.7071067811865476,0.21807818114757538,-0.5,0.5,-0.5286755561828613,simulator_service,service_success,True,,0.0037,0.0003,service_success,0.0,False
-24.0,10,567.183409,False,9.755526007768573,True,False,1.2690677702280493,out_of_bounds,True,0.510305373351376,0.0,1.2898196191090505,1.3916146619607646,1.2898196191090505,1.1807724631007905,10,10,1.0,1.4350753894427135,1.567712015591824,0.7071067811865477,0.7071067811865476,0.5,0.5,0.5,1.020531177520752,simulator_service,service_success,True,,0.0041,0.0,service_success,0.0,True
-45.28006,83,591.09598,False,3.3637247281968783,True,False,2.5550238651960315,out_of_bounds,True,0.13538292717372033,0.0,3.2203790702334087,11.122539875203577,3.7114446182316447,1.1293513374919066,83,83,1.0,0.8825490392372015,1.4751406509975755,0.5418012819344513,0.7071067811865476,0.3025435209274292,-0.19251999258995056,0.5,0.888853132724762,simulator_service,service_success,True,,0.0034,0.0004,service_success,0.0,False
-20.852024,8,599.713922,False,7.396212850475758,True,False,2.5719849718180936,out_of_bounds,True,0.4086056818363115,0.0,0.9096067407166921,1.0181021414910196,0.9096067407166921,1.9018479196020213,8,8,1.0,0.7807872252014776,0.866063213850185,0.584291867048844,0.7071067811865476,-0.390764981508255,0.34565117955207825,0.5,-0.10773467272520065,simulator_service,service_success,True,,0.0047,0.0,service_success,0.0,False
-31.97934,28,612.334114,False,6.812632754588104,True,False,1.6239369977619533,out_of_bounds,True,0.13507979021423244,0.0,3.017872988740209,3.9760059612555443,3.017872988740209,1.5141818716658084,28,28,1.0,1.0122221135226426,1.1944987596953165,0.6419559534768208,0.7071067811865476,-0.5,0.5,-0.5,-0.10213839262723923,simulator_service,service_success,True,,0.0047,0.0,service_success,0.0,False
-36.57348,36,626.538251,False,5.819261561245947,True,False,2.5907008565327203,out_of_bounds,True,0.4952384912212085,0.0,2.6610790310039896,5.222164535469982,2.6610790310039896,1.0953130425351014,36,36,1.0,1.6175666762991772,1.793711581496792,0.6565328471069115,0.7071067811865476,-0.5,0.5,0.5,1.5707963705062866,simulator_service,service_success,True,,0.0053,0.0045,service_success,0.0,False
-22.264194,20,637.853078,False,2.7937342243468657,True,False,2.6350567014529105,out_of_bounds,True,0.4101536460521639,0.0,1.6579686873718549,2.545691870105504,1.6579686873718549,1.4165332984366903,20,20,1.0,0.9381125954224739,1.5648286908839477,0.5868132068934148,0.7071067811865476,0.5,0.5,-0.5,1.303337574005127,simulator_service,service_success,True,,0.0043,0.0001,service_success,0.0,False
-27.779545,53,656.068255,False,2.0382713946794295,True,False,2.6974865366131375,out_of_bounds,True,0.4398998827432206,0.0,2.3716689467992937,5.462919696983804,2.703162283110616,1.3532207154488605,53,53,1.0,0.7110480108011423,1.1039987508625164,0.4425687198195619,0.7071067811865476,-0.27966517210006714,-0.5,0.5,-0.45737531781196594,simulator_service,service_success,True,,0.0064,0.0001,service_success,0.0,False
-33.446545,57,677.086214,False,2.9305801035921477,False,True,0.9932335636180922,unsafe_low_altitude,True,0.23847717257270204,0.0,2.622292733760208,6.352756625455299,2.7390915381564738,0.9932335636180922,57,57,1.0,0.8596181476832994,1.7254813152360748,0.4383477509564978,0.7071067811865476,0.09446857869625092,0.11306385695934296,0.5,0.17780514061450958,simulator_service,service_success,True,,0.0063,0.0,service_success,0.0,True
-85.71724,118,708.701134,False,4.13504237378608,True,False,2.5232532662466047,out_of_bounds,True,0.7118816922458833,0.0,2.4948843579259092,15.900965324669226,3.0858270875183105,1.0490652769417925,118,118,1.0,1.0180130861860541,1.7854463911802638,0.6006400285594082,0.7071067811865476,0.5,-0.5,0.5,-0.6336708664894104,simulator_service,service_success,True,,0.0072,0.0,service_success,0.0,False
-78.744415,65,729.51616,False,8.981195937737466,True,False,2.4540699102590575,out_of_bounds,True,0.7459260455053275,0.0,2.4607108739184436,9.556419516286391,2.4607108739184436,1.0154550560364688,65,65,1.0,1.3449169324624572,1.793711581496792,0.6336729102719749,0.7071067811865476,-0.5,0.5,0.39073774218559265,-1.5560225248336792,simulator_service,service_success,True,,0.0064,0.0,service_success,0.0,False
-33.661255,35,744.430345,False,4.359797693630151,True,False,2.6942721306073327,out_of_bounds,True,0.27111916683434006,0.0,1.959909352330874,4.709210593660178,2.0665238691588654,1.3628128577222989,35,35,1.0,0.8376418761118982,1.2641073155979843,0.609058545454181,0.7071067811865476,0.3745933175086975,-0.2833975553512573,0.010506294667720795,0.31784912943840027,simulator_service,service_success,True,,0.0076,0.0001,service_success,0.0,False
-31.564423,24,759.042557,False,6.4857545628428435,False,True,0.9626745800913648,unsafe_low_altitude,True,0.8553472779784611,0.0,1.978358717208581,3.360087980265537,1.978358717208581,0.9626745800913648,24,24,1.0,1.162814243203148,1.793711581496792,0.6483945904387537,0.7071067811865476,-0.5,0.5,0.5,-1.4147356748580933,simulator_service,service_success,True,,0.007,0.0003,service_success,0.0,True
-25.121372,13,769.359493,False,6.937328529333316,True,False,2.686338753575017,out_of_bounds,True,0.9221029893609286,0.0,1.2965781446630644,1.6500788816984782,1.2965781446630644,1.5548435862256706,13,13,1.0,1.0497727120075189,1.26857210794134,0.5721673327410761,0.7071067811865476,0.5,0.5,0.5,-0.010773025453090668,simulator_service,service_success,True,,0.0062,0.0,service_success,0.0,False
-21.988754,9,778.974437,False,7.975096397463467,True,False,2.6773120007089313,out_of_bounds,True,0.9753209323231706,0.0,0.8050352788245697,1.0437516617996814,0.8050352788245697,1.950510496012987,9,9,1.0,1.2084472287430417,1.7248057258566114,0.6446955142081531,0.7071067811865476,-0.5,0.5,0.5,-0.5710958242416382,simulator_service,service_success,True,,0.0072,0.0001,service_success,0.0,False
-83.042725,95,806.186352,False,6.279058750978634,True,False,2.6585032509786037,out_of_bounds,True,0.9921239284994473,0.0,2.3300595178953176,13.823469326190684,2.3300595178953176,1.0370950012419347,95,95,1.0,1.3605705245719635,1.793711581496792,0.6323559660339508,0.7071067811865476,0.5,-0.5,0.5,1.3347011804580688,simulator_service,service_success,True,,0.0074,0.0001,service_success,0.0,False
-36.490795,34,821.111316,False,6.042985837126542,True,False,2.6625001811973994,out_of_bounds,True,0.38678039431361255,0.0,1.8684245134598692,4.234961279611751,1.8684245134598692,1.1871778239942656,34,34,1.0,0.8223419302167196,1.1155948377667355,0.5643167824696075,0.7071067811865476,0.5,0.20313972234725952,0.5,-0.826269268989563,simulator_service,service_success,True,,0.0075,0.0003,service_success,0.0,False
-36.451675,40,837.41829,False,6.397263835875055,True,False,2.5598810128612097,out_of_bounds,True,0.4575544766559278,0.0,2.225777795956027,5.799094532407382,2.225777795956027,1.1307099016783249,40,40,1.0,1.271567158569285,1.7915806036808994,0.6244109540694083,0.7071067811865476,0.5,-0.5,0.2750548720359802,0.6915435791015625,simulator_service,service_success,True,,0.0078,0.0,service_success,0.0,False
-29.768435,119,869.927583,False,1.1517751682598758,True,False,2.595215847532793,out_of_bounds,True,0.2760520634988508,0.0,2.168734444842879,13.94903185637265,2.569972469065529,1.0731703192991344,119,119,1.0,0.8597382610388506,1.7734776689457994,0.5176270963102014,0.7071067811865476,-0.3553966283798218,0.046638183295726776,0.40126731991767883,0.18407025933265686,simulator_service,service_success,True,,0.0081,0.0001,service_success,0.0,False
-18.669127,9,879.244903,False,4.482489248431297,True,False,2.595331412066695,out_of_bounds,True,0.011760722615924002,0.0,0.968491576756539,0.9977139565113162,0.968491576756539,1.9000278572001508,9,9,1.0,0.7695406426987215,0.8097313665400014,0.5656991944654649,0.6363300843334586,0.3935936689376831,-0.5,0.4441646635532379,-0.058737337589263916,simulator_service,service_success,True,,0.008,0.0,service_success,0.0,False
-44.604317,47,897.263695,False,5.543784710974618,True,False,2.5031484508986726,out_of_bounds,True,0.07804903352024636,0.0,2.1646609760376183,7.045959689386629,2.6428093994993738,1.129163032463463,47,47,1.0,1.468720237411387,1.793711581496792,0.6925927372875778,0.7071067811865476,0.5,-0.3604948818683624,0.5,-0.80527263879776,simulator_service,service_success,True,,0.0071,0.0,service_success,0.0,False
-27.009148,14,908.57257,False,8.919108646896037,True,False,2.579387904636866,out_of_bounds,True,0.07801700576332894,0.0,1.7167228250249538,1.9053384743239083,1.7167228250249538,1.6906612247083805,14,14,1.0,1.2253785737259766,1.7149525713317009,0.6601527730903537,0.7071067811865476,0.26374274492263794,0.5,0.23299124836921692,1.5707963705062866,simulator_service,service_success,True,,0.009,0.0,service_success,0.0,False
-24.04116,19,923.590724,False,5.397578934368137,False,True,0.9576174907949818,unsafe_low_altitude,True,0.7269087770285116,0.0,1.9414421445053691,2.3927705528896746,1.9414421445053691,0.9576174907949818,19,19,1.0,1.0528935380347813,1.6382415079038917,0.6242909171513698,0.7071067811865476,-0.5,0.5,0.5,-1.3906240463256836,simulator_service,service_success,True,,0.0093,0.0004,service_success,0.0,True
-17.766586,7,936.205632,False,4.024140174656812,False,True,0.8941710603002364,unsafe_low_altitude,True,0.8286675115234656,0.0,0.9119362084570208,0.92050752630606,0.9119362084570208,0.8941710603002364,7,7,1.0,1.0142256915476768,1.1028720239354097,0.6816756171142805,0.7071067811865476,-0.5,-0.36337965726852417,0.5,0.0504765659570694,simulator_service,service_success,True,,0.0097,0.0,service_success,0.0,True
-55.42818,51,955.321656,False,8.649578989483754,True,False,2.503556403899892,out_of_bounds,True,0.3929284055584962,0.0,2.5825767480090147,7.2414290815851245,2.624602262447461,1.0205050999547902,51,51,1.0,1.222430115251905,1.757077059242099,0.6452367044898508,0.7071067811865476,-0.5,-0.5,-0.5,-0.2820826470851898,simulator_service,service_success,True,,0.0099,0.0,service_success,0.0,False
-31.260273,40,972.43601,False,3.827651058515252,True,False,2.668482774051577,out_of_bounds,True,0.7901769809390368,0.0,2.5655122006913196,6.0400404257090585,3.356016864219713,1.040491497007912,40,40,1.0,1.1555712562292635,1.7234765103086394,0.6357900069644014,0.7071067811865476,0.5,0.5,0.5,1.0344624519348145,simulator_service,service_success,True,,0.0104,0.0026,service_success,0.0,False
-17.478422,7,982.647707,False,3.3722962968262977,True,False,2.548006354502138,out_of_bounds,True,0.42278802707408963,0.0,0.8626436440070169,0.8669884061116605,0.8626436440070169,1.9934430844889295,7,7,1.0,0.9189539247617277,0.9869910581181109,0.6225520732241697,0.6352885530023962,0.5,-0.2572402060031891,-0.12334223836660385,0.40700629353523254,simulator_service,service_success,True,,0.0097,0.0005,service_success,0.0,False
-34.405693,51,1002.065471,False,2.862688588118973,True,False,2.5090165423686694,out_of_bounds,True,0.3228827015442601,0.0,3.5757197587889156,6.674031577021677,3.7113525566447705,1.305654607672828,51,51,1.0,1.0935065446149943,1.7771215420073894,0.584165310408478,0.7071067811865476,-0.5,0.5,0.5,0.2015419900417328,simulator_service,service_success,True,,0.0104,0.0001,service_success,0.0,False
-18.517826,20,1014.979378,False,1.6066478712365144,True,False,2.5444761612924,out_of_bounds,True,0.14062864746330536,0.0,1.229445825736385,1.688140819657109,1.313950718932586,1.8982619340594162,20,20,1.0,0.5032271280666725,0.7122342614408324,0.41424209014791247,0.5509384446073702,0.13087308406829834,-0.21583357453346252,0.2649560868740082,0.020271988585591316,simulator_service,service_success,True,,0.0101,0.0,service_success,0.0,False
-32.517063,39,1031.995115,False,5.184640430571029,True,False,2.5794671408417655,out_of_bounds,True,0.1821453985624888,0.0,1.71795334497415,5.2697761920257555,1.71795334497415,1.4674036764796985,39,39,1.0,1.1069609093748733,1.4285604386953237,0.6177401538708316,0.7071067811865476,-0.5,0.32152634859085083,0.5,1.0448142290115356,simulator_service,service_success,True,,0.0101,0.0,service_success,0.0,False
-25.19243,22,1045.509049,False,4.069142493901438,True,False,2.590637014907972,out_of_bounds,True,0.1446936376840305,0.0,0.9939916240534918,2.4347278169942514,0.9939916240534918,1.6441545838181097,22,22,1.0,1.4457726782728075,1.793711581496792,0.595641268007691,0.7071067811865476,-0.1258217841386795,-0.5,0.5,0.5051392316818237,simulator_service,service_success,True,,0.0103,0.0001,service_success,0.0,False
-60.117916,52,1068.01778,False,9.490256290258248,False,True,0.9425531754486942,unsafe_low_altitude,True,0.7021926207443872,0.0,4.333565585447377,7.505549405069957,4.333565585447377,0.9425531754486942,52,52,1.0,1.2526049118308167,1.793711581496792,0.6452737117201794,0.7071067811865476,-0.5,0.5,0.5,-0.7004133462905884,simulator_service,service_success,True,,0.0103,0.0001,service_success,0.0,True
-60.06861,57,1089.432745,False,5.5567103234456106,True,False,2.5865416055521417,out_of_bounds,True,0.04293524614561126,0.0,4.200163412536791,8.421557393503935,4.200163412536791,1.0827564915835455,57,57,1.0,1.0792120514432928,1.793711581496792,0.6714037388966378,0.7071067811865476,-0.12663930654525757,-0.013856833800673485,-0.5,1.5707963705062866,simulator_service,service_success,True,,0.0108,0.0,service_success,0.0,False
-1.6260891,91,1121.652968,True,0.35985810035422183,False,False,1.3996694506500518,success,True,0.07061286936600768,0.7061286936600768,1.722538410107908,10.800186470302883,2.1257778488610573,1.1892846233490195,91,91,1.0,0.8873925204394881,1.7472257302979262,0.5223477421122205,0.7071067811865476,0.0473346970975399,0.17557260394096375,0.06767580658197403,-0.02628404088318348,simulator_service,service_success,True,,0.0106,0.0004,service_success,0.0,False
-18.18764,6,1132.266042,False,5.422001126293821,True,False,2.5023395036013882,out_of_bounds,True,0.8050927439991732,0.0,0.570790962973843,0.595113218926483,0.570790962973843,2.191119293321344,6,6,1.0,1.4437882215183906,1.6575639004408589,0.7071067811865476,0.7071067811865476,0.5,-0.5,-0.007161382585763931,1.0064191818237305,velocity,post_controller_hold,False,,0.1781,0.4169,not_attempted,0.0,False
-32.0,18,1145.287578,False,9.650387087707822,True,False,2.579124928559341,out_of_bounds,True,0.7336137936844633,0.0,0.8015887944993974,2.4095410790440432,0.8143525735124202,1.5043182529808297,18,18,1.0,0.8744768433545552,1.125431089136167,0.6239776529833405,0.7071067811865476,-0.5,-0.5,0.5,-0.04221717268228531,simulator_service,service_success,True,,0.0099,0.0003,service_success,0.0,False
-33.69324,21,1159.100928,False,9.197616690578348,True,False,1.33303425097934,out_of_bounds,True,0.6737112467982964,0.0,1.6426552881846546,2.916018651680707,1.6426552881846546,1.33303425097934,21,21,1.0,1.0610306100732818,1.7178175041306567,0.6665252527034088,0.7071067811865476,0.5,0.27300190925598145,-0.482209175825119,1.1973857879638672,simulator_service,service_success,True,,0.011,0.0,service_success,0.0,False
-65.984024,53,1179.616995,False,8.294617081346471,True,False,2.6137491973110953,out_of_bounds,True,0.6367523395176719,0.0,1.9042226602071428,7.125410067479619,1.9042226602071428,1.045988461054007,53,53,1.0,1.2142624145450973,1.786096602387331,0.5976692187230694,0.7071067811865476,0.5,-0.5,0.5,0.19378450512886047,simulator_service,service_success,True,,0.0099,0.0001,service_success,0.0,False
-22.296352,9,1191.127166,False,8.262803121827202,True,False,2.6046123345859136,out_of_bounds,True,0.25568485590172024,0.0,1.1356833388164076,1.2329360939771887,1.1356833388164076,1.8734543484312478,9,9,1.0,1.2208006811936856,1.334735471256914,0.6872013014659955,0.7071067811865476,-0.5,-0.5,0.4838595688343048,1.0234249830245972,simulator_service,service_success,True,,0.0101,0.0,service_success,0.0,False
-16.478058,9,1202.741101,False,1.76282300228466,True,False,2.7142754351444727,out_of_bounds,True,0.5782154747144741,0.0,1.3581886655215218,1.3589775639299337,1.3581886655215218,1.9182487049488584,9,9,1.0,0.8987627019157727,0.9384660767868275,0.7071067811865477,0.7071067811865476,0.5,0.5,0.36658531427383423,-0.09950722754001617,simulator_service,service_success,True,,0.0102,0.0002,service_success,0.0,False
-35.875603,44,1221.653738,False,5.102960848662447,True,False,2.5729281116567884,out_of_bounds,True,0.7254243509867438,0.0,1.8296386512698903,6.639253532397619,2.520899406012991,1.2090013129679889,44,44,1.0,1.0784096805078256,1.353269527001747,0.6457426865768331,0.7071067811865476,0.03629499673843384,-0.5,0.5,-0.10084807872772217,simulator_service,service_success,True,,0.0103,0.0,service_success,0.0,False
-27.0,13,1234.071544,False,9.46948831055615,True,False,2.2862019004324967,out_of_bounds,True,0.5575693787337143,0.0,0.9365693426339201,1.255035543511724,0.9365693426339201,1.580599992599411,13,13,1.0,0.7664751307204819,1.1070567687305977,0.5664736503432455,0.7071067811865476,-0.5,-0.5,0.17824220657348633,-0.8329492211341858,simulator_service,service_success,True,,0.0104,0.0,service_success,0.0,False
-19.413107,19,1247.886538,False,2.335337113471463,True,False,2.6641089408342347,out_of_bounds,True,0.2584788082937849,0.0,1.3815978096157784,2.2379161585576846,1.5151429780021195,1.844903211243843,19,19,1.0,0.7610062189544766,0.9804237821150191,0.581662353587988,0.7071067811865476,0.5,0.20220611989498138,0.5,-0.5849554538726807,simulator_service,service_success,True,,0.0105,0.0,service_success,0.0,False
-20.343227,16,1261.001726,False,3.9309871836802253,True,False,2.261284165418384,out_of_bounds,True,0.6158904115585281,0.0,1.6405325102976118,1.995082009631198,1.6405325102976118,1.8853176453341634,16,16,1.0,0.9616833382785627,1.2537849701869548,0.703783501593863,0.7071067811865476,-0.5,-0.5,-0.04653286188840866,-1.034316897392273,simulator_service,service_success,True,,0.0106,0.0,service_success,0.0,False
-22.901817,19,1276.714419,False,3.84493130562351,False,True,0.9840612215364941,unsafe_low_altitude,True,0.6484776584058944,0.0,1.313776845870209,2.044228430461685,1.5015373567446966,1.128479569083881,18,18,1.0,0.8342923391904228,1.0065955138327567,0.6085802290967507,0.7071067811865476,-0.5,0.01451193168759346,0.5,0.11207928508520126,simulator_service,service_success,True,,0.0107,0.0,service_success,0.0,False
-23.522335,26,1292.428892,False,2.6793274488151657,True,False,2.5335318948277465,out_of_bounds,True,0.8649991433243698,0.0,1.359777296916078,3.1080701343019443,1.5873935381958912,1.7090298819029717,26,26,1.0,1.092038351506395,1.5491126275060854,0.5301182580187184,0.7071067811865476,0.5,0.5,0.5,0.5528723001480103,simulator_service,service_success,True,,0.0104,0.0,service_success,0.0,False
-93.90806,87,1320.847074,False,8.015298812187437,True,False,2.503112085403415,out_of_bounds,True,0.7087572290083312,0.0,1.5373565635891304,12.298392554668908,2.2335898106460657,1.1416814704827307,87,87,1.0,1.2796427678772653,1.793711581496792,0.6433785811428736,0.7071067811865476,-0.27475836873054504,0.5,-0.08244975656270981,0.43307021260261536,simulator_service,service_success,True,,0.0106,0.0004,service_success,0.0,False
-51.808357,46,1340.857167,False,7.599553853622316,True,False,1.5863557505131172,out_of_bounds,True,0.32853080720287475,0.0,0.9744566040410985,5.442964099620637,1.5559380470957476,1.285410845454796,46,46,1.0,1.0401305054897134,1.7885706195198603,0.5871694033605867,0.7071067811865476,-0.4228553771972656,0.5,-0.5,0.044251032173633575,simulator_service,service_success,True,,0.0116,0.0,service_success,0.0,False
-93.37739,97,1371.474914,False,9.360576045158586,True,False,1.7325286444054286,out_of_bounds,True,0.2949731368741753,0.0,6.101181507836934,13.297085343049227,6.101181507836934,1.0429275682766075,97,97,1.0,1.330666182510303,1.793711581496792,0.6566888572034336,0.7071067811865476,0.5,0.15176478028297424,-0.5,0.4089280962944031,simulator_service,service_success,True,,0.0109,0.0,service_success,0.0,False
-19.937069,9,1384.08639,False,6.0951690663947025,True,False,2.740449652676925,out_of_bounds,True,0.06625702061577987,0.0,1.2225603280447412,1.2271969683933093,1.2225603280447412,2.016851259692231,9,9,1.0,0.9019919832701634,1.1820007999797562,0.7071067811865477,0.7071067811865476,-0.5,-0.5,0.43282440304756165,-0.8424897193908691,simulator_service,service_success,True,,0.0109,0.0,service_success,0.0,False
-25.018616,26,1396.945501,False,5.2039056066724125,True,False,2.762506127517188,out_of_bounds,True,0.8647575939118629,0.0,2.5644990597839104,3.5810944569622967,2.5644990597839104,1.6121538792905394,26,26,1.0,0.8833089800856275,1.4442048825145641,0.6555309959474582,0.7071067811865476,-0.331819623708725,0.5,0.5,-1.214752435684204,simulator_service,service_success,True,,0.011,0.0009,service_success,0.0,False
-57.5428,45,1413.872529,False,9.387258611025167,True,False,1.615556869657686,out_of_bounds,True,0.5707976615542453,0.0,3.0545729792116343,6.543913067348722,3.0545729792116343,1.19815800467885,45,45,1.0,1.3100259151296823,1.793711581496792,0.6744705611889426,0.7071067811865476,-0.5,-0.5,0.15840984880924225,-1.3461965322494507,simulator_service,service_success,True,,0.011,0.0001,service_success,0.0,False
-23.015415,17,1425.179635,False,4.579924825385895,True,False,2.5015583476546843,out_of_bounds,True,0.6904210394454702,0.0,1.9063029946949746,2.192944092029298,1.9063029946949746,1.5410653721887324,17,17,1.0,0.879769863210168,1.274707880895764,0.6236062562430241,0.7071067811865476,0.5,-0.5,0.5,-0.9353502988815308,simulator_service,service_success,True,,0.0111,0.0002,service_success,0.0,False
-16.620195,7,1437.627523,False,2.6288747605591762,True,False,2.6105265282084034,out_of_bounds,True,0.9906872394295206,0.0,0.8830541116434336,0.8836948282704927,0.8830541116434336,2.0314886526287603,7,7,1.0,1.0674081352689653,1.0918814470310636,0.6114510002215147,0.6375474815380477,0.39555883407592773,-0.5,0.5,-0.7319414615631104,simulator_service,service_success,True,,0.0111,0.0,service_success,0.0,False
-18.028185,8,1447.277405,False,3.4844612902047505,True,False,1.4876956717414442,out_of_bounds,True,0.4412146641502981,0.0,0.9800155302451093,1.006439048486949,0.9800155302451093,1.291421385920445,8,8,1.0,0.7678602405508297,0.8682198139869953,0.7071067811865477,0.7071067811865476,-0.5,0.5,0.5,0.061689913272857666,simulator_service,service_success,True,,0.0111,0.0001,service_success,0.0,True
-66.13553,72,1473.146455,False,5.128379139927688,True,False,2.8024414744862884,out_of_bounds,True,0.38968721641921816,0.0,3.538359328124265,11.270730973174269,3.5863724521182583,1.0556321615389004,72,72,1.0,1.2147661665456015,1.793711581496792,0.6809457129114889,0.7071067811865476,0.5,-0.5,0.5,0.35329681634902954,simulator_service,service_success,True,,0.0111,0.0,service_success,0.0,False
-26.328909,22,1485.713984,False,4.122108387704555,True,False,2.516252171744649,out_of_bounds,True,0.8577664141196649,0.0,1.8586668175586607,2.5892667214780567,1.8728559418420239,2.1692655918549866,22,22,1.0,1.4096973886523285,1.7541235571206062,0.6348956320328849,0.7071067811865476,-0.5,0.5,0.5,-0.2197585552930832,simulator_service,service_success,True,,0.0112,0.0,service_success,0.0,False
-31.348932,31,1502.087707,False,4.268929641327146,False,True,0.8799482249706212,unsafe_low_altitude,True,0.28513807156820975,0.0,1.501940783133445,3.8502799400623666,1.5262223174781622,0.8799482249706212,31,31,1.0,0.9251986507069999,1.3918025676580577,0.6313239627224585,0.7071067811865476,-0.49802160263061523,-0.48873651027679443,0.5,1.0955480337142944,simulator_service,service_success,True,,0.0113,0.0,service_success,0.0,True
-18.39339,11,1512.183184,False,3.240556250508756,True,False,2.650224976746026,out_of_bounds,True,0.23126174210177794,0.0,1.0837238238529636,1.1121464505354393,1.0837238238529636,1.9949126782759048,11,11,1.0,0.9771514254069728,1.605307164675453,0.48106119958196575,0.593746341116194,0.1290000081062317,0.5,0.5,0.08479335904121399,simulator_service,service_success,True,,0.0113,0.0,service_success,0.0,False
-72.196,93,1539.194938,False,6.9099232187575605,True,False,2.6359275038804015,out_of_bounds,True,0.00775304457034815,0.0,3.6788454498459666,12.428980623450755,3.6788454498459666,1.002845870091552,93,93,1.0,1.1152790657342333,1.7717344837588875,0.5728921794008407,0.7071067811865476,-0.28020286560058594,0.5,0.5,1.291743278503418,simulator_service,service_success,True,,0.0113,0.0,service_success,0.0,False
-19.69304,7,1551.989306,False,6.831971782218438,True,False,2.6446107943599033,out_of_bounds,True,0.5625543043451752,0.0,0.634657504888038,0.7077102867574794,0.634657504888038,2.0852085193975345,7,7,1.0,1.4456637677849684,1.7705746544441567,0.5752766172087389,0.646168220639426,-0.5,-0.05805573612451553,0.5,-0.957474410533905,simulator_service,service_success,True,,0.0113,0.0001,service_success,0.0,False
-19.030113,9,1562.016171,False,5.08748710563266,True,False,2.568075333729331,out_of_bounds,True,0.8665294460239218,0.0,1.0801126240350478,1.1050754040946709,1.0801126240350478,1.982245260595031,9,9,1.0,1.5459782699380713,1.7486963265242672,0.6527815999295934,0.7071067811865476,-0.5,-0.5,0.31192997097969055,-1.568642258644104,simulator_service,service_success,True,,0.0114,0.0003,service_success,0.0,False
-23.823874,14,1575.201473,False,5.422287200981258,False,True,0.99178534640367,unsafe_low_altitude,True,0.8189860140947607,0.0,1.4689459013372554,1.7030992512664116,1.4689459013372554,0.99178534640367,14,14,1.0,1.5092975452092716,1.753861855997531,0.6363163075976794,0.7071067811865476,0.5,0.5,0.5,0.7278974056243896,simulator_service,service_success,True,,0.0111,0.0002,service_success,0.0,False
-20.663244,11,1589.116662,False,5.8849865279384295,True,False,2.6530533281386264,out_of_bounds,True,0.5406212944899018,0.0,1.6434444497832532,1.6438402918409336,1.6434444497832532,1.6674014712679637,11,11,1.0,1.3674939616537833,1.793711581496792,0.6775769280330585,0.7071067811865476,0.41998594999313354,0.4490969479084015,0.5,-0.6580871939659119,simulator_service,service_success,True,,0.0115,0.0,service_success,0.0,False
-22.183887,13,1602.652475,False,4.785582727605374,False,True,0.9567214164144079,unsafe_low_altitude,True,0.8654867658745026,0.0,0.8448621419723698,1.129127906177176,0.8448621419723698,0.9567214164144079,13,13,1.0,1.6563928068928466,1.793711581496792,0.6719834485619659,0.7071067811865476,0.39599156379699707,0.5,0.5,1.1217697858810425,simulator_service,service_success,True,,0.0114,0.0,service_success,0.0,False
-19.12962,12,1613.64909,False,3.834443388364819,True,False,2.3060472073126257,out_of_bounds,True,0.811354908659584,0.0,1.2630825059552766,1.2812617459954145,1.2630825059552766,1.5311075697666663,12,12,1.0,0.8862542057742239,1.5149777080379858,0.5026831523708402,0.6611275320614616,0.2601378262042999,0.2941731810569763,0.20892009139060974,-0.15872006118297577,simulator_service,service_success,True,,0.0114,0.0,service_success,0.0,False
-25.123146,20,1628.755876,False,5.307439100816741,False,True,0.9641093960541754,unsafe_low_altitude,True,0.5044500217887056,0.0,1.4079709128866618,1.725358432861016,1.4079709128866618,0.9641093960541754,20,20,1.0,1.0730999686187477,1.7403768980331322,0.5029587616090854,0.7071067811865476,-0.5,0.5,0.24801312386989594,-1.5707963705062866,simulator_service,service_success,True,,0.0113,0.0,service_success,0.0,False
-30.348368,24,1642.237347,False,5.791857022798909,True,False,2.726479298646595,out_of_bounds,True,0.556296170479231,0.0,1.4808744220451415,3.2095302477519763,1.4808744220451415,1.2198135174366878,24,24,1.0,1.2149184121479306,1.793711581496792,0.6410243813623069,0.7071067811865476,-0.5,-0.5,0.5,1.5707963705062866,simulator_service,service_success,True,,0.0113,0.0,service_success,0.0,False
-76.32722,63,1663.845974,False,8.775342585419327,True,False,2.6983106251452744,out_of_bounds,True,0.20450013848420406,0.0,1.9192587215516976,8.997367942210872,2.2714765125259406,1.0440741271308733,63,63,1.0,1.4427128942156047,1.793711581496792,0.6376124025373083,0.7071067811865476,0.5,-0.5,-0.5,1.0906275510787964,simulator_service,service_success,True,,0.0113,0.0003,service_success,0.0,False
-43.856422,47,1684.971022,False,5.999148846878751,True,False,2.5577250993546463,out_of_bounds,True,0.6590782299582008,0.0,2.069289235928986,6.596741646409492,2.069289235928986,1.1387622242508615,47,47,1.0,1.317893874955681,1.793711581496792,0.6222949612718908,0.7071067811865476,0.5,-0.5,0.5,-0.17104150354862213,simulator_service,service_success,True,,0.0113,0.0001,service_success,0.0,False
-23.304398,14,1696.550969,False,5.022585115526127,True,False,2.607738730460094,out_of_bounds,True,0.5575681054397182,0.0,1.4143263405148339,1.4431125736493178,1.4143263405148339,1.6781093314017739,14,14,1.0,1.3092368471668347,1.63440018217728,0.419781482586126,0.5047942948318914,0.11932174116373062,0.36239275336265564,0.24144674837589264,1.5707963705062866,simulator_service,service_success,True,,0.0113,0.0001,service_success,0.0,False
-20.626743,12,1707.754922,False,4.29773833057163,True,False,2.795054633880776,out_of_bounds,True,0.8484541950905362,0.0,1.2838258898835884,1.4164249481806368,1.2838258898835884,2.070331078840645,12,12,1.0,0.9848622662582621,1.470691442524039,0.5683998799430744,0.6070708875219158,-0.5,0.28230059146881104,0.17450250685214996,0.1627011001110077,simulator_service,service_success,True,,0.0113,0.0001,service_success,0.0,False
-21.652933,12,1721.806422,False,5.234735788487351,True,False,2.509749327644787,out_of_bounds,True,0.32428791579491395,0.0,0.5484107076942952,0.8460634531596707,0.5908874248255663,2.0112522924752056,12,12,1.0,0.7348132630412413,0.7752209304778229,0.39596469514069227,0.5007951451065842,0.3077864348888397,-0.10250625759363174,0.14194220304489136,0.6896229982376099,simulator_service,service_success,True,,0.0113,0.0,service_success,0.0,False
-23.833439,10,1732.016725,False,8.406642751835058,True,False,2.7725008002459375,out_of_bounds,True,0.2288531933366024,0.0,1.2419546757289361,1.456475491637681,1.2419546757289361,2.0534197933987346,10,10,1.0,1.2924193402224442,1.774327237935681,0.7020341948808592,0.7071067811865476,0.5,-0.42524805665016174,0.5,-1.5707963705062866,simulator_service,service_success,True,,0.0114,0.0001,service_success,0.0,False
-26.471096,16,1746.925597,False,6.798289643599488,True,False,2.763260468709894,out_of_bounds,True,0.2869898750216084,0.0,1.3488506646213287,2.2032094345728854,1.3488506646213287,1.4174001535188727,16,16,1.0,1.4052291043409586,1.793711581496792,0.6967204859629692,0.7071067811865476,0.5,-0.2064000964164734,0.29644691944122314,-0.7702959775924683,simulator_service,service_success,True,,0.0082,0.0002,service_success,0.0,False
-19.085747,7,1757.186262,False,6.318087845811546,True,False,2.7164012566392097,out_of_bounds,True,0.027175517995986682,0.0,0.7008247318106753,0.7015441190057173,0.7008247318106753,2.203502641080894,7,7,1.0,0.778923367647697,0.7885632059856139,0.5007540390430046,0.501003683772876,0.0316968634724617,-0.5,0.5,-0.3074185252189636,simulator_service,service_success,True,,0.0114,0.0013,service_success,0.0,False
-20.594023,8,1773.84991,False,7.297423571968841,False,True,0.915844378420157,unsafe_low_altitude,True,0.025244918199957615,0.0,0.8182120810409537,0.8199058236363448,0.8182120810409537,0.915844378420157,8,8,1.0,1.1724994211239494,1.1774483211836761,0.3171068780715781,0.32547098843518074,-0.21240761876106262,-0.22406494617462158,-0.5,-1.0088865756988525,simulator_service,service_success,True,,0.0115,0.0,service_success,0.0,False
-25.0,11,1787.860236,False,10.020277646562015,True,False,2.613017535222919,out_of_bounds,True,0.6696598768180967,0.0,1.3939126781300146,1.405031506032568,1.3939126781300146,1.8889540721253986,11,11,1.0,1.156553516264404,1.6248738143257848,0.7071067811865478,0.7071067811865476,0.5,-0.5,0.5,-1.374850869178772,simulator_service,service_success,True,,0.0114,0.0,service_success,0.0,False
-23.986622,11,1801.9735,False,7.970335751475284,True,False,2.814656832176623,out_of_bounds,True,0.7189089663143631,0.0,1.054015362679462,1.3375400573424603,1.054015362679462,1.8828755911561832,11,11,1.0,0.7873697294821906,0.9228017400377451,0.49893122899166614,0.7071067811865476,-0.26642337441444397,0.15575484931468964,0.5,0.3023888170719147,simulator_service,service_success,True,,0.0115,0.0,service_success,0.0,False
-19.118664,11,1816.188797,False,3.0972140387063334,True,False,2.685874336373447,out_of_bounds,True,0.34205410466935193,0.0,1.3100173863410876,1.340647390344373,1.3100173863410876,1.7394087853682114,11,11,1.0,0.8159291944055778,0.9050572181120072,0.5155655605382037,0.7071067811865476,-0.5,0.5,-0.42551881074905396,-0.33235985040664673,simulator_service,service_success,True,,0.0115,0.0,service_success,0.0,False
-24.720078,11,1830.660045,False,8.380410003982288,True,False,2.5181963037514725,out_of_bounds,True,0.2433284152665144,0.0,1.0763960934199714,1.1452492172176791,1.0763960934199714,2.117403424616225,11,11,1.0,0.7642718837940868,0.8067791939562708,0.6512923552288702,0.7071067811865476,0.5,0.23768025636672974,0.5,0.3072470724582672,simulator_service,service_success,True,,0.0118,0.0002,service_success,0.0,False
-22.863228,14,1846.212686,False,5.217385253374002,True,False,2.6539268854611486,out_of_bounds,True,0.7293277413075064,0.0,1.5724020787688342,1.9102825668824328,1.5724020787688342,1.7958331174127051,14,14,1.0,0.9907971692226177,1.1519353715844114,0.5906515945893395,0.7071067811865476,0.26278597116470337,0.017576780170202255,0.5,0.5772539377212524,simulator_service,service_success,True,,0.0116,0.0001,service_success,0.0,False
-21.726805,29,1864.730114,False,2.713247233070857,True,False,2.8855392760906318,out_of_bounds,True,0.7897061730376213,0.0,2.1190569343615944,3.9128720908656582,2.1190569343615944,1.5598515364875645,29,29,1.0,1.1400478996108274,1.499834670520671,0.5561580517058233,0.7071067811865476,0.32864952087402344,-0.34880489110946655,0.5,-0.8609182834625244,simulator_service,service_success,True,,0.0115,0.0001,service_success,0.0,False
-33.488,30,1887.047924,False,6.104628931881663,False,True,0.8943920878248698,unsafe_low_altitude,True,0.7702884427271399,0.0,0.8353161611931679,3.5676733572763575,1.457740095351513,0.8943920878248698,30,30,1.0,1.0546661763632705,1.696352943410126,0.6146817900565062,0.7071067811865476,-0.38608893752098083,0.5,-0.5,-1.4928324222564697,simulator_service,service_success,True,,0.0113,0.0001,service_success,0.0,False
-66.31229,100,1920.263433,False,5.148811599433606,True,False,2.792033889409008,out_of_bounds,True,0.6479499554833053,0.0,2.9813747190380533,12.106844808250655,2.9813747190380533,1.1106759203380072,100,100,1.0,1.2462367153078202,1.793711581496792,0.5924024096638856,0.7071067811865476,-0.3548598289489746,0.2666930854320526,-0.5,0.040854841470718384,simulator_service,service_success,True,,0.0113,0.0,service_success,0.0,False
-50.119804,60,1945.368655,False,6.561199569500423,True,False,2.5010442079736683,out_of_bounds,True,0.8974958346316293,0.0,3.544331082751262,7.754667667162768,3.544331082751262,1.0333550676961394,60,60,1.0,1.3790901337237478,1.793711581496792,0.5890134114013102,0.7071067811865476,0.5,0.4869251251220703,0.5,1.5707963705062866,simulator_service,service_success,True,,0.0118,0.0001,service_success,0.0,False
-20.243326,34,1965.287306,False,2.162609101873021,True,False,2.9109572237972867,out_of_bounds,True,0.551396965616395,0.0,1.6064192925062006,3.3828274108893015,1.6064192925062006,1.2796892691134305,34,34,1.0,0.7912790202735906,1.276381706550185,0.40525323608032376,0.7071067811865476,0.09113626927137375,-0.5,0.4755645990371704,-0.851326048374176,simulator_service,service_success,True,,0.0114,0.0001,service_success,0.0,False
-21.289473,13,1980.700112,False,4.900148312781551,True,False,2.5427387051198806,out_of_bounds,True,0.6046302446719719,0.0,1.739439953738454,1.1117052559710547,1.0095211290827846,1.699452564514152,12,12,1.0,1.2909611542923947,1.7208077310674572,0.6914023373237769,0.7071067811865476,0.4063352346420288,0.5,0.2576283812522888,-1.5707963705062866,simulator_service,service_success,True,,0.0114,0.0,service_success,0.0,False
-17.353031,12,1996.219871,False,2.0394066571998897,True,False,2.660270974875791,out_of_bounds,True,0.08144947875241691,0.0,0.8296068427105698,0.9687866835754926,0.8296068427105698,2.120882681682162,12,12,1.0,1.207585506620239,1.6122271301110482,0.38981817674288793,0.587960775499359,0.16092835366725922,0.1904969960451126,0.3564012348651886,-0.8620924353599548,simulator_service,service_success,True,,0.0114,0.0001,service_success,0.0,False
-33.226448,21,2013.630867,False,8.733078704765875,True,False,0.9436902545863907,out_of_bounds,True,0.7143046630053758,0.0,2.4174571238523264,3.2054496718073224,2.4174571238523264,0.9436902545863907,21,21,1.0,1.1472640099246147,1.793711581496792,0.6945777174771217,0.7071067811865476,0.5,-0.5,-0.5,1.5707963705062866,simulator_service,service_success,True,,0.0114,0.0001,service_success,0.0,False
-34.729187,65,2040.039236,False,3.741403161691897,True,False,2.6836309751249305,out_of_bounds,True,0.8993089401564811,0.0,4.0083894179680195,7.655728036676784,4.3402697987398176,1.1358991982468534,65,65,1.0,0.9392973636569176,1.2878143834074733,0.5243780998961943,0.7071067811865476,0.5,0.5,0.32529696822166443,-0.9708340167999268,simulator_service,service_success,True,,0.0113,0.0,service_success,0.0,False
-20.01853,17,2056.761784,False,2.645109680433032,True,False,2.0142251036914414,out_of_bounds,True,0.9853730799546422,0.0,0.9731023567092205,1.6111532509246527,0.9731023567092205,1.2195256420560803,17,17,1.0,1.0703397125814071,1.3124786099329842,0.3996610958499715,0.7071067811865476,0.2826760709285736,0.005090130493044853,0.013651615008711815,-1.2666029930114746,simulator_service,service_success,True,,0.0115,0.0,service_success,0.0,False
-31.025854,30,2079.859543,False,5.557271699120968,False,True,0.8365859524434286,unsafe_low_altitude,True,0.4207751376684092,0.0,1.8020467270118072,3.1647336665520243,1.9464003411576485,0.8365859524434286,30,30,1.0,1.4851942935469278,1.7385987963004375,0.5155903418534166,0.6622530218825051,-0.5,0.36857935786247253,-0.5,-0.896854817867279,simulator_service,service_success,True,,0.0116,0.0001,service_success,0.0,False
-37.654865,39,2101.277756,False,5.507608587498817,True,False,2.5236100882365795,out_of_bounds,True,0.44893612127384536,0.0,2.4526661929634934,5.3666666168477635,2.4526661929634934,1.1112037527914198,39,39,1.0,1.4856125070186355,1.793711581496792,0.6942675870838478,0.7071067811865476,0.5,0.5,0.5,-0.013019060716032982,simulator_service,service_success,True,,0.0116,0.0,service_success,0.0,False
-24.467487,13,2117.588896,False,7.379072786189162,True,False,2.727468845340151,out_of_bounds,True,0.8069254624695601,0.0,1.168185390642789,1.6392987170386921,1.168185390642789,1.6316394900038838,13,13,1.0,1.4861514364005795,1.7697743446175398,0.6963376733539353,0.7071067811865476,0.5,-0.5,0.344234824180603,-1.0265673398971558,simulator_service,service_success,True,,0.0116,0.0,service_success,0.0,False
-24.167114,14,2134.119203,False,6.470812626223337,True,False,2.7233446482635113,out_of_bounds,True,0.39485561539753794,0.0,1.5807944361601411,1.9286032855810542,1.5807944361601411,1.755508890682073,14,14,1.0,1.3627360133982338,1.7556094769624824,0.7071067811865478,0.7071067811865476,-0.5,0.5,0.5,0.43584227561950684,simulator_service,service_success,True,,0.0113,0.0,service_success,0.0,False
-38.461823,34,2158.937583,False,4.637909688342323,False,True,0.9657019433064302,unsafe_low_altitude,True,0.7514194227673073,0.0,1.7160160583346495,3.1830402452837974,1.1759454694358389,1.1457310783893033,33,33,1.0,0.9365572989442008,1.4887151885608239,0.628140007542322,0.7071067811865476,-0.5,0.059143051505088806,-0.5,-0.15458239614963531,simulator_service,service_success,True,,0.0113,0.0,service_success,0.0,False
-27.089289,19,2176.845158,False,6.36195901986407,True,False,2.846801797904513,out_of_bounds,True,0.5712378630906572,0.0,1.435660399461,2.5200877663020615,1.435660399461,1.4453733944899883,19,19,1.0,1.2701033216336512,1.7264619334810438,0.6049312778648396,0.684830985756736,-0.5,-0.11519362032413483,0.5,1.5707963705062866,simulator_service,service_success,True,,0.0112,0.0,service_success,0.0,False
-35.02118,48,2200.765749,False,3.1441465721004023,True,False,2.95413163352787,out_of_bounds,True,0.8858396274393423,0.0,1.7336113596708576,6.225056790120167,1.7336113596708576,1.1480288721833134,48,48,1.0,1.2276137187264184,1.6647798767871838,0.614168712694877,0.7071067811865476,0.18715764582157135,-0.5,0.5,0.6045281291007996,simulator_service,service_success,True,,0.0113,0.0,service_success,0.0,False
-21.061016,29,2220.773412,False,2.843941922833647,True,False,2.9225483539893125,out_of_bounds,True,0.1279412973659349,0.0,2.5746915957092895,3.3288755917687416,2.5746915957092895,1.4149562392680919,29,29,1.0,0.8740323362716478,1.2046762161518494,0.49065558832263556,0.7071067811865476,0.5,-0.3069528043270111,0.3713933825492859,0.7451074123382568,simulator_service,service_success,True,,0.0112,0.0,service_success,0.0,False
-20.899654,10,2235.891419,False,5.986677669345156,True,False,1.352079547894036,out_of_bounds,True,0.4318443893942651,0.0,0.9812006561542381,0.9902469354163539,0.9812006561542381,1.3341266033498964,10,10,1.0,0.9549415657795646,1.16017098867887,0.7071067811865477,0.7071067811865476,-0.5,-0.5,0.5,-0.7720082402229309,simulator_service,service_success,True,,0.0113,0.0003,service_success,0.0,False
-24.418022,39,2258.106588,False,1.3069123825982294,True,False,2.5744667455660175,out_of_bounds,True,0.7854818074387041,0.0,1.809217302064185,4.246955975197513,1.809217302064185,1.1677866519425444,39,39,1.0,0.8488879127606421,1.3176857177604235,0.45266980586554784,0.7071067811865476,-0.5,0.5,-0.5,0.9931241869926453,simulator_service,service_success,True,,0.0084,0.0001,service_success,0.0,False
-18.406197,5,2276.324803,False,7.166137431480639,False,True,0.9795805831213494,unsafe_low_altitude,True,0.32810459609675,0.0,0.5453856945599476,0.5453856945599476,0.5453856945599476,0.9795805831213494,5,5,1.0,1.6241161768765244,1.6241161768765244,0.7071067811865476,0.7071067811865476,-0.5,0.5,-0.5,1.3739553689956665,simulator_service,service_success,True,,0.0113,0.0001,service_success,0.0,False
-29.545105,24,2294.630784,False,4.840358046409709,True,False,2.678445415564897,out_of_bounds,True,0.9965881234464264,0.0,1.7420099502004873,3.1421730334571416,1.9682236162686784,1.3288401189617447,24,24,1.0,1.1955337494497686,1.793711581496792,0.6238372412493007,0.7071067811865476,0.5,0.5,0.5,0.8982527852058411,simulator_service,service_success,True,,0.0127,0.0,service_success,0.0,False
-83.105965,73,2324.048354,False,11.325833115394243,True,False,2.557998683459177,out_of_bounds,True,0.2281489131679853,0.0,3.7777579321149943,10.293982387684133,3.7777579321149943,1.3134842005546368,73,73,1.0,1.1425962460874863,1.793711581496792,0.6690328458518375,0.7071067811865476,0.5,-0.2326062172651291,0.5,1.5707963705062866,simulator_service,service_success,True,,0.0085,0.0,service_success,0.0,False
-29.181772,25,2343.669992,False,6.2720516006777585,True,False,2.8454159178613527,out_of_bounds,True,0.6393119056853122,0.0,2.1233135316292095,3.496196358808518,2.1233135316292095,1.3287841158279892,25,25,1.0,1.639396900698609,1.793711581496792,0.5819819470352708,0.7071067811865476,-0.006926951929926872,-0.0994788259267807,-0.5,0.9231083393096924,simulator_service,service_success,True,,0.0112,0.0001,service_success,0.0,False
-36.021698,93,2377.276872,False,2.3500836292596206,True,False,2.81393033723696,out_of_bounds,True,0.9852675704594064,0.0,3.569204733278917,9.931418933230876,3.583316292172659,1.114894140348028,93,93,1.0,0.7856653155511575,1.150205711196444,0.4869180380974275,0.7071067811865476,-0.5,0.2245025932788849,0.4450078010559082,-0.5432450771331787,simulator_service,service_success,True,,0.012,0.0003,service_success,0.0,False
-27.387665,20,2392.0107,False,6.482514880824323,True,False,0.9927609459161506,out_of_bounds,True,0.939419753224664,0.0,1.483125549767366,2.0367674284205557,1.483125549767366,0.9927609459161506,20,20,1.0,1.4375694818988873,1.6826131944615002,0.5228954165070954,0.7071067811865476,0.5,0.5,-0.5,-1.2339625358581543,simulator_service,service_success,True,,0.0114,0.0,service_success,0.0,False
-17.83578,6,2411.286397,False,4.606473657962457,False,True,0.9405421024149925,unsafe_low_altitude,True,0.39114206498984466,0.0,0.7492967118096476,0.7492967118096476,0.7492967118096476,0.9405421024149925,6,6,1.0,1.5157344989307566,1.5157344989307568,0.7071067811865476,0.7071067811865476,0.5,0.5,-0.5,-1.2439658641815186,simulator_service,service_success,True,,0.011,0.0002,service_success,0.0,False
-22.57861,11,2424.144296,False,7.1107214973854385,True,False,1.8750166141807378,out_of_bounds,True,0.042164533719234384,0.0,1.328873870978458,1.3533677447850132,1.328873870978458,1.3547974207935027,11,11,1.0,0.876683939755515,1.0028047428837281,0.6796418466692608,0.7071067811865476,-0.5,0.5,-0.5,-0.5055861473083496,simulator_service,service_success,True,,0.0127,0.0,service_success,0.0,False
-23.63302,21,2439.215995,False,5.007651569604657,True,False,1.9330992703921728,out_of_bounds,True,0.16364229818618606,0.0,2.0289535046888916,2.719043786053058,2.0289535046888916,1.3048445275991984,21,21,1.0,0.8849827978711757,1.0675177451351103,0.5940490045678561,0.6735923834190293,-0.45136094093322754,-0.5,-0.08898317813873291,-0.4495457112789154,simulator_service,service_success,True,,0.0111,0.0,service_success,0.0,False
-45.74257,49,2460.063128,False,4.943966444954106,True,False,1.1797728684374589,out_of_bounds,True,0.5804952803486026,0.0,1.6029204218829556,5.5548879159010145,1.6029204218829556,1.1455821424851147,49,49,1.0,1.4216357973860434,1.793711581496792,0.6702290219436815,0.7071067811865476,-0.41403263807296753,0.4803387522697449,-0.5,-1.5707963705062866,simulator_service,service_success,True,,0.011,0.0,service_success,0.0,False
-18.07165,6,2472.029996,False,5.48957701437345,True,False,2.504681678929062,out_of_bounds,True,0.11213616350580022,0.0,0.4214080017750975,0.4214080017750975,0.4214080017750975,2.144799539372589,6,6,1.0,0.9320060825556471,0.9320060825556471,0.27170172843348744,0.2717017284334874,-0.030259601771831512,0.27001145482063293,0.41502460837364197,0.7890298366546631,simulator_service,service_success,True,,0.011,0.0001,service_success,0.0,False
-22.06173,17,2485.193039,False,4.202897851862946,True,False,2.8289111963693956,out_of_bounds,True,0.30019039414989296,0.0,1.3153119231614847,1.9747511685043388,1.3275544476630863,1.80966556612742,17,17,1.0,0.7257870500993875,0.9149149405311413,0.6180915880413309,0.7071067811865476,-0.5,-0.10850176215171814,0.3531128168106079,0.09660473465919495,simulator_service,service_success,True,,0.011,0.0,service_success,0.0,False
-24.453754,26,2501.846299,False,3.3341275511341713,True,False,2.883143763528995,out_of_bounds,True,0.44129181091749264,0.0,1.960978729761213,3.034243162129055,1.960978729761213,1.0167414513483233,26,26,1.0,0.8269876705294319,1.0837307806296927,0.3356851141355333,0.5920184983222241,0.11380721628665924,0.5,0.5,-0.14248034358024597,simulator_service,service_success,True,,0.0084,0.0,service_success,0.0,False
-31.010506,33,2519.438545,False,4.86839737377925,True,False,0.7675720053260259,out_of_bounds,True,0.6529799314410075,0.0,2.2389738616354222,4.154362745614865,2.2389738616354222,0.7675720053260259,33,33,1.0,1.050063386902075,1.1389208827463286,0.6584194137473859,0.7071067811865476,0.5,0.5,-0.5,0.3992528021335602,simulator_service,service_success,True,,0.0107,0.0,service_success,0.0,False
-30.986862,17,2533.869031,False,9.619765456367583,True,False,1.225848381124732,out_of_bounds,True,0.8210308950872498,0.0,0.7034063995679788,1.4895958685848745,0.7034063995679788,1.225848381124732,17,17,1.0,1.1498852296375173,1.691189523061861,0.5886591673965748,0.7071067811865476,-0.5,0.5,-0.39724472165107727,-0.3939165771007538,simulator_service,service_success,True,,0.0109,0.0001,service_success,0.0,False
-35.12525,38,2552.674633,False,4.998852216035272,True,False,2.671178799253584,out_of_bounds,True,0.26450234837815473,0.0,0.9250645643223161,4.73892343384564,0.9250645643223161,1.0747379631150913,38,38,1.0,1.6081748475456885,1.793711581496792,0.6586510498759873,0.7071067811865476,0.13286852836608887,-0.5,0.20053116977214813,-1.3413269519805908,simulator_service,service_success,True,,0.011,0.0,service_success,0.0,False
-15.700954,6,2567.068081,False,1.9164465257655208,False,True,0.9379340441705049,unsafe_low_altitude,True,0.8950198946976501,0.0,0.735063523962292,0.735063523962292,0.735063523962292,0.9379340441705049,6,6,1.0,0.8661126306894334,0.8661126306894336,0.7071067811865476,0.7071067811865476,0.5,-0.5,-0.5,-0.01229182817041874,simulator_service,service_success,True,,0.0108,0.0001,service_success,0.0,False
-23.238705,17,2581.551725,False,4.827166523045447,True,False,2.9260657234320435,out_of_bounds,True,0.21089823823750128,0.0,1.2572054859926642,1.1550804494489433,1.1512739403339367,1.6880387294608319,16,16,1.0,1.3551400058266607,1.7755173328529743,0.6474393447304694,0.6854066513740896,0.5,-0.46880942583084106,0.5,-0.6182449460029602,simulator_service,service_success,True,,0.0124,0.0,service_success,0.0,False
-48.32546,43,2601.56823,False,7.671349025747077,True,False,2.7604410591601556,out_of_bounds,True,0.49714101543251105,0.0,1.0330508690374298,4.8408101595385125,1.0330508690374298,1.3584480050700194,43,43,1.0,0.9842525599291361,1.793711581496792,0.5855825825858805,0.7071067811865476,0.15762323141098022,-0.5,0.5,0.957661509513855,simulator_service,service_success,True,,0.0108,0.0,service_success,0.0,False
-36.74283,70,2627.052777,False,3.5492286541156406,True,False,2.958938977021929,out_of_bounds,True,0.9442219260672134,0.0,1.8562171186403773,9.020874395972388,2.091021417853543,1.0928971281708546,70,70,1.0,0.9087387593305263,1.4588418351847898,0.6167169751225756,0.7071067811865476,0.5,-0.5,-0.5,0.0932316780090332,simulator_service,service_success,True,,0.0108,0.0001,service_success,0.0,False
-38.671913,38,2646.101435,False,5.576317311382554,True,False,2.5147876355421235,out_of_bounds,True,0.45509441675227036,0.0,1.77190360776197,5.012334086099623,2.1914866534411224,1.18772438064488,38,38,1.0,1.1071411282217902,1.7323802706475104,0.6629872742946213,0.7071067811865476,-0.04552885890007019,0.5,0.5,1.4976794719696045,simulator_service,service_success,True,,0.0108,0.0004,service_success,0.0,False
-34.312744,33,2667.411267,False,4.0410812985428715,False,True,0.9249449479038591,unsafe_low_altitude,True,0.7574982970767004,0.0,2.368375603444467,4.246443269731152,2.368375603444467,0.9249449479038591,33,33,1.0,1.2030626142397176,1.793711581496792,0.6044157292114336,0.7071067811865476,0.3770179748535156,0.5,-0.48163023591041565,1.482871651649475,simulator_service,service_success,True,,0.0109,0.0001,service_success,0.0,False
-19.938358,6,2679.778692,False,8.590787988451988,True,False,2.5117363778361237,out_of_bounds,True,0.26032643452040555,0.0,0.6815630792452533,0.6815630792452533,0.6815630792452533,2.1249838475858445,6,6,1.0,0.8953019656927689,0.8953019656927689,0.7071067811865476,0.7071067811865476,0.5,0.5,0.4657886326313019,-0.29087206721305847,simulator_service,service_success,True,,0.0128,0.0,service_success,0.0,False
-44.86677,59,2703.279372,False,5.90528882600237,True,False,1.9504477535374152,out_of_bounds,True,0.5470987573547431,0.0,2.45789610289927,7.443706416250569,2.45789610289927,1.0183025304373468,59,59,1.0,1.1234056025286443,1.7668255567320785,0.6176871967630335,0.7071067811865476,0.5,-0.17816224694252014,-0.5,-1.5707963705062866,simulator_service,service_success,True,,0.0109,0.0,service_success,0.0,False
-20.0,6,2719.097879,False,9.430604415711086,False,True,0.996843589564149,unsafe_low_altitude,True,0.4121074375852947,0.0,0.7594936176163244,0.7594936176163244,0.7594936176163244,0.996843589564149,6,6,1.0,1.793711581496792,1.793711581496792,0.7071067811865476,0.7071067811865476,0.5,-0.5,-0.5,-1.5707963705062866,simulator_service,service_success,True,,0.0109,0.0003,service_success,0.0,False
-45.55,38,2741.534888,False,6.8676221845804095,False,True,0.912117918477222,unsafe_low_altitude,True,0.9068564034883866,0.0,1.7309228150874318,4.354785663616763,1.7309228150874318,0.912117918477222,38,38,1.0,1.4472450294137071,1.7300279786251571,0.5160458568850491,0.7071067811865476,0.5,-0.02940193936228752,-0.5,1.3564821481704712,simulator_service,service_success,True,,0.0127,0.0,service_success,0.0,False
-22.063267,11,2755.106319,False,6.014116258536704,True,False,2.907282284060141,out_of_bounds,True,0.5414052490705245,0.0,1.38298502102032,1.3859882252799793,1.38298502102032,1.9465274411180997,11,11,1.0,1.435827035370542,1.730733451026402,0.5544364755918576,0.6201723189599855,-0.16744264960289001,0.5,-0.5,-1.5707963705062866,simulator_service,service_success,True,,0.0127,0.0,service_success,0.0,False
-29.865675,16,2770.003635,False,9.463518628373329,True,False,1.9336490950187293,out_of_bounds,True,0.14640514154464945,0.0,1.52349725765462,2.2314431448506493,1.52349725765462,1.9336490950187293,16,16,1.0,1.5958744271262304,1.793711581496792,0.6982178749625716,0.7071067811865476,0.5,-0.5,0.5,0.5575736165046692,simulator_service,service_success,True,,0.0116,0.0,service_success,0.0,False
-19.604237,17,2784.90938,False,2.2955378618787,True,False,2.8929827985157908,out_of_bounds,True,0.08584545827398558,0.0,1.58059531882156,1.9790978175178273,1.58059531882156,1.5059419000064764,17,17,1.0,0.9538194493716051,1.1633822306222976,0.5716471198408127,0.6479749415445198,-0.37886738777160645,-0.5,-0.5,0.6922314763069153,simulator_service,service_success,True,,0.0099,0.0002,service_success,0.0,False
-47.0,33,2803.200196,False,9.463438177961171,True,False,1.6222386151614858,out_of_bounds,True,0.5608421415041458,0.0,1.8206961882806763,3.8397999177468787,1.8206961882806763,1.0084275338687865,33,33,1.0,1.5302380525129031,1.793711581496792,0.6377640247595292,0.7071067811865476,-0.40080007910728455,0.3755694627761841,0.5,1.3080782890319824,simulator_service,service_success,True,,0.0108,0.0005,service_success,0.0,True
-20.283117,17,2818.244396,False,3.3977725252190587,True,False,2.764528202555839,out_of_bounds,True,0.5886792721588242,0.0,0.6934126744913234,1.42663482917653,0.6934126744913234,2.0876310194729584,17,17,1.0,0.9805692261953759,1.2923292955490753,0.5717500777718648,0.7071067811865476,-0.4305586516857147,-0.4673521816730499,0.15052926540374756,0.6238222122192383,simulator_service,service_success,True,,0.0106,0.0002,service_success,0.0,False
-19.141884,10,2832.248788,False,4.167920590906288,True,False,2.656371046298692,out_of_bounds,True,0.1277237356059896,0.0,0.6809330294384117,1.117143488911038,0.6852371475335816,2.0035146205212953,10,10,1.0,1.2111758127943282,1.6104555497208488,0.7071067811865477,0.7071067811865476,0.5,0.5,0.1712668538093567,1.0483174324035645,simulator_service,service_success,True,,0.0106,0.0,service_success,0.0,False
-23.276192,11,2846.236527,False,7.598575044841343,True,False,2.678590896153515,out_of_bounds,True,0.0339026041191942,0.0,1.054997455768349,1.1342047177676204,1.054997455768349,1.9593834105820647,11,11,1.0,0.939350962254686,1.3222763657965635,0.7071067811865478,0.7071067811865476,0.5,-0.5,-0.5,0.999207079410553,simulator_service,service_success,True,,0.0095,0.0,service_success,0.0,False
-95.567406,132,2887.511689,False,6.188050244718278,False,True,0.916829641735279,unsafe_low_altitude,True,0.5456597142129408,0.0,2.7043335526771117,15.320312549105777,2.8813876528313465,0.916829641735279,132,132,1.0,1.1740868736357415,1.7664939963689126,0.6139255334583515,0.7071067811865476,0.5,-0.5,-0.5,0.09848734736442566,simulator_service,service_success,True,,0.0099,0.0003,service_success,0.0,False
-32.0,18,2902.960238,False,10.525142500975065,True,False,2.8957207841273083,out_of_bounds,True,0.42794350568759676,0.0,2.092436087731912,2.605086165135498,2.092436087731912,1.6666326390508444,18,18,1.0,1.4660847264925043,1.793711581496792,0.6685972029829199,0.7071067811865476,0.3161717653274536,-0.5,0.5,-1.1336822509765625,simulator_service,service_success,True,,0.0109,0.0,service_success,0.0,False
-23.70399,11,2917.16821,False,6.6712542183707155,True,False,2.745601553155755,out_of_bounds,True,0.834730551394843,0.0,1.4417689666104796,1.4818738293473248,1.4417689666104796,1.8930145023618428,11,11,1.0,1.0415658115413402,1.793711581496792,0.7071067811865478,0.7071067811865476,-0.5,-0.5,-0.5,1.5707963705062866,simulator_service,service_success,True,,0.0095,0.0001,service_success,0.0,False
-74.52797,71,2943.52552,False,9.968930092522363,True,False,2.0072352373359705,out_of_bounds,True,0.8023146619866718,0.0,6.409046943523645,8.837206514398638,6.173155214831466,1.1386156826209213,70,70,1.0,1.4613482567218288,1.793711581496792,0.6048552524058971,0.7071067811865476,-0.5,0.13523916900157928,0.5,0.04465937241911888,simulator_service,service_success,True,,0.0093,0.0002,service_success,0.0,False
-29.004826,36,2965.267852,False,4.147816605742003,False,True,0.9565501211616354,unsafe_low_altitude,True,0.020549193595921965,0.0,1.5491447952294155,3.9127806612592027,1.5491447952294155,0.9565501211616354,36,36,1.0,0.9907382873915387,1.6940626606787783,0.591500113191466,0.7071067811865476,-0.5,0.04906563088297844,-0.3873494863510132,-1.5707963705062866,simulator_service,service_success,True,,0.0093,0.0,service_success,0.0,False
-19.511292,24,2982.125482,False,2.8530310253604823,True,False,2.7889565853853573,out_of_bounds,True,0.4078253437244999,0.0,1.910924362646577,2.259756571246667,1.910924362646577,1.4106580592200137,24,24,1.0,0.6608899603409684,0.8730204666376397,0.39146530276889063,0.5767087726576253,-0.5,0.28738999366760254,0.5,-0.4237590432167053,simulator_service,service_success,True,,0.0106,0.0,service_success,0.0,False
-69.09979,59,3006.255559,False,7.084590328242503,True,False,2.5675945098840023,out_of_bounds,True,0.38475327975347784,0.0,0.9435072053894072,7.174864092199012,1.3680082224704744,1.2019987001439254,59,59,1.0,1.3767417485783688,1.793711581496792,0.6795033277757714,0.7071067811865476,-0.4767608642578125,-0.5,0.45600274205207825,-1.2520513534545898,simulator_service,service_success,True,,0.0094,0.0,service_success,0.0,False
-30.165836,47,3030.376943,False,2.128358388936376,False,True,0.8232189391611426,unsafe_low_altitude,True,0.545678171447075,0.0,2.2881606759879,5.304472846647023,2.2881606759879,0.8232189391611426,47,47,1.0,1.0035030958731561,1.4669354593811732,0.5495156848773847,0.7071067811865476,0.36831772327423096,-0.16467303037643433,-0.5,0.14756564795970917,simulator_service,service_success,True,,0.0094,0.0,service_success,0.0,False
-21.905144,12,3044.853697,False,5.279647542755476,True,False,2.8346711408589167,out_of_bounds,True,0.13900865636036253,0.0,1.1825291700009566,1.187171444988656,1.1825291700009566,2.0495991397008635,12,12,1.0,0.9484715336969273,1.7665228153186858,0.7071067811865478,0.7071067811865476,0.5,0.5,0.5,0.14142371714115143,simulator_service,service_success,True,,0.0108,0.0,service_success,0.0,False
-22.674068,12,3059.487296,False,6.011295750939345,True,False,2.657416380207178,out_of_bounds,True,0.5197291013282882,0.0,1.0949802940742115,1.4319017876286888,1.0949802940742115,1.591896920328262,12,12,1.0,1.2285138217051759,1.733453886037978,0.5388159952938633,0.5862062063121755,0.45567530393600464,-0.36877870559692383,0.5,-0.3527555465698242,simulator_service,service_success,True,,0.0094,0.0001,service_success,0.0,False
-16.549248,6,3072.865423,False,2.4769589835544688,True,False,2.567084630117397,out_of_bounds,True,0.027517190880030365,0.0,0.5126538694440719,0.5126538694440719,0.5126538694440719,2.1463097986333683,6,6,1.0,0.7330028443218835,0.7342415820889272,0.5483607208808736,0.5548649558792055,0.5,0.2405724823474884,0.4650602638721466,0.12228872627019882,simulator_service,service_success,True,,0.0093,0.0,service_success,0.0,False
-25.967829,12,3087.453886,False,8.53699853658534,True,False,2.992678865113548,out_of_bounds,True,0.8975209375751192,0.0,1.7849026284112264,1.7876544448651892,1.7849026284112264,2.0215862122902792,12,12,1.0,0.9342610429658041,1.793711581496792,0.7071067811865478,0.7071067811865476,0.5,0.5,0.5,-1.5707963705062866,simulator_service,service_success,True,,0.0093,0.0001,service_success,0.0,False
-22.922157,12,3102.280445,False,6.566279911339274,True,False,2.5379539541439478,out_of_bounds,True,0.4500574346574334,0.0,0.9591027131917198,1.1785125823496885,0.9591027131917198,1.8062827507236532,12,12,1.0,1.2141793980170876,1.793711581496792,0.7071067811865478,0.7071067811865476,0.5,-0.5,0.5,-1.5707963705062866,simulator_service,service_success,True,,0.0093,0.0001,service_success,0.0,False
-24.68742,12,3117.004187,False,6.737754374640761,True,False,2.502242087070415,out_of_bounds,True,0.8825906605674253,0.0,1.1869033637323407,1.6091694943871058,1.1869033637323407,1.878673817168545,12,12,1.0,1.6507254609263713,1.793711581496792,0.6871234383656856,0.7071067811865476,0.09273131191730499,0.4580135643482208,-0.45913007855415344,1.5707963705062866,simulator_service,service_success,True,,0.0091,0.0,service_success,0.0,False
-24.646889,30,3135.287188,False,2.244915516795372,True,False,2.8072734916700535,out_of_bounds,True,0.7321798273060771,0.0,2.4484518527093595,2.9242037301458037,2.4484518527093595,1.57600359429231,30,30,1.0,0.9853368061499382,1.4585039359661796,0.5349757031939275,0.7071067811865476,-0.5,-0.5,0.4969828426837921,-0.9306851029396057,simulator_service,service_success,True,,0.0094,0.0001,service_success,0.0,False
-43.559284,35,3156.070417,False,9.188038092861143,True,False,1.8862812727945837,out_of_bounds,True,0.43816268457333896,0.0,3.1802907690295315,5.07769115995822,3.1802907690295315,1.190415688978207,35,35,1.0,1.5487993589291513,1.793711581496792,0.6178836169607341,0.7071067811865476,0.15351608395576477,0.5,0.5,1.525878667831421,simulator_service,service_success,True,,0.0093,0.0,service_success,0.0,False
-54.10664,59,3180.493853,False,8.13108411243647,True,False,1.4705764527878569,out_of_bounds,True,0.07619022017878685,0.0,4.206486732126579,7.226239335746209,4.206486732126579,1.2430298710989873,59,59,1.0,1.5281265867381,1.793711581496792,0.6222410288939739,0.7071067811865476,0.5,0.5,-0.5,1.5707963705062866,simulator_service,service_success,True,,0.0074,0.0004,service_success,0.0,False
-17.650194,18,3196.619822,False,1.712706729249628,True,False,3.031762711993528,out_of_bounds,True,0.3223408104454032,0.0,1.1897914117040247,1.865904339855938,1.1897914117040247,2.003966969736555,18,18,1.0,0.8382842020151904,0.9732188341810507,0.5603060600166092,0.6793773556107965,0.5,-0.4599495530128479,0.5,0.12578801810741425,simulator_service,service_success,True,,0.0094,0.0002,service_success,0.0,False
-42.426277,30,3217.502492,False,8.316854983225081,False,True,0.961158768285675,unsafe_low_altitude,True,0.014465013944288762,0.0,0.6913707108692341,3.4630231510187106,1.5544378678128343,0.961158768285675,30,30,1.0,1.3549128403080293,1.793711581496792,0.6495695455699697,0.7071067811865476,0.5,-0.5,-0.5,1.5707963705062866,simulator_service,service_success,True,,0.0094,0.0,service_success,0.0,False
-16.59378,6,3233.596072,False,3.157711959156708,False,True,0.9846180489163823,unsafe_low_altitude,True,0.36361017269902507,0.0,0.6506159136695817,0.6506159136695817,0.6506159136695817,0.9846180489163823,6,6,1.0,0.9567169333370286,1.3691626085975004,0.38238749476771444,0.7071067811865476,-0.031243111938238144,0.048471540212631226,-0.48439404368400574,0.24138763546943665,simulator_service,service_success,True,,0.0108,0.0,service_success,0.0,False
-18.187391,18,3252.221508,False,2.056898147209975,False,True,0.8295073629615944,unsafe_low_altitude,True,0.21752148076502942,0.0,1.121477101969011,1.349677186680117,1.121477101969011,0.8295073629615944,18,18,1.0,0.5234855539984065,0.628299652984239,0.24801236005368515,0.4623397075190997,-0.13511113822460175,0.18589569628238678,-0.4525952935218811,0.116119384765625,simulator_service,service_success,True,,0.011,0.0,service_success,0.0,False
-15.573867,6,3268.494757,False,1.139137125881378,False,True,0.969379864653679,unsafe_low_altitude,True,0.5122767379602352,0.0,0.6474739012411617,0.6474739012411617,0.6474739012411617,0.969379864653679,6,6,1.0,0.9932203652496637,1.4115873382334312,0.41773162789536017,0.5562846995791653,0.045948415994644165,0.27537140250205994,-0.5,-0.05015731602907181,simulator_service,service_success,True,,0.0111,0.0,service_success,0.0,False
-32.265892,24,3286.126447,False,6.8476565147322885,True,False,2.531578707140893,out_of_bounds,True,0.6103552190713856,0.0,1.2290451148576145,2.86423192299468,1.2290451148576145,1.0165711135652724,24,24,1.0,1.2686963309278978,1.6254857149396662,0.6365161422195061,0.7071067811865476,-0.5,0.30268609523773193,0.5,-0.2683039605617523,simulator_service,service_success,True,,0.0105,0.0,service_success,0.0,False
-29.191307,18,3302.707058,False,7.6510889275449,True,False,2.736673264059544,out_of_bounds,True,0.13802827011780605,0.0,1.3036166629682606,1.916830076586367,1.3036166629682606,1.4545789735154349,18,18,1.0,1.123559160039595,1.471579461860183,0.44551867466248307,0.5538284470297,-0.1801609992980957,0.11268603801727295,0.5,-1.3676220178604126,simulator_service,service_success,True,,0.0091,0.0,service_success,0.0,False
-21.45568,18,3319.234892,False,3.2591787502788985,True,False,2.5790867146675334,out_of_bounds,True,0.10755825730277371,0.0,0.7653343086482404,1.9368757214420513,1.0635888086783591,1.9255815265005893,18,18,1.0,1.1241256068117471,1.3181129849034712,0.6523017424359114,0.7071067811865476,-0.5,0.5,0.22178035974502563,0.6839599609375,simulator_service,service_success,True,,0.0092,0.0002,service_success,0.0,False
-87.98957,122,3357.148185,False,4.116781300968174,True,False,2.6367109407197824,out_of_bounds,True,0.7530926796586335,0.0,3.458407716589862,14.535309653137332,3.8279862618025904,1.0411057996227995,122,122,1.0,1.2147811733755216,1.793711581496792,0.5676766111041865,0.7071067811865476,-0.5,0.5,0.5,0.30558502674102783,simulator_service,service_success,True,,0.0089,0.0,service_success,0.0,False
-19.958027,19,3373.843236,False,2.057552841395298,True,False,2.7047439927254375,out_of_bounds,True,0.5825581152867669,0.0,1.4396787883894377,1.968984498159005,1.4396787883894377,1.5306848105511013,19,19,1.0,0.7592272794605298,0.9232651984998146,0.5196513900887756,0.6081603179880966,0.24247482419013977,-0.5,0.5,0.03797120973467827,simulator_service,service_success,True,,0.009,0.0,service_success,0.0,False
-19.508608,13,3389.361639,False,2.42938951669274,True,False,1.8368575346106297,out_of_bounds,True,0.5260071904549858,0.0,1.4825833995917455,1.7497693046469345,1.4825833995917455,1.8368575346106297,13,13,1.0,1.4711980955865274,1.793711581496792,0.6533925127906166,0.7071067811865476,0.5,-0.23069614171981812,0.5,1.5707963705062866,simulator_service,service_success,True,,0.0089,0.0,service_success,0.0,False
-17.742392,7,3403.5468,False,3.4315879532987594,True,False,2.6037412630637813,out_of_bounds,True,0.9730661771953814,0.0,0.8502947224012826,0.8502947224012826,0.8502947224012826,2.0958544571730884,7,7,1.0,0.8910692211510823,0.8910692211510824,0.7071067811865477,0.7071067811865476,0.5,0.5,0.5,0.20977215468883514,simulator_service,service_success,True,,0.0083,0.0001,service_success,0.0,False
-29.249893,45,3428.320727,False,3.1082109062722463,False,True,0.9199378594550481,unsafe_low_altitude,True,0.08275711359802378,0.0,0.7590451771860892,4.338376851610573,1.0151806550988645,0.9199378594550481,45,45,1.0,0.9690550225407663,1.2189431537388795,0.5154962429930832,0.7071067811865476,-0.5,0.1751004159450531,-0.5,-0.4227207601070404,simulator_service,service_success,True,,0.009,0.0,service_success,0.0,False
-44.430233,39,3449.264209,False,7.527536947831517,True,False,2.6230921650882046,out_of_bounds,True,0.48411739324847197,0.0,1.5089439874944266,4.481374236305306,1.5089439874944266,1.2859046380060675,39,39,1.0,1.4909801014310295,1.793711581496792,0.6872752331380702,0.7071067811865476,-0.5,-0.2267017811536789,-0.5,-1.5707963705062866,simulator_service,service_success,True,,0.0101,0.0,service_success,0.0,False
-27.0,13,3464.931117,False,10.244302502163045,True,False,2.2767086192772275,out_of_bounds,True,0.6567293723622896,0.0,1.6601263558726729,1.9532444717432242,1.6601263558726729,1.5980514911496677,13,13,1.0,1.5841017796689059,1.793711581496792,0.7071067811865478,0.7071067811865476,0.5,0.5,0.5,1.5707963705062866,simulator_service,service_success,True,,0.0089,0.0002,service_success,0.0,False
-43.31923,31,3484.56211,False,10.790305917473404,True,False,1.64297923686581,out_of_bounds,True,0.25765594152044013,0.0,3.350178265867087,4.286916929538451,3.350178265867087,1.529413924591218,31,31,1.0,1.2407775367241538,1.793711581496792,0.5984691189439432,0.7071067811865476,0.5,0.5,-0.5,-1.5707963705062866,simulator_service,service_success,True,,0.0087,0.0002,service_success,0.0,False
-23.422092,32,3506.847787,False,1.3392301069275612,False,True,0.8943536662516144,unsafe_low_altitude,True,0.41703038749016924,0.0,2.4855032855150356,3.8100594646186727,2.4855032855150356,0.8943536662516144,32,32,1.0,0.8723120940236614,1.1365258976418746,0.6145787408982221,0.7071067811865476,-0.5,-0.5,-0.28277796506881714,0.6671294569969177,simulator_service,service_success,True,,0.0089,0.0,service_success,0.0,False
-19.55511,7,3523.98903,False,7.256527121372403,False,True,0.8610787305400804,unsafe_low_altitude,True,0.6039901269488859,0.0,0.8756331163331982,0.8756331163331982,0.8756331163331982,0.8610787305400804,7,7,1.0,1.6422526871790422,1.6422526871790424,0.635493415196679,0.635493415196679,-0.3922395706176758,-0.5,-0.5,1.4293851852416992,simulator_service,service_success,True,,0.0103,0.0,service_success,0.0,False
-20.904413,7,3541.156992,False,8.764154044383996,False,True,0.8411677926533989,unsafe_low_altitude,True,0.1230447473002324,0.0,0.8099819239561468,0.8099819239561468,0.8099819239561468,0.8411677926533989,7,7,1.0,1.3452033596447575,1.3473667331849877,0.6798765162753612,0.7071067811865476,-0.5,-0.5,-0.5,-1.028883934020996,simulator_service,service_success,True,,0.0106,0.0,service_success,0.0,False
-32.069977,45,3563.544414,False,4.236231693477257,True,False,3.061976659266089,out_of_bounds,True,0.5095893669451422,0.0,2.5260986196109902,5.568665921423261,2.5260986196109902,1.0669707932496453,45,45,1.0,1.1013639423019586,1.793711581496792,0.5669574472729462,0.7071067811865476,-0.35222530364990234,-0.5,0.4680684804916382,-1.4448530673980713,simulator_service,service_success,True,,0.0105,0.0,service_success,0.0,False
-18.196411,7,3580.7822,False,4.47494393699449,False,True,0.9301168865972177,unsafe_low_altitude,True,0.021586416543598778,0.0,0.746527839201249,0.746527839201249,0.746527839201249,0.9301168865972177,7,7,1.0,1.728228187891219,1.741308512027827,0.51837446810489,0.5610294969650367,0.25446826219558716,-0.5,0.5,-1.5707963705062866,simulator_service,service_success,True,,0.0088,0.0001,service_success,0.0,False
-16.795984,7,3595.452775,False,2.530090024453965,True,False,2.6035632098963344,out_of_bounds,True,0.30652471288506455,0.0,0.8766356278909776,0.8766356278909776,0.8766356278909776,2.080818617161927,7,7,1.0,1.7837632445447027,1.793711581496792,0.6782347007180661,0.7071067811865476,0.5,-0.07090303301811218,0.5,1.5707963705062866,simulator_service,service_success,True,,0.0102,0.0,service_success,0.0,False
-39.268364,32,3615.363245,False,8.017649233601022,True,False,1.4917121648228562,out_of_bounds,True,0.6045115650259574,0.0,1.8097472777477388,3.8488656061509205,1.8097472777477388,1.232707045595888,32,32,1.0,1.5417902399572734,1.793711581496792,0.6669989749170491,0.7071067811865476,-0.5,-0.5,-0.5,0.29212480783462524,simulator_service,service_success,True,,0.0088,0.0006,service_success,0.0,False
-77.822395,77,3647.116568,False,8.284061634975469,False,True,0.9950561550101008,unsafe_low_altitude,True,0.3063063504618011,0.0,1.3824823307586585,9.601973867916499,3.4851257024901967,0.9950561550101008,77,77,1.0,1.2313034761093768,1.793711581496792,0.6190579599590692,0.7071067811865476,-0.5,-0.5,-0.5,0.7965806722640991,simulator_service,service_success,True,,0.0087,0.0001,service_success,0.0,False
-32.15502,32,3669.596112,False,5.28374831480312,False,True,0.9636774020313014,unsafe_low_altitude,True,0.18431731126986853,0.0,1.835452193909135,3.9650296148084934,1.9955355568487219,0.9636774020313014,32,32,1.0,1.2718079417689419,1.793711581496792,0.6576342888163974,0.7071067811865476,0.5,0.5,-0.5,-1.5707963705062866,simulator_service,service_success,True,,0.0098,0.0,service_success,0.0,False
-29.232964,19,3686.981704,False,7.000683517452981,True,False,2.6740599977563604,out_of_bounds,True,0.1940015503741712,0.0,1.897365350350057,2.199989931025902,1.897365350350057,1.3104666168760977,19,19,1.0,1.4604604879272287,1.793711581496792,0.694670186669865,0.7071067811865476,-0.5,-0.5,-0.5,-1.5707963705062866,simulator_service,service_success,True,,0.0102,0.0,service_success,0.0,False
-25.112396,13,3703.118634,False,6.909611950742047,True,False,2.632417622746648,out_of_bounds,True,0.733731735787681,0.0,1.6867933740014984,1.826999347602241,1.6867933740014984,1.4594343072079925,13,13,1.0,1.3835732085571535,1.7293424393544192,0.7071067811865478,0.7071067811865476,0.5,-0.5,0.5,-1.496871829032898,simulator_service,service_success,True,,0.0093,0.0003,service_success,0.0,False
-29.538567,26,3721.825972,False,5.321645309841493,True,False,2.8643023238200764,out_of_bounds,True,0.009248606755143019,0.0,1.2103754899430634,3.0541914609690095,1.2103754899430634,1.5556134671531983,26,26,1.0,1.1919273848130088,1.7577517888316365,0.62247192955469,0.7071067811865476,-0.5,0.165312260389328,0.5,1.5707963705062866,simulator_service,service_success,True,,0.0087,0.0001,service_success,0.0,False
-101.42826,89,3756.400171,False,11.208092343711279,False,True,0.8020042443595259,unsafe_low_altitude,True,0.641764302323606,0.0,2.0125002591490575,11.20430265455348,2.745470264913634,0.8020042443595259,89,89,1.0,1.1575691131957064,1.793711581496792,0.6571885822672041,0.7071067811865476,0.5,-0.5,-0.5,-1.5707963705062866,simulator_service,service_success,True,,0.0088,0.0001,service_success,0.0,False
-19.131954,20,3774.021181,False,2.358785728350953,True,False,1.3953634059457003,out_of_bounds,True,0.46216127634026544,0.0,1.2304869315341453,1.3336487057277655,1.0969465737381454,1.2144766463309042,19,19,1.0,1.4158871867494751,1.5468608441775105,0.6282328875664882,0.7071067811865476,0.5,-0.5,0.012747388333082199,-1.2579811811447144,simulator_service,service_success,True,,0.0102,0.0,service_success,0.0,False
-19.128902,7,3791.598348,False,6.414460991064808,False,True,0.9764042899416709,unsafe_low_altitude,True,0.04161557757922164,0.0,0.7745327273892164,0.7745327273892164,0.7745327273892164,0.9764042899416709,7,7,1.0,1.0167712808861864,1.1102860621526462,0.7071067811865477,0.7071067811865476,0.5,0.5,-0.5,-0.38225409388542175,simulator_service,service_success,True,,0.0085,0.0,service_success,0.0,False
-35.79909,33,3811.936454,False,5.354337121789338,True,False,2.684571024715739,out_of_bounds,True,0.12975170564163252,0.0,1.7332703959067852,3.6914295124469882,1.7332703959067852,1.0419897203390207,33,33,1.0,1.2059249578939888,1.7297941171575997,0.5501712644531798,0.7071067811865476,0.5,-0.5,0.27182698249816895,0.6845473647117615,simulator_service,service_success,True,,0.01,0.0,service_success,0.0,False
-21.043888,13,3831.030907,False,3.529332500161285,False,True,0.9968734760985826,unsafe_low_altitude,True,0.8895141586483704,0.0,1.4120542577346302,1.4634959318738814,1.4120542577346302,0.9968734760985826,13,13,1.0,0.8784152949702964,1.7350389261585515,0.5330496486860951,0.5693749855012199,-0.5,-0.20726513862609863,0.5,-1.5707963705062866,simulator_service,service_success,True,,0.0086,0.0,service_success,0.0,False
-42.857796,33,3851.631798,False,8.905869165580562,True,False,1.197475127532274,out_of_bounds,True,0.32806617915402736,0.0,2.115401686013266,4.201889260025536,2.115401686013266,1.1081960767613552,33,33,1.0,1.2088398650464887,1.7366698953386381,0.6660753317419952,0.7071067811865476,0.5,-0.5,-0.5,0.9546452760696411,simulator_service,service_success,True,,0.0101,0.0,service_success,0.0,False
-20.423801,12,3868.220721,False,4.757929424731391,True,False,1.2875752271139336,out_of_bounds,True,0.665917758467256,0.0,1.3784682150410656,1.5395100477254537,1.3784682150410656,1.2875752271139336,12,12,1.0,0.8875216524402941,0.9717612482388909,0.5989398683649323,0.6948402811597492,-0.5,-0.4824966490268707,-0.008083030581474304,0.5201321840286255,simulator_service,service_success,True,,0.0083,0.0001,service_success,0.0,False
-44.21798,40,3893.01979,False,7.406295864738467,False,True,0.9748625420394812,unsafe_low_altitude,True,0.6831874924776563,0.0,1.5314917512792603,5.191637755512916,1.5354635482654244,0.9748625420394812,40,40,1.0,1.6090953151120977,1.793711581496792,0.7031871123468794,0.7071067811865476,-0.5,0.5,-0.5,-1.5707963705062866,simulator_service,service_success,True,,0.0084,0.0,service_success,0.0,False
-23.357101,20,3911.144094,False,4.454486320710476,True,False,2.863706498078049,out_of_bounds,True,0.26618548824781474,0.0,2.0511820067548605,2.4773048411630088,2.0511820067548605,1.511473734541011,20,20,1.0,0.8556940384198825,1.2601435630731193,0.6234301277937921,0.7071067811865476,-0.001256665214896202,0.2117505669593811,-0.3269776701927185,0.13343504071235657,simulator_service,service_success,True,,0.0099,0.0,service_success,0.0,False
-29.30357,48,3935.011067,False,3.1897559920566367,True,False,3.0138101286872643,out_of_bounds,True,0.5009013542355237,0.0,1.6841704325149638,4.962105458113159,1.6841704325149638,1.2675802173877126,48,48,1.0,1.066976472741202,1.4649374822953243,0.5639138407565648,0.7071067811865476,0.5,-0.5,0.5,1.0162782669067383,simulator_service,service_success,True,,0.0083,0.0,service_success,0.0,False
-21.181274,14,3951.966604,False,4.779626089752116,True,False,1.2214730588127456,out_of_bounds,True,0.2529095940561112,0.0,1.8445659422184444,1.8549075996642836,1.8445659422184444,1.2214730588127456,14,14,1.0,0.8930990652198637,1.0000084097705815,0.7071067811865478,0.7071067811865476,-0.5,0.5,0.06814709305763245,0.058267805725336075,simulator_service,service_success,True,,0.0084,0.0001,service_success,0.0,False
-19.697144,7,3967.433494,False,7.346282709188811,True,False,0.7342357296817208,out_of_bounds,True,0.5100217329136725,0.0,0.971238723152765,0.971238723152765,0.971238723152765,0.7342357296817208,7,7,1.0,1.0627717673392245,1.0627717673392243,0.7071067811865477,0.7071067811865476,-0.5,0.5,-0.4812003970146179,-0.6308169364929199,simulator_service,service_success,True,,0.0083,0.0003,service_success,0.0,False
-27.412264,14,3984.467842,False,9.241200303599628,True,False,1.5631138728382183,out_of_bounds,True,0.042159226186255123,0.0,1.377234152327744,1.854024262490167,1.377234152327744,1.1644309250440954,14,14,1.0,1.743334480799808,1.793711581496792,0.7070479905238873,0.7071067811865476,0.5,-0.5,0.5,-1.5055742263793945,simulator_service,service_success,True,,0.0084,0.0,service_success,0.0,False
-49.713,48,4008.445853,False,4.6449004459660035,True,False,2.5263883602347628,out_of_bounds,True,0.03130352726913082,0.0,3.0315198609298,5.747038829011461,3.0315198609298,1.0533133791150988,48,48,1.0,1.2505398101741245,1.793711581496792,0.6798454015193544,0.7071067811865476,-0.44858676195144653,0.5,0.5,-0.860373854637146,simulator_service,service_success,True,,0.0083,0.0,service_success,0.0,False
-26.641926,14,4025.470604,False,8.51478103229102,True,False,1.5177332885948074,out_of_bounds,True,0.550502257314627,0.0,1.2033954176953785,1.2512235781023582,1.2033954176953785,1.5177332885948074,14,14,1.0,1.0500644644569124,1.2552537927686476,0.5377304999377323,0.5950862543412135,-0.5,0.010669365525245667,0.5,0.7809523344039917,simulator_service,service_success,True,,0.0084,0.0,service_success,0.0,False
-76.38638,69,4056.648971,False,7.4526923332016315,False,True,0.8841101836978993,unsafe_low_altitude,True,0.6147597603951058,0.0,1.6646267825007999,8.193366501465892,2.231042667924236,0.8841101836978993,69,69,1.0,1.1550238848180667,1.793711581496792,0.6340637835231443,0.7071067811865476,0.5,-0.5,0.04452259838581085,1.5707963705062866,simulator_service,service_success,True,,0.0083,0.0,service_success,0.0,False
-19.04136,7,4072.329902,False,6.103687534719687,True,False,2.7926508045827254,out_of_bounds,True,0.4237761362782819,0.0,0.6897620897362159,0.6897620897362159,0.6897620897362159,2.1981184333287245,7,7,1.0,0.7775682118632482,0.7775682118632482,0.3121074917289777,0.3121074917289778,0.2808825373649597,0.13607382774353027,0.5,0.5071501135826111,simulator_service,service_success,True,,0.01,0.0,service_success,0.0,False
-16.107262,7,4090.981987,False,2.3729824898351355,False,True,0.9366501691939252,unsafe_low_altitude,True,0.47537380450120037,0.0,0.8985841672538977,0.8985841672538977,0.8985841672538977,0.9366501691939252,7,7,1.0,0.7485006199455297,0.7485006199455299,0.5569484329646696,0.5569484329646696,0.5,-0.24533967673778534,-0.5,-0.007849909365177155,simulator_service,service_success,True,,0.0083,0.0,service_success,0.0,False
-19.092875,21,4109.589663,False,2.6254893911432995,True,False,2.989800075582595,out_of_bounds,True,0.9585747782550226,0.0,2.1809073298860344,2.234592035345942,2.1809073298860344,1.4134352710693434,21,21,1.0,0.8930296537072875,1.1972458095544367,0.40901535119646376,0.5260716976044497,0.5,-0.16355864703655243,0.22676019370555878,0.058883681893348694,simulator_service,service_success,True,,0.0096,0.0,service_success,0.0,False
-20.583961,14,4129.563417,False,4.1520623812010715,False,True,0.9894358809453893,unsafe_low_altitude,True,0.23464494812087533,0.0,0.744619973322181,1.661526971243379,0.744619973322181,0.9894358809453893,14,14,1.0,1.2913186348615049,1.6516434209826347,0.6871898848999046,0.7071067811865476,-0.5,0.5,-0.1337166130542755,-0.4094689190387726,simulator_service,service_success,True,,0.0083,0.0,service_success,0.0,False
-23.913506,14,4146.884686,False,5.47215708995322,True,False,2.563805175947073,out_of_bounds,True,0.20549214634732343,0.0,1.451878922386723,1.765905641366932,1.451878922386723,1.8954935480835446,14,14,1.0,1.209455827841268,1.6769834228808724,0.6364676347138253,0.7071067811865476,-0.3101874589920044,-0.5,0.10234102606773376,-1.0597258806228638,simulator_service,service_success,True,,0.0097,0.0,service_success,0.0,False
-99.6713,137,4189.378162,False,5.764910000225881,True,False,2.6796189817340013,out_of_bounds,True,0.07635622122210466,0.0,3.1099183785061446,14.36940364929089,3.2930028759170877,1.0144500834070338,137,137,1.0,1.0695250269045489,1.7239594040133015,0.54301936630967,0.7071067811865476,-0.1648954153060913,-0.4565575122833252,0.5,0.4243185818195343,simulator_service,service_success,True,,0.0083,0.0001,service_success,0.0,False
-16.268747,7,4205.312537,False,1.4905494224205575,True,False,2.7485954726994644,out_of_bounds,True,0.011643042494991691,0.0,0.8244700048997141,0.8244700048997141,0.8244700048997141,2.1555498139030123,7,7,1.0,0.8299058740530645,0.8299058740530644,0.509261951547696,0.5092619515476959,-0.33083611726760864,-0.3871630132198334,0.5,0.42355167865753174,simulator_service,service_success,True,,0.0082,0.0004,service_success,0.0,False
-19.937408,7,4221.18345,False,7.941131476694588,True,False,2.75911305006536,out_of_bounds,True,0.548650942966388,0.0,0.9574433292234622,0.9574433292234622,0.9574433292234622,2.1904005842434495,7,7,1.0,1.565861245982718,1.5658612459827177,0.7071067811865477,0.7071067811865476,0.5,0.5,0.5,-1.304577112197876,simulator_service,service_success,True,,0.0083,0.0,service_success,0.0,False
-31.054283,47,4245.600978,False,3.7017976015189444,True,False,3.0593129389448643,out_of_bounds,True,0.3387941577280141,0.0,1.9027625130376973,5.297744012742475,1.9027625130376973,1.714658195949582,47,47,1.0,0.9183832582682907,1.1192839751362873,0.5640728146550504,0.7071067811865476,0.5,-0.5,0.5,-0.7090815305709839,simulator_service,service_success,True,,0.0082,0.0001,service_success,0.0,False
-22.072296,14,4263.098921,False,5.447409062923129,True,False,1.7309818282634344,out_of_bounds,True,0.009787020996963991,0.0,1.3263223391370051,1.3345775552459032,1.3263223391370051,1.7309818282634344,14,14,1.0,1.5763978464617774,1.7333222394818415,0.5864414404483936,0.7071067811865476,-0.5,-0.19236618280410767,0.5,1.5707963705062866,simulator_service,service_success,True,,0.0082,0.0,service_success,0.0,False
-19.28942,41,4286.198529,False,1.513536657688616,True,False,2.8690706690541483,out_of_bounds,True,0.4823493886116114,0.0,1.3873159732512361,4.999102758211158,1.5297401947963187,1.5402123332220286,41,41,1.0,1.2680879201475854,1.793711581496792,0.6599194228015851,0.7071067811865476,0.5,0.5,0.5,-1.5707963705062866,simulator_service,service_success,True,,0.0081,0.0001,service_success,0.0,False
-17.12017,7,4302.302466,False,3.362394805057611,True,False,2.7385323329023263,out_of_bounds,True,0.7505840715840351,0.0,0.5859582551962051,0.5859582551962051,0.5859582551962051,2.186138961733373,7,7,1.0,1.3802850406456197,1.7337449223313701,0.4892912146486008,0.5370942357855698,-0.29064127802848816,-0.34804385900497437,0.49419698119163513,0.8909609913825989,simulator_service,service_success,True,,0.0081,0.0,service_success,0.0,False
-24.153854,21,4321.320453,False,4.258933792061608,True,False,0.7204491274876293,out_of_bounds,True,0.06195583609314605,0.0,2.2568937384580248,2.8543489396596713,2.2568937384580248,0.7204491274876293,21,21,1.0,1.1043729262213429,1.3792967824294866,0.5738157303259696,0.7071067811865476,-0.3715022802352905,0.30541521310806274,-0.5,0.4212011992931366,simulator_service,service_success,True,,0.0081,0.0,service_success,0.0,False
-20.040436,28,4341.741114,False,3.0187056532710317,True,False,2.6994557951659193,out_of_bounds,True,0.5937190034462088,0.0,1.8902564630847283,3.1571218773732177,1.8902564630847283,1.2240370078556086,28,28,1.0,1.2533707632745743,1.7644735582343114,0.48261673157652096,0.6292580552621702,0.3979550302028656,-0.32463538646698,0.5,-0.5906590223312378,simulator_service,service_success,True,,0.0079,0.0002,service_success,0.0,False
-40.229614,35,4363.707122,False,6.3649296384099046,True,False,2.944105272485251,out_of_bounds,True,0.4156764072742459,0.0,1.7956789647886335,4.997036078704206,1.9907776937967316,1.2541176224419788,35,35,1.0,1.0510118217149262,1.793711581496792,0.6369896100618754,0.7071067811865476,0.5,0.5,0.3422788977622986,1.1683104038238525,simulator_service,service_success,True,,0.008,0.0,service_success,0.0,False
-20.475737,8,4380.225523,False,7.169440148584184,True,False,0.8966679338693222,out_of_bounds,True,0.8840535683230675,0.0,0.9899918273540385,0.9899918273540385,0.9899918273540385,0.8966679338693222,8,8,1.0,1.7265497368933571,1.7265497368933571,0.5133933739062057,0.5133933739062057,-0.11650217324495316,0.5,-0.5,-1.5707963705062866,simulator_service,service_success,True,,0.008,0.0,service_success,0.0,False
-21.182518,8,4396.599279,False,7.1127543897397745,True,False,0.8805226543857554,out_of_bounds,True,0.9287152474412368,0.0,1.0840357745882383,1.0840357745882383,1.0840357745882383,0.8805226543857554,8,8,1.0,1.093244655064385,1.0932446550643848,0.7071067811865477,0.7071067811865476,-0.5,-0.5,-0.5,-0.6672210097312927,simulator_service,service_success,True,,0.008,0.0001,service_success,0.0,False
-24.729965,57,4426.213804,False,1.5033740116000713,False,True,0.859518214472708,unsafe_low_altitude,True,0.4306773692140745,0.0,1.9946314272648593,6.792670479254386,1.9946314272648593,0.859518214472708,57,57,1.0,0.9045890024019616,1.3110179412401042,0.5551081591423088,0.7071067811865476,-0.22680208086967468,0.06620965898036957,-0.4869471788406372,-1.120181679725647,simulator_service,service_success,True,,0.008,0.0,service_success,0.0,False
-34.011925,22,4445.754269,False,9.282455329620161,True,False,2.6449203914509622,out_of_bounds,True,0.10519347536404046,0.0,2.1471587374904337,2.932003253287141,2.1471587374904337,1.5375884801790378,22,22,1.0,1.1814846672811852,1.408203756088305,0.6444228604635011,0.7071067811865476,-0.5,-0.5,0.3637069761753082,1.1622198820114136,simulator_service,service_success,True,,0.0094,0.0,service_success,0.0,False
-19.735218,15,4466.837023,False,2.969091701089557,False,True,0.812921071594964,unsafe_low_altitude,True,0.3589667939836704,0.0,1.4980068717304,1.7250060789710389,1.4980068717304,0.812921071594964,15,15,1.0,1.091338728440596,1.6622012428704698,0.6597801836707519,0.6917058252545025,0.5,0.42600682377815247,-0.5,0.4300106465816498,simulator_service,service_success,True,,0.0078,0.0001,service_success,0.0,False
-24.920193,44,4491.023359,False,2.4253736365322616,True,False,2.894780885420957,out_of_bounds,True,0.15223072275707947,0.0,2.4078207235547566,4.820200770889677,2.4078207235547566,1.3165793873502758,44,44,1.0,1.1031328585779456,1.5687193679429734,0.5419350184724064,0.7071067811865476,-0.5,0.45864537358283997,0.4368172585964203,-0.5340189933776855,simulator_service,service_success,True,,0.0091,0.0,service_success,0.0,False
-27.067833,22,4510.750671,False,5.672740953893944,True,False,0.588534116445518,out_of_bounds,True,0.3076556610063681,0.0,2.6954672979846594,3.432254760630232,2.6954672979846594,0.588534116445518,22,22,1.0,1.5061700269793787,1.793711581496792,0.6521706298433169,0.7071067811865476,-0.5,0.5,-0.5,1.5707963705062866,simulator_service,service_success,True,,0.0078,0.0,service_success,0.0,False
-18.687864,8,4527.419374,False,3.9770171511086048,True,False,2.7226009948289596,out_of_bounds,True,0.24003865150682985,0.0,1.0564510171279373,1.0564510171279373,1.0564510171279373,2.0984460454832834,8,8,1.0,1.793711581496792,1.793711581496792,0.7071067811865477,0.7071067811865476,-0.5,0.5,0.5,-1.5707963705062866,simulator_service,service_success,True,,0.0078,0.0001,service_success,0.0,False
-27.848022,30,4548.766071,False,4.28439380321163,True,False,0.6391176270312028,out_of_bounds,True,0.345332947284304,0.0,2.4201877381422454,4.2947670795099,2.459093489877159,0.6391176270312028,30,30,1.0,0.9377261980513348,1.1786444373545253,0.7016792234919463,0.7071067811865476,-0.5,0.5,-0.5,-0.7995015382766724,simulator_service,service_success,True,,0.0078,0.0,service_success,0.0,False
-25.994038,15,4567.038296,False,6.8321874310575526,True,False,0.5606498866008536,out_of_bounds,True,0.6352471715037098,0.0,1.8737350355494413,1.8763541711619889,1.8737350355494413,0.5606498866008536,15,15,1.0,1.6828123469421703,1.793711581496792,0.640096228162737,0.7071067811865476,-0.5,0.11446166038513184,-0.5,1.5707963705062866,simulator_service,service_success,True,,0.0078,0.0001,service_success,0.0,False
-44.975655,124,4610.965446,False,1.736452405289813,False,True,0.9254473449083678,unsafe_low_altitude,True,0.6366146166753163,0.0,3.630827735141886,15.111782843010989,4.786723573527504,0.9254473449083678,124,124,1.0,0.9862799689303535,1.793711581496792,0.5691234706875211,0.7071067811865476,-0.11840743571519852,-0.5,-0.1509261280298233,-0.6082484126091003,simulator_service,service_success,True,,0.0077,0.0,service_success,0.0,False
-26.198538,22,4633.848001,False,4.040404989035882,False,True,0.917238262634774,unsafe_low_altitude,True,0.4113333294094765,0.0,1.466443088657073,2.1919575954871346,1.466443088657073,0.917238262634774,22,22,1.0,0.8944549388867152,0.9692302972379649,0.5372279722953522,0.7071067811865476,0.05927630513906479,0.16274285316467285,0.037246886640787125,0.9529014229774475,simulator_service,service_success,True,,0.0091,0.0,service_success,0.0,False
-41.8686,52,4659.781644,False,5.453240181145364,True,False,0.6651260502222038,out_of_bounds,True,0.5491537221686776,0.0,2.5096170863297136,5.613111619297207,2.5945572149720744,0.6651260502222038,52,52,1.0,1.1001446095538716,1.633491296501505,0.6009567184307983,0.7071067811865476,-0.5,0.5,-0.5,-0.7604517340660095,simulator_service,service_success,True,,0.009,0.0,service_success,0.0,False
-24.892853,15,4678.270787,False,5.711476483947577,True,False,0.7059910363215364,out_of_bounds,True,0.9362269793506746,0.0,1.933100736460725,2.1766260271447,1.933100736460725,0.7059910363215364,15,15,1.0,1.4171024284374392,1.7863157817306785,0.6507050336690338,0.7071067811865476,-0.39955127239227295,-0.5,0.5,-0.12459290772676468,simulator_service,service_success,True,,0.0077,0.0,service_success,0.0,False
-23.2407,15,4700.981343,False,6.183099903898447,True,False,2.691611863002605,out_of_bounds,True,0.8013696893125938,0.0,1.7350126987576244,2.0879689861663953,1.7350126987576244,1.6262036206329396,15,15,1.0,1.270499945756856,1.7616550740028156,0.6752263195623708,0.7071067811865476,-0.5,-0.5,0.2893522381782532,1.4494823217391968,simulator_service,service_success,True,,0.0074,0.0,service_success,0.0,False
-20.39305,17,4719.879575,False,4.075807950286546,True,False,1.4513454855136998,out_of_bounds,True,0.144799189224539,0.0,1.6991100785810211,2.1936349516291562,1.6991100785810211,1.3428102825585646,17,17,1.0,1.0402027852065825,1.3708801692855312,0.6187400094235197,0.7071067811865476,-0.21890877187252045,-0.2944140136241913,-0.12060263752937317,-1.31535804271698,simulator_service,service_success,True,,0.0076,0.0003,service_success,0.0,False
-24.352232,15,4738.460525,False,6.208107436389518,True,False,2.788015435548479,out_of_bounds,True,0.6485530026256909,0.0,1.3602414326431038,2.1043120587853936,1.3602414326431038,1.4295278792672865,15,15,1.0,1.0181935241699502,1.793711581496792,0.651803890977135,0.7071067811865476,0.5,0.5,-0.5,-1.5707963705062866,simulator_service,service_success,True,,0.0077,0.0001,service_success,0.0,False
-22.440472,30,4760.079575,False,2.5573454136945677,True,False,3.1624329284926276,out_of_bounds,True,0.1753653752905658,0.0,2.8002074557722447,4.2815751019931225,2.8002074557722447,1.0519069920917152,30,30,1.0,1.1408571288730875,1.7779874767394857,0.5900111437565698,0.7071067811865476,-0.5,0.06651727855205536,0.5,0.646780252456665,simulator_service,service_success,True,,0.0083,0.0003,service_success,0.0,False
-20.82618,37,4783.210898,False,1.0936900201750686,True,False,2.6405768773601306,out_of_bounds,True,0.7191525742537159,0.0,2.0886843739724767,3.3797649228608373,2.0886843739724767,1.6477697312921342,37,37,1.0,0.7810120580762411,1.2681037665596318,0.5352500352106275,0.7071067811865476,0.029571102932095528,0.42558205127716064,0.40966111421585083,0.15576297044754028,simulator_service,service_success,True,,0.0077,0.0,service_success,0.0,False
-22.0,8,4800.500971,False,9.356802838009639,True,False,2.5501207687271883,out_of_bounds,True,0.4653580264228091,0.0,0.8696550706960923,0.8696550706960923,0.8696550706960923,1.9352174173304801,8,8,1.0,1.0073336609554058,1.0698340988968695,0.6055702010617076,0.7071067811865476,-0.5,-0.5,0.5,0.628128170967102,simulator_service,service_success,True,,0.0077,0.0,service_success,0.0,False
-27.383698,44,4825.30609,False,4.268134737818375,True,False,0.6722379261325007,out_of_bounds,True,0.8338109865978514,0.0,2.8618255288304595,5.551876296248956,2.8618255288304595,0.6722379261325007,44,44,1.0,0.9538108991423851,1.7224275233945656,0.6416442019677134,0.7071067811865476,-0.5,-0.5,-0.5,-0.3438531756401062,simulator_service,service_success,True,,0.0077,0.0,service_success,0.0,False
-44.0,30,4847.103958,False,9.753196550069442,True,False,3.013361324176214,out_of_bounds,True,0.5862997730656848,0.0,1.9963008977147445,3.5137577800639224,1.9963008977147445,1.8072207859641716,30,30,1.0,1.5813288878601914,1.793711581496792,0.5991239774235183,0.7071067811865476,0.5,0.5,0.5,1.5707963705062866,simulator_service,service_success,True,,0.0076,0.0,service_success,0.0,False
-30.381014,37,4873.477484,False,5.585996179272614,False,True,0.8089767797059976,unsafe_low_altitude,True,0.3310676831608143,0.0,4.268691783137347,4.704783948877033,4.268691783137347,0.8089767797059976,37,37,1.0,1.1633119037764645,1.7763275589602945,0.6351874455277213,0.7071067811865476,0.5,0.4365305006504059,-0.5,1.110328197479248,simulator_service,service_success,True,,0.0075,0.0001,service_success,0.0,False
-38.96521,30,4895.517524,False,6.956808532749574,True,False,2.9381288832545756,out_of_bounds,True,0.8456609009361303,0.0,2.531339704635178,4.060388361693219,2.531339704635178,1.382101741640081,30,30,1.0,1.470231072688743,1.793711581496792,0.6048917718266676,0.7071067811865476,-0.5,0.019302183762192726,-0.5,-0.01695178635418415,simulator_service,service_success,True,,0.0088,0.0,service_success,0.0,False
-21.006636,8,4913.042374,False,7.859726890677122,True,False,1.4710455735552617,out_of_bounds,True,0.9110773843053183,0.0,1.1249211960196217,1.1249211960196217,1.1249211960196217,1.4710455735552617,8,8,1.0,1.6225504485770146,1.739967517089399,0.6883251100914841,0.7071067811865476,-0.24512389302253723,-0.5,-0.5,1.5707963705062866,simulator_service,service_success,True,,0.0082,0.0002,service_success,0.0,False
-24.826159,15,4932.21904,False,5.61762145460873,True,False,0.6830044941808012,out_of_bounds,True,0.735637339769246,0.0,1.5705567390753004,1.8932071344319756,1.5705567390753004,0.6830044941808012,15,15,1.0,1.3883119381474358,1.793711581496792,0.5796479935435848,0.7071067811865476,-0.5,0.5,-0.5,1.5707963705062866,simulator_service,service_success,True,,0.0074,0.0004,service_success,0.0,False
-51.430687,60,4960.634399,False,6.1711028400464185,True,False,2.854107786066821,out_of_bounds,True,0.4451132899075939,0.0,2.5240491974368893,7.105002479839731,3.1615561052092374,1.2642916614942565,60,60,1.0,1.1915986999798518,1.7644115521709718,0.6113891246979881,0.7071067811865476,0.5,0.5,0.3817681074142456,1.5707963705062866,simulator_service,service_success,True,,0.0073,0.0001,service_success,0.0,False
-66.01535,83,4994.006442,False,7.0980245035106195,True,False,3.145939095015917,out_of_bounds,True,0.08705677262388115,0.0,2.1170875616862794,10.226971229658112,2.271214783209503,1.023404692459853,83,83,1.0,1.2903167568270055,1.793711581496792,0.6184655176967708,0.7071067811865476,0.1631118655204773,0.23596270382404327,0.5,0.4381297528743744,simulator_service,service_success,True,,0.0074,0.0001,service_success,0.0,False
-45.591164,69,5024.424248,False,3.386603317653731,True,False,0.6724966458254288,out_of_bounds,True,0.339246758609991,0.0,2.3874205206183667,6.570890860371513,2.3874205206183667,0.6724966458254288,69,69,1.0,1.2434147499079389,1.793711581496792,0.6125703241846168,0.7071067811865476,-0.5,-0.5,-0.1910659372806549,-0.4787350594997406,simulator_service,service_success,True,,0.0073,0.0,service_success,0.0,False
-28.737057,16,5043.857907,False,9.069332778893973,True,False,1.64985855280597,out_of_bounds,True,0.7324680778023559,0.0,1.430639837440964,1.8633391698008783,1.430639837440964,1.1541799409310705,16,16,1.0,1.4178473669481202,1.7438985897910941,0.6430210735637446,0.7071067811865476,0.27162668108940125,-0.5,0.5,1.5707963705062866,simulator_service,service_success,True,,0.0073,0.0,service_success,0.0,False
-30.0,16,5063.23248,False,9.940346090385074,True,False,2.841668906663327,out_of_bounds,True,0.16655998473033784,0.0,1.6620673160150565,2.095597449786642,1.6620673160150565,1.3863357738002102,16,16,1.0,1.3129253230673312,1.793711581496792,0.6974392936729462,0.7071067811865476,-0.5,-0.5,0.5,1.483820915222168,simulator_service,service_success,True,,0.0073,0.0001,service_success,0.0,False
-28.63242,55,5090.737792,False,1.5660136207394937,True,False,2.667175490589925,out_of_bounds,True,0.851332560746317,0.0,1.4372499820991695,6.8223543296706195,2.2051664967296163,1.2715605709773816,55,55,1.0,1.135457207189961,1.793711581496792,0.6131866700926887,0.7071067811865476,0.5,0.4844534993171692,-0.5,-0.022553671151399612,simulator_service,service_success,True,,0.0071,0.0,service_success,0.0,False
-43.434345,47,5116.735717,False,5.191261003478225,True,False,0.7058334509297285,out_of_bounds,True,0.2739216756454818,0.0,2.3725685939871353,6.048954727132148,2.3725685939871353,0.7058334509297285,47,47,1.0,1.17695492686479,1.74851084184829,0.6101015509750829,0.7071067811865476,0.07625868916511536,-0.38324493169784546,0.5,-0.26433873176574707,simulator_service,service_success,True,,0.0073,0.0002,service_success,0.0,False
-20.699734,39,5144.27127,False,1.1709364812804517,False,True,0.9042796348728018,unsafe_low_altitude,True,0.2711214425426261,0.0,1.2871377602845857,3.381226815537246,1.4222139354054306,0.9042796348728018,39,39,1.0,0.6465735858390642,0.9530630806133304,0.3381328900838695,0.7071067811865476,-0.026436109095811844,-0.12856557965278625,0.0980401337146759,-0.4124668836593628,simulator_service,service_success,True,,0.0072,0.0,service_success,0.0,False
-23.636604,16,5163.869667,False,4.461060527191967,True,False,2.5879441915475,out_of_bounds,True,0.7749432242666086,0.0,2.0756618468861876,2.0848354543227665,2.0756618468861876,2.070453243828176,16,16,1.0,1.1110655608305617,1.4507533075679462,0.6829473086494585,0.7071067811865476,0.5,-0.3766285479068756,-0.48583105206489563,0.1611827164888382,simulator_service,service_success,True,,0.0084,0.0,service_success,0.0,False
-49.23507,39,5188.347311,False,6.66124850856025,True,False,3.2752605831769674,out_of_bounds,True,0.6287820880386159,0.0,3.826699611081977,5.687327542419209,3.956553350162398,1.260981789697277,39,39,1.0,1.2883164316954314,1.7332320774136667,0.6284020601586114,0.7071067811865476,0.5,-0.11511214077472687,0.5,-0.07554032653570175,simulator_service,service_success,True,,0.0074,0.0003,service_success,0.0,False
-22.0,8,5206.355933,False,9.891056258071227,True,False,0.8025309466459178,out_of_bounds,True,0.6573911703513581,0.0,1.1976203036664892,1.1976203036664892,1.1976203036664892,0.8025309466459178,8,8,1.0,1.793711581496792,1.793711581496792,0.7071067811865477,0.7071067811865476,0.5,0.5,-0.5,1.5707963705062866,simulator_service,service_success,True,,0.0072,0.0,service_success,0.0,False
-30.771318,24,5229.257357,False,5.58696202307058,True,False,2.6259834902968997,out_of_bounds,True,0.020780278879523443,0.0,0.6513158357051033,2.964889486199805,1.018620180272302,1.3032014974136512,24,24,1.0,1.442650327246123,1.793711581496792,0.6066203730055599,0.7071067811865476,-0.5,-0.5,0.5,-1.5707963705062866,simulator_service,service_success,True,,0.0072,0.0,service_success,0.0,False
-18.825695,8,5252.188352,False,5.087570140975192,False,True,0.9602743323897043,unsafe_low_altitude,True,0.5294639727914344,0.0,0.8084212592798437,0.8084212592798437,0.8084212592798437,0.9602743323897043,8,8,1.0,0.8437073406565601,0.8437073406565601,0.2686508781583781,0.2686508781583782,-0.029590174555778503,0.26701632142066956,-0.5,-0.6242345571517944,simulator_service,service_success,True,,0.0052,0.0,service_success,0.0,False
-18.522305,16,5271.895421,False,2.9847808535640907,True,False,1.3536478672967736,out_of_bounds,True,0.44699360621805917,0.0,1.478257258233585,2.092644031292808,1.478257258233585,1.3536478672967736,16,16,1.0,1.391322862556794,1.4584841368631922,0.6890081436034927,0.7071067811865476,-0.5,0.5,-0.5,-1.173531413078308,simulator_service,service_success,True,,0.0061,0.0,service_success,0.0,False
-35.362473,32,5294.963552,False,5.770012771737101,True,False,3.1415773017027657,out_of_bounds,True,0.022586991446168336,0.0,1.5520417727349516,4.169370299424899,1.5715657222952109,1.1096160653431753,32,32,1.0,1.2816318956297184,1.7159586281169457,0.5821790207636035,0.7071067811865476,-0.009957633912563324,0.39677882194519043,0.5,1.0105785131454468,simulator_service,service_success,True,,0.0072,0.0,service_success,0.0,False
-30.601704,32,5322.290086,False,2.9371855732275023,True,False,3.2754106000529015,out_of_bounds,True,0.6268260313869412,0.0,2.646765166974895,4.4683250150429,2.646765166974895,1.1119775381644754,32,32,1.0,1.3120274203965927,1.725731985720085,0.5742282913155896,0.6695524739038503,-0.5,-0.35293662548065186,0.5,-0.010205153375864029,simulator_service,service_success,True,,0.0071,0.0,service_success,0.0,False
-37.785698,34,5350.202626,False,5.952129980499369,True,False,2.8372550839955553,out_of_bounds,True,0.5505830660299306,0.0,1.5158929436174875,4.438715753632192,1.5158929436174875,1.7407847194140489,34,34,1.0,1.3234127466161534,1.793711581496792,0.6001121742678476,0.7071067811865476,-0.27483442425727844,0.5,-0.4475751221179962,1.5707963705062866,simulator_service,service_success,True,,0.0072,0.0,service_success,0.0,False
-36.939453,88,5389.421721,False,3.265332100716522,True,False,1.0895853258915744,out_of_bounds,True,0.6918058529262286,0.0,4.0535196240205025,10.071161276875308,4.0535196240205025,1.0895853258915744,88,88,1.0,0.9266759427877492,1.7229559705774713,0.5814611848171024,0.7071067811865476,0.5,0.5,0.5,0.35065943002700806,simulator_service,service_success,True,,0.0072,0.0,service_success,0.0,False
-21.461746,11,5412.733043,False,6.227424112884561,True,False,3.0472004187899557,out_of_bounds,True,0.4587623210258131,0.0,1.3919687542650208,1.406253475915987,1.3919687542650208,2.0930288171669376,11,11,1.0,1.2121371893819417,1.2838649505395887,0.7071067811865478,0.7071067811865476,-0.5,0.5,0.5,-0.9477917551994324,simulator_service,service_success,True,,0.007,0.0,service_success,0.0,False
-20.360548,11,5436.2269,False,4.6728053490204,True,False,2.7593325881844257,out_of_bounds,True,0.6800535267173161,0.0,0.9895141293114055,1.1155968590597916,0.9895141293114055,1.8395786152561262,11,11,1.0,0.9036587955581851,0.9882242942622315,0.5613912473464908,0.7071067811865476,0.08242242783308029,0.5,0.5,-0.5034855008125305,simulator_service,service_success,True,,0.007,0.0,service_success,0.0,False
-28.440428,35,5464.857589,False,4.664795166062792,True,False,1.4801894064190309,out_of_bounds,True,0.5769102260288727,0.0,1.2301611424560999,3.794301719173121,1.2301611424560999,1.196966546080871,35,35,1.0,1.1198054719087007,1.4653106582785014,0.5959207750755425,0.7071067811865476,-0.5,-0.4795627295970917,-0.5,-0.008624967187643051,simulator_service,service_success,True,,0.007,0.0,service_success,0.0,False
-25.80082,19,5490.262422,False,6.0795109445873665,True,False,1.7004517323306807,out_of_bounds,True,0.9080023816278904,0.0,1.8534970150163288,2.0836704172723115,1.8534970150163288,1.4341265238621332,19,19,1.0,1.377658488634807,1.793711581496792,0.6995537536432263,0.7071067811865476,-0.5,-0.5,0.5,1.457376480102539,simulator_service,service_success,True,,0.007,0.0,service_success,0.0,False
-29.200523,28,5517.592156,False,5.005199910929765,True,False,0.6917918167156749,out_of_bounds,True,0.6120093548144717,0.0,1.2076525796814213,3.8843459777116793,1.2076525796814213,0.6917918167156749,28,28,1.0,1.4584718922537856,1.7868846914862584,0.6372478094901414,0.7071067811865476,-0.5,-0.5,-0.5,-0.7044976949691772,simulator_service,service_success,True,,0.0067,0.0,service_success,0.0,False
-29.286472,28,5545.004897,False,5.058999079781141,True,False,2.8159966564647476,out_of_bounds,True,0.013888656760444075,0.0,1.786381845266926,2.5395714999247554,1.786381845266926,1.1538717118119277,28,28,1.0,0.9557119774154387,1.2524433255579632,0.6049082684501447,0.7071067811865476,-0.29964423179626465,-0.16903775930404663,-0.08065367490053177,0.5681999325752258,simulator_service,service_success,True,,0.0067,0.0001,service_success,0.0,False
-30.311943,28,5572.423972,False,4.698768958998281,True,False,2.87245340517183,out_of_bounds,True,0.5983525759223236,0.0,1.5105759562882943,3.7643776248719574,1.6351931408068183,1.2804762829269014,28,28,1.0,1.0997057717032397,1.5878298499825028,0.5720887203638833,0.7071067811865476,0.04714147001504898,-0.5,0.3969466984272003,-1.4530707597732544,simulator_service,service_success,True,,0.0068,0.0,service_success,0.0,False
-20.038837,20,5598.24504,False,1.6667550929854134,True,False,2.7186128800719334,out_of_bounds,True,0.6288308109381886,0.0,2.3400786796523247,2.4187042725969823,2.3400786796523247,1.4383848900679859,20,20,1.0,0.8512274665375635,1.0772271059211473,0.5857474942484886,0.6670597869255327,0.17943616211414337,-0.4819081425666809,0.12467935681343079,-0.504200279712677,simulator_service,service_success,True,,0.0068,0.0002,service_success,0.0,False
-27.832542,36,5627.655494,False,2.4338733296180886,True,False,0.47382693744482673,out_of_bounds,True,0.7869397474948124,0.0,2.537900047222897,5.294635655593558,2.537900047222897,0.47382693744482673,36,36,1.0,0.94447110382544,1.793711581496792,0.625905072808834,0.7071067811865476,0.5,0.5,-0.5,-1.5707963705062866,simulator_service,service_success,True,,0.0068,0.0,service_success,0.0,False
-23.154026,12,5651.976304,False,7.254949373381689,True,False,2.9563179487982474,out_of_bounds,True,0.2255734030237992,0.0,1.4751212519125325,1.5036852893856083,1.4751212519125325,1.9285239739404323,12,12,1.0,1.3307089349146537,1.793711581496792,0.7071067811865478,0.7071067811865476,0.5,-0.5,0.5,-0.053983356803655624,simulator_service,service_success,True,,0.0067,0.0,service_success,0.0,False
-20.31966,12,5676.391038,False,4.432319494822184,True,False,2.681688038843834,out_of_bounds,True,0.0681931396607418,0.0,1.1284543233311861,1.3345624750368197,1.1284543233311861,1.763517415037377,12,12,1.0,1.5103132809243194,1.7713460665398386,0.5600968617483355,0.6783926122583162,0.45849376916885376,0.5,-0.5,1.2067220211029053,simulator_service,service_success,True,,0.0068,0.0,service_success,0.0,False
-35.97644,28,5706.093856,False,6.885299406806345,True,False,3.0605332198962576,out_of_bounds,True,0.4546441075332182,0.0,2.068201452780418,3.8361185048405764,2.068201452780418,1.3159412298843698,28,28,1.0,1.472342386088367,1.793711581496792,0.6709107585046691,0.7071067811865476,0.5,0.5,0.5,-0.944393515586853,simulator_service,service_success,True,,0.0067,0.0001,service_success,0.0,False
-17.869722,12,5730.616448,False,2.2739635251703882,True,False,0.5512421539614047,out_of_bounds,True,0.20391502823966845,0.0,1.330802490457318,1.5550088324988063,1.330802490457318,0.5512421539614047,12,12,1.0,1.2035776775656497,1.389402758760782,0.6095055040970475,0.7006303643290108,-0.5,0.07965274155139923,-0.21599507331848145,-0.48526254296302795,simulator_service,service_success,True,,0.0048,0.0,service_success,0.0,False
-44.45536,45,5762.228248,False,7.617624888588166,True,False,2.893488369198985,out_of_bounds,True,0.43041519601385037,0.0,2.244621852795998,4.408440719218163,2.244621852795998,1.1008302114256745,45,45,1.0,1.3905376053123115,1.7837961565514433,0.6595561371906744,0.7071067811865476,-0.5,0.5,0.5,0.6634570360183716,simulator_service,service_success,True,,0.0068,0.0,service_success,0.0,False
-39.282955,29,5790.642554,False,8.230515179228341,True,False,2.003555803131515,out_of_bounds,True,0.9479090982592889,0.0,0.8390008923111979,3.4297647558862967,1.2137897265855602,1.34635179138735,29,29,1.0,1.1324888035294343,1.59373916986872,0.6279332199261741,0.7071067811865476,0.017596393823623657,-0.31708598136901855,-0.5,1.3223440647125244,simulator_service,service_success,True,,0.0066,0.0,service_success,0.0,False
-34.0,20,5817.340593,False,12.104020429809879,True,False,2.578140946025833,out_of_bounds,True,0.9917234968923874,0.0,2.2167241931154202,2.661401771402889,2.2167241931154202,1.1014012024404491,20,20,1.0,1.3329334502243202,1.722811936154451,0.606713676160425,0.7071067811865476,-0.5,0.37353408336639404,0.5,0.16611109673976898,simulator_service,service_success,True,,0.0065,0.0,service_success,0.0,False
-46.66555,47,5853.065768,False,6.645591757629617,False,True,0.9812957888603326,unsafe_low_altitude,True,0.01701584384479199,0.0,2.4912447637799127,4.242229910186859,2.4912447637799127,0.9812957888603326,47,47,1.0,1.2201278310810078,1.793711581496792,0.6261266783059517,0.7071067811865476,0.5,0.5,-0.5,0.8309649229049683,simulator_service,service_success,True,,0.0066,0.0,service_success,0.0,False
-20.392504,38,5883.790055,False,1.2678800001920238,True,False,3.0291379865945114,out_of_bounds,True,0.980865790188022,0.0,2.3660464729370827,4.474128901353466,2.3660464729370827,1.3161737208119548,38,38,1.0,1.0164566976967062,1.7842226057067152,0.6039228483094238,0.7071067811865476,0.5,-0.3605462610721588,0.39222434163093567,-0.5722904205322266,simulator_service,service_success,True,,0.0077,0.0,service_success,0.0,False
-21.742062,20,5914.508119,False,3.3938062121717287,False,True,0.8000145430671657,unsafe_low_altitude,True,0.6495656240548694,0.0,0.9356334506378733,1.837867708035849,0.9356334506378733,0.8000145430671657,20,20,1.0,0.6921817974091333,0.9903341367550106,0.5472098761545754,0.7071067811865476,0.5,-0.44881588220596313,0.5,-0.5285130143165588,simulator_service,service_success,True,,0.0065,0.0,service_success,0.0,False
-52.37202,65,5954.42841,False,5.1781113231404134,False,True,0.8972332022860302,unsafe_low_altitude,True,0.8707688573245478,0.0,1.0555439959726673,7.168798094036365,1.4668303191097622,0.8972332022860302,65,65,1.0,1.2340560971433328,1.7255770718077295,0.6067741053467319,0.7071067811865476,0.2654227614402771,0.26292410492897034,-0.5,-0.379877507686615,simulator_service,service_success,True,,0.0075,0.0,service_success,0.0,False
-23.100079,12,5983.424817,False,6.013807699025069,False,True,0.9497983238338658,unsafe_low_altitude,True,0.30425191431478193,0.0,1.6238964715649034,1.6338237316704292,1.6238964715649034,0.9497983238338658,12,12,1.0,1.7417725596502212,1.787284608970935,0.6081732007605559,0.7071067811865476,0.5,-0.5,-0.5,-1.5634533166885376,simulator_service,service_success,True,,0.0074,0.0,service_success,0.0,False
-55.454018,74,6021.646004,False,7.3340041143231565,True,False,2.57659083535475,out_of_bounds,True,0.7793408940930014,0.0,3.704372315296818,8.475602542787122,3.704372315296818,1.3446700589677933,74,74,1.0,1.1222804300152063,1.793711581496792,0.6230938241217041,0.7071067811865476,0.5,0.5,0.5,-0.8589465618133545,simulator_service,service_success,True,,0.0076,0.0,service_success,0.0,False
-42.947224,39,6052.662657,False,7.492195731499771,True,False,0.5106268083619482,out_of_bounds,True,0.7913697862476106,0.0,2.9539968928936045,4.59041325148331,2.9539968928936045,0.5106268083619482,39,39,1.0,1.3158746488020139,1.793711581496792,0.6532338575337301,0.7071067811865476,-0.27597272396087646,-0.4112120568752289,-0.5,1.0637104511260986,simulator_service,service_success,True,,0.0065,0.0,service_success,0.0,False
-19.327606,13,6082.086005,False,2.882760026175309,False,True,0.8366761638432219,unsafe_low_altitude,True,0.3154083450289667,0.0,1.4947564384299472,1.5085596255221394,1.4947564384299472,0.8366761638432219,13,13,1.0,1.041393149542194,1.2766442144647008,0.6933080539140994,0.7071067811865476,0.5,-0.5,0.5,-0.08920104801654816,simulator_service,service_success,True,,0.0064,0.0,service_success,0.0,False
-18.47194,13,6107.99491,False,3.067434824300365,True,False,0.9815017881590025,out_of_bounds,True,0.36255625712749656,0.0,1.1774739648182788,1.1971009334118876,1.1774739648182788,0.9815017881590025,13,13,1.0,0.8255386035390214,1.0969760582994723,0.23505434555378057,0.5022763013794186,0.03776576370000839,0.5,-0.5,0.3139371871948242,simulator_service,service_success,True,,0.0075,0.0,service_success,0.0,False
-19.33406,13,6133.911101,False,2.8791585654291616,True,False,2.543350757971732,out_of_bounds,True,0.17949168586079095,0.0,0.8015728518652734,0.8316323467027833,0.8015728518652734,2.0630720838470324,13,13,1.0,1.1380506947804305,1.6441013360681673,0.4507881785774771,0.5004267083072352,0.11368455737829208,0.3935379683971405,-0.26052188873291016,1.5707963705062866,simulator_service,service_success,True,,0.0063,0.0001,service_success,0.0,False
-23.99358,13,6160.027314,False,6.877378744994643,True,False,1.0688429017614678,out_of_bounds,True,0.8704412069924488,0.0,1.800599555424567,1.9760099985185553,1.800599555424567,1.0688429017614678,13,13,1.0,1.460685710701892,1.793711581496792,0.7071067811865478,0.7071067811865476,-0.5,-0.5,-0.5,0.0882311761379242,simulator_service,service_success,True,,0.0064,0.0,service_success,0.0,False
-19.561886,13,6186.365516,False,3.745007094007987,True,False,2.8940917744033645,out_of_bounds,True,0.7273995423923031,0.0,1.3737215152803677,1.4709175049875993,1.3737215152803677,1.7313487140728332,13,13,1.0,1.0765772133518203,1.134780565083175,0.5333225764649914,0.658632036783721,0.5,-0.4287145435810089,0.5,-0.7771298289299011,simulator_service,service_success,True,,0.0062,0.0,service_success,0.0,False
-45.32167,40,6221.953434,False,7.548500046526535,False,True,0.8440946306218348,unsafe_low_altitude,True,0.7537830652529,0.0,2.1481944227950263,4.579481744227818,2.509685214157509,0.8440946306218348,40,40,1.0,1.7581445310561754,1.793711581496792,0.6649212242098613,0.7071067811865476,-0.06792014837265015,0.5,-0.5,-1.5707963705062866,simulator_service,service_success,True,,0.0061,0.0,service_success,0.0,False
-26.152658,22,6250.369728,False,4.5210518458538065,True,False,2.5124640126043927,out_of_bounds,True,0.09343178815518406,0.0,1.4831205460555275,1.8872093722727565,1.4831205460555275,1.9565406137299475,22,22,1.0,1.4114977012188685,1.793168258214418,0.630478732644815,0.7071067811865476,0.5,-0.5,0.5,-1.2658860683441162,simulator_service,service_success,True,,0.0073,0.0,service_success,0.0,False
-53.16199,68,6288.284646,False,5.318133445221439,True,False,2.644212436834977,out_of_bounds,True,0.39870921155038674,0.0,1.0787492989736425,7.6766167858844945,1.2681655827676435,1.0594037834322276,68,68,1.0,1.1176800029074825,1.793711581496792,0.6072293516966054,0.7071067811865476,-0.5,-0.5,-0.5,-0.7086862325668335,simulator_service,service_success,True,,0.0062,0.0,service_success,0.0,False
-44.30364,32,6318.799704,False,10.067595655232017,True,False,2.0064412259347724,out_of_bounds,True,0.8986371680470077,0.0,3.1579554777201873,4.038437925369118,3.1579554777201873,1.3172619149840192,32,32,1.0,1.4999033054317443,1.793711581496792,0.6600559146208274,0.7071067811865476,-0.5,0.5,-0.5,-1.5707963705062866,simulator_service,service_success,True,,0.0062,0.0004,service_success,0.0,False
-18.319422,14,6345.712263,False,1.8241850623411635,True,False,2.654097297216867,out_of_bounds,True,0.3010859120062853,0.0,1.2120328726392449,1.2638985847694257,1.2120328726392449,1.7591911844906785,14,14,1.0,0.9741965006632148,1.713694428264462,0.3114005241379119,0.6456146202740234,-0.002187013626098633,-0.10839822143316269,0.5,0.08410828560590744,simulator_service,service_success,True,,0.0062,0.0003,service_success,0.0,False
-42.515812,50,6380.233226,False,6.481191095449539,True,False,2.609007415501742,out_of_bounds,True,0.12170816425356354,0.0,3.389425678214755,5.7585999442535885,3.389425678214755,1.1582953720879212,50,50,1.0,1.2424838601700374,1.793711581496792,0.6360557634283278,0.7071067811865476,0.5,0.5,-0.5,-1.2316690683364868,simulator_service,service_success,True,,0.0061,0.0,service_success,0.0,False
-21.656029,22,6409.143932,False,1.9961380130738442,True,False,2.6556969551458325,out_of_bounds,True,0.3511059867665899,0.0,1.5982328248388074,2.1052418336012604,1.5982328248388074,1.50130928115633,22,22,1.0,1.2531846362417747,1.793711581496792,0.5127775948512802,0.7071067811865476,0.5,0.1323011964559555,0.4920240044593811,-0.11646246165037155,simulator_service,service_success,True,,0.006,0.0001,service_success,0.0,False
-31.875233,32,6440.049619,False,4.88680655108606,True,False,0.6506328430723158,out_of_bounds,True,0.7091301638946733,0.0,1.6390083020976927,3.2859320348968746,1.6390083020976927,0.6506328430723158,32,32,1.0,1.0154986991770276,1.4556555549981207,0.6550026191139422,0.7071067811865476,-0.5,-0.3679255545139313,-0.5,0.5761116743087769,simulator_service,service_success,True,,0.0061,0.0,service_success,0.0,False
-24.210371,42,6474.870359,False,2.758705341944795,True,False,3.226896202973493,out_of_bounds,True,0.6458358887856601,0.0,2.2696216935830025,4.237449295367099,2.2696216935830025,1.632376496787525,42,42,1.0,0.8544040466330372,1.165176126779647,0.5949684249572075,0.7071067811865476,-0.5,0.5,0.32565444707870483,-0.8669397830963135,simulator_service,service_success,True,,0.006,0.0,service_success,0.0,False
-20.661114,23,6504.188965,False,3.5378528565880263,True,False,2.827396102113286,out_of_bounds,True,0.8437131665088369,0.0,2.761828831420836,2.828317587951476,2.761828831420836,2.086647078380223,23,23,1.0,0.9812795757877312,1.180964172881404,0.6110536506558413,0.7071067811865476,-0.5,0.2973020672798157,0.5,0.8979353308677673,simulator_service,service_success,True,,0.0041,0.0,service_success,0.0,False
-64.016014,51,6538.998127,False,7.909331788418567,True,False,2.8857534219003154,out_of_bounds,True,0.9686382401618235,0.0,2.804884672781934,5.564442333312801,2.804884672781934,1.3712205395303545,51,51,1.0,1.3294437038573919,1.793711581496792,0.5741009229162357,0.7071067811865476,0.5,-0.49954521656036377,-0.5,1.5707963705062866,simulator_service,service_success,True,,0.0059,0.0001,service_success,0.0,False
-17.291466,14,6566.520954,False,1.5827175720281634,True,False,2.5865092163688193,out_of_bounds,True,0.38188193524695063,0.0,0.5334728362264446,0.7763693931445922,0.5334728362264446,2.10484116082245,14,14,1.0,0.5949553668958917,0.8695778112862913,0.41210201023743975,0.5792191283512687,-0.5,-0.2923949360847473,0.10094117373228073,0.640688419342041,simulator_service,service_success,True,,0.006,0.0,service_success,0.0,False
-22.346453,14,6594.138036,False,5.310662463579737,True,False,2.6702779699955386,out_of_bounds,True,0.4057583020457224,0.0,1.3029812110436039,1.411017987646903,1.3029812110436039,1.411284776803608,14,14,1.0,0.8088979497844296,0.8976291456270872,0.5385700943326818,0.5616956460539928,0.5,-0.25593358278274536,0.5,-0.1255214959383011,simulator_service,service_success,True,,0.0059,0.0,service_success,0.0,False
-42.50007,43,6627.732829,False,7.892352001461927,True,False,2.7831651124133145,out_of_bounds,True,0.8269068744757094,0.0,3.9441286950526475,5.189394660577875,3.9441286950526475,1.5503506578942345,43,43,1.0,1.2321781781381362,1.741057675399663,0.6366102327388696,0.7071067811865476,-0.28947770595550537,0.5,0.5,1.564443826675415,simulator_service,service_success,True,,0.0058,0.0,service_success,0.0,False
-36.161873,53,6663.559911,False,2.5026229081140423,True,False,2.8226634236533616,out_of_bounds,True,0.8425982637061445,0.0,2.5936644040514163,5.794240887212304,2.5936644040514163,1.540222457139273,53,53,1.0,1.3195711390634626,1.793711581496792,0.5954779288282822,0.7071067811865476,-0.3426760137081146,-0.5,0.10908918082714081,-1.0765600204467773,simulator_service,service_success,True,,0.0058,0.0,service_success,0.0,False
-23.388432,24,6693.478949,False,3.7613306503022135,True,False,0.7493869993181685,out_of_bounds,True,0.8089433853601976,0.0,1.2673686848314991,1.7064600417324565,1.2673686848314991,0.7493869993181685,24,24,1.0,0.8920839337509872,1.4855538387906804,0.45968653088986294,0.7071067811865476,-0.5,-0.5,-0.16520775854587555,0.7346702218055725,simulator_service,service_success,True,,0.0058,0.0,service_success,0.0,False
-37.129524,24,6723.697403,False,9.067793650543333,True,False,2.9869506200501434,out_of_bounds,True,0.6881100221673402,0.0,1.6108849724306085,2.229324282233498,1.6108849724306085,1.9299718241877049,24,24,1.0,0.9765092277340693,1.36686402615583,0.6844973344536239,0.7071067811865476,0.5,-0.5,0.5,-0.1402350217103958,simulator_service,service_success,True,,0.0057,0.0,service_success,0.0,False
-27.90831,14,6751.904982,False,9.771248366200673,True,False,2.7873652053038884,out_of_bounds,True,0.4654770356841025,0.0,1.8984619195017098,1.9014386492512352,1.8984619195017098,1.5648337267484211,14,14,1.0,1.0293266251429147,1.1410809578700865,0.5333447145998111,0.7071067811865476,-0.18515685200691223,0.23815305531024933,0.5,-0.6944552659988403,simulator_service,service_success,True,,0.0057,0.0,service_success,0.0,False
-18.622543,14,6780.1197,False,2.602623999681258,True,False,2.871292825092143,out_of_bounds,True,0.930965986321482,0.0,1.0676435641019437,1.3646032760980802,1.0676435641019437,1.8795256533693085,14,14,1.0,1.238857125897683,1.5776131053249438,0.5557972634312843,0.7071067811865476,-0.5,0.5,0.5,-0.1600767821073532,simulator_service,service_success,True,,0.0056,0.0,service_success,0.0,False
-64.06777,73,6820.535245,False,7.591441519633052,True,False,1.8323220543206105,out_of_bounds,True,0.31023294934252604,0.0,5.05811140822526,8.258044691350436,5.05811140822526,1.3856374472955795,73,73,1.0,1.219087186442684,1.793711581496792,0.6519057126972151,0.7071067811865476,0.5,0.3970637917518616,0.5,-0.1558559536933899,simulator_service,service_success,True,,0.0057,0.0,service_success,0.0,False
-29.22131,73,6863.081399,False,3.0435728515411937,True,False,2.684130775079976,out_of_bounds,True,0.7601553891527472,0.0,3.5361975247216635,7.6378476309640515,3.5361975247216635,1.1031556273519445,73,73,1.0,0.9587902741328851,1.6596591180964968,0.573980884866375,0.7071067811865476,0.4830700159072876,0.18605515360832214,0.30754339694976807,-0.07959198951721191,simulator_service,service_success,True,,0.0057,0.0,service_success,0.0,False
-20.0032,14,6891.565398,False,4.506595507949967,True,False,2.989216285658038,out_of_bounds,True,0.9825151536765546,0.0,1.847305084001806,1.8617599750219969,1.847305084001806,2.0371104372859397,14,14,1.0,1.1333653456370432,1.6037793033265584,0.6812661190412773,0.7071067811865476,0.5,0.5,-0.5,-1.349854826927185,simulator_service,service_success,True,,0.0037,0.0,service_success,0.0,False
-19.4182,15,6924.169975,False,3.682557849036671,False,True,0.8752938151860301,unsafe_low_altitude,True,0.5919452195480858,0.0,1.479100196747653,1.5464301339393167,1.479100196747653,0.8752938151860301,15,15,1.0,0.7417801724605865,0.8660452462340982,0.5381091190301126,0.7071067811865476,0.5,-0.5,0.5,-0.005862467456609011,simulator_service,service_success,True,,0.0057,0.0,service_success,0.0,False
-21.270239,15,6952.97449,False,3.950603828329733,True,False,2.8769832298432867,out_of_bounds,True,0.38062362141106315,0.0,0.7998232079934229,1.1724866220959453,0.7998232079934229,2.1445116049542152,15,15,1.0,0.9523702172953443,1.793711581496792,0.5917847669321363,0.7071067811865476,0.5,0.5,-0.5,-1.5707963705062866,simulator_service,service_success,True,,0.0067,0.0,service_success,0.0,False
-28.722301,34,6985.771529,False,3.2700359065999742,True,False,3.413899224435139,out_of_bounds,True,0.23552809005645348,0.0,3.2950080984459373,4.491356383490954,3.2950080984459373,1.1829919346144502,34,34,1.0,1.5219535283554932,1.793711581496792,0.6237958189892215,0.7071067811865476,0.5,-0.5,0.5,1.522913932800293,simulator_service,service_success,True,,0.0058,0.0,service_success,0.0,False
-21.320272,15,7014.710977,False,3.3808395956465707,True,False,2.933214570545255,out_of_bounds,True,0.042222721004118606,0.0,1.7591903394550312,1.8582038323753782,1.7591903394550312,1.7991111060226972,15,15,1.0,0.8490152622017866,1.0170602135263216,0.6165678011129951,0.7071067811865476,-0.5,-0.5,-0.5,-0.3420828580856323,simulator_service,service_success,True,,0.0055,0.0,service_success,0.0,False
-21.781616,15,7046.019397,False,3.2975232059950152,True,False,2.6404794059857712,out_of_bounds,True,0.4095831604071211,0.0,1.5397641969349392,1.833858621732839,1.5397641969349392,1.8453456052288648,15,15,1.0,1.2442220553057821,1.7468491472978809,0.6806633850051167,0.7071067811865476,0.5,0.5,-0.28996673226356506,-1.5707963705062866,simulator_service,service_success,True,,0.0055,0.0,service_success,0.0,False
-40.774754,55,7076.216529,False,5.673031331565921,True,False,0.4970112472424655,out_of_bounds,True,0.18645623463712083,0.0,1.9206429443732538,5.501889638799511,1.9206429443732538,0.4970112472424655,55,55,1.0,1.247932569672834,1.793711581496792,0.6427906215948799,0.7071067811865476,-0.5,-0.5,0.5,-0.5845483541488647,simulator_service,service_success,True,,0.0036,0.0,service_success,0.0,False
-23.233757,11,7104.555412,False,8.061543046742205,True,False,3.0506907210109353,out_of_bounds,True,0.009047141190235078,0.0,1.229067183150456,1.229067183150456,1.229067183150456,2.1349737952060037,11,11,1.0,1.5286795764442198,1.793711581496792,0.7071067811865478,0.7071067811865476,-0.5,0.5,0.5,-0.6196416020393372,simulator_service,service_success,True,,0.005,0.0001,service_success,0.0,False
-39.42012,66,7146.571674,False,2.323591511187347,True,False,1.0180620509853937,out_of_bounds,True,0.38356370110402555,0.0,2.682171731112908,6.935691848821027,2.682171731112908,1.0180620509853937,66,66,1.0,1.1255621360158534,1.7283833152816945,0.6035526562836523,0.7071067811865476,0.28546142578125,0.5,-0.5,1.308661937713623,simulator_service,service_success,True,,0.0055,0.0,service_success,0.0,False
-16.85446,5,7178.192075,False,3.9859889905965793,False,True,0.9538066040726096,unsafe_low_altitude,True,0.22109445412661402,0.0,0.465735241308887,0.465735241308887,0.465735241308887,0.9538066040726096,5,5,1.0,1.750678458620876,1.793711581496792,0.5815483143568858,0.7071067811865476,-0.4978383481502533,0.002074364572763443,-0.5,1.5707963705062866,simulator_service,service_success,True,,0.0035,0.0,service_success,0.0,False
-23.05429,15,7207.898169,False,5.2392539183733415,True,False,2.753386815331299,out_of_bounds,True,0.6414632746725221,0.0,1.0273862924838786,1.7037640663620384,1.0273862924838786,1.8132644285508186,15,15,1.0,1.398561740834731,1.728989108361923,0.7071067811865478,0.7071067811865476,0.5,-0.5,0.07728739827871323,-0.8155525922775269,simulator_service,service_success,True,,0.0063,0.0,service_success,0.0,False
-27.590992,15,7237.522756,False,8.90032522602405,True,False,1.7244914524780235,out_of_bounds,True,0.9927607069504473,0.0,1.465129511539945,1.7022206710628098,1.465129511539945,1.7244914524780235,15,15,1.0,1.734044968464322,1.7609911920442811,0.6959634783757588,0.7071067811865476,0.5,0.3656347095966339,0.5,-1.5707963705062866,simulator_service,service_success,True,,0.0052,0.0,service_success,0.0,False
-47.203476,36,7271.538878,False,8.130490889153844,True,False,2.9450460680903117,out_of_bounds,True,0.7168609824815295,0.0,1.975277209056823,4.091244225910151,1.975277209056823,1.2090361335462478,36,36,1.0,1.0510627780825155,1.7886975954385125,0.538287022994379,0.7071067811865476,-0.5,-0.10108448565006256,0.4404793381690979,0.10774002969264984,simulator_service,service_success,True,,0.0051,0.0001,service_success,0.0,False
-55.588924,67,7311.950482,False,5.331326810489291,True,False,2.936730062001017,out_of_bounds,True,0.413936477183572,0.0,1.7489747554009833,7.046771722801614,1.7489747554009833,1.3143737221806058,67,67,1.0,1.187098533629876,1.6851088036064938,0.5889554045592649,0.7071067811865476,-0.5,0.12524256110191345,0.5,-0.677008867263794,simulator_service,service_success,True,,0.0052,0.0,service_success,0.0,False
-33.98724,36,7348.367719,False,5.229077308406257,True,False,0.3119150122750364,out_of_bounds,True,0.19537627295424145,0.0,1.4166763870634342,3.436637745243227,1.4166763870634342,0.3119150122750364,36,36,1.0,1.3178398102533988,1.7518458941666841,0.5997852773199989,0.7071067811865476,0.5,-0.4366293251514435,-0.4090353846549988,-1.454182744026184,simulator_service,service_success,True,,0.0053,0.0,service_success,0.0,False
-46.155975,46,7384.782026,False,7.5334676777803855,True,False,1.247502291822836,out_of_bounds,True,0.5494070208912749,0.0,3.877478170030871,5.339333789367095,3.877478170030871,1.011236656693326,46,46,1.0,1.1485440823291286,1.793711581496792,0.6008194713103855,0.7071067811865476,0.5,0.5,0.5,1.5707963705062866,simulator_service,service_success,True,,0.0035,0.0,service_success,0.0,False
-39.852715,26,7416.89978,False,9.08296206594559,True,False,2.650148310164248,out_of_bounds,True,0.4638185865405695,0.0,1.18165010269468,2.6642831097097277,1.18165010269468,1.4354154257114495,26,26,1.0,1.4490864669549723,1.7648479487583715,0.6007935586694327,0.7071067811865476,0.5,0.5,-0.5,0.9691953063011169,simulator_service,service_success,True,,0.0053,0.0001,service_success,0.0,False
-24.237045,16,7441.786566,False,6.290253092078602,True,False,0.4697554266549235,out_of_bounds,True,0.006923512231509969,0.0,1.1129437453673479,1.8757075669648242,1.1129437453673479,0.4697554266549235,16,16,1.0,1.6057142514596463,1.793711581496792,0.5780886848014896,0.7071067811865476,-0.5,-0.5,-0.5,1.5707963705062866,simulator_service,service_success,True,,0.0052,0.0,service_success,0.0,False
-28.928576,21,7473.296424,False,7.4628772187393375,True,False,0.61784839992606,out_of_bounds,True,0.903006598508533,0.0,2.1501684911642895,0.5247598466571557,0.5247598466571557,1.7800909793390254,20,20,1.0,1.5164093065173594,1.6395772377379323,0.6034141707768251,0.7071067811865476,0.5,-0.5,-0.5,1.3921973705291748,simulator_service,service_success,True,,0.0034,0.0,service_success,0.0,False
-82.45761,99,7515.694708,False,6.929106780662607,True,False,2.8257582385037048,out_of_bounds,True,0.017972482243337546,0.0,2.1309808377663915,12.072247409508922,2.359641954854137,1.1559324442119414,99,99,1.0,1.2850017190782037,1.793711581496792,0.6775283706258609,0.7071067811865476,-0.5,0.5,-0.5,-1.5707963705062866,simulator_service,service_success,True,,0.0052,0.0,service_success,0.0,False
-63.303547,63,7548.318463,False,7.269578534924566,True,False,2.722628624979832,out_of_bounds,True,0.790040679296501,0.0,0.8333226726846248,6.053649503135123,1.1222793368053179,1.2335420234919714,63,63,1.0,1.2092030260691224,1.793711581496792,0.634367497907523,0.7071067811865476,0.5,-0.5,-0.5,1.3838313817977905,simulator_service,service_success,True,,0.0033,0.0,service_success,0.0,False
-25.137758,21,7574.616843,False,3.6622361984698566,True,False,2.7143162774000174,out_of_bounds,True,0.47742747478768965,0.0,1.4847188235395659,1.932692316545465,1.4847188235395659,1.593088310820284,21,21,1.0,1.1276040749843843,1.4967848392442908,0.5753931026575503,0.7071067811865476,-0.1208130493760109,0.5,0.5,-1.3136852979660034,simulator_service,service_success,True,,0.0051,0.0001,service_success,0.0,False
-17.996647,21,7601.0119,False,1.5582376747451536,True,False,2.743608215190682,out_of_bounds,True,0.39066354496944367,0.0,1.278117692810905,1.3202507219403838,1.278117692810905,1.8445686643627757,21,21,1.0,0.9474636824765478,1.2823536112997718,0.40875407288075344,0.7071067811865476,-0.5,-0.11539753526449203,0.17805680632591248,0.029830927029252052,simulator_service,service_success,True,,0.0033,0.0,service_success,0.0,False
-25.0,11,7623.201406,False,9.82010456672456,True,False,2.8331713468769957,out_of_bounds,True,0.58903259303858,0.0,1.3550235264527308,1.3550235264527308,1.3550235264527308,1.858389773119887,11,11,1.0,1.183555823624665,1.7624677217974785,0.6843353255234148,0.7071067811865476,-0.5,0.5,0.5,0.42901328206062317,simulator_service,service_success,True,,0.0033,0.0,service_success,0.0,False
-17.362316,11,7647.558229,False,1.751538797808291,True,False,2.878713963107275,out_of_bounds,True,0.16436547528515585,0.0,1.3944189111109961,1.3944189111109961,1.3944189111109961,1.9787472311973664,11,11,1.0,1.7535307766950778,1.7658785108661,0.6268235820793007,0.6331869214876058,0.5,-0.3491743505001068,0.34806951880455017,1.5707963705062866,simulator_service,service_success,True,,0.005,0.0,service_success,0.0,False
-26.137634,22,7672.092888,False,3.4107451946457497,True,False,0.5930860257370197,out_of_bounds,True,0.9046075693683809,0.0,2.536353919630649,2.913068977110454,2.536353919630649,0.5930860257370197,22,22,1.0,0.9470385247636621,1.288478585164078,0.7071067811865478,0.7071067811865476,0.5,-0.5,-0.5,-0.9540320038795471,simulator_service,service_success,True,,0.0032,0.0,service_success,0.0,False
-17.434301,11,7698.728251,False,1.7401198498233574,False,True,0.8433624899803575,unsafe_low_altitude,True,0.6020554218856379,0.0,1.5322941612383147,1.5322941612383147,1.5322941612383147,0.8433624899803575,11,11,1.0,1.0068111975177343,1.0591328344565802,0.6350826079914085,0.7071067811865476,0.5,-0.5,-0.5,-0.2961072623729706,simulator_service,service_success,True,,0.0049,0.0,service_success,0.0,False
-25.7944,75,7734.264039,False,1.1373329999274344,True,False,2.951635369802454,out_of_bounds,True,0.6929159809878053,0.0,1.6221714063571804,6.3752261519478814,2.094848565121494,1.5665335335862587,75,75,1.0,0.8158261436942483,1.4665330586941598,0.5071635591515378,0.7071067811865476,0.5,0.2059650421142578,0.5,0.7154204845428467,simulator_service,service_success,True,,0.0058,0.0,service_success,0.0,False
-43.45085,75,7769.774113,False,5.0677833806877395,True,False,2.003757656426063,out_of_bounds,True,0.27391987331785644,0.0,2.6222631858379155,8.109016972530597,2.817957467066176,1.2951480938577677,75,75,1.0,0.9285690746312766,1.793711581496792,0.6074996391723304,0.7071067811865476,-0.5,0.055554669350385666,0.5,-0.08280663192272186,simulator_service,service_success,True,,0.005,0.0,service_success,0.0,False
-57.489216,54,7805.424781,False,7.498769179043948,False,True,0.9696172322242822,unsafe_low_altitude,True,0.5779141998711957,0.0,1.6005107076458949,5.245884686348781,1.999156462323187,0.9696172322242822,54,54,1.0,1.0988794223936982,1.793711581496792,0.6004269143095462,0.7071067811865476,0.5,0.15672102570533752,-0.5,0.4449530243873596,simulator_service,service_success,True,,0.0049,0.0,service_success,0.0,False
-20.011076,11,7827.834868,False,5.147097121096816,True,False,2.6211758031730725,out_of_bounds,True,0.7101538298572977,0.0,1.3141203043959642,1.3141203043959642,1.3141203043959642,2.0702368822793438,11,11,1.0,1.210640675133657,1.43367900241969,0.5833828495198167,0.7071067811865476,0.21102674305438995,-0.14037740230560303,-0.5,0.2550685703754425,simulator_service,service_success,True,,0.0058,0.0,service_success,0.0,False
-52.86488,53,7859.080475,False,5.898756200638315,True,False,0.38867904929156977,out_of_bounds,True,0.24143182680615294,0.0,2.4884942770481415,6.620398434291037,2.567396347471391,0.38867904929156977,53,53,1.0,1.2527300049243137,1.7922045647040252,0.6717766868146428,0.7071067811865476,0.5,-0.5,-0.5,-0.7466020584106445,simulator_service,service_success,True,,0.0049,0.0,service_success,0.0,False
-22.625887,11,7881.594177,False,6.302098670693656,True,False,0.7122337572288646,out_of_bounds,True,0.44974030039940244,0.0,1.4428289569870747,1.4428289569870747,1.4428289569870747,0.7122337572288646,11,11,1.0,1.431741114973843,1.4415237183135732,0.7071067811865478,0.7071067811865476,0.5,-0.5,0.5,-1.107187271118164,simulator_service,service_success,True,,0.005,0.0,service_success,0.0,False
-28.336061,32,7912.820014,False,4.282754361141365,False,True,0.8901063513090025,unsafe_low_altitude,True,0.7871930644439104,0.0,1.0444625724794119,3.5999066681003744,1.1191619313550878,0.8901063513090025,32,32,1.0,1.1513825380684692,1.75480318219173,0.5535043934450106,0.7071067811865476,0.5,0.33456385135650635,0.5,-1.5707963705062866,simulator_service,service_success,True,,0.0049,0.0,service_success,0.0,False
-20.740099,33,7939.7471,False,1.4759439512421497,True,False,2.8002393275958246,out_of_bounds,True,0.4277196116257172,0.0,1.9208293708671929,2.1801765754314197,1.9208293708671929,1.476286358592256,33,33,1.0,0.6332148433677223,1.0324568496421969,0.42951836595056764,0.7071067811865476,0.1265331655740738,-0.2619342505931854,0.17189368605613708,0.06931880861520767,simulator_service,service_success,True,,0.0058,0.0,service_success,0.0,False
-19.59182,11,7962.423277,False,3.9664212219960193,True,False,0.33759448141654763,out_of_bounds,True,0.10137868068567195,0.0,1.1050951676842704,1.1050951676842704,1.1050951676842704,0.33759448141654763,11,11,1.0,1.284337925446239,1.6531117652204097,0.22353651927263682,0.39771646145021294,-0.05755047872662544,0.10984176397323608,-0.5,1.5707963705062866,simulator_service,service_success,True,,0.0049,0.0,service_success,0.0,False
-48.58802,43,7991.547094,False,8.099392170328436,True,False,2.9488660851555752,out_of_bounds,True,0.7063712567826819,0.0,1.6051481459435324,5.672723441115184,2.308290389695186,1.2319327754939091,43,43,1.0,1.3298772412063373,1.793711581496792,0.6495630426206926,0.7071067811865476,0.5,-0.5,-0.5,-1.5707963705062866,simulator_service,service_success,True,,0.0048,0.0,service_success,0.0,False
-46.754993,33,8018.673143,False,10.697522267853463,True,False,2.320218182560102,out_of_bounds,True,0.2840615897839657,0.0,3.014229218986403,3.532779525853983,3.014229218986403,1.5517594155603933,33,33,1.0,1.5613414734122788,1.793711581496792,0.6909337154617793,0.7071067811865476,0.5,0.5,0.5,1.5707963705062866,simulator_service,service_success,True,,0.0049,0.0,service_success,0.0,False
-28.038658,22,8045.700295,False,4.218696862073573,True,False,2.6177044336377726,out_of_bounds,True,0.03667941471132321,0.0,2.584605308389358,2.840852990008024,2.584605308389358,1.3671420541977006,22,22,1.0,1.485997956229946,1.7512112061352847,0.6569326687804964,0.7071067811865476,-0.5,-0.37268251180648804,-0.45874524116516113,-1.5707963705062866,simulator_service,service_success,True,,0.0049,0.0,service_success,0.0,False
-24.048683,11,8068.428353,False,8.690040572246836,True,False,2.8028305390429207,out_of_bounds,True,0.6550641788040985,0.0,1.2250690583743684,1.2250690583743684,1.2250690583743684,1.8429324563981404,11,11,1.0,1.4572946268375908,1.793711581496792,0.7071067811865478,0.7071067811865476,0.5,-0.5,0.5,0.06637080013751984,simulator_service,service_success,True,,0.0033,0.0002,service_success,0.0,False
-17.803593,11,8093.538152,False,2.2895674676849853,True,False,2.928935100688772,out_of_bounds,True,0.9951336489797336,0.0,1.4283484220356655,1.4283484220356655,1.4283484220356655,2.147133999356194,11,11,1.0,0.7612607196690775,0.7818628914199858,0.6409893501943262,0.7071067811865476,0.5,0.5,0.3308512568473816,-0.04297704994678497,simulator_service,service_success,True,,0.0048,0.0,service_success,0.0,False
-23.616909,11,8116.362669,False,6.611021902432706,True,False,0.5585945973328705,out_of_bounds,True,0.4274210323600702,0.0,1.2615363503670964,1.2615363503670964,1.2615363503670964,0.5585945973328705,11,11,1.0,1.6702235337020113,1.793711581496792,0.7071067811865478,0.7071067811865476,0.5,-0.5,0.5,-1.0459009408950806,simulator_service,service_success,True,,0.003,0.0,service_success,0.0,False
-21.465126,11,8141.454106,False,5.771142424525033,True,False,2.792101827323456,out_of_bounds,True,0.9447102866380961,0.0,1.129129381377832,1.129129381377832,1.129129381377832,1.8031750858978541,11,11,1.0,1.3101604179004378,1.6082948786244473,0.5977065371787034,0.7071067811865476,-0.5,-0.5,0.5,-1.3552167415618896,simulator_service,service_success,True,,0.0047,0.0,service_success,0.0,False
-31.842352,22,8166.653355,False,6.747965716565884,True,False,2.528057777430617,out_of_bounds,True,0.07627707370021011,0.0,1.138516071074055,2.174639389501877,1.4023504304031902,2.137346552548307,22,22,1.0,1.1532851490537432,1.663721246119995,0.6287570317440907,0.7071067811865476,0.3517107665538788,-0.5,0.5,1.0482966899871826,simulator_service,service_success,True,,0.003,0.0,service_success,0.0,False
-21.4884,11,8189.576204,False,6.1810591738304295,True,False,3.0330882195499576,out_of_bounds,True,0.9465668311459281,0.0,1.6391185786963165,1.6391185786963165,1.6391185786963165,2.0151011127625145,11,11,1.0,1.6410648672378405,1.793711581496792,0.6419827080675369,0.7071067811865476,0.5,0.3088788688182831,0.5,1.3024452924728394,simulator_service,service_success,True,,0.0047,0.0,service_success,0.0,False
-22.402586,11,8217.121983,False,6.824575498375801,False,True,0.9542301402037684,unsafe_low_altitude,True,0.8205702570094214,0.0,1.260127922218217,1.260127922218217,1.260127922218217,0.9542301402037684,11,11,1.0,1.1340584469455655,1.793711581496792,0.6411776545833185,0.7071067811865476,0.5,-0.5,-0.5,1.5707963705062866,simulator_service,service_success,True,,0.0047,0.0,service_success,0.0,False
-18.731386,12,8242.430836,False,4.089306024402314,True,False,2.5882017593175997,out_of_bounds,True,0.7654075893084796,0.0,1.2711529751308392,1.2711529751308392,1.2711529751308392,1.887704280413457,12,12,1.0,1.270479382544062,1.4533482821877781,0.608507805232022,0.7071067811865476,0.3210406005382538,0.34391021728515625,0.3463748097419739,-1.3307533264160156,simulator_service,service_success,True,,0.0057,0.0,service_success,0.0,False
-19.657099,22,8267.846925,False,1.6828808625015312,True,False,0.7980402051683686,out_of_bounds,True,0.6067992019959658,0.0,1.6705598335428244,1.9467514483798554,1.6705598335428244,0.7980402051683686,22,22,1.0,1.2598440633400843,1.7141859912964303,0.5498513448274882,0.7071067811865476,0.38268372416496277,0.5,0.447101354598999,-1.0268669128417969,simulator_service,service_success,True,,0.003,0.0,service_success,0.0,False
-22.52922,22,8295.601023,False,2.997228719895808,True,False,0.26530443898467587,out_of_bounds,True,0.8485713248113648,0.0,1.6356339698966265,1.9442836845389349,1.6356339698966265,0.26530443898467587,22,22,1.0,1.1267706138150262,1.6918869364714233,0.5752569853824828,0.7071067811865476,-0.5,0.5,-0.10607337951660156,-0.4138858914375305,simulator_service,service_success,True,,0.0046,0.0,service_success,0.0,False
-22.619324,11,8323.379321,False,6.627892462993662,False,True,0.9866559617010279,unsafe_low_altitude,True,0.8919773942709752,0.0,1.1132479710922036,1.1132479710922036,1.1132479710922036,0.9866559617010279,11,11,1.0,1.0460890739701405,1.1064901673334437,0.5888891754354088,0.7071067811865476,-0.04085589945316315,-0.37981730699539185,-0.5,-0.6988545060157776,simulator_service,service_success,True,,0.0028,0.0,service_success,0.0,False
-16.576946,11,8346.740023,False,1.89671796813006,True,False,0.7320811289029845,out_of_bounds,True,0.9546032870912466,0.0,0.7104881839130248,0.7104881839130248,0.7104881839130248,0.7320811289029845,11,11,1.0,1.167010669922502,1.5386636718728302,0.5289950496566417,0.5622634123437851,-0.2571772634983063,-0.5,-0.5,-1.3421422243118286,simulator_service,service_success,True,,0.0055,0.0,service_success,0.0,False
-17.289135,11,8369.960222,False,1.6656783964499373,True,False,2.7674458377295936,out_of_bounds,True,0.8320896821544623,0.0,0.9241909085007266,0.9241909085007266,0.9241909085007266,2.159802760729546,11,11,1.0,1.206480946400832,1.3019031623823374,0.5178448466397656,0.5647835774800927,-0.22377148270606995,0.5,-0.09651577472686768,1.177099347114563,simulator_service,service_success,True,,0.0046,0.0,service_success,0.0,False
-27.925518,23,8397.882573,False,5.341316187855099,True,False,0.7700478255339904,out_of_bounds,True,0.008888099990006913,0.0,1.2026449472617073,1.6702412490538339,1.2026449472617073,0.7700478255339904,23,23,1.0,0.9398691859359845,1.4428595356436855,0.3584846092280043,0.6455266952032853,0.20759686827659607,-0.5,0.5,0.0572003573179245,simulator_service,service_success,True,,0.0046,0.0,service_success,0.0,False
-32.130188,23,8425.904348,False,8.095887427196182,True,False,1.9328016974957696,out_of_bounds,True,0.2872014509899574,0.0,2.1310008755600323,2.2781507227654036,2.1310008755600323,1.4730284150228214,23,23,1.0,1.2490292235713703,1.793711581496792,0.6414478253378103,0.7071067811865476,0.5,-0.1366511583328247,0.5,-0.7933347821235657,simulator_service,service_success,True,,0.0027,0.0,service_success,0.0,False
-21.122482,23,8453.883369,False,2.801163051708806,True,False,3.536134199719996,out_of_bounds,True,0.7994227197278154,0.0,2.055161578213253,2.146963243968255,2.055161578213253,1.8226879982468758,23,23,1.0,1.1367281280184154,1.5918415230340233,0.42859673046689134,0.7071067811865476,-0.5,0.07226963341236115,0.5,0.017368659377098083,simulator_service,service_success,True,,0.0029,0.0,service_success,0.0,False
-17.9817,11,8476.84841,False,2.9425202007213107,True,False,2.7777499927298566,out_of_bounds,True,0.8590333412453728,0.0,1.2619848377121454,1.2619848377121454,1.2619848377121454,2.149783576786539,11,11,1.0,1.0750569478809437,1.1500386464880683,0.6050754701680016,0.6682057410308003,0.5,0.33233192563056946,-0.29907628893852234,0.44787636399269104,simulator_service,service_success,True,,0.0029,0.0,service_success,0.0,False
-36.79692,23,8504.602801,False,10.238519874565196,True,False,0.8681202824713289,out_of_bounds,True,0.56912628899356,0.0,2.17457750788816,2.806704208825965,2.17457750788816,0.8681202824713289,23,23,1.0,0.9544510672144099,1.2406628122324053,0.596272766108643,0.7071067811865476,0.5,0.09731689095497131,-0.5,-0.8918490409851074,simulator_service,service_success,True,,0.0048,0.0001,service_success,0.0,False
-17.100204,11,8531.987278,False,2.355616858105179,False,True,0.9096911440954009,unsafe_low_altitude,True,0.18035511716275704,0.0,1.243598585930564,1.243598585930564,1.243598585930564,0.9096911440954009,11,11,1.0,0.8589420192583019,1.2349189145290795,0.365187970262898,0.5781913870493613,0.5,0.2903537154197693,-0.5,0.9699069261550903,simulator_service,service_success,True,,0.0028,0.0,service_success,0.0,False
-19.96824,12,8560.21465,False,5.002074171498477,False,True,0.9685332400439431,unsafe_low_altitude,True,0.38717476247645033,0.0,1.3787703342611368,1.3787703342611368,1.3787703342611368,0.9685332400439431,12,12,1.0,1.419345605495568,1.6957652511458874,0.6098643874361059,0.7071067811865476,-0.2549390494823456,0.5,-0.30532708764076233,-1.5707963705062866,simulator_service,service_success,True,,0.0057,0.0,service_success,0.0,False
-21.874746,10,8583.736404,False,7.8557424848596575,True,False,0.37385618343202837,out_of_bounds,True,0.16890866583805356,0.0,1.6789469313602567,1.6789469313602567,1.6789469313602567,0.37385618343202837,10,10,1.0,1.488250900945711,1.6805674496660483,0.6978629817438838,0.7071067811865476,0.5,-0.5,0.12253519892692566,-0.043864935636520386,simulator_service,service_success,True,,0.0055,0.0,service_success,0.0,False
-38.143867,34,8614.294892,False,6.059516116175304,True,False,3.643076849170671,out_of_bounds,True,0.9636931670752684,0.0,2.0715196389430792,3.5711096103487465,2.0715196389430792,1.3079688599339359,34,34,1.0,1.2246008816745844,1.7350977978286406,0.5776605444164788,0.7071067811865476,0.5,0.5,0.5,-0.06775104999542236,simulator_service,service_success,True,,0.0045,0.0,service_success,0.0,False
-47.612144,45,8644.819697,False,5.265278692633547,True,False,2.671557724606161,out_of_bounds,True,0.9855780051791578,0.0,1.979044114682034,5.0529837941053986,1.979044114682034,1.4076442974692491,45,45,1.0,1.2114425511630484,1.7422488520276669,0.5915835932059385,0.7071067811865476,0.5,0.07567590475082397,0.5,0.33452656865119934,simulator_service,service_success,True,,0.0028,0.0,service_success,0.0,False
-18.560574,11,8668.552326,False,3.1511255798274256,True,False,2.8130267141775973,out_of_bounds,True,0.7916368358022734,0.0,1.1084580936623714,1.1084580936623714,1.1084580936623714,1.807652244593144,11,11,1.0,1.1905298912493993,1.343714007884832,0.4316266000378659,0.5011190052575152,0.03347024694085121,-0.5,0.5,-0.5914456248283386,simulator_service,service_success,True,,0.0044,0.0,service_success,0.0,False
-18.210173,12,8694.249081,False,2.923945714797293,True,False,0.7641236707703982,out_of_bounds,True,0.5762607425074053,0.0,1.0304212210688777,1.0304212210688777,1.0304212210688777,0.7641236707703982,12,12,1.0,1.0692358640466586,1.6447414572080563,0.4798886757033993,0.554073683870199,0.2864048480987549,-0.33769914507865906,-0.4321621060371399,-0.4773711860179901,simulator_service,service_success,True,,0.0044,0.0,service_success,0.0,False
-25.308739,12,8717.495438,False,8.602619241792159,True,False,2.6886633112140808,out_of_bounds,True,0.9247091272126507,0.0,1.1554195871759874,1.1554195871759874,1.1554195871759874,2.0711111609591644,12,12,1.0,1.5650502980615266,1.65082987270515,0.4280493048372071,0.5978076297032039,-0.08316364884376526,-0.03036179393529892,-0.5,1.5707963705062866,simulator_service,service_success,True,,0.0028,0.0,service_success,0.0,False
-24.2613,23,8745.939912,False,2.556471550553217,True,False,2.916237123914475,out_of_bounds,True,0.4796375680448237,0.0,2.373355862129777,2.6522098979506206,2.373355862129777,1.5612958221780395,23,23,1.0,1.0147250843183984,1.6557103118022738,0.5738458580964904,0.7071067811865476,0.5,0.44806379079818726,0.5,-1.4285011291503906,simulator_service,service_success,True,,0.0046,0.0,service_success,0.0,False
-25.215988,12,8769.602062,False,9.307276718370625,True,False,2.7566010167908472,out_of_bounds,True,0.22321717637868008,0.0,1.7409529662024064,1.7409529662024064,1.7409529662024064,1.6966476262166832,12,12,1.0,1.551560919896411,1.793711581496792,0.6736280506523901,0.7071067811865476,0.5,0.5,0.5,-1.5707963705062866,simulator_service,service_success,True,,0.0028,0.0,service_success,0.0,False
-87.28508,91,8809.71086,False,9.107357595945764,True,False,1.0567501075568129,out_of_bounds,True,0.34964850980194373,0.0,4.48580207889889,9.212632755426455,4.48580207889889,1.0567501075568129,91,91,1.0,1.195283874610657,1.7501883415376056,0.5539002918096338,0.7071067811865476,0.5,-0.5,-0.0466742105782032,0.8637556433677673,simulator_service,service_success,True,,0.0045,0.0,service_success,0.0,False
-33.27162,34,8838.025117,False,5.728462483209185,True,False,2.132785138776005,out_of_bounds,True,0.8856989226983667,0.0,1.2877321315421864,3.5469397568877863,1.2877321315421864,1.1720421044720166,34,34,1.0,1.2276866432902305,1.793711581496792,0.6676420308460222,0.7071067811865476,-0.19106842577457428,-0.5,0.5,-1.5707963705062866,simulator_service,service_success,True,,0.0043,0.0,service_success,0.0,False
-21.81684,11,8861.221128,False,6.853863420358136,True,False,0.7112848322548281,out_of_bounds,True,0.9946631991453235,0.0,1.5532011756358468,1.5532011756358468,1.5532011756358468,0.7112848322548281,11,11,1.0,1.7621621334531234,1.793711581496792,0.6110803095389223,0.7071067811865476,0.5,-0.5,-0.5,1.5707963705062866,simulator_service,service_success,True,,0.0044,0.0,service_success,0.0,False
-19.089714,12,8884.587899,False,3.9163959289882087,True,False,2.93484363555975,out_of_bounds,True,0.18081650772832403,0.0,1.5084022794666316,0.0,0.0,2.0783056549971723,11,11,1.0,0.8036469742732772,0.9153209924361797,0.6215034422360156,0.6628322157366529,-0.12412307411432266,-0.5,-0.14965179562568665,0.05015290901064873,simulator_service,service_success,True,,0.0046,0.0,service_success,0.0,False
-33.49437,23,8910.836462,False,6.660332874588988,True,False,2.615036082958368,out_of_bounds,True,0.3217744058343506,0.0,1.838454669670243,2.0552703759714426,1.838454669670243,2.1351465958087132,23,23,1.0,1.0628885194568591,1.7230009945375864,0.6431481576701561,0.7071067811865476,-0.5,-0.5,0.5,-0.8483949303627014,simulator_service,service_success,True,,0.0047,0.0,service_success,0.0,False
-60.459053,80,8948.985416,False,5.282594989152537,True,False,2.5242345884252027,out_of_bounds,True,0.6988775416363245,0.0,1.1527819647189321,6.792174426734505,1.5404467928318781,1.5642887390452567,80,80,1.0,1.2084446394823436,1.793711581496792,0.6582944955635937,0.7071067811865476,0.5,-0.5,0.5,1.1686838865280151,simulator_service,service_success,True,,0.0044,0.0,service_success,0.0,False
-20.173613,12,8980.285336,False,3.387176963864609,False,True,0.9625407351574631,unsafe_low_altitude,True,0.7372437273814092,0.0,1.5489277900104153,1.5489277900104153,1.5489277900104153,0.9625407351574631,12,12,1.0,1.3270997425604323,1.793711581496792,0.6954253903180264,0.7071067811865476,0.4663752317428589,-0.5,-0.5,-0.15143835544586182,simulator_service,service_success,True,,0.0043,0.0,service_success,0.0,False
-42.327564,34,9008.74111,False,6.591359204942965,True,False,2.9676890069830826,out_of_bounds,True,0.8725019535116277,0.0,1.938093503695765,3.72217853707022,1.938093503695765,1.302371940448471,34,34,1.0,1.406002923827918,1.793711581496792,0.6600242271996457,0.7071067811865476,-0.5,-0.5,0.5,1.5707963705062866,simulator_service,service_success,True,,0.0032,0.0,service_success,0.0,False
-26.0,12,9032.156302,False,9.871571351837657,True,False,0.7460989111633308,out_of_bounds,True,0.7277290412401897,0.0,1.1804303457040346,1.1804303457040346,1.1804303457040346,0.7460989111633308,12,12,1.0,1.6300687496000938,1.723682754154587,0.5714806260371789,0.7071067811865476,0.5,0.5,-0.1548222303390503,-1.2481263875961304,simulator_service,service_success,True,,0.0045,0.0,service_success,0.0,False
-22.488728,23,9058.464532,False,3.17250926020421,True,False,3.214585542920268,out_of_bounds,True,0.9977131215719587,0.0,1.796164729761485,2.6663204997435814,1.796164729761485,1.5827054074138946,23,23,1.0,1.0367148532442403,1.4481176432421168,0.630574096445965,0.7071067811865476,0.19463619589805603,-0.14859342575073242,-0.4375748336315155,-0.7758235931396484,simulator_service,service_success,True,,0.0045,0.0,service_success,0.0,False
-28.03672,23,9084.866074,False,3.3352555571151825,True,False,2.866611853982128,out_of_bounds,True,0.04289384806441435,0.0,2.9154999369858556,3.1032447114820627,2.9154999369858556,1.8838137320360162,23,23,1.0,1.4416382590251562,1.778710447167255,0.5945548114577057,0.7071067811865476,0.07922042906284332,0.04916321486234665,-0.5,0.06110285967588425,simulator_service,service_success,True,,0.0042,0.0,service_success,0.0,False
-19.008612,22,9111.137309,False,3.036087796854744,True,False,2.7865574947479286,out_of_bounds,True,0.65906958883444,0.0,2.422075051245341,2.598050056316337,2.422075051245341,1.8756813549762406,22,22,1.0,0.9445936813393613,1.1895708778108078,0.548205828342842,0.7071067811865476,0.5,0.5,0.5,-0.8136307001113892,simulator_service,service_success,True,,0.0042,0.0,service_success,0.0,False
-16.460373,12,9134.581661,False,2.0718071034732595,True,False,1.3979494142393036,out_of_bounds,True,0.682610282822942,0.0,1.22575880320407,1.22575880320407,1.22575880320407,1.3979494142393036,12,12,1.0,0.7229885621962913,0.7932835616723881,0.4981624164398725,0.6134340383585938,0.14373455941677094,0.2257440984249115,0.5,0.13254457712173462,simulator_service,service_success,True,,0.0044,0.0,service_success,0.0,False
-25.341457,12,9160.969919,False,7.01022970459415,True,False,2.735980109879991,out_of_bounds,True,0.40048196779288603,0.0,1.8100447264056678,1.8100447264056678,1.8100447264056678,1.6760606752741214,12,12,1.0,1.137312589177688,1.2526015757359195,0.7071067811865478,0.7071067811865476,0.5,-0.5,0.5,-0.9049921035766602,simulator_service,service_success,True,,0.0047,0.0,service_success,0.0,False
-18.206177,12,9189.898987,False,2.9841666083438083,False,True,0.8796221141688625,unsafe_low_altitude,True,0.015566575082694246,0.0,1.537479915342627,1.537479915342627,1.537479915342627,0.8796221141688625,12,12,1.0,1.2905920658348726,1.3136834289644297,0.67618617093729,0.7007552191964244,-0.4909764528274536,0.5,-0.34272879362106323,0.9695533514022827,simulator_service,service_success,True,,0.0026,0.0,service_success,0.0,False
