#{"t_start": 1783184790.5684133, "env_id": "None"}
r,l,t,is_success,final_distance,is_out_of_bounds,is_unsafe_low_altitude,altitude,terminal_reason,terminal_stop_command_accepted,terminal_yaw_error,terminal_yaw_penalty,physical_displacement,path_length,max_physical_displacement,min_altitude,motion_command_steps,motion_command_accepted_steps,motion_command_acceptance_rate,mean_action_norm,max_action_norm,mean_xy_action_norm,max_xy_action_norm,last_action_vx,last_action_vy,last_action_vz,last_action_vyaw,reset_method,reset_path,reset_service_attempted,reset_failure_class,reset_position_error,reset_yaw_error,reset_service_status,vertical_safety_penalty,low_altitude_guard_active,bounds_guard_active
14.150885,55,30.097947,True,0.38413119226831005,False,False,1.9452692990031073,success,True,0.03873254878569268,0.38732548785692683,1.1252045451917192,3.1117069535619355,1.1252045451917192,1.0908100075796974,55,55,1.0,0.33180738757311246,0.8941709867697438,0.23632124845014668,0.5097617913321021,0.07053174078464508,0.1982310712337494,0.060854095965623856,-0.15058469772338867,simulator_service,service_success,True,,0.0939,1.3555,service_success,0.0,False,False
-56.77354,200,79.482979,False,2.0383794325057347,False,False,2.04979990518562,max_steps,True,0.4060744740583865,0.0,5.9496500234866,21.360931176953386,5.9496500234866,0.9931579426421907,200,200,1.0,0.8007651023709675,1.636707062315019,0.45403062244540754,0.7071067811865476,0.00946963019669056,-0.5,0.5,0.3920288681983948,velocity,post_controller_hold,False,,0.1926,1.5691,not_attempted,0.0,False,False
-80.20553,200,132.204172,False,4.102363571454131,False,False,1.2767210379021883,max_steps,True,0.5149682322135649,0.0,3.013171864505793,25.17029068691989,3.941054855864575,0.9959193848197252,200,200,1.0,0.9941860227682932,1.793711581496792,0.5163076063874071,0.7071067811865476,0.5,-0.5,-0.5,1.3788256645202637,velocity,post_controller_hold,False,,0.1742,0.4311,not_attempted,0.0,False,False
13.847152,6,144.309614,True,0.39262365024610824,False,False,1.5191998718128386,success,True,0.564583990047586,5.64583990047586,0.5757507707398154,0.6934117188314242,0.5757507707398154,1.5191998718128386,6,6,1.0,0.7591366374693251,0.7705218525695129,0.7053470505068503,0.7071067811865476,0.5,0.5,-0.24758516252040863,0.16743576526641846,velocity,post_controller_hold,False,,0.1205,0.4558,not_attempted,0.0,False,False
-97.7104,200,200.118983,False,6.728294086441398,False,False,0.9015636137473226,max_steps,True,0.8322766109112233,0.0,7.258021374846316,27.433128548915857,7.39919729605653,0.9015636137473226,200,200,1.0,1.0433939895382378,1.793711581496792,0.5826408133431051,0.7071067811865476,-0.2,-0.5,0.5,-1.0924896001815796,velocity,post_controller_hold,False,,0.1477,0.9707,not_attempted,0.0,True,True
11.36599,16,212.224132,True,0.38397145910133906,False,False,1.0503452754843177,success,True,0.7266157502614548,7.266157502614547,0.9866173707358462,1.6364528376317666,1.063719263959756,0.9253074830539274,16,16,1.0,1.0199986230541647,1.6738754313589825,0.5452748395671559,0.5722850510862586,-0.23966117203235626,0.5,0.18586459755897522,0.3281896412372589,velocity,post_controller_hold,False,,0.2202,1.4671,not_attempted,0.0,False,False
-107.409256,200,262.932161,False,3.2935255476862912,False,False,1.0656262490311879,max_steps,True,0.22523860053206884,0.0,1.4765350328483275,28.43454817249484,2.284458335421825,0.9806806230937364,200,200,1.0,1.0890495604433788,1.793711581496792,0.5986087888749316,0.7071067811865476,0.26746097207069397,0.11142387241125107,-0.5,1.170976161956787,velocity,post_controller_hold,False,,0.1539,2.2599,not_attempted,0.0,False,False
-96.267685,200,315.85689,False,5.78071019154283,False,False,1.4286366289478922,max_steps,True,0.480779184489367,0.0,3.596006903793748,25.90395529220922,4.294208818162619,0.9258990310812117,200,200,1.0,0.9602580645355507,1.793711581496792,0.5322097235916897,0.7071067811865476,-0.5,-0.2,0.5,-0.33417925238609314,velocity,post_controller_hold,False,,0.1684,0.0428,not_attempted,0.0,False,True
-63.53764,200,370.274183,False,1.215196765207669,False,False,1.8974593832002438,max_steps,True,0.7719353373673082,0.0,3.8324219664780395,25.36713258840092,5.504563390176661,0.9145905669622354,200,200,1.0,0.9019452561260275,1.7084779783001047,0.5432738437096627,0.7071067811865476,-0.5,0.5,-0.17248451709747314,0.6914971470832825,velocity,post_controller_hold,False,,0.1616,0.1274,not_attempted,0.0,False,False
-121.22462,200,423.59147,False,7.591207800646742,False,False,1.5662262044988782,max_steps,True,0.37796839653288805,0.0,2.9577279116105766,27.7052188875404,3.632622855437274,0.9544324291177246,200,200,1.0,1.1947232310077327,1.793711581496792,0.5933206447746784,0.7071067811865476,0.2,0.5,-0.5,-1.5361405611038208,velocity,post_controller_hold,False,,0.2015,0.4241,not_attempted,0.0,False,True
-70.4713,200,477.704439,False,2.306767883118452,False,False,1.8696091997209436,max_steps,True,0.33440192627925874,0.0,3.3205946377725293,25.385231058764774,3.3361499877066976,0.9292524669445115,200,200,1.0,0.9420246410258407,1.793711581496792,0.5252107489007009,0.7071067811865476,0.2559283673763275,0.15945623815059662,-0.14278121292591095,-0.7264149188995361,velocity,post_controller_hold,False,,0.1731,1.3854,not_attempted,0.0,False,False
-87.166,200,529.113866,False,3.8878308093502487,False,False,1.5077844465663268,max_steps,True,0.30727503754646424,0.0,1.3570202304040837,26.537667148987214,2.831225747397085,0.9403639977583058,200,200,1.0,1.034186813898813,1.793711581496792,0.564387837204648,0.7071067811865476,-0.4687182605266571,0.2397976964712143,-0.4758642613887787,-1.2459063529968262,velocity,post_controller_hold,False,,0.164,1.8395,not_attempted,0.0,False,False
-110.83948,200,583.93109,False,5.055203549514883,False,False,1.1226686971175057,max_steps,True,0.7107151858314115,0.0,2.1448162045269914,27.462377538481714,4.658085167066392,0.9955861719520681,200,200,1.0,1.0533246404635654,1.793711581496792,0.6140880589182857,0.7071067811865476,0.5,-0.5,-0.5,-0.4846767485141754,velocity,post_controller_hold,False,,0.1411,1.7728,not_attempted,0.0,False,False
-120.12608,200,638.847864,False,3.4883351282790076,False,False,1.0128818460687032,max_steps,True,0.3064063220590754,0.0,1.800995548493762,25.81271148287895,4.084427138829936,0.8426118852599523,200,200,1.0,1.2017279522413165,1.7770153673792444,0.540800484979749,0.7071067811865476,0.5,0.5,-0.005174390040338039,0.011834564618766308,velocity,post_controller_hold,False,,0.2,1.5308,not_attempted,0.0,False,False
-50.065826,200,696.263818,False,4.6227913242022085,False,False,1.2289128715994277,max_steps,True,0.179865528235586,0.0,3.2751156421431498,21.16051681850799,3.2751156421431498,0.885841536292416,200,200,1.0,0.8192727649371996,1.6648287074588015,0.4386956845556586,0.7071067811865476,-0.3329154849052429,0.5,0.12300363183021545,-1.2256150245666504,velocity,post_controller_hold,False,,0.1758,2.3808,not_attempted,0.0,False,False
-58.019714,200,749.07397,False,3.342624322074661,False,False,2.0264931406118567,max_steps,True,0.8312729093882311,0.0,4.7107581582627285,26.66160650281075,5.05484241535028,0.844503879664356,200,200,1.0,0.8520236779160046,1.793711581496792,0.5756676788055851,0.7071067811865476,0.5,-0.5,-0.5,0.16471388936042786,velocity,post_controller_hold,False,,0.2287,2.0101,not_attempted,0.0,False,True
-54.28853,200,798.491021,False,0.6313072812075055,False,False,1.6419628797388062,max_steps,True,0.173446495453194,0.0,0.8481012465798116,24.628565620447002,3.5988129783650034,0.9826549576915641,200,200,1.0,0.9783414221508806,1.793711581496792,0.509052310081292,0.7071067811865476,0.27746203541755676,0.12585291266441345,-0.06413159519433975,0.00653729448094964,velocity,post_controller_hold,False,,0.1709,1.46,not_attempted,0.0,False,False
-91.2808,200,856.406003,False,6.831865341484055,False,False,1.546370572791608,max_steps,True,0.9526415124138712,0.0,3.8415097239998066,25.629103310222973,3.8415097239998066,0.8978899134172991,200,200,1.0,1.0421084454216978,1.793711581496792,0.5572144322127814,0.7071067811865476,-0.05221785977482796,0.01637260988354683,0.5,1.5707963705062866,velocity,post_controller_hold,False,,0.2201,1.6208,not_attempted,0.0,False,False
-53.234177,200,903.52377,False,3.0353962147107585,False,False,1.4051820708636678,max_steps,True,0.9112174181751119,0.0,0.5680368696565973,23.378188333578947,3.0751073290861,0.8683787428972097,200,200,1.0,0.7806554400909662,1.4543951900115144,0.48455823936579717,0.7071067811865476,-0.17625775933265686,0.5,0.5,0.2830602526664734,velocity,post_controller_hold,False,,0.1893,2.6047,not_attempted,0.0,False,False
-122.33505,200,953.532773,False,7.579592080473839,False,False,1.4020219829113632,max_steps,True,0.10400374906875715,0.0,3.3650306290084773,27.315888055717803,5.207558514748811,0.966547897781929,200,200,1.0,1.1043752338331247,1.793711581496792,0.5733034685238912,0.7071067811865476,0.2,0.0086627546697855,0.5,0.03738461062312126,velocity,post_controller_hold,False,,0.1788,2.7295,not_attempted,0.0,False,True
7.8837695,41,975.353489,True,0.34880901183371565,False,False,1.122947082588929,success,True,0.7638367959918849,7.638367959918849,1.5928485445039677,4.5580560720764325,1.8896145822908994,0.9841869859904897,41,41,1.0,0.6972451199267367,1.2377412846695413,0.5229038918777844,0.7071067811865476,-0.5,0.05922123044729233,-0.28750064969062805,-0.452505886554718,velocity,post_controller_hold,False,,0.1829,0.8156,not_attempted,0.0,False,False
-103.2331,200,1025.166115,False,6.96414768713512,False,False,1.2307212903032994,max_steps,True,0.8473826878705495,0.0,5.042923913361492,26.590336229401878,5.416207645807385,0.9004377916871288,200,200,1.0,1.0658445839933817,1.793711581496792,0.5459090492058652,0.7071067811865476,0.2792735695838928,0.5,-0.5,0.2481129914522171,velocity,post_controller_hold,False,,0.1077,2.6141,not_attempted,0.0,False,False
-95.2849,200,1077.783895,False,5.7129525762052,False,False,1.9353625555307015,max_steps,True,0.7864057620480399,0.0,3.7783043198135315,26.35439940741477,4.5884701509071135,0.9296309258924115,200,200,1.0,1.0340066560363055,1.793711581496792,0.5573779733570494,0.7071067811865476,0.5,-0.5,0.5,1.5707963705062866,velocity,post_controller_hold,False,,0.1116,0.1269,not_attempted,0.0,False,False
-139.99348,200,1129.201998,False,6.006447244870458,False,False,1.8461385828544221,max_steps,True,0.7743924100036178,0.0,1.4167619304443286,28.284647587339457,3.7117493843591203,0.9046396981355949,200,200,1.0,1.271863165391997,1.793711581496792,0.6131252176886445,0.7071067811865476,-0.5,0.5,0.5,-0.0237075537443161,velocity,post_controller_hold,False,,0.1633,0.5537,not_attempted,0.0,False,False
-86.542786,200,1183.917443,False,5.7147589659472064,False,False,1.8617127843224806,max_steps,True,0.4101684778662776,0.0,3.7625062749181106,26.135477503844903,4.736948687771844,0.8659851355744654,200,200,1.0,1.0352237313484218,1.793711581496792,0.5592774201440762,0.7071067811865476,0.5,0.5,-0.5,1.5707963705062866,velocity,post_controller_hold,False,,0.1833,1.9499,not_attempted,0.0,False,True
-75.903,200,1238.419129,False,5.049751535528848,False,False,1.203303174208126,max_steps,True,0.63457945726518,0.0,5.972784716434899,26.07660655369059,6.605181983364978,0.9070916119413109,200,200,1.0,1.0194812310589052,1.7271336486771605,0.5657777441532253,0.7071067811865476,-0.5,-0.42127901315689087,-0.05169273167848587,0.27670392394065857,velocity,post_controller_hold,False,,0.1583,2.5478,not_attempted,0.0,False,False
-61.53715,200,1288.841799,False,1.1738258687366905,False,False,1.9682818393242274,max_steps,True,0.6261380653285366,0.0,2.313402189518374,23.96611461202309,2.313402189518374,0.8449073913035532,200,200,1.0,0.9764282337933814,1.793711581496792,0.5165685008608762,0.7071067811865476,0.5,0.04388625919818878,0.5,-0.07848476618528366,velocity,post_controller_hold,False,,0.1192,1.3517,not_attempted,0.0,False,False
-8.921003,147,1330.357583,True,0.3916393553465572,False,False,1.9615831898386398,success,True,0.33855690296532764,3.3855690296532766,1.190226898034835,16.34450487209387,2.5333886173086904,1.226435850996946,147,147,1.0,0.8899848768354679,1.6073317742521962,0.45339508418691443,0.7071067811865476,0.001048379112035036,0.06164652481675148,0.33105236291885376,0.3036388158798218,velocity,post_controller_hold,False,,0.1432,3.0349,not_attempted,0.0,False,False
-63.12028,200,1382.571859,False,2.221950659691313,False,False,1.8286812742097902,max_steps,True,0.29569275075521856,0.0,3.8061360242245694,24.44236638583332,5.830864982657627,0.8652051644301001,200,200,1.0,0.9235314399665979,1.793711581496792,0.5009147102707481,0.7071067811865476,0.2574533224105835,0.5,0.014628519304096699,0.15306659042835236,velocity,post_controller_hold,False,,0.2004,1.6501,not_attempted,0.0,False,False
-105.48308,200,1436.993495,False,2.7060972077726144,False,False,1.0095812239381512,max_steps,True,0.023131704836099935,0.0,0.9370455687485614,27.311623509781594,4.389812810571756,0.9395328201027046,200,200,1.0,1.0806114485473446,1.793711581496792,0.5852069983258051,0.7071067811865476,-0.17652113735675812,0.5,0.5,0.4896847605705261,velocity,post_controller_hold,False,,0.1823,2.1712,not_attempted,0.0,False,False
-108.10635,200,1489.602417,False,5.3484669729955945,False,False,1.922377538724283,max_steps,True,0.6269020972040403,0.0,1.7200080088700958,29.47591415437723,3.2774793116199863,0.9153265284564598,200,200,1.0,1.0370114158890382,1.793711581496792,0.6354209162725472,0.7071067811865476,-0.5,0.5,-0.5,0.7688186764717102,velocity,post_controller_hold,False,,0.1519,0.194,not_attempted,0.0,False,True
-68.088135,200,1540.715797,False,3.129401453371235,False,False,1.9297705435116443,max_steps,True,0.07312003706367706,0.0,2.8266482132954,27.625365091273935,5.2732627907052825,0.8979246219969169,200,200,1.0,1.2092893679853565,1.793711581496792,0.5845808236862094,0.7071067811865476,-0.5,-0.36509472131729126,-0.5,0.5592368245124817,velocity,post_controller_hold,False,,0.194,2.0603,not_attempted,0.0,False,False
-77.0918,200,1589.026247,False,5.300016155752638,False,False,1.8961078567520313,max_steps,True,0.5532240309230098,0.0,6.948232346240755,25.921076353732296,8.082870651468463,0.8728196040208605,200,200,1.0,1.031325584382612,1.793711581496792,0.5470183260734117,0.7071067811865476,-0.5,-0.13880306482315063,0.4592561721801758,-1.5137665271759033,velocity,post_controller_hold,False,,0.1182,3.0969,not_attempted,0.0,False,False
-61.00884,200,1643.646685,False,2.431060597030706,False,False,1.8948778360386052,max_steps,True,0.8907564953547228,0.0,1.487100906791812,26.83017550670855,3.515133031341525,0.8416100691303825,200,200,1.0,1.0227098768259524,1.793711581496792,0.558059322218321,0.7071067811865476,-0.5,0.5,0.5,0.06464998424053192,velocity,post_controller_hold,False,,0.0483,2.5372,not_attempted,0.0,False,False
-36.622143,180,1698.165007,True,0.39619895079180273,False,False,1.4366295451366777,success,True,0.985187574187903,9.85187574187903,4.716448769265948,25.262038335115985,5.71360100641518,0.9315392026396092,180,180,1.0,1.0494973543404007,1.793711581496792,0.5994493586850707,0.7071067811865476,-0.5,0.5,0.4318631589412689,-0.5633327960968018,velocity,post_controller_hold,False,,0.068,1.6484,not_attempted,0.0,False,False
-108.67208,200,1752.776807,False,5.0854189466337925,False,False,1.7705617575684665,max_steps,True,0.4082196657455709,0.0,1.6782863063055689,29.158158511590464,5.540839630620481,0.9792123413758883,200,200,1.0,1.2578449328765353,1.793711581496792,0.6250591374592687,0.7071067811865476,-0.5,-0.5,0.2635180950164795,-1.5707963705062866,velocity,post_controller_hold,False,,0.0971,1.5155,not_attempted,0.0,False,False
-112.11177,200,1809.793454,False,6.302479760948764,False,False,1.8577534159626656,max_steps,True,0.4415626671642745,0.0,5.316536089894856,28.838261851500942,6.268956803857351,0.8937606079358742,200,200,1.0,1.2514797054328688,1.793711581496792,0.6397360032389008,0.7071067811865476,-0.5,0.07745441794395447,0.5,-0.7295132279396057,velocity,post_controller_hold,False,,0.1248,0.6317,not_attempted,0.0,False,False
-90.064995,200,1861.507208,False,3.35188099816436,False,False,1.9633690688355816,max_steps,True,0.7938779071644506,0.0,3.2434673371420724,28.158883403661704,4.576411445231712,0.8819174399878529,200,200,1.0,1.1524346399000205,1.793711581496792,0.5992318467458798,0.7071067811865476,0.5,0.5,-0.5,0.7837314009666443,velocity,post_controller_hold,False,,0.1393,0.2062,not_attempted,0.0,False,True
-138.97612,200,1916.822177,False,6.0501430376592165,False,False,1.9131209787489287,max_steps,True,0.14938803665890313,0.0,2.6572147636236476,28.421590036864814,4.263771995126221,1.0733159709932008,200,200,1.0,1.2348611350587648,1.793711581496792,0.60003586059991,0.7071067811865476,0.5,-0.5,-0.16535939276218414,1.5707963705062866,velocity,post_controller_hold,False,,0.1965,1.9131,not_attempted,0.0,False,False
-92.81005,200,1970.637572,False,2.2737298115557842,False,False,1.1349765588913479,max_steps,True,0.7740318549441291,0.0,0.662977918494161,29.31425029655629,4.122018515091791,0.8783166386048972,200,200,1.0,1.2514933054485158,1.793711581496792,0.6385392129175547,0.7071067811865476,-0.5,-0.5,-0.45401063561439514,0.25601726770401,velocity,post_controller_hold,False,,0.1333,1.6821,not_attempted,0.0,False,False
-120.602,200,2027.15798,False,5.930936882313463,False,False,1.100276796686187,max_steps,True,0.5428243161480034,0.0,3.7816812777675084,28.68937489770267,4.690170385118398,0.967318752225487,200,200,1.0,1.1340960438833205,1.793711581496792,0.6218317752769209,0.7071067811865476,-0.5,0.23705554008483887,-0.5,0.8623309135437012,velocity,post_controller_hold,False,,0.152,2.0342,not_attempted,0.0,False,False
-133.44669,200,2084.963903,False,7.256327092263525,False,False,1.5533081261851212,max_steps,True,0.5359881264777965,0.0,5.359067511129509,29.062942254276464,5.359067511129509,0.886818363682634,200,200,1.0,1.2536798189972942,1.793711581496792,0.6338231020516432,0.7071067811865476,0.2,0.5,0.4524310827255249,0.8285947442054749,velocity,post_controller_hold,False,,0.1126,0.4456,not_attempted,0.0,False,True
-77.55878,200,2138.773054,False,1.8935052253210214,False,False,1.2876979757742075,max_steps,True,0.5772800972238525,0.0,1.4877921131033158,27.33655985654566,2.4123715264812775,0.9093932803767952,200,200,1.0,1.1850151997447256,1.793711581496792,0.5686858050718709,0.7071067811865476,0.5,-0.3389086425304413,-0.3566511273384094,0.09771371632814407,velocity,post_controller_hold,False,,0.1218,1.1294,not_attempted,0.0,False,False
-50.103134,200,2193.900422,False,3.1122195733923883,False,False,1.9703739083232559,max_steps,True,0.5328210521352987,0.0,2.848388493288689,24.926067233816273,3.517295231569505,0.9312814696401532,200,200,1.0,0.8904079051419913,1.793711581496792,0.5036435327339157,0.7071067811865476,0.2482069730758667,-0.3058207631111145,0.5,0.4278351664543152,velocity,post_controller_hold,False,,0.0713,2.8641,not_attempted,0.0,False,False
-55.00363,200,2252.410071,False,1.8495934408293406,False,False,1.7598154609398513,max_steps,True,0.6394866699637856,0.0,4.204330483458458,22.28412101176088,5.013432257640486,0.8923527987549765,200,200,1.0,0.8429913969639915,1.7378939576111068,0.46513275643808205,0.7071067811865476,0.4931153357028961,0.5,-0.4725683331489563,0.9538630843162537,velocity,post_controller_hold,False,,0.1394,2.0766,not_attempted,0.0,False,False
-82.65538,200,2303.718998,False,6.533152022226568,False,False,1.899298890908301,max_steps,True,0.7493752165121041,0.0,5.061945385537307,27.97043081084558,5.061945385537307,0.8473334534390486,200,200,1.0,1.1772237702569457,1.793711581496792,0.6144275642816306,0.7071067811865476,-0.5,-0.5,0.1367204487323761,0.31362563371658325,velocity,post_controller_hold,False,,0.0979,2.2497,not_attempted,0.0,False,False
-67.30408,200,2351.64454,False,3.809464004195164,False,False,1.4352422990360638,max_steps,True,0.6546002010055296,0.0,3.2431226724074125,26.267612847606333,5.1995362554259215,0.8921786114475837,200,200,1.0,1.1559266044339191,1.793711581496792,0.5372307932947014,0.7071067811865476,0.018603697419166565,0.09878872334957123,-0.09427420794963837,1.4854686260223389,velocity,post_controller_hold,False,,0.1689,2.0664,not_attempted,0.0,False,False
-85.22863,200,2407.056431,False,4.152456009707378,False,False,1.539747124665813,max_steps,True,0.0807161676544104,0.0,1.951667603572136,27.82771339840916,3.6022967993602135,0.8004723092796882,200,200,1.0,1.1926453804933776,1.793711581496792,0.6122390757034314,0.7071067811865476,0.02545180544257164,0.2850942611694336,-0.5,0.42263063788414,velocity,post_controller_hold,False,,0.1717,0.3629,not_attempted,0.0,False,False
-38.16721,200,2457.473945,False,0.8533613154822252,False,False,1.4388132629808992,max_steps,True,0.6101025539710565,0.0,1.478086674204914,23.64203410022478,2.4098566920806377,0.8214911067441611,200,200,1.0,0.861533002943983,1.793711581496792,0.4905808504676015,0.7071067811865476,0.04969090595841408,0.04033305495977402,0.5,0.2029281109571457,velocity,post_controller_hold,False,,0.1048,0.2652,not_attempted,0.0,False,False
-106.76084,200,2517.393057,False,4.7974646575000515,False,False,0.9850258367413451,max_steps,True,0.3048453207606064,0.0,1.7391205189287537,28.291500581137655,3.950516688935868,0.831870758226219,200,200,1.0,1.280152244734564,1.793711581496792,0.6014831707162239,0.7071067811865476,0.5,0.5,-0.5,-1.0623127222061157,velocity,post_controller_hold,False,,0.2325,2.7311,not_attempted,0.0,False,False
-146.50986,200,2576.306909,False,6.202682419252156,False,False,2.112266741866007,max_steps,True,0.510459090138781,0.0,3.406885567718979,27.478530146510078,6.181668883237571,0.7688205762997701,200,200,1.0,1.1626124620094052,1.7616194184807534,0.5845525431740547,0.7071067811865476,-0.2,-0.5,-0.5,-1.5707963705062866,velocity,post_controller_hold,False,,0.0617,2.789,not_attempted,0.0,False,True
-130.1956,200,2623.521885,False,6.064662284053317,False,False,1.827282359626565,max_steps,True,0.965257331811301,0.0,5.40384849039819,29.96481885156114,6.050885527111919,0.774188222026749,200,200,1.0,1.2805263524212682,1.793711581496792,0.6410398155765484,0.7071067811865476,0.5,0.34770333766937256,-0.022547516971826553,-0.9308091402053833,velocity,post_controller_hold,False,,0.0271,1.2632,not_attempted,0.0,False,False
-92.38982,200,2677.626963,False,5.575471531171787,False,False,1.3237543428690333,max_steps,True,0.9987845954386741,0.0,5.045724471345796,27.8045681294486,5.045724471345796,0.8627184440782275,200,200,1.0,1.2901853847506082,1.793711581496792,0.6136995236292311,0.7071067811865476,-0.449424147605896,-0.5,0.02774737775325775,-1.1592023372650146,velocity,post_controller_hold,False,,0.1351,2.4852,not_attempted,0.0,False,False
-61.000214,200,2733.047899,False,1.1222816860552143,False,False,1.3832142646128969,max_steps,True,0.8215195623051367,0.0,3.2928305671248976,25.65403228086834,4.578471090877151,0.9248891177262336,200,200,1.0,1.0117713043995593,1.793711581496792,0.5440162145147378,0.7071067811865476,-0.5,0.5,0.5,-1.5707963705062866,velocity,post_controller_hold,False,,0.108,2.4888,not_attempted,0.0,False,False
10.937073,32,2751.765178,True,0.35933930301982914,False,False,1.6372454598627642,success,True,0.5760617547231671,5.760617547231671,1.1606408894985638,4.159613031165761,2.1229373923228074,1.5749804488820844,32,32,1.0,0.7727633986877235,1.0032859450804648,0.6180716481355109,0.7071067811865476,0.5,0.14101919531822205,-0.4375932216644287,-0.046580053865909576,velocity,post_controller_hold,False,,0.1002,1.3048,not_attempted,0.0,False,False
-103.05698,200,2808.576158,False,7.658304212674028,False,False,1.322728520127727,max_steps,True,0.6946473162899836,0.0,5.080798760010154,28.0460443515696,5.080798760010154,1.0219697119301574,200,200,1.0,1.1953719557958777,1.793711581496792,0.6162551613998267,0.7071067811865476,-0.5,0.5,-0.5,0.8637987375259399,velocity,post_controller_hold,False,,0.1891,0.0286,not_attempted,0.0,False,False
-150.96263,200,2863.895144,False,7.811567879346496,False,False,0.9233241819045035,max_steps,True,0.530113843639581,0.0,6.970149775674963,28.342573734002187,7.214267449543444,0.9233241819045035,200,200,1.0,1.2673606244044056,1.793711581496792,0.613405702182761,0.7071067811865476,0.5,0.5,0.5,0.8453692197799683,velocity,post_controller_hold,False,,0.0529,0.8246,not_attempted,0.0,True,False
-75.92579,200,2918.385417,False,5.015159230705345,False,False,2.105247967895352,max_steps,True,0.05524381663144262,0.0,6.552291471960034,25.34169258518503,6.589598609930683,1.0132205682759656,200,200,1.0,0.9825798509832856,1.793711581496792,0.5415516516931501,0.7071067811865476,-0.044146619737148285,0.5,-0.5,-0.5464592576026917,velocity,post_controller_hold,False,,0.2115,2.4853,not_attempted,0.0,False,True
-101.48388,200,2972.418999,False,5.695526405927778,False,False,1.7174436865237224,max_steps,True,0.7526101735852867,0.0,3.021988073199894,27.370150453375487,4.015160630306984,0.7693055500662644,200,200,1.0,1.0302696212327165,1.793711581496792,0.5926559945897046,0.7071067811865476,-0.5,-0.4282926917076111,-0.13726551830768585,1.2720402479171753,velocity,post_controller_hold,False,,0.236,2.3464,not_attempted,0.0,False,False
-73.57167,200,3028.729272,False,2.4694675061087867,False,False,1.575226330702645,max_steps,True,0.8793954094939307,0.0,2.524989898103907,25.157743674295986,3.643493467877441,0.7924028739985606,200,200,1.0,1.1027500834226662,1.793711581496792,0.5376603686078737,0.7071067811865476,-0.5,0.5,0.5,0.23028667271137238,velocity,post_controller_hold,False,,0.166,1.9587,not_attempted,0.0,False,False
-95.05866,200,3082.951908,False,4.100807253644543,False,False,1.8360825519422168,max_steps,True,0.4411176876710185,0.0,1.7609093123196464,25.454437976617882,2.816676459102502,0.6523434320334649,200,200,1.0,0.9902093617761422,1.793711581496792,0.5309677388462463,0.7071067811865476,-0.17271128296852112,0.11924323439598083,0.013475783169269562,-1.1872185468673706,velocity,post_controller_hold,False,,0.1749,2.3754,not_attempted,0.0,False,False
-132.92984,200,3138.261876,False,7.84938914596883,False,False,1.3296451669584668,max_steps,True,0.3102565228460807,0.0,4.449324081913052,28.503338189752416,5.148639014346837,0.7750332858310527,200,200,1.0,1.2929107697188682,1.793711581496792,0.6461872135686078,0.7071067811865476,-0.16536225378513336,0.5,0.5,-1.0248041152954102,velocity,post_controller_hold,False,,0.2415,1.8825,not_attempted,0.0,False,False
-72.8872,200,3193.152205,False,4.579482603197136,False,False,1.4303082425715847,max_steps,True,0.5257657066418073,0.0,2.0496795050599435,25.91220476590501,4.609411980873486,0.6426888808974618,200,200,1.0,1.0887151024868529,1.793711581496792,0.5560080566104834,0.7071067811865476,-0.5,-0.1392698884010315,0.5,-1.3406535387039185,velocity,post_controller_hold,False,,0.1468,0.8688,not_attempted,0.0,False,False
-74.384445,200,3246.075934,False,6.301488462866255,False,False,1.813626297056191,max_steps,True,0.5285102745477791,0.0,4.382704566610506,25.85972424601017,5.4296737134706525,0.8195570024012782,200,200,1.0,1.0403186921103182,1.793711581496792,0.5497215215329375,0.7071067811865476,-0.4325626790523529,-0.2612013518810272,-0.5,1.5707963705062866,velocity,post_controller_hold,False,,0.0528,0.6455,not_attempted,0.0,False,False
-67.98802,200,3300.206802,False,2.309344409604953,False,False,1.8405594143147999,max_steps,True,0.02643116098023508,0.0,2.4620099135414426,25.594230506463592,3.371669285390826,0.8778490500251391,200,200,1.0,1.04950180095637,1.793711581496792,0.5683802127986121,0.7071067811865476,-0.32598134875297546,-0.10355674475431442,0.22537600994110107,0.1547902524471283,velocity,post_controller_hold,False,,0.0815,2.1245,not_attempted,0.0,False,False
-62.94793,200,3357.824663,False,2.2977274737609417,False,False,1.040277468255282,max_steps,True,0.6079408420843668,0.0,3.688062484361853,25.717091167871573,6.513933572263463,0.8184503708113999,200,200,1.0,1.0755086696821128,1.757818705803614,0.5672534958131736,0.7071067811865476,0.33476522564888,0.5,0.5,-1.5707963705062866,velocity,post_controller_hold,False,,0.1675,0.908,not_attempted,0.0,True,False
-69.85763,200,3412.640909,False,4.034676006665575,False,False,1.270202273242374,max_steps,True,0.3296256704795827,0.0,3.0085198743748602,26.716336024169387,3.6996273266157584,0.8146227027166216,200,200,1.0,1.1230659552853384,1.7859978326412784,0.5922312679803646,0.7071067811865476,0.06998222321271896,-0.5,0.5,0.7837517261505127,velocity,post_controller_hold,False,,0.1976,2.8354,not_attempted,0.0,False,False
-84.61961,200,3464.952057,False,1.6481002806463296,False,False,1.8246529002313185,max_steps,True,0.9103098356188369,0.0,2.4705469997521217,27.572517893755958,2.92527613824774,0.8560746667769985,200,200,1.0,1.3379846269225906,1.793711581496792,0.5827884954580226,0.7071067811865476,0.4882601797580719,0.4170750081539154,-0.5,0.051186591386795044,velocity,post_controller_hold,False,,0.061,1.4925,not_attempted,0.0,False,False
-123.382385,200,3518.362519,False,5.600358428741664,False,False,1.9748210388878795,max_steps,True,0.8646250598951095,0.0,3.026603301041541,28.413686325703022,4.4045068070816455,0.9478614678601532,200,200,1.0,1.2381008329158485,1.793711581496792,0.6153535295083505,0.7071067811865476,0.5,-0.5,-0.5,1.5707963705062866,velocity,post_controller_hold,False,,0.1175,1.6582,not_attempted,0.0,False,True
-86.31451,200,3578.384387,False,4.850518763531107,False,False,1.0913028718848572,max_steps,True,0.43386993899145193,0.0,4.107459006955297,26.722216982217482,4.343226535171123,0.9223138196933025,200,200,1.0,1.1513830481176806,1.793711581496792,0.6068859300680152,0.7071067811865476,0.5,0.1053503006696701,-0.26243874430656433,0.6192224025726318,velocity,post_controller_hold,False,,0.0777,0.6699,not_attempted,0.0,False,False
-64.400314,200,3633.39828,False,1.9923072603389496,False,False,1.4109120402297268,max_steps,True,0.010706852304617737,0.0,4.466751122318922,26.324259825133748,4.566077608557674,0.8579444706359185,200,200,1.0,0.9551311790122852,1.7417509148867647,0.5978710733129283,0.7071067811865476,-0.2,0.13015393912792206,0.4576217532157898,-0.0963951125741005,velocity,post_controller_hold,False,,0.1224,2.5525,not_attempted,0.0,False,True
-1.0163498,83,3661.406858,True,0.35403284071246943,False,False,1.5536914298555176,success,True,0.2855775051281892,2.855775051281892,3.2262243075417647,10.948984412123389,4.184904901537791,0.8433547330486602,83,83,1.0,1.0159905926965438,1.7242038294734687,0.5850424439643575,0.7071067811865476,-0.11400536447763443,0.14867578446865082,0.14144086837768555,0.12652742862701416,velocity,post_controller_hold,False,,0.1515,0.1795,not_attempted,0.0,False,False
-53.367218,200,3720.23192,False,1.6466409332245595,False,False,1.2681358982665336,max_steps,True,0.1449964798850196,0.0,6.2115842390595875,23.9658883252091,6.2115842390595875,0.911658514335644,200,200,1.0,0.991696884485967,1.7293294140432747,0.5581199039483377,0.7071067811865476,-0.5,-0.5,-0.3736708164215088,-0.042714983224868774,velocity,post_controller_hold,False,,0.072,2.3533,not_attempted,0.0,False,False
-77.48628,200,3773.145768,False,5.80450626398373,False,False,1.1591213388473494,max_steps,True,0.26910828195749525,0.0,4.088253881203873,24.287390335834388,6.337039047871552,0.842036878592138,200,200,1.0,0.9976081881702654,1.793711581496792,0.549370273280961,0.7071067811865476,-0.24708324670791626,0.1905803233385086,-0.5,0.13029597699642181,velocity,post_controller_hold,False,,0.1022,0.1959,not_attempted,0.0,False,False
-120.966385,200,3828.758021,False,3.739402051007445,False,False,1.8613243893563471,max_steps,True,0.6918741339755632,0.0,3.080105870093897,27.06083321585335,5.205644039975848,0.9070731596315765,200,200,1.0,1.1536078143693296,1.793711581496792,0.6066982693018982,0.7071067811865476,0.5,-0.23022538423538208,0.5,0.6386227011680603,velocity,post_controller_hold,False,,0.2199,1.1114,not_attempted,0.0,False,False
-87.42739,200,3884.575938,False,1.1798036404709518,False,False,1.5793677178459538,max_steps,True,0.39794372733321803,0.0,1.3472848269869806,25.589438382175018,4.3203115074006435,0.8404338870697565,200,200,1.0,1.0519040066394576,1.793711581496792,0.580886421644354,0.7071067811865476,0.3567389249801636,0.5,0.5,0.6607193946838379,velocity,post_controller_hold,False,,0.2222,0.881,not_attempted,0.0,False,False
-55.294125,200,3939.190316,False,2.6491484390323783,False,False,1.9713743689634369,max_steps,True,0.2452572333481306,0.0,2.4825786770396494,23.211207139427156,5.894503813567272,0.9287693981600084,200,200,1.0,0.903539965688427,1.793711581496792,0.5578906893606196,0.7071067811865476,0.5,-0.5,0.3256146311759949,0.7617154717445374,velocity,post_controller_hold,False,,0.0522,1.8797,not_attempted,0.0,False,False
-136.68932,200,3998.115884,False,7.18856561599958,False,False,1.0252960452807325,max_steps,True,0.9944549375099851,0.0,3.6549898104054783,25.110550628896323,4.033692927656898,0.8866286582606574,200,200,1.0,1.1688203917671216,1.793711581496792,0.6009574379618314,0.7071067811865476,-0.5,0.5,0.33441317081451416,1.1931036710739136,velocity,post_controller_hold,False,,0.0832,0.9122,not_attempted,0.0,False,False
-7.931508,82,4025.329124,True,0.3600209684497928,False,False,1.5992577862599797,success,True,0.5597440639940676,5.597440639940676,3.371993330973808,10.932726689547627,3.620673596460418,1.0002563264376503,82,82,1.0,1.019966964757653,1.793711581496792,0.5832598602814243,0.7071067811865476,0.1390172243118286,-0.4346892535686493,-0.25347888469696045,0.8181449770927429,velocity,post_controller_hold,False,,0.1028,1.5161,not_attempted,0.0,False,False
-93.90664,200,4076.632925,False,1.9973431274112519,False,False,1.7795856376282866,max_steps,True,0.28809163928013015,0.0,4.093506813515718,28.333334726512376,4.653019694757622,0.9319132801924489,200,200,1.0,1.2503508122743534,1.793711581496792,0.6471905274905331,0.7071067811865476,-0.5,-0.5,0.44606447219848633,1.20050847530365,velocity,post_controller_hold,False,,0.1142,0.1417,not_attempted,0.0,False,False
-83.349815,200,4135.753123,False,5.490045932666527,False,False,1.1869554218967087,max_steps,True,0.8606419720677198,0.0,6.781551201697888,27.973708718020614,7.588164383059735,0.8893712935771902,200,200,1.0,1.0875838277989336,1.793711581496792,0.6349777578720677,0.7071067811865476,0.5,0.36212462186813354,0.5,-1.0570634603500366,velocity,post_controller_hold,False,,0.168,2.6675,not_attempted,0.0,False,False
-59.5127,200,4193.171014,False,3.1495484502523428,False,False,1.8934090225904359,max_steps,True,0.36845163720164664,0.0,5.802125919352334,27.129047138841962,6.43218399655403,0.7808377235547878,200,200,1.0,1.016150399108441,1.793711581496792,0.613988136825598,0.7071067811865476,-0.5,-0.5,-0.5,1.5707963705062866,velocity,post_controller_hold,False,,0.158,2.2719,not_attempted,0.0,False,False
-120.76929,200,4251.180076,False,5.900691376649508,False,False,1.8814125473763157,max_steps,True,0.47974296356238155,0.0,2.2434525977485507,26.825647674256277,2.7849745088735567,0.7028855863015804,200,200,1.0,1.2993650586124526,1.793711581496792,0.6355925819164342,0.7071067811865476,0.5,-0.5,-0.5,-1.5707963705062866,velocity,post_controller_hold,False,,0.1621,0.579,not_attempted,0.0,False,True
-122.35406,200,4313.590876,False,8.356901701935321,False,False,1.8109760025980852,max_steps,True,0.3051934532180269,0.0,5.723756749927025,27.082825697494986,5.723756749927025,0.9059499691104603,200,200,1.0,1.234027738025106,1.793711581496792,0.6129048212248154,0.7071067811865476,0.5,-0.2,-0.5,0.20150277018547058,velocity,post_controller_hold,False,,0.112,2.4308,not_attempted,0.0,False,True
-75.350006,200,4366.803189,False,1.3105425777273225,False,False,1.8357764801766694,max_steps,True,0.4683706411931924,0.0,2.790228971901719,26.90318709061771,4.6490680854519795,0.9689043574440201,200,200,1.0,1.1510228510795586,1.793711581496792,0.6401837034715476,0.7071067811865476,-0.5,-0.02269771322607994,-0.5,-0.7315126657485962,velocity,post_controller_hold,False,,0.0557,1.8501,not_attempted,0.0,False,False
-58.94378,200,4427.923426,False,4.818261892773341,False,False,1.8082713142724351,max_steps,True,0.763684938348501,0.0,3.5404982595759034,24.619453914868956,4.4042374239219955,0.8562404476005628,200,200,1.0,1.1115547091893132,1.793711581496792,0.5867350190079234,0.7071067811865476,0.5,-0.5,-0.5,-0.5304542183876038,velocity,post_controller_hold,False,,0.1756,2.904,not_attempted,0.0,False,False
-59.74902,200,4484.239227,False,1.5480470066153467,False,False,1.8364191162876309,max_steps,True,0.1697835045115036,0.0,5.53503730949363,23.786148620674457,6.456487144750203,0.6251497595519568,200,200,1.0,0.9608260562612978,1.793711581496792,0.5434840911756139,0.7071067811865476,0.5,-0.5,-0.5,1.5440382957458496,velocity,post_controller_hold,False,,0.0511,1.4715,not_attempted,0.0,False,False
-147.51668,200,4539.351842,False,2.8090383284359977,False,False,1.8725386211397466,max_steps,True,0.821307173381602,0.0,2.5535690675114537,27.055695855211162,3.965163726694222,0.7794401079266396,200,200,1.0,1.2804063159259107,1.793711581496792,0.644228880805993,0.7071067811865476,-0.2528842091560364,0.5,-0.5,-0.3703019618988037,velocity,post_controller_hold,False,,0.208,1.2625,not_attempted,0.0,False,True
-61.097992,200,4599.571067,False,1.33067347287257,False,False,1.430858155903148,max_steps,True,0.6619547317802817,0.0,4.241870444697121,25.653648042236277,4.689020350233111,0.7863620201240344,200,200,1.0,1.0735883226067604,1.793711581496792,0.5887385043074955,0.7071067811865476,0.5,-0.5,0.5,0.015765082091093063,velocity,post_controller_hold,False,,0.126,0.2871,not_attempted,0.0,False,False
-57.60724,200,4654.882227,False,2.8633686238575384,False,False,1.185967678811753,max_steps,True,0.9978388303065943,0.0,1.4283921662401984,23.88568855370697,2.599633815874506,0.8090352979664636,200,200,1.0,1.0895168706018474,1.793711581496792,0.5892356766319501,0.7071067811865476,-0.5,0.5,-0.030359089374542236,1.2325822114944458,velocity,post_controller_hold,False,,0.1357,2.6979,not_attempted,0.0,False,False
-123.99052,200,4715.300966,False,6.684558567671945,False,False,1.2754851639092353,max_steps,True,0.5016700755507756,0.0,3.5586700856484708,24.60595491481229,4.088385305668897,0.8800646500606417,200,200,1.0,1.5323798760007734,1.793711581496792,0.5974120535265817,0.7071067811865476,-0.5,-0.5,0.270043283700943,1.5707963705062866,velocity,post_controller_hold,False,,0.1736,0.7957,not_attempted,0.0,False,False
-17.133518,154,4764.414919,True,0.3808653579242711,False,False,1.6534205684660461,success,True,0.41664930880497214,4.166493088049721,1.0485437609517638,17.464090381029735,2.49676333897581,0.8140619361555769,154,154,1.0,1.0483294164090133,1.793711581496792,0.5574442898587948,0.7071067811865476,-0.049714259803295135,0.05729418620467186,0.403744101524353,-0.5174177885055542,velocity,post_controller_hold,False,,0.0776,2.065,not_attempted,0.0,False,False
10.861463,67,4796.931139,True,0.2903161353584085,False,False,1.4053519050595233,success,True,0.057132130916462694,0.571321309164627,1.7772663245188984,6.729663010420918,1.8968073129434093,0.864881783234513,67,67,1.0,0.7914788292709494,1.1182517575515745,0.47351019636872116,0.7071067811865476,-0.41859063506126404,-0.17318251729011536,0.24354521930217743,0.3335302770137787,velocity,post_controller_hold,False,,0.1599,3.1094,not_attempted,0.0,False,False
-51.742252,200,4853.947888,False,3.5218228593087586,False,False,1.6512939515400717,max_steps,True,0.13156322508344379,0.0,1.6452408905246816,25.15019350048498,3.4657640337070585,0.7511321115143911,200,200,1.0,0.9190105656494282,1.7789204028392789,0.5589729883265939,0.7071067811865476,-0.04713718593120575,0.2,-0.5,-0.7689859867095947,velocity,post_controller_hold,False,,0.2007,1.0252,not_attempted,0.0,False,True
-52.388813,200,4911.759068,False,3.3103161845304365,False,False,0.9109570840195899,max_steps,True,0.3728368557266376,0.0,3.562019348768098,26.168616598865547,3.676224352335628,0.8789743028755322,200,200,1.0,0.9812065150731216,1.7497662164557304,0.6041878682965013,0.7071067811865476,0.3411550223827362,0.5,0.5,-1.1391856670379639,velocity,post_controller_hold,False,,0.0841,1.0051,not_attempted,0.0,True,False
-102.16636,200,4970.484037,False,6.313787244270862,False,False,1.0160679449136798,max_steps,True,0.6884693066967429,0.0,3.5156752953861914,26.377485302559997,3.5156752953861914,0.663244586144597,200,200,1.0,1.3581379112092709,1.793711581496792,0.6288980359379642,0.7071067811865476,0.5,-0.5,0.5,0.27527564764022827,velocity,post_controller_hold,False,,0.0905,1.5242,not_attempted,0.0,True,False
-163.39638,200,5028.686612,False,6.807505713970829,False,False,1.2026229035048708,max_steps,True,0.31021016632427023,0.0,6.707098617452709,29.104141584802214,7.115587219940189,0.9467029893193764,200,200,1.0,1.4463269159652352,1.793711581496792,0.6514334210430383,0.7071067811865476,0.02786266803741455,0.5,-0.008581075817346573,1.0978885889053345,velocity,post_controller_hold,False,,0.2043,1.2392,not_attempted,0.0,False,False
-99.94559,200,5094.708946,False,5.131824272596394,False,False,1.8673458237058036,max_steps,True,0.13595170042632523,0.0,7.77578448480195,24.73673515791129,7.77578448480195,0.9286141962489076,200,200,1.0,1.1840515710711004,1.793711581496792,0.5990520566517913,0.7071067811865476,0.5,-0.2,0.5,-1.2645944356918335,velocity,post_controller_hold,False,,0.1406,2.825,not_attempted,0.0,False,True
-170.01038,200,5155.72383,False,6.441169944846392,False,False,1.569848087474873,max_steps,True,0.19775771507626724,0.0,3.6938964767819624,26.554525148409503,6.870724898370234,0.9456154985875852,200,200,1.0,1.5825711096271022,1.793711581496792,0.6386692246464919,0.7071067811865476,0.5,-0.5,0.5,-1.5707963705062866,velocity,post_controller_hold,False,,0.13,0.8508,not_attempted,0.0,False,False
-75.43988,200,5219.742504,False,4.829089220635955,False,False,1.427894696543688,max_steps,True,0.9576767518799194,0.0,5.0735849497259995,23.76491188507147,6.354623831288067,0.8244282760517355,200,200,1.0,1.2091123131778787,1.793711581496792,0.5713701427258154,0.7071067811865476,-0.5,-0.2,0.1115000769495964,0.2795908451080322,velocity,post_controller_hold,False,,0.0872,2.314,not_attempted,0.0,False,True
-41.834896,200,5278.960247,False,1.4691651164200537,False,False,1.5821998604658871,max_steps,True,0.05171075837803332,0.0,1.2219486715638523,23.361555901781845,2.9693689770857548,0.8020501346466642,200,200,1.0,1.1918083943611564,1.7707964035375698,0.528894105988871,0.7071067811865476,-0.09837950021028519,-0.5,-0.5,-0.011325191706418991,velocity,post_controller_hold,False,,0.1151,0.8252,not_attempted,0.0,False,False
-112.87712,200,5342.970275,False,5.7305420822305315,False,False,2.086573599867209,max_steps,True,0.39027664635920833,0.0,5.566680436127221,26.04178959817604,5.566680436127221,0.8657512564648052,200,200,1.0,1.2273936769756026,1.793711581496792,0.6228738437737834,0.7071067811865476,0.1380608230829239,-0.5,0.5,1.5707963705062866,velocity,post_controller_hold,False,,0.2143,1.8358,not_attempted,0.0,False,False
6.1285086,34,5367.784926,True,0.3032327046694933,False,False,1.8275966962681767,success,True,0.8426420587871184,8.426420587871185,1.6336647015677441,4.001480284405626,1.6336647015677441,0.9130028134352639,34,34,1.0,0.9103044118502929,1.593244682406345,0.6213648933198738,0.7071067811865476,0.3229376971721649,-0.5,0.4842725098133087,-0.586228609085083,velocity,post_controller_hold,False,,0.1569,2.3189,not_attempted,0.0,False,False
-124.719826,200,5426.298548,False,5.0626800954458036,False,False,1.7760789556023266,max_steps,True,0.24514517133641617,0.0,0.5533645541666913,23.384204260965586,2.785045125342149,1.0013169826434574,200,200,1.0,1.1993531544028322,1.793711581496792,0.5816320683908891,0.7071067811865476,0.5,-0.5,0.5,-1.5707963705062866,velocity,post_controller_hold,False,,0.0591,2.0086,not_attempted,0.0,False,False
-90.58577,200,5487.311667,False,3.318036732386603,False,False,1.157388857830336,max_steps,True,0.4060281093636851,0.0,1.4923449954375405,26.96515833404174,5.521442636405509,0.9830360263194619,200,200,1.0,1.039554067358617,1.793711581496792,0.6088317038892819,0.7071067811865476,0.5,0.5,0.16041532158851624,0.002800881862640381,velocity,post_controller_hold,False,,0.078,2.5964,not_attempted,0.0,False,False
-78.71074,200,5545.022692,False,4.28955914595976,False,False,1.9315820686269016,max_steps,True,0.2225878955639435,0.0,2.6641397212234517,22.42734489427832,3.383306214378743,0.910352846968755,200,200,1.0,1.2163882847669343,1.793711581496792,0.5564040509426438,0.7071067811865476,-0.5,0.5,-0.08254026621580124,1.5707963705062866,velocity,post_controller_hold,False,,0.2019,2.8912,not_attempted,0.0,False,False
-60.10684,200,5605.337437,False,1.6244464471973636,False,False,0.8512577980297968,max_steps,True,0.5552555779835272,0.0,4.928334241114646,25.985355902779606,7.840500910790085,0.8512577980297968,200,200,1.0,1.1091934487105737,1.7727491958130848,0.6088524326655368,0.7071067811865476,-0.5,-0.48249316215515137,0.5,0.830967366695404,velocity,post_controller_hold,False,,0.1244,0.9589,not_attempted,0.0,False,False
-96.698326,200,5662.560011,False,6.975199987745155,False,False,1.8198165899917322,max_steps,True,0.8419072649735072,0.0,7.383646362083423,27.426935496959267,7.383646362083423,0.9026914890631524,200,200,1.0,1.2378164132227567,1.793711581496792,0.6261118273865853,0.7071067811865476,0.5,-0.5,-0.5,-0.9826880693435669,velocity,post_controller_hold,False,,0.1965,2.7775,not_attempted,0.0,False,False
-78.18727,200,5721.38494,False,3.6313686750659326,False,False,1.0430135156142886,max_steps,True,0.5292404890188637,0.0,1.1209847362618346,23.20160913863774,4.36358555873828,0.7948640484308689,200,200,1.0,1.182579004596,1.7582413484589015,0.5894601392437963,0.7071067811865476,0.5,-0.09533306956291199,0.17238730192184448,-0.29521870613098145,velocity,post_controller_hold,False,,0.2353,0.6333,not_attempted,0.0,False,False
-93.57909,200,5777.269184,False,7.3957861574917585,False,False,1.8378399062293964,max_steps,True,0.07977201406995428,0.0,6.951044447655712,24.782957254417507,6.951044447655712,0.8392420462508553,200,200,1.0,1.2002444184266237,1.793711581496792,0.586638687376952,0.7071067811865476,0.2907102704048157,0.5,-0.5,-1.3320951461791992,velocity,post_controller_hold,False,,0.0875,2.2421,not_attempted,0.0,False,False
-48.659966,200,5837.784997,False,1.279007025583243,False,False,1.0075444198724548,max_steps,True,0.6826196734371364,0.0,4.271514857988694,25.10730042603596,5.6872043871144236,0.9168864179013319,200,200,1.0,1.1624096170249933,1.793711581496792,0.6418518055917045,0.7071067811865476,-0.01855468563735485,0.5,0.035456832498311996,1.5707963705062866,velocity,post_controller_hold,False,,0.2038,3.0076,not_attempted,0.0,False,False
-109.060005,200,5893.814854,False,3.7479353043721395,False,False,1.9576590188286622,max_steps,True,0.15053799111774965,0.0,1.5727739056796461,26.617637917756568,5.067704984769631,0.7848086592788858,200,200,1.0,1.3401227894934633,1.793711581496792,0.6320736982025545,0.7071067811865476,0.5,0.21445074677467346,0.5,-1.215949296951294,velocity,post_controller_hold,False,,0.1285,3.083,not_attempted,0.0,False,False
-49.75905,200,5950.63243,False,1.9037478218896922,False,False,1.8513745548053575,max_steps,True,0.27009171577700336,0.0,2.6528258723384535,24.347691479725164,5.64716989033502,0.8394296802375084,200,200,1.0,0.9628781445702651,1.760983239887855,0.5751906615038833,0.7071067811865476,-0.5,0.5,-0.3122365474700928,0.06523158401250839,velocity,post_controller_hold,False,,0.1184,0.0323,not_attempted,0.0,False,False
-95.63847,200,6013.445366,False,5.075942703351634,False,False,1.9170349594020704,max_steps,True,0.8489168940362755,0.0,3.6214271471005217,27.230365693370068,4.6471721050921655,0.8333209044626727,200,200,1.0,1.334414929986043,1.793711581496792,0.6340311900158637,0.7071067811865476,0.5,-0.5,-0.5,0.3086245059967041,velocity,post_controller_hold,False,,0.096,2.8727,not_attempted,0.0,False,False
-97.301704,200,6071.059508,False,2.9095146133649754,False,False,1.8258111302944533,max_steps,True,0.24384917618347637,0.0,3.3445071766287837,24.757194503802165,5.546275260033686,0.8974814801852565,200,200,1.0,1.257220626516737,1.793711581496792,0.6393903209468264,0.7071067811865476,-0.5,-0.4849996566772461,-0.5,0.32166174054145813,velocity,post_controller_hold,False,,0.0734,1.3888,not_attempted,0.0,False,True
-136.7937,200,6131.482479,False,8.382432459986788,False,False,2.042842756641271,max_steps,True,0.8831884280399964,0.0,4.838014669190398,26.646014172497452,5.174539191275483,0.7808580370830112,200,200,1.0,1.4307456457696315,1.793711581496792,0.5993581024131128,0.7071067811865476,0.5,0.5,-0.5,1.5707963705062866,velocity,post_controller_hold,False,,0.1618,2.7143,not_attempted,0.0,False,False
-103.34934,200,6191.793488,False,5.708622874288921,False,False,2.236242763150764,max_steps,True,0.023761267115873886,0.0,3.7984662966708487,26.05249537181859,3.7984662966708487,0.804944741880459,200,200,1.0,1.3184174150955559,1.793711581496792,0.652433117897984,0.7071067811865476,-0.5,0.5,-0.5,1.3418292999267578,velocity,post_controller_hold,False,,0.0644,1.9207,not_attempted,0.0,False,True
-41.299366,200,6254.006099,False,1.5581297928246036,False,False,1.8412642072139853,max_steps,True,0.6198020394845063,0.0,2.9013495683025194,24.17995886340416,3.974784952500692,0.8776051781388744,200,200,1.0,1.1780234991218919,1.793711581496792,0.5675125618766735,0.7071067811865476,0.33779358863830566,-0.08647295087575912,-0.5,0.5762229561805725,velocity,post_controller_hold,False,,0.1435,0.3747,not_attempted,0.0,False,False
-106.93915,200,6317.317007,False,4.985189101055103,False,False,1.3947058526605975,max_steps,True,0.06539639233622688,0.0,1.4869123709149958,25.77519169297192,3.2818271528747354,0.7453101024652499,200,200,1.0,1.3307995018469683,1.793711581496792,0.6367393368358573,0.7071067811865476,-0.5,-0.2,0.5,0.5498678088188171,velocity,post_controller_hold,False,,0.1629,2.1141,not_attempted,0.0,False,True
-62.417213,200,6382.430943,False,2.092621345182224,False,False,1.7109017879346398,max_steps,True,0.2924618862315607,0.0,5.2843763119157545,24.691549135747284,5.694923605419624,0.9794539241070974,200,200,1.0,1.148643990999997,1.793711581496792,0.6076762954954157,0.7071067811865476,-0.5,-0.18078084290027618,0.5,0.24647213518619537,velocity,post_controller_hold,False,,0.0621,1.7831,not_attempted,0.0,False,False
-62.09154,200,6444.051897,False,4.811305922561064,False,False,1.7754763485042024,max_steps,True,0.6662786738459603,0.0,3.8157031762840994,26.213787302719506,3.8157031762840994,0.8686183817580575,200,200,1.0,1.1399534619807434,1.793711581496792,0.6045761317933328,0.7071067811865476,0.5,0.5,-0.5,-0.16212321817874908,velocity,post_controller_hold,False,,0.1277,1.5571,not_attempted,0.0,False,False
-87.806725,200,6507.47114,False,1.0791999433765416,False,False,1.5804960726639214,max_steps,True,0.5268914827471073,0.0,3.6814670128758897,25.135314019782957,4.782544518939496,0.8361782744997581,200,200,1.0,1.3390387616910584,1.793711581496792,0.6017544765845138,0.7071067811865476,-0.3026736080646515,-0.07349688559770584,-0.3071753978729248,-1.0625479221343994,velocity,post_controller_hold,False,,0.174,2.6482,not_attempted,0.0,False,False
-54.87405,200,6566.083167,False,1.6886003910311893,False,False,2.1518956412648254,max_steps,True,0.08327218162606712,0.0,2.0971894379592824,26.10659285818805,4.373262364223801,0.7495024003750463,200,200,1.0,1.1629169081503785,1.793711581496792,0.6294470441392125,0.7071067811865476,-0.5,0.0867982804775238,-0.5,0.7680726051330566,velocity,post_controller_hold,False,,0.1792,1.8603,not_attempted,0.0,False,True
-76.720695,200,6630.691541,False,6.412782519096759,False,False,1.5066500311651594,max_steps,True,0.8053092509309554,0.0,5.016733557992869,24.817940349940258,5.415442459456106,0.8273176833992189,200,200,1.0,1.1660222793755848,1.793711581496792,0.5952116963370699,0.7071067811865476,-0.5,-0.5,-0.5,-0.7181430459022522,velocity,post_controller_hold,False,,0.1808,2.1993,not_attempted,0.0,False,False
-74.205956,200,6690.112972,False,1.7378141133932075,False,False,1.4549807700027282,max_steps,True,0.26414844670049425,0.0,3.687748655616067,25.97504499925148,4.166862275911611,0.8527020764957307,200,200,1.0,1.2354208114158525,1.793711581496792,0.6035674041382945,0.7071067811865476,-0.5,0.5,0.08145732432603836,1.5707963705062866,velocity,post_controller_hold,False,,0.184,1.8873,not_attempted,0.0,False,False
-77.506966,200,6756.122418,False,5.115888726897425,False,False,1.7157210179656972,max_steps,True,0.9553740131190624,0.0,5.220367937044039,24.53875345691652,5.443020189885492,0.855915386263698,200,200,1.0,1.368771278375712,1.793711581496792,0.5979246224607359,0.7071067811865476,-0.5,0.21678248047828674,0.5,1.5707963705062866,velocity,post_controller_hold,False,,0.1153,2.8457,not_attempted,0.0,False,False
-69.18593,200,6817.939887,False,3.2661582110237086,False,False,0.9804921214426041,max_steps,True,0.535682878996047,0.0,4.2431446509000565,24.325443110322578,5.418417551810745,0.8506071298668652,200,200,1.0,1.0801853759267457,1.793711581496792,0.6003170840478982,0.7071067811865476,-0.5,-0.4797453284263611,0.5,-0.36369431018829346,velocity,post_controller_hold,False,,0.1173,2.9266,not_attempted,0.0,True,False
3.3272257,43,6844.959948,True,0.18565661915380055,False,False,1.3092658227767913,success,True,0.8561464555431809,8.56146455543181,2.3620389975292917,5.014710985727063,2.3620389975292917,1.0356510200504623,43,43,1.0,1.2504001396400923,1.793711581496792,0.5139321641546325,0.7071067811865476,0.2676544785499573,-0.5,0.5,-0.9310364127159119,velocity,post_controller_hold,False,,0.0203,2.4116,not_attempted,0.0,True,False
-98.767944,200,6909.968964,False,4.216504435342285,False,False,0.7362090280125466,max_steps,True,0.019403774864559097,0.0,1.5670828750651005,24.29389826208782,3.8506929911804866,0.7362090280125466,200,200,1.0,1.3558680051661525,1.793711581496792,0.626011271953845,0.7071067811865476,-0.5,0.5,0.5,0.13672587275505066,velocity,post_controller_hold,False,,0.0832,1.928,not_attempted,0.0,True,False
-84.12343,200,6971.995031,False,5.421237924378269,False,False,1.1888931313239424,max_steps,True,0.12200883438924136,0.0,3.6538065822974515,25.976385500930977,3.6538065822974515,0.83181777238582,200,200,1.0,1.170067096354557,1.793711581496792,0.6349036026118333,0.7071067811865476,-0.2966897487640381,0.5,0.5,-1.3111923933029175,velocity,post_controller_hold,False,,0.0711,2.9021,not_attempted,0.0,False,False
-153.20322,200,7031.185057,False,4.362625330160211,False,False,1.1534944462364491,max_steps,True,0.47209808029662803,0.0,0.21861649718474657,26.236369092077922,5.249461706620506,1.0030563203090328,200,200,1.0,1.4398162803957033,1.793711581496792,0.6349515260912217,0.7071067811865476,-0.5,-0.5,-0.1677217185497284,0.69199538230896,velocity,post_controller_hold,False,,0.0584,1.0845,not_attempted,0.0,False,False
-1.3234577,96,7066.317964,True,0.341602274915897,False,False,2.043291180839136,success,True,0.1593623439243122,1.5936234392431219,1.7938626018181478,10.144922150191297,1.7938626018181478,0.9172468358170125,96,96,1.0,1.2702925887569252,1.793711581496792,0.5180616666250795,0.7071067811865476,0.05485772714018822,0.4238046109676361,-0.5,-0.01806335151195526,velocity,post_controller_hold,False,,0.1419,0.1684,not_attempted,0.0,False,False
-122.17482,200,7132.62887,False,7.59094284440126,False,False,1.002176401979317,max_steps,True,0.2680982414710954,0.0,4.089091868941294,24.752468251433783,4.2377859874630195,0.7473884781337993,200,200,1.0,1.2156357135346887,1.793711581496792,0.6023244019157481,0.7071067811865476,-0.5,0.5,-0.07645276188850403,0.6488854885101318,velocity,post_controller_hold,False,,0.0848,0.1076,not_attempted,0.0,False,False
-48.277462,200,7191.948423,False,2.5375601116592876,False,False,1.167840551758239,max_steps,True,0.08443898334799937,0.0,0.36362495356887636,24.708475307236263,5.266785557569792,0.7933687002228648,200,200,1.0,1.2048879503584573,1.793711581496792,0.6206458714653337,0.7071067811865476,0.5,0.5,-0.5,0.4685758650302887,velocity,post_controller_hold,False,,0.078,0.6768,not_attempted,0.0,False,False
-110.743904,200,7250.554616,False,3.6865336277909453,False,False,1.72651386742113,max_steps,True,0.8357462362466832,0.0,2.379112095388351,25.112950904078723,3.6139998847471393,0.7269654781271738,200,200,1.0,1.2793807270989515,1.793711581496792,0.6539140492840663,0.7071067811865476,0.5,0.15187717974185944,0.5,1.5707963705062866,velocity,post_controller_hold,False,,0.1211,0.2201,not_attempted,0.0,False,False
-18.563675,194,7308.158943,True,0.19583820267924648,False,False,1.3883492147478724,success,True,0.36922680214687414,3.6922680214687413,3.003731410851826,23.426350641304936,4.651766858784838,0.9318470807114431,194,194,1.0,1.041809952361615,1.793711581496792,0.593126745742684,0.7071067811865476,0.5,-0.5,-0.5,-1.2635747194290161,velocity,post_controller_hold,False,,0.171,1.1399,not_attempted,0.0,False,False
-73.795044,200,7371.285975,False,2.5200219924021425,False,False,1.3116871273473139,max_steps,True,0.7427899913788416,0.0,1.6735511964777865,24.098035394805073,3.987057589584991,1.0485321948531794,200,200,1.0,1.2753845055504847,1.793711581496792,0.6143564716448939,0.7071067811865476,0.4283742308616638,-0.5,0.31376907229423523,-0.691815972328186,velocity,post_controller_hold,False,,0.1643,1.5015,not_attempted,0.0,False,False
-43.886627,200,7433.60608,False,2.1113843791245546,False,False,1.3869823133585957,max_steps,True,0.22423515995079257,0.0,3.956888317910791,23.53594003732387,3.956888317910791,0.7311044522144853,200,200,1.0,1.1956179572133447,1.793711581496792,0.5881591174098553,0.7071067811865476,0.48852288722991943,0.4609270989894867,-0.5,1.124043583869934,velocity,post_controller_hold,False,,0.1297,2.8562,not_attempted,0.0,False,False
-46.689293,200,7497.619168,False,2.4721610377660026,False,False,1.647982438521624,max_steps,True,0.9456943649218971,0.0,1.5192779875981284,23.56009878034386,2.6905138006801588,0.8480852386445724,200,200,1.0,1.087976226173034,1.793711581496792,0.6066184879062575,0.7071067811865476,0.5,-0.2857658267021179,0.37825068831443787,0.5295294523239136,velocity,post_controller_hold,False,,0.0983,1.767,not_attempted,0.0,False,False
-141.66167,200,7564.505314,False,4.7599524106233275,False,False,0.9424929816185185,max_steps,True,0.6808763411707643,0.0,0.8773687419375336,26.00901136318624,3.3647950909649906,0.7160562222397576,200,200,1.0,1.553131616054339,1.793711581496792,0.6717651145878226,0.7071067811865476,-0.5,0.5,0.5,-1.5707963705062866,velocity,post_controller_hold,False,,0.1842,1.6092,not_attempted,0.0,False,False
4.7423215,32,7596.150994,True,0.317839795560092,False,False,1.3348982282544077,success,True,0.9657623708473794,9.657623708473794,2.5587205269295437,3.7391310880514608,2.5587205269295437,0.9014861880198078,32,32,1.0,1.3254572845061854,1.738465077153426,0.5287205994970356,0.6730400534340522,-0.5,0.004482429474592209,0.5,-0.8105645775794983,velocity,post_controller_hold,False,,0.1434,0.7933,not_attempted,0.0,True,False
5.672905,43,7632.564331,True,0.30142888631941206,False,False,1.7146760394523965,success,True,0.37874262466330194,3.7874262466330193,3.7673864271973394,5.0039343144298,3.7673864271973394,1.1773914066929505,43,43,1.0,0.9528592911863542,1.793711581496792,0.5200931126581534,0.7071067811865476,0.5,0.17898593842983246,-0.37803563475608826,-0.34167587757110596,velocity,post_controller_hold,False,,0.092,1.6529,not_attempted,0.0,False,False
-50.642296,200,7691.887168,False,2.709430312775253,False,False,1.694929352619805,max_steps,True,0.8687220543845402,0.0,1.2191379829953157,25.275836947451364,2.1904675994363396,0.7708851556472996,200,200,1.0,1.2917613083055468,1.793711581496792,0.5951156224709626,0.7071067811865476,-0.5,0.5,-0.5,0.3224295377731323,velocity,post_controller_hold,False,,0.0879,3.0686,not_attempted,0.0,False,False
-50.173943,200,7760.292639,False,1.5323623902519428,False,False,0.8039832688507956,max_steps,True,0.41044839222375307,0.0,2.1450949214924946,23.819532076731797,3.0910043344677645,0.8039832688507956,200,200,1.0,1.1355379948398052,1.793711581496792,0.5883073082579026,0.7071067811865476,0.2593343257904053,0.1290774941444397,0.5,1.5550109148025513,velocity,post_controller_hold,False,,0.1189,1.147,not_attempted,0.0,False,False
-48.716496,200,7822.1049,False,2.1871770582121877,False,False,2.140554962437494,max_steps,True,0.13768590631950967,0.0,4.8120786463748635,24.27056184864864,5.188092388043809,0.7643977222950616,200,200,1.0,1.1962743555514441,1.793711581496792,0.5814984735968216,0.7071067811865476,-0.4030171036720276,-0.5,-0.5,-0.3648523688316345,velocity,post_controller_hold,False,,0.209,0.1265,not_attempted,0.0,False,False
-83.95696,200,7886.032861,False,4.802917487793579,False,False,1.72815502753135,max_steps,True,0.6975704120298848,0.0,3.1187489371524397,27.08732143123464,4.176217572557897,1.0577810221332273,200,200,1.0,1.328100072842438,1.793711581496792,0.6658910294469645,0.7071067811865476,0.5,-0.5,-0.5,1.5707963705062866,velocity,post_controller_hold,False,,0.0911,0.1685,not_attempted,0.0,False,False
-120.569954,200,7949.237125,False,6.937214930315514,False,False,2.0608050517314433,max_steps,True,0.8259783394308556,0.0,3.3956847534720507,24.889809488721053,4.706733192464363,0.834109791842379,200,200,1.0,1.334670758179032,1.793711581496792,0.6280579818892954,0.7071067811865476,-0.16292406618595123,-0.5,0.19504205882549286,-1.5707963705062866,velocity,post_controller_hold,False,,0.167,1.6653,not_attempted,0.0,False,False
-61.132385,200,8011.236294,False,1.9181494832046584,False,False,2.1849377593055856,max_steps,True,0.9277099846860956,0.0,0.9069094629210536,25.375134465083484,2.32573476953138,0.9212505439353822,200,200,1.0,1.3536155431097447,1.793711581496792,0.6477617494533903,0.7071067811865476,-0.5,-0.5,-0.5,-0.48275676369667053,velocity,post_controller_hold,False,,0.1142,0.6984,not_attempted,0.0,False,False
-113.83098,129,8049.121317,False,9.761906284639615,True,False,1.172198074641592,out_of_bounds,True,0.03248875178331192,0.0,4.88560451833673,17.180141858095393,4.88560451833673,0.6793978509991498,129,129,1.0,1.5310226538067613,1.793711581496792,0.6701663826022276,0.7071067811865476,0.5,0.5,-0.5,1.5707963705062866,velocity,post_controller_hold,False,,0.063,0.1117,not_attempted,0.0,False,False
-54.57587,200,8120.066911,False,2.390500714176552,False,False,0.8607042336324168,max_steps,True,0.4528709253859123,0.0,1.6617389576423982,25.768781295990852,2.5673896173001034,0.7221668149553966,200,200,1.0,1.3591247566620783,1.793711581496792,0.6232869152334867,0.7071067811865476,0.5,-0.5,0.5,-0.6809383630752563,simulator_service,service_success,True,,0.011,0.0001,service_success,0.0,True,False
-53.30327,200,8187.196064,False,1.851392857176587,False,False,2.248595149594096,max_steps,True,0.05110030847053237,0.0,2.291964744624827,24.412018532006467,2.7857837612656353,0.7044458831384597,200,200,1.0,1.34205386219563,1.793711581496792,0.6095293948182582,0.7071067811865476,0.5,-0.5,0.5,0.9262409210205078,velocity,post_controller_hold,False,,0.1625,0.9269,not_attempted,0.0,False,False
-140.51462,158,8231.509917,False,8.089685690211976,True,False,1.2805654092767096,out_of_bounds,True,0.010041908633377722,0.0,6.638549137280057,22.342061165773455,8.37214283317792,0.7582509225016711,158,158,1.0,1.4157181673719774,1.793711581496792,0.653993528139429,0.7071067811865476,-0.5,-0.5,-0.5,-0.6589811444282532,velocity,post_controller_hold,False,,0.2189,1.2331,not_attempted,0.0,False,False
-14.072161,92,8266.827015,True,0.3820169081239885,False,False,1.7397409839195914,success,True,0.0732280179094463,0.7322801790944631,4.998511922294421,11.895123175187544,4.998511922294421,0.8534983454860023,92,92,1.0,1.1620315791596927,1.793711581496792,0.6576498189144958,0.7071067811865476,-0.5,-0.5,-0.3310510218143463,1.413586974143982,simulator_service,service_success,True,,0.0098,0.0,service_success,0.0,False,False
3.2361355,105,8306.335946,True,0.11413022845305332,False,False,1.4402488862402556,success,True,0.03794900435389533,0.3794900435389533,2.6268234490202076,13.101799779067669,3.846326336335906,0.9896724480570176,105,105,1.0,1.2992942852474536,1.793711581496792,0.6054766724020941,0.7071067811865476,0.5,0.20382055640220642,-0.5,0.1815185248851776,velocity,post_controller_hold,False,,0.1324,2.0394,not_attempted,0.0,False,True
-88.312485,200,8369.750753,False,1.9335512153479189,False,False,1.6080693900923584,max_steps,True,0.8455061704295087,0.0,3.805133371765934,25.08045187016035,4.246261124504225,0.8379934181740877,200,200,1.0,1.3038327595724135,1.793711581496792,0.6273843506003268,0.7071067811865476,-0.5,-0.19744667410850525,0.5,1.5707963705062866,velocity,post_controller_hold,False,,0.1498,1.7904,not_attempted,0.0,False,False
-102.42096,200,8435.657887,False,4.706772774124029,False,False,1.7016001209528209,max_steps,True,0.08994461155549582,0.0,1.9002061082286457,25.1053399375661,4.199860259017823,0.6388130001633793,200,200,1.0,1.3525669967111897,1.793711581496792,0.6385381597329395,0.7071067811865476,0.5,0.5,0.5,-0.6865655183792114,velocity,post_controller_hold,False,,0.1815,2.382,not_attempted,0.0,False,False
-101.24643,200,8502.977419,False,2.373053961140791,False,False,0.7155218310168856,max_steps,True,0.14900027458007328,0.0,2.9791476252683133,23.993174593883907,5.566802945655356,0.6989394608180363,200,200,1.0,1.5364530420665263,1.793711581496792,0.6372052833436698,0.7071067811865476,-0.5,-0.5,0.5,1.3113927841186523,velocity,post_controller_hold,False,,0.1815,2.3026,not_attempted,0.0,True,False
-91.6881,200,8572.69777,False,4.88106926104471,False,False,1.0817221145378442,max_steps,True,0.2591720734201115,0.0,3.4549370607641454,26.15023883445578,3.4549370607641454,0.8195084829051515,200,200,1.0,1.2355805134445854,1.793711581496792,0.6352687865774579,0.7071067811865476,0.2,-0.5,0.5,1.5707963705062866,velocity,post_controller_hold,False,,0.1961,0.0051,not_attempted,0.0,False,True
-115.78142,200,8632.913862,False,5.857034196288923,False,False,1.9569198829102643,max_steps,True,0.1340078418630036,0.0,2.8336412397167146,25.17484816920237,3.3849023086996706,0.8176905586958026,200,200,1.0,1.356628476356593,1.793711581496792,0.6331692423669953,0.7071067811865476,-0.5,0.5,0.4454437494277954,-1.0550535917282104,velocity,post_controller_hold,False,,0.0654,1.3903,not_attempted,0.0,False,False
-36.001213,36,8652.468709,False,5.659301665954517,True,False,2.595154320440158,out_of_bounds,True,0.890386667976254,0.0,2.703920441790423,5.139111796268895,2.8067541392546436,0.7486207896059923,36,36,1.0,1.7696200521534795,1.793711581496792,0.6783934414244284,0.7071067811865476,0.5,-0.5,0.5,-1.5707963705062866,velocity,post_controller_hold,False,,0.0358,2.5373,not_attempted,0.0,False,False
-49.51496,200,8715.124033,False,1.8127853108705299,False,False,1.9267796132888728,max_steps,True,0.9483422732259907,0.0,3.6073759821132563,25.201673750731217,4.811145042873699,0.7742776230908816,200,200,1.0,1.165177505553547,1.793711581496792,0.6147321363363101,0.7071067811865476,-0.19600611925125122,-0.5,-0.5,-0.3720036447048187,simulator_service,service_success,True,,0.0097,0.0001,service_success,0.0,False,True
-16.15537,7,8728.784381,False,2.278493174904903,True,False,2.532205701672449,out_of_bounds,True,0.8762774245330391,0.0,0.7793001441966435,0.7813579421523078,0.7793001441966435,1.9600157913521719,7,7,1.0,1.1308043434811226,1.1309129728689626,0.5043458313935287,0.5043553037306501,-0.06605395674705505,-0.5,0.5,0.8799513578414917,velocity,post_controller_hold,False,,0.2335,1.8691,not_attempted,0.0,False,False
-59.01519,200,8789.336956,False,0.869013923727562,False,False,1.5074833438515323,max_steps,True,0.9421146742739763,0.0,2.1444707616464767,24.67221392602588,2.742872961952608,0.6964123903219287,200,200,1.0,1.344233034305499,1.793711581496792,0.6256092739525811,0.7071067811865476,0.5,0.5,-0.5,-1.2948583364486694,simulator_service,service_success,True,,0.0096,0.0,service_success,0.0,False,False
-72.57772,200,8858.759725,False,2.0853150113275185,False,False,1.9247302688853545,max_steps,True,0.3906701807576566,0.0,5.550197738586022,25.077402379998237,5.94755732884601,0.6649890702175971,200,200,1.0,1.261400551043684,1.793711581496792,0.6418307352811765,0.7071067811865476,-0.5,0.5,-0.5,0.2142830491065979,velocity,post_controller_hold,False,,0.1745,1.7192,not_attempted,0.0,False,True
-42.92768,200,8929.572985,False,1.7960546910892734,False,False,2.0135582094627824,max_steps,True,0.10058347843767781,0.0,2.8924570094647124,23.85365724204653,5.035992261815824,0.8891588486103504,200,200,1.0,1.3335148806519137,1.793711581496792,0.6022037589691377,0.7071067811865476,0.5,-0.09410588443279266,0.18514595925807953,0.31296905875205994,velocity,post_controller_hold,False,,0.2409,1.8391,not_attempted,0.0,False,False
-74.4457,200,9001.291919,False,5.732245858967217,False,False,1.7268126493052023,max_steps,True,0.18157543882749097,0.0,5.607592845510037,24.97534791367051,6.16815665568778,0.8861331308059047,200,200,1.0,1.4252589500529134,1.793711581496792,0.6171442846510666,0.7071067811865476,0.5,-0.5,0.5,1.5707963705062866,velocity,post_controller_hold,False,,0.1766,1.0328,not_attempted,0.0,False,False
-46.63247,200,9072.005034,False,3.756856939101752,False,False,1.0148858424957408,max_steps,True,0.12177745895284549,0.0,4.2005369590998365,25.03620890634237,5.422273356154675,0.7261688066375317,200,200,1.0,1.3052890088407505,1.793711581496792,0.6155304241290345,0.7071067811865476,0.5,0.26355040073394775,-0.17429807782173157,-1.5707963705062866,velocity,post_controller_hold,False,,0.1498,2.8033,not_attempted,0.0,False,False
-124.01795,176,9121.24765,False,6.682012749013424,True,False,2.5273129910657985,out_of_bounds,True,0.7959334778798162,0.0,3.3749548764060773,22.663165456502433,3.532940471293241,0.882656101647083,176,176,1.0,1.4172364118384446,1.793711581496792,0.6482099426470367,0.7071067811865476,-0.5,-0.5,0.5,-0.9449281692504883,velocity,post_controller_hold,False,,0.1977,1.0775,not_attempted,0.0,False,False
-63.249928,200,9189.919513,False,2.229572274511669,False,False,1.7332092990486545,max_steps,True,0.1717943630974485,0.0,0.9597629001756393,23.145107726000184,3.009277118926116,0.8148186491937321,200,200,1.0,1.1536608229530454,1.793711581496792,0.6094687316234522,0.7071067811865476,0.5,-0.5,0.5,1.0731730461120605,simulator_service,service_success,True,,0.0093,0.0,service_success,0.0,False,False
-16.059412,7,9204.247597,False,2.4136229895426538,True,False,2.55757583183932,out_of_bounds,True,0.9155709261333185,0.0,0.98261871342184,0.9903417180466664,0.98261871342184,1.958086480286425,7,7,1.0,0.9054570122597695,0.906601787648174,0.7071067811865477,0.7071067811865476,0.5,0.5,0.5,0.2636416554450989,velocity,post_controller_hold,False,,0.2221,3.0256,not_attempted,0.0,False,False
-9.333618,114,9255.949056,True,0.1916725318309443,False,False,1.438269533695582,success,True,0.2556565039012851,2.5565650390128507,2.226241257810038,13.098038872556625,2.226241257810038,0.7604248957685303,114,114,1.0,1.3483412850800216,1.793711581496792,0.5712985338436588,0.7071067811865476,0.5,0.5,0.5,-0.5177469849586487,simulator_service,service_success,True,,0.0093,0.0,service_success,0.0,False,False
-57.479702,200,9326.363749,False,4.761358062922595,False,False,0.8687449469559202,max_steps,True,0.42388973089594884,0.0,7.359908224535864,26.08942749564494,7.359908224535864,0.8687449469559202,200,200,1.0,1.3586356839241152,1.793711581496792,0.6693035047351387,0.7071067811865476,0.2,0.5,0.5,1.4224885702133179,velocity,post_controller_hold,False,,0.0193,0.9565,not_attempted,0.0,True,True
-2.664711,96,9371.978327,True,0.33408874622173923,False,False,1.234419236354013,success,True,0.46320232506187686,4.632023250618769,2.4972143830042888,12.738620126491709,3.4524794863733863,0.8556329715370146,96,96,1.0,1.2030583301548086,1.793711581496792,0.6201513685143129,0.7071067811865476,-0.5,0.5,-0.4259149134159088,-0.8568140268325806,velocity,post_controller_hold,False,,0.1931,1.0929,not_attempted,0.0,False,False
-58.110054,200,9439.801311,False,1.5664573684900742,False,False,0.9044224413491783,max_steps,True,0.7620409005281028,0.0,4.460571873844832,26.656719485689404,6.284912810858403,0.9044224413491783,200,200,1.0,1.4023810308427067,1.793711581496792,0.6279443502982786,0.7071067811865476,0.10453823208808899,0.15412795543670654,0.5,1.5707963705062866,velocity,post_controller_hold,False,,0.2181,2.1252,not_attempted,0.0,True,False
-34.932484,200,9506.421212,False,2.8227546845272906,False,False,1.1560137229964653,max_steps,True,0.914170498184776,0.0,2.1521757232059398,22.42539382763655,2.7817838439021476,0.7489892593461305,200,200,1.0,1.2901077611275906,1.793711581496792,0.6387333553985135,0.7071067811865476,0.5,0.5,-0.5,1.2296942472457886,velocity,post_controller_hold,False,,0.2167,0.3455,not_attempted,0.0,False,False
-29.674776,46,9531.605848,False,3.3726097519278726,False,True,0.4166475429710295,unsafe_low_altitude,True,0.009846737152743573,0.0,2.8957302423016693,6.357922659208091,3.1433638612431345,0.4166475429710295,46,46,1.0,1.3145015597232674,1.7539822570838355,0.6651628993614958,0.7071067811865476,0.5,-0.5,-0.4851267635822296,0.5277394652366638,velocity,post_controller_hold,False,,0.0251,2.3286,not_attempted,0.0,False,False
-76.49038,200,9599.339899,False,5.010490558340065,False,False,1.9531680874384116,max_steps,True,0.3887467027914236,0.0,6.011090196572739,24.219926175374447,7.014155598961914,0.5194817160138936,200,200,1.0,1.2815918391994774,1.793711581496792,0.6261896361840192,0.7071067811865476,0.5,-0.5,-0.5,-0.21128377318382263,simulator_service,service_success,True,,0.0108,0.0,service_success,0.0,False,False
-56.143032,200,9661.061805,False,2.5045221594522262,False,False,1.3343786606353003,max_steps,True,0.6863404145455819,0.0,4.653393573838385,23.179510849241908,5.391718754506039,0.5863128679900248,200,200,1.0,1.2404671036735098,1.793711581496792,0.6318715201200651,0.7071067811865476,0.5,0.5,0.5,-1.5707963705062866,velocity,post_controller_hold,False,,0.1883,2.9541,not_attempted,0.0,False,False
-49.43315,200,9734.070305,False,2.1826869452823088,False,False,2.23055172657516,max_steps,True,0.21453227408200504,0.0,0.7851086928195757,27.31358086272651,6.086895915651344,0.6523394612289831,200,200,1.0,1.3687770815573337,1.793711581496792,0.63635628166848,0.7071067811865476,-0.5,-0.5,-0.5,-0.23680399358272552,velocity,post_controller_hold,False,,0.1263,2.3635,not_attempted,0.0,False,True
-117.85826,200,9796.474023,False,3.9866768932123327,False,False,1.8033910754395224,max_steps,True,0.9505456655219418,0.0,4.015177999231746,24.171280474058655,4.270356599392866,0.706516500714329,200,200,1.0,1.3806004313835485,1.793711581496792,0.6572253087377171,0.7071067811865476,0.5,0.5,-0.24202626943588257,0.9922662973403931,velocity,post_controller_hold,False,,0.0951,0.6681,not_attempted,0.0,False,False
-111.94991,185,9848.484339,False,7.322872592250648,True,False,2.545670953095536,out_of_bounds,True,0.5861660488196433,0.0,4.560622674812599,24.78435383546096,5.228598289957202,0.6945139275519605,185,185,1.0,1.5372200945262267,1.793711581496792,0.6497979549651443,0.7071067811865476,0.5,0.07289373874664307,0.5,-1.5707963705062866,velocity,post_controller_hold,False,,0.1519,0.8668,not_attempted,0.0,False,False
-46.454746,200,9915.502938,False,2.0334725727195755,False,False,1.2580176705220019,max_steps,True,0.2293291757614453,0.0,2.9186671420905914,22.49158825289063,4.1169042123847,0.8225441131568925,200,200,1.0,1.3066934028414912,1.793711581496792,0.575105623730554,0.7071067811865476,0.5,0.5,-0.5,1.2989643812179565,simulator_service,service_success,True,,0.0091,0.0,service_success,0.0,False,False
-98.251144,200,9988.215896,False,1.3425983914393798,False,False,2.0198324657215947,max_steps,True,0.45078763345252865,0.0,3.5983655856783097,26.94166158838062,4.981545639780962,0.5991370321848576,200,200,1.0,1.471589527454361,1.793711581496792,0.6535410110264397,0.7071067811865476,-0.5,0.5,0.5,1.5707963705062866,velocity,post_controller_hold,False,,0.2325,0.3473,not_attempted,0.0,False,False
-18.325247,8,10006.52267,False,3.8576247534846355,False,True,0.4965305625500172,unsafe_low_altitude,True,0.6945741676013031,0.0,1.1616164899892203,1.1625163378438808,1.1616164899892203,0.4965305625500172,8,8,1.0,1.1253084156097146,1.793711581496792,0.6842344868957126,0.7071067811865476,0.5,-0.4558526277542114,-0.5,0.3266770839691162,velocity,post_controller_hold,False,,0.2302,1.141,not_attempted,0.0,False,False
-101.87678,200,10073.36279,False,1.4264627798644738,False,False,1.6535981461325648,max_steps,True,0.49717686325962723,0.0,4.54550050801214,25.55904841324117,4.54550050801214,0.549341400735672,200,200,1.0,1.6150068858963718,1.793711581496792,0.6592024362551564,0.7071067811865476,-0.5,-0.5,0.5,1.5707963705062866,simulator_service,service_success,True,,0.0103,0.0,service_success,0.0,False,False
-71.3259,200,10142.063309,False,1.3171863995339863,False,False,1.4500100154277513,max_steps,True,0.18749495852090592,0.0,5.304879524842874,26.486855626917777,6.302832340798139,0.8340825754867339,200,200,1.0,1.495872996829202,1.793711581496792,0.657528209229951,0.7071067811865476,0.5,-0.1441769152879715,-0.226702481508255,0.1792534589767456,velocity,post_controller_hold,False,,0.1134,1.2047,not_attempted,0.0,False,False
-31.58944,49,10168.964556,False,5.078560490147718,False,True,0.40239660965520097,unsafe_low_altitude,True,0.36073905980739773,0.0,2.403784201228527,6.88348138819732,2.403784201228527,0.40239660965520097,49,49,1.0,1.3926156065504993,1.793711581496792,0.707106781186547,0.7071067811865476,-0.5,0.5,0.5,0.7077280282974243,velocity,post_controller_hold,False,,0.084,1.2518,not_attempted,0.0,False,False
-53.790398,200,10241.68204,False,2.543686215151654,False,False,1.4245580164956708,max_steps,True,0.9702422897468134,0.0,4.36733991015353,27.20788437274157,5.715215481333274,0.6719509905432686,200,200,1.0,1.4754329653658125,1.793711581496792,0.6747388144228935,0.7071067811865476,-0.3566478192806244,0.07589465379714966,0.5,-0.5247534513473511,simulator_service,service_success,True,,0.0104,0.0,service_success,0.0,False,False
-128.71472,200,10313.304097,False,6.6460672800020415,False,False,1.2169102350698733,max_steps,True,0.8483800925172784,0.0,2.260326778210543,26.266594663156027,3.0271580581416875,0.7446253546370365,200,200,1.0,1.482485812712688,1.793711581496792,0.6417964893089233,0.7071067811865476,0.5,-0.2434607744216919,0.5,1.5707963705062866,velocity,post_controller_hold,False,,0.0148,2.0502,not_attempted,0.0,False,False
-40.844116,200,10391.910422,False,2.957967237280151,False,False,1.9365131737256875,max_steps,True,0.3083064010139732,0.0,3.8618817046225837,24.935841247348172,3.8618817046225837,0.7707638347850784,200,200,1.0,1.2759756530739808,1.793711581496792,0.6048001351343916,0.7071067811865476,0.5,-0.5,-0.028281453996896744,0.1726633906364441,velocity,post_controller_hold,False,,0.2262,1.5032,not_attempted,0.0,False,False
-40.694862,200,10458.207855,False,0.8172820412858894,False,False,1.5440787442687929,max_steps,True,0.7501505907147048,0.0,0.8821168103132595,25.329739138970805,2.6263485861650318,0.8443426252525483,200,200,1.0,1.412941547033452,1.793711581496792,0.6394800095594425,0.7071067811865476,0.40439572930336,0.5,0.5,0.5171440839767456,velocity,post_controller_hold,False,,0.1821,1.7795,not_attempted,0.0,False,False
14.206446,9,10482.640919,True,0.34036411637703273,False,False,1.5107627543276523,success,True,0.45034967916051044,4.503496791605104,1.0836841150648366,1.1357102463668227,1.0836841150648366,1.5107627543276523,9,9,1.0,1.5857374760070444,1.793711581496792,0.7071067811865477,0.7071067811865476,0.5,-0.5,-0.5,0.2645787000656128,velocity,post_controller_hold,False,,0.2063,0.0674,not_attempted,0.0,False,False
-52.78241,200,10552.578899,False,2.760966497970996,False,False,2.2181233853292004,max_steps,True,0.8490484850229193,0.0,1.4146078701024596,26.13266347385344,3.6551880057790154,0.6459594502524583,200,200,1.0,1.3628669381398169,1.793711581496792,0.6807156535927333,0.7071067811865476,-0.5,0.5,-0.5,-0.4805992841720581,velocity,post_controller_hold,False,,0.1413,3.0319,not_attempted,0.0,False,False
-120.79661,200,10623.57437,False,3.2698233027354004,False,False,1.967747366346275,max_steps,True,0.02057759362713016,0.0,1.73022274247525,26.830404616172398,2.7335909880972262,0.6419817138175361,200,200,1.0,1.602749002537006,1.793711581496792,0.6833018656557042,0.7071067811865476,-0.5,-0.5,-0.5,1.5707963705062866,velocity,post_controller_hold,False,,0.0844,0.4877,not_attempted,0.0,False,True
-37.95838,51,10648.73124,False,6.070254710571147,True,False,0.9803085103197597,out_of_bounds,True,0.9846912942495124,0.0,3.716838922508366,6.867247646635519,3.716838922508366,0.8246508623133115,51,51,1.0,1.6367118344267693,1.793711581496792,0.6524580931183439,0.7071067811865476,0.5,-0.5,0.32453471422195435,1.5707963705062866,velocity,post_controller_hold,False,,0.2172,1.5877,not_attempted,0.0,False,False
-97.48934,156,10694.106994,False,2.6487484240976436,True,False,2.554942957803588,out_of_bounds,True,0.06328337396588833,0.0,2.706303896708497,21.010365049714622,2.841233584709512,0.7406315379827803,156,156,1.0,1.6106770956747343,1.793711581496792,0.6796386450358073,0.7071067811865476,-0.32280421257019043,0.5,-0.5,0.07546386867761612,simulator_service,service_success,True,,0.0085,0.0,service_success,0.0,False,False
-42.079018,200,10755.693997,False,3.3361841956360427,False,False,1.4752394932036614,max_steps,True,0.5116275243216168,0.0,3.329819911424507,25.668244387733246,5.198971536169645,0.7291130113327715,200,200,1.0,1.370075749848875,1.793711581496792,0.6456148479941533,0.7071067811865476,-0.5,-0.5,0.5,-1.5707963705062866,simulator_service,service_success,True,,0.008,0.0004,service_success,0.0,False,False
-65.38594,200,10820.207709,False,1.321505734521596,False,False,0.590131658363864,max_steps,True,0.8841035181777979,0.0,1.2132931082320162,24.697787910327143,4.098652694887045,0.590131658363864,200,200,1.0,1.3641788685907854,1.793711581496792,0.6821841129744454,0.7071067811865476,0.5,0.5,0.5,-0.45167142152786255,velocity,post_controller_hold,False,,0.1565,2.5548,not_attempted,0.0,True,False
-18.00156,162,10878.535005,True,0.31622024024943857,False,False,1.6634368193665408,success,True,0.4453019474842666,4.453019474842666,4.612513871576834,19.866910660685257,5.685756982899021,0.8117770142241484,162,162,1.0,1.1746647315425935,1.793711581496792,0.6464807076557108,0.7071067811865476,0.5,0.5,-0.5,0.9094580411911011,velocity,post_controller_hold,False,,0.1662,0.7473,not_attempted,0.0,False,False
-39.20159,200,10944.649728,False,1.2892463657789266,False,False,1.475496651351607,max_steps,True,0.516226742997914,0.0,1.1155952212753273,23.43862687218456,3.707412391220427,0.6421845903558395,200,200,1.0,1.4462933107998004,1.793711581496792,0.623310689752,0.7071067811865476,0.5,0.14764316380023956,0.4669152796268463,0.12482203543186188,velocity,post_controller_hold,False,,0.0584,0.6201,not_attempted,0.0,False,False
-46.038376,200,11018.158307,False,1.9425902296799191,False,False,1.178516653023333,max_steps,True,0.8793989449048392,0.0,5.518454092913843,24.127860816514936,5.983557450293544,0.6316211095780516,200,200,1.0,1.4511222658302474,1.793711581496792,0.631539059327967,0.7071067811865476,0.5,-0.5,-0.5,1.5707963705062866,velocity,post_controller_hold,False,,0.2306,3.0879,not_attempted,0.0,False,False
-34.084747,31,11039.642824,False,7.15256135837753,True,False,1.55118516322884,out_of_bounds,True,0.491187367217803,0.0,3.1638297639543995,4.149532603876643,3.1638297639543995,1.1355845952547594,31,31,1.0,1.669809659744517,1.793711581496792,0.7070614859384029,0.7071067811865476,0.5,-0.5,0.5,1.5707963705062866,velocity,post_controller_hold,False,,0.2289,2.916,not_attempted,0.0,True,False
-102.023964,200,11112.789993,False,3.0212383919885646,False,False,0.7009374416746809,max_steps,True,0.4699880594507548,0.0,1.8305278227982469,23.17278642215596,3.6975879973119365,0.7009374416746809,200,200,1.0,1.447184018305481,1.793711581496792,0.6245080532406392,0.7071067811865476,0.5,-0.5,0.5,-1.1342660188674927,simulator_service,service_success,True,,0.0085,0.0,service_success,0.0,True,False
-42.96351,200,11180.697123,False,2.525371585547449,False,False,1.896592165961508,max_steps,True,0.6480981993895736,0.0,2.310468010999835,25.752400932306813,4.05818570676944,0.7471811159061691,200,200,1.0,1.3807514351671453,1.793711581496792,0.6386363062015618,0.7071067811865476,-0.5,0.5,-0.20223557949066162,-0.10443819314241409,velocity,post_controller_hold,False,,0.1625,1.9784,not_attempted,0.0,False,False
-80.5928,200,11250.243166,False,4.77500268434953,False,False,1.7419959011705843,max_steps,True,0.6747258394594994,0.0,1.8514519568675412,28.724196586311407,5.580167281265465,0.5348048447647191,200,200,1.0,1.431085559958008,1.793711581496792,0.6689564757168748,0.7071067811865476,0.5,-0.5,0.5,1.5707963705062866,velocity,post_controller_hold,False,,0.2142,1.3017,not_attempted,0.0,False,False
-104.75043,200,11324.217994,False,3.7897040585475983,False,False,2.027744217867593,max_steps,True,0.20688131527906517,0.0,3.342178069574879,26.73173107380291,4.238878306730541,0.5997572217049968,200,200,1.0,1.410704275533279,1.793711581496792,0.6464290768769403,0.7071067811865476,-0.2,0.5,-0.5,1.5707963705062866,velocity,post_controller_hold,False,,0.0795,0.0437,not_attempted,0.0,False,True
-34.677845,40,11350.782187,False,4.1910543885429545,False,True,0.365045966383557,unsafe_low_altitude,True,0.5275734007604219,0.0,2.570447040644452,5.296914571420327,2.570447040644452,0.365045966383557,40,40,1.0,1.6705151530573612,1.793711581496792,0.70141021167895,0.7071067811865476,0.5,-0.5,-0.5,-0.5712572336196899,velocity,post_controller_hold,False,,0.1971,0.8963,not_attempted,0.0,False,False
-32.628532,200,11423.761659,False,1.025399195293124,False,False,1.9247029236939084,max_steps,True,0.7916655496270701,0.0,0.44629781629278953,23.24449580624635,2.760160898586654,0.7851167096107401,200,200,1.0,1.359110992557229,1.793711581496792,0.6207956728676345,0.7071067811865476,0.5,-0.5,-0.5,1.5707963705062866,simulator_service,service_success,True,,0.0099,0.0,service_success,0.0,False,False
-35.240692,84,11465.464847,False,1.6492863300750689,False,True,0.49901059176745677,unsafe_low_altitude,True,0.14091439222353158,0.0,3.8447273605711327,9.95079219385964,3.8447273605711327,0.49901059176745677,84,84,1.0,1.4901251204022823,1.793711581496792,0.63825543059337,0.7071067811865476,0.5,-0.5,-0.5,-1.5707963705062866,velocity,post_controller_hold,False,,0.1114,2.2847,not_attempted,0.0,False,False
-76.29971,200,11543.797976,False,3.281836613548351,False,False,1.3038519564019624,max_steps,True,0.11600220543412405,0.0,2.5309258296134263,26.25055515164951,4.507681864634695,0.5855239376662378,200,200,1.0,1.4510910292422472,1.793711581496792,0.6631201804498571,0.7071067811865476,-0.5,0.5,0.5,-1.277022361755371,simulator_service,service_success,True,,0.0097,0.0,service_success,0.0,False,False
-64.98227,200,11619.804712,False,3.6928105483438287,False,False,1.9565223294139662,max_steps,True,0.3581854941585962,0.0,5.774686232872959,24.94572697882428,5.774686232872959,0.6294459747716227,200,200,1.0,1.5021738616455544,1.793711581496792,0.6325798238739956,0.7071067811865476,0.3772313594818115,-0.09332314133644104,-0.5,1.5707963705062866,velocity,post_controller_hold,False,,0.1676,0.9033,not_attempted,0.0,False,True
-71.78137,200,11704.521048,False,3.902167085251643,False,False,2.2896657963317666,max_steps,True,0.6822507751465902,0.0,4.128479950198545,24.996038007778957,5.696687381691402,0.6986009940212685,200,200,1.0,1.4632673971191343,1.793711581496792,0.670196174661127,0.7071067811865476,0.5,0.5,-0.5,1.5707963705062866,velocity,post_controller_hold,False,,0.0586,2.6873,not_attempted,0.0,False,True
-27.938528,41,11732.05148,False,3.0457058285406364,False,True,0.45938914422649185,unsafe_low_altitude,True,0.5183587642325899,0.0,1.4690328377399209,5.032896429257911,2.3391614441718644,0.45938914422649185,41,41,1.0,1.6022014844106733,1.793711581496792,0.6854253096706667,0.7071067811865476,0.5,0.5,-0.5,-1.5707963705062866,velocity,post_controller_hold,False,,0.2117,0.9151,not_attempted,0.0,False,False
-8.606657,92,11776.340162,True,0.17823032554100818,False,False,1.654263615213079,success,True,0.29148799970309147,2.9148799970309147,3.274386234253162,10.740795453941054,3.641478030683114,0.6913419019945526,92,92,1.0,1.440842384296286,1.793711581496792,0.6851412293588591,0.7071067811865476,-0.5,0.5,-0.5,-0.37093907594680786,simulator_service,service_success,True,,0.0093,0.0,service_success,0.0,False,True
-93.47174,200,11858.055692,False,4.87336716087068,False,False,0.7793031136654677,max_steps,True,0.5601773886388332,0.0,1.5207790114759476,24.089324072301604,2.659288950412524,0.6588219577337698,200,200,1.0,1.5175328995480175,1.793711581496792,0.6513646293750471,0.7071067811865476,-0.2,-0.5,0.5,-1.5707963705062866,velocity,post_controller_hold,False,,0.1597,0.8237,not_attempted,0.0,False,True
-23.12163,49,11887.340322,False,1.3621203991883535,False,True,0.46943704463563757,unsafe_low_altitude,True,0.45287438520238144,0.0,1.472824141687812,5.286981867118032,1.8057832334201263,0.46943704463563757,49,49,1.0,1.257073975024465,1.793711581496792,0.6678795260459827,0.7071067811865476,-0.5,-0.5,-0.5,-1.5707963705062866,velocity,post_controller_hold,False,,0.0662,2.6797,not_attempted,0.0,False,False
-17.03082,8,11905.049502,False,2.9580447330660635,True,False,2.598839730416143,out_of_bounds,True,0.9238781005942491,0.0,1.05920029164034,1.05920029164034,1.05920029164034,1.9209633236338672,8,8,1.0,1.2982500006043083,1.7280378026987455,0.6127412616251688,0.7071067811865476,-0.1367969661951065,-0.5,0.5,-1.5707963705062866,simulator_service,service_success,True,,0.0094,0.0,service_success,0.0,False,False
-123.744026,200,11986.285389,False,6.414869364159814,False,False,0.8940979349601168,max_steps,True,0.8401465959540586,0.0,2.112618290928155,26.78556969010836,2.751119546326588,0.721020443619538,200,200,1.0,1.4799192854981171,1.793711581496792,0.6934514979150406,0.7071067811865476,0.5,0.5,0.5,-1.4407463073730469,simulator_service,service_success,True,,0.008,0.0,service_success,0.0,True,False
-50.61748,200,12055.504858,False,1.5964229042488733,False,False,1.3939112931707367,max_steps,True,0.34121326247060735,0.0,4.664046740864386,25.70939567292585,5.205695591252252,0.6619258392194284,200,200,1.0,1.3159404591737112,1.793711581496792,0.6742642998067461,0.7071067811865476,-0.5,0.5,0.1920642852783203,0.09340037405490875,velocity,post_controller_hold,False,,0.2181,1.6434,not_attempted,0.0,False,False
-35.50262,200,12131.110993,False,2.318669010723354,False,False,1.1552456288707564,max_steps,True,0.48266262334618326,0.0,0.7844091908718984,24.283202183867324,3.3251127696847576,0.5806514937698583,200,200,1.0,1.2313523902551025,1.793711581496792,0.6331367509836759,0.7071067811865476,-0.5,0.45289742946624756,0.5,0.02216416969895363,velocity,post_controller_hold,False,,0.1598,0.0346,not_attempted,0.0,True,False
-69.01411,200,12205.336287,False,1.3516995191891716,False,False,1.9199733148879154,max_steps,True,0.4942168155021267,0.0,4.517692544310059,25.006198442120915,5.7921139080096165,0.611648254362625,200,200,1.0,1.3938551039700995,1.793711581496792,0.646328762970809,0.7071067811865476,-0.5,0.5,-0.5,-1.1374200582504272,velocity,post_controller_hold,False,,0.2073,0.6529,not_attempted,0.0,False,False
-74.62448,200,12286.443375,False,2.5590561217032093,False,False,1.6204932798075526,max_steps,True,0.9258631967158454,0.0,4.044496166093718,24.835061741506888,7.599064082615369,1.0008350695481598,200,200,1.0,1.5087629243395135,1.793711581496792,0.6535590489081952,0.7071067811865476,-0.5,-0.5,0.5,1.5707963705062866,velocity,post_controller_hold,False,,0.1807,1.9174,not_attempted,0.0,False,False
3.1315227,43,12322.851019,True,0.09528167997030043,False,False,1.9797180106212642,success,True,0.9087395622192607,9.087395622192606,1.1899214701088576,4.578980320244038,1.4609580556689703,0.9655408014302648,43,43,1.0,1.517222834140661,1.793711581496792,0.5976683084523234,0.7071067811865476,0.5,0.5,0.5,-0.4193316698074341,velocity,post_controller_hold,False,,0.182,2.595,not_attempted,0.0,False,False
-27.44666,59,12355.867989,False,3.1365860131877645,True,False,2.657063435003124,out_of_bounds,True,0.7513529315780337,0.0,1.7309375139351821,8.105202880774465,1.968608439217616,1.082852271768439,59,59,1.0,1.2462958560433974,1.793711581496792,0.6176114532091479,0.7071067811865476,-0.5,0.5,0.5,1.5707963705062866,velocity,post_controller_hold,False,,0.2217,0.9004,not_attempted,0.0,False,False
-61.301254,200,12432.786654,False,3.2938984003580525,False,False,2.060598458723655,max_steps,True,0.7514940206384877,0.0,6.7220649298540875,22.53174540083857,6.7220649298540875,0.7256992671483489,200,200,1.0,1.3631721040596632,1.793711581496792,0.6619805105686707,0.7071067811865476,0.5,0.5,-0.4879511594772339,-0.9771353602409363,simulator_service,service_success,True,,0.0078,0.0,service_success,0.0,False,False
-67.07979,94,12473.304345,False,6.354963921926184,True,False,2.3961671745941686,out_of_bounds,True,0.2745190083767233,0.0,3.2143060835970494,9.464885247157078,3.2143060835970494,0.9525735902153771,94,94,1.0,1.68667487139165,1.793711581496792,0.6702719701455437,0.7071067811865476,0.5,0.5,0.5,1.3799049854278564,velocity,post_controller_hold,False,,0.1638,2.6939,not_attempted,0.0,False,False
-20.21523,127,12541.031023,True,0.24845628060720845,False,False,1.4115844952215801,success,True,0.010405208916038964,0.10405208916038965,3.1373743902604416,15.030988596676462,3.3387287922820907,1.0468679278399002,127,127,1.0,1.442162159915861,1.793711581496792,0.6745512197394559,0.7071067811865476,-0.5,0.5,-0.5,0.531212568283081,simulator_service,service_success,True,,0.0076,0.0,service_success,0.0,False,False
-69.0161,200,12605.733633,False,2.8072500527180777,False,False,1.4200472197633753,max_steps,True,0.4375720293349992,0.0,3.64178898772613,26.082895397353635,3.64178898772613,0.5609871272049551,200,200,1.0,1.4524449855536636,1.793711581496792,0.6820847966057023,0.7071067811865476,-0.5,0.5,-0.5,0.4407700300216675,velocity,post_controller_hold,False,,0.175,1.8376,not_attempted,0.0,False,False
-60.862457,200,12677.146124,False,1.7231341646036533,False,False,1.789761678378271,max_steps,True,0.03539019695679377,0.0,4.2920977197897665,22.594631181742017,4.2920977197897665,0.6860314177676022,200,200,1.0,1.2814001046470924,1.793711581496792,0.6437707221403542,0.7071067811865476,0.5,0.11411622166633606,0.5,-1.5707963705062866,velocity,post_controller_hold,False,,0.2092,1.5181,not_attempted,0.0,False,False
-38.93633,78,12718.054385,False,1.8324250464470333,False,True,0.43024719007698004,unsafe_low_altitude,True,0.12279909467275643,0.0,2.7612956401607347,9.721887092727814,2.8158224526109383,0.43024719007698004,78,78,1.0,1.3070208405539607,1.793711581496792,0.6574300568551429,0.7071067811865476,-0.38206690549850464,0.2964843809604645,-0.5,0.6841667890548706,velocity,post_controller_hold,False,,0.1571,1.1224,not_attempted,0.0,False,False
-53.206795,160,12775.989712,False,2.7690009618926235,False,True,0.40694185414686146,unsafe_low_altitude,True,0.9373338019016836,0.0,1.6076967255356185,22.228611390910032,2.961789527965178,0.40694185414686146,160,160,1.0,1.6395160687513486,1.793711581496792,0.6924654440915271,0.7071067811865476,0.5,-0.5,-0.5,1.5707963705062866,simulator_service,service_success,True,,0.0088,0.0,service_success,0.0,False,False
-29.690525,28,12806.684039,False,4.891982590562437,False,True,0.4554408823240817,unsafe_low_altitude,True,0.7066856797029478,0.0,1.8790601547503127,3.8884064625189043,2.21359808518411,0.4554408823240817,28,28,1.0,1.7049029855468254,1.793711581496792,0.6997487817680152,0.7071067811865476,-0.5,-0.5,-0.5,1.5707963705062866,simulator_service,service_success,True,,0.0092,0.0,service_success,0.0,False,False
-49.119953,77,12844.403863,False,5.106082009826069,True,False,1.919417523729626,out_of_bounds,True,0.29666001429167776,0.0,5.336609308513782,10.0497508477815,5.336609308513782,0.5497892234678167,77,77,1.0,1.6458670431128455,1.793711581496792,0.696383994380384,0.7071067811865476,0.5,0.5,0.5,1.5707963705062866,simulator_service,service_success,True,,0.0088,0.0,service_success,0.0,False,False
-47.163498,103,12887.215059,False,1.8094709596584422,True,False,2.50061411416707,out_of_bounds,True,0.23042694894079588,0.0,3.381665367720731,14.43041153572478,4.929576288576782,0.9517180832944436,103,103,1.0,1.4293268219700666,1.793711581496792,0.662405980041007,0.7071067811865476,0.4194132685661316,-0.5,0.5,0.9457430839538574,simulator_service,service_success,True,,0.0076,0.0,service_success,0.0,False,False
-101.96616,200,12959.733912,False,5.030276828617561,False,False,1.7202410478918615,max_steps,True,0.32179124661696074,0.0,2.5842038627314503,23.908628003730513,3.177200732864492,0.5957190632228924,200,200,1.0,1.5440764917010918,1.793711581496792,0.6828219881500968,0.7071067811865476,0.5,-0.5,0.5,-1.5707963705062866,simulator_service,service_success,True,,0.0075,0.0,service_success,0.0,False,False
-23.095795,20,12989.442103,False,4.4223310490278775,False,True,0.395786436396198,unsafe_low_altitude,True,0.9307222484457133,0.0,1.8398128179907667,2.608132588587073,1.8398128179907667,0.395786436396198,20,20,1.0,1.4439595101481157,1.793711581496792,0.6523642510245179,0.7071067811865476,-0.5,-0.5,0.5,-1.5707963705062866,velocity,post_controller_hold,False,,0.1013,2.0443,not_attempted,0.0,False,False
-17.432693,12,13014.06654,False,2.8357794247079755,True,False,2.5620744761363508,out_of_bounds,True,0.11471781556877839,0.0,1.4435154488259,1.445405900533441,1.4435154488259,1.5125642352488264,12,12,1.0,1.7359045717309876,1.793711581496792,0.5519460410128019,0.7071067811865476,-0.5,0.5,0.5,1.5707963705062866,simulator_service,service_success,True,,0.0087,0.0,service_success,0.0,False,False
-19.52214,12,13042.474201,False,2.8593149002010696,False,True,0.3271998835374419,unsafe_low_altitude,True,0.6361841751495944,0.0,1.431273929159984,1.500159921759167,1.431273929159984,0.3271998835374419,12,12,1.0,0.8051973131019574,1.793711581496792,0.572099229233869,0.7071067811865476,0.5,0.5,-0.5,-1.5707963705062866,simulator_service,service_success,True,,0.0072,0.0,service_success,0.0,False,False
-17.735237,12,13067.290967,False,2.195830286129968,True,False,2.6459294958588147,out_of_bounds,True,0.6441012030437951,0.0,1.1622277496702804,1.1851504106288706,1.1622277496702804,1.5640264904394225,12,12,1.0,1.7131034689300522,1.730659487192686,0.5257492149183763,0.541610097488794,-0.5,-0.20818620920181274,0.5,1.5250048637390137,simulator_service,service_success,True,,0.0085,0.0,service_success,0.0,False,False
6.4846087,47,13111.938226,True,0.3266806583338312,False,False,1.9064519099878776,success,True,0.24781244998253685,2.4781244998253684,3.0214001116233664,6.658461967789666,3.0214001116233664,1.10070130429425,47,47,1.0,1.3569305572483643,1.793711581496792,0.6785732659756933,0.7071067811865476,0.5,-0.5,-0.35617491602897644,-1.4737423658370972,simulator_service,service_success,True,,0.0072,0.0,service_success,0.0,False,False
-32.933594,91,13157.030109,False,3.298465710964146,False,True,0.47609400139278685,unsafe_low_altitude,True,0.6476021638275163,0.0,2.9238293708059477,10.486774872637875,2.9238293708059477,0.47609400139278685,91,91,1.0,1.540843479136694,1.793711581496792,0.6608147194567998,0.7071067811865476,0.5,-0.5,-0.5,1.5707963705062866,velocity,post_controller_hold,False,,0.1914,0.6717,not_attempted,0.0,False,False
-45.009377,125,13205.435105,False,2.234581573725812,True,False,2.603233968523296,out_of_bounds,True,0.9293785399895484,0.0,2.921383552477505,16.59427673411802,4.050130446850533,0.6971629916550879,125,125,1.0,1.5368270539802615,1.793711581496792,0.6744975235175621,0.7071067811865476,-0.20266824960708618,0.5,0.5,1.2596445083618164,simulator_service,service_success,True,,0.0082,0.0,service_success,0.0,False,False
-37.289467,91,13246.845359,False,2.2345255459321516,True,False,1.0407151821794578,out_of_bounds,True,0.5737037213106317,0.0,3.0264713724710135,11.027859792193265,3.5063279514102432,0.5963825216429467,91,91,1.0,1.4288343202015035,1.793711581496792,0.6528346603002975,0.7071067811865476,-0.5,-0.5,0.30015653371810913,1.5707963705062866,simulator_service,service_success,True,,0.0071,0.0001,service_success,0.0,False,False
-39.848907,65,13282.864984,False,4.000759620998776,True,False,2.6582996148323743,out_of_bounds,True,0.15692362014659603,0.0,2.803827900196556,7.516628018984269,3.0604763010447917,0.6292568812129038,65,65,1.0,1.4820592268075914,1.793711581496792,0.6595184399652604,0.7071067811865476,0.5,-0.5,0.5,-0.2746434509754181,simulator_service,service_success,True,,0.0069,0.0,service_success,0.0,False,False
-77.95863,200,13362.365484,False,2.929142073269293,False,False,0.9645408911889809,max_steps,True,0.19291849080453366,0.0,3.9934667439841864,26.1272996598854,5.946319808629895,0.8630194866575095,200,200,1.0,1.5798489935966757,1.793711581496792,0.6742333895305974,0.7071067811865476,-0.5,0.5,0.5,1.5707963705062866,simulator_service,service_success,True,,0.0071,0.0,service_success,0.0,False,False
-65.735085,109,13407.503144,False,3.255862172348584,True,False,2.6685515140522353,out_of_bounds,True,0.9252377112914302,0.0,1.6319974998177467,13.919905432636478,1.9633766699662354,0.7568302580462735,109,109,1.0,1.5709604457390007,1.793711581496792,0.6720754416350672,0.7071067811865476,-0.5,0.5,0.5,1.5707963705062866,velocity,post_controller_hold,False,,0.2416,0.9697,not_attempted,0.0,False,False
-18.157667,13,13436.706112,False,1.8445855135539964,False,True,0.39373639598618887,unsafe_low_altitude,True,0.06373441336032386,0.0,1.234667812232137,1.5722724772206884,1.234667812232137,0.39373639598618887,13,13,1.0,1.5809581222690154,1.793711581496792,0.696284837604553,0.7071067811865476,-0.5,0.5,0.4861324429512024,1.0029033422470093,simulator_service,service_success,True,,0.007,0.0001,service_success,0.0,False,False
-29.988327,66,13478.718074,False,2.201671818138896,False,True,0.3542365921266198,unsafe_low_altitude,True,0.7850389480382454,0.0,1.4760797528538794,9.66770606045311,3.4279371447060334,0.3542365921266198,66,66,1.0,1.6146713638165255,1.793711581496792,0.665221171592116,0.7071067811865476,-0.5,0.06638150662183762,-0.4768569767475128,1.5707963705062866,simulator_service,service_success,True,,0.0083,0.0,service_success,0.0,False,False
-32.359745,75,13517.431205,False,2.2765628983297437,True,False,2.6529247850506903,out_of_bounds,True,0.6704496708828501,0.0,2.1181857881422363,8.736787221080196,2.9834925411061968,1.1679215903129956,75,75,1.0,1.2087985046587364,1.7895979027567006,0.6765791022068878,0.7071067811865476,-0.5,0.5,0.5,-1.0830789804458618,simulator_service,service_success,True,,0.0057,0.0,service_success,0.0,False,False
-17.75019,22,13545.357122,False,1.6083172187434047,True,False,2.6555222641560836,out_of_bounds,True,0.9742798808015928,0.0,1.931647411542022,2.6871766034500917,1.931647411542022,1.1915354134246003,22,22,1.0,1.4364489855966605,1.7667890193964362,0.6635205614545888,0.7071067811865476,-0.5,-0.17458760738372803,0.5,1.159506916999817,simulator_service,service_success,True,,0.0069,0.0,service_success,0.0,False,False
-30.398115,49,13582.68026,False,2.9912423772394363,False,True,0.3623669057506245,unsafe_low_altitude,True,0.8959945363864134,0.0,3.0339308889228582,6.647100586308239,3.0339308889228582,0.3623669057506245,49,49,1.0,1.5576663069584138,1.793711581496792,0.6728093639349515,0.7071067811865476,-0.16797274351119995,0.5,-0.5,-1.5707963705062866,simulator_service,service_success,True,,0.0068,0.0,service_success,0.0,False,False
-42.06687,114,13633.595689,False,4.3106466902722165,False,True,0.40710667040279214,unsafe_low_altitude,True,0.4248826033549932,0.0,4.191915249487907,15.364935366380763,4.191915249487907,0.40710667040279214,114,114,1.0,1.5515640303115872,1.793711581496792,0.6378015061009301,0.7071067811865476,-0.5,-0.5,-0.5,-1.5707963705062866,simulator_service,service_success,True,,0.0079,0.0,service_success,0.0,False,False
-43.87548,58,13669.404386,False,5.186222375876366,True,False,2.5321235396151898,out_of_bounds,True,0.4377644493012265,0.0,2.9229834755978477,7.109374467327569,3.537586126782957,0.6270379514450907,58,58,1.0,1.4782478806742316,1.793711581496792,0.6742049841338091,0.7071067811865476,0.3280360698699951,0.435484379529953,-0.5,0.2982885241508484,simulator_service,service_success,True,,0.008,0.0,service_success,0.0,False,False
-24.169153,32,13699.61951,False,2.643341356093367,True,False,2.6493831273437314,out_of_bounds,True,0.6976668801999426,0.0,1.9758964116236934,2.901416166494113,1.9758964116236934,1.281608181444256,32,32,1.0,1.5190840951747078,1.793711581496792,0.7023597423548068,0.7071067811865476,-0.5,0.5,-0.5,-1.5707963705062866,simulator_service,service_success,True,,0.0067,0.0001,service_success,0.0,False,False
-28.608362,59,13739.435086,False,1.7068387088217394,False,True,0.48833094495837465,unsafe_low_altitude,True,0.11895430944276086,0.0,2.594780988980333,7.780999651108463,3.651676044526526,0.48833094495837465,59,59,1.0,1.5940857727692201,1.793711581496792,0.663765641834172,0.7071067811865476,0.5,-0.5,-0.5,1.5707963705062866,simulator_service,service_success,True,,0.0068,0.0,service_success,0.0,False,False
-46.381073,97,13786.85311,False,2.326612232839192,False,True,0.4683290524186906,unsafe_low_altitude,True,0.3874560154824888,0.0,5.353862195610084,12.678038172804909,5.789917657891921,0.4683290524186906,97,97,1.0,1.4000204940186742,1.793711581496792,0.6814107562723507,0.7071067811865476,0.5,0.5,-0.5,-1.5707963705062866,simulator_service,service_success,True,,0.0081,0.0,service_success,0.0,False,False
-60.868343,161,13843.968711,False,2.6113089315813407,True,False,2.0018877488439206,out_of_bounds,True,0.8520526578604473,0.0,5.084407127589207,18.297908025984217,5.084407127589207,0.80713663696843,161,161,1.0,1.4827015429924921,1.793711581496792,0.6565074755247727,0.7071067811865476,-0.5,-0.5,-0.1473727822303772,1.5707963705062866,simulator_service,service_success,True,,0.0079,0.0,service_success,0.0,False,False
-23.94981,41,13876.384736,False,1.6271849969098382,True,False,2.6347871831159995,out_of_bounds,True,0.9195784300380194,0.0,2.9798534141229776,5.379469551070109,2.9798534141229776,1.014642115060361,41,41,1.0,1.6551767190647682,1.793711581496792,0.6463309642543831,0.7071067811865476,-0.5,0.15442149341106415,0.5,-1.4466866254806519,simulator_service,service_success,True,,0.0067,0.0,service_success,0.0,False,False
-87.50831,160,13933.697114,False,6.133198593494237,True,False,1.9458669295538558,out_of_bounds,True,0.3321876254306457,0.0,3.7558640214794177,19.070617079675117,3.7558640214794177,0.518949569005562,160,160,1.0,1.4600425627756457,1.793711581496792,0.6660778329460292,0.7071067811865476,-0.5,-0.5,0.5,-1.5707963705062866,simulator_service,service_success,True,,0.0067,0.0,service_success,0.0,False,False
-22.705742,23,13962.820595,False,1.696078579230251,True,False,0.27392349620468187,out_of_bounds,True,0.28365024389532234,0.0,2.8648898294506155,3.1857593558854056,2.8648898294506155,0.27392349620468187,23,23,1.0,1.3587985747873637,1.793711581496792,0.6718037728645553,0.7071067811865476,0.5,0.5,-0.5,-1.2810704708099365,simulator_service,service_success,True,,0.0067,0.0,service_success,0.0,False,False
-59.260624,145,14018.816115,False,6.035078104854559,True,False,2.5773166525166555,out_of_bounds,True,0.6234965668142597,0.0,3.304223940646886,18.204900793898332,3.4813584868501204,0.9668016873599174,145,145,1.0,1.4904644602078305,1.793711581496792,0.6609294839681785,0.7071067811865476,0.5,0.5,0.5,-1.5707963705062866,simulator_service,service_success,True,,0.0065,0.0,service_success,0.0,False,False
-20.849468,14,14046.234123,False,4.899426782615311,True,False,2.5178180717063565,out_of_bounds,True,0.9000529844455746,0.0,1.8427576924276066,1.8761265201897241,1.8427576924276066,1.261408237832562,14,14,1.0,1.7937115814967928,1.793711581496792,0.7071067811865478,0.7071067811865476,0.5,0.5,0.5,1.5707963705062866,simulator_service,service_success,True,,0.0044,0.0,service_success,0.0,False,False
-69.23181,165,14108.761912,False,1.7105224543982167,False,True,0.415177772245207,unsafe_low_altitude,True,0.9758985366065078,0.0,2.872759888217722,20.68088580359141,4.093439882160353,0.415177772245207,165,165,1.0,1.553988982891509,1.793711581496792,0.6405858906641665,0.7071067811865476,0.46411481499671936,-0.5,-0.5,1.5707963705062866,simulator_service,service_success,True,,0.0064,0.0,service_success,0.0,False,False
-46.90243,110,14159.972106,False,2.0201963904405975,False,True,0.3061120357834121,unsafe_low_altitude,True,0.20425395696278298,0.0,3.998157400951586,13.45662170919199,4.434218302805223,0.3061120357834121,110,110,1.0,1.3410695712381309,1.793711581496792,0.6365834773180227,0.7071067811865476,-0.3453109860420227,-0.5,-0.28419119119644165,1.1260815858840942,simulator_service,service_success,True,,0.0077,0.0,service_success,0.0,False,False
-26.032436,23,14193.703312,False,3.835090882676212,False,True,0.3564963865735343,unsafe_low_altitude,True,0.7362242988562749,0.0,2.8637427084250766,3.502118897533049,2.8637427084250766,0.3564963865735343,23,23,1.0,1.7937115814967932,1.793711581496792,0.7071067811865478,0.7071067811865476,-0.5,0.5,-0.5,-1.5707963705062866,simulator_service,service_success,True,,0.0076,0.0,service_success,0.0,False,False
-44.54962,53,14229.402107,False,5.090062893000176,True,False,2.789573200088003,out_of_bounds,True,0.868579307545315,0.0,2.3118111477397716,5.849982923057614,2.4737112380082835,1.076881056118177,53,53,1.0,1.5041919604717167,1.793711581496792,0.668672968058914,0.7071067811865476,0.5,-0.2,0.5,1.5707963705062866,simulator_service,service_success,True,,0.0074,0.0,service_success,0.0,False,True
-45.945778,200,14313.437434,False,2.333474906355186,False,False,1.8288009887035803,max_steps,True,0.12473520647701261,0.0,4.059149094832258,22.732783411817035,4.6263888007659455,0.6795164752900534,200,200,1.0,1.3940100859748201,1.793711581496792,0.6453808048344177,0.7071067811865476,-0.5,0.5,-0.5,0.9786234498023987,simulator_service,service_success,True,,0.0063,0.0,service_success,0.0,False,True
-26.361683,53,14349.329006,False,3.5368999898460856,True,False,0.27876623200689443,out_of_bounds,True,0.374182345017529,0.0,3.081806409340601,7.0424997362991935,3.081806409340601,0.27876623200689443,53,53,1.0,1.6299082723452858,1.793711581496792,0.6885073937953541,0.7071067811865476,-0.4901365339756012,-0.07211148738861084,-0.5,-1.5707963705062866,velocity,post_controller_hold,False,,0.1206,0.5646,not_attempted,0.0,False,False
-17.05066,14,14381.345806,False,1.654431442710449,False,True,0.3833194432656529,unsafe_low_altitude,True,0.797306780228428,0.0,2.142306028129315,2.145613620466919,2.142306028129315,0.3833194432656529,14,14,1.0,1.3373574465371636,1.741415257196193,0.6274510363108129,0.7071067811865476,0.5,-0.26887500286102295,-0.5,0.9265223145484924,simulator_service,service_success,True,,0.0063,0.0002,service_success,0.0,False,False
-51.107464,160,14443.533022,False,1.707170492809473,False,True,0.37075608788317943,unsafe_low_altitude,True,0.29220551166796943,0.0,3.4308798740791073,20.140208329005,3.816082453100238,0.37075608788317943,160,160,1.0,1.4772619433454888,1.793711581496792,0.6295221549540584,0.7071067811865476,-0.5,0.5,-0.5,1.5707963705062866,simulator_service,service_success,True,,0.0076,0.0,service_success,0.0,False,False
-23.510677,43,14481.7525,False,1.4726558391243214,False,True,0.4295931870647313,unsafe_low_altitude,True,0.008192365878667885,0.0,1.7912422237652756,4.586952253083695,1.7912422237652756,0.4295931870647313,43,43,1.0,1.1979427875134254,1.793711581496792,0.6103200012492666,0.7071067811865476,0.5,-0.5,0.5,0.5966999530792236,simulator_service,service_success,True,,0.0074,0.0,service_success,0.0,False,False
-34.59915,83,14524.085991,False,4.690854497836959,True,False,1.5619563200235382,out_of_bounds,True,0.2491046878075512,0.0,4.4730952488814335,10.125935445352239,4.4730952488814335,0.6801532572793393,83,83,1.0,1.4365953813465153,1.793711581496792,0.6301080132474548,0.7071067811865476,-0.5,-0.5,0.5,-1.5707963705062866,simulator_service,service_success,True,,0.0074,0.0,service_success,0.0,False,False
-19.183365,14,14556.379184,False,3.4142781912644313,False,True,0.37499958571153386,unsafe_low_altitude,True,0.8085490586635525,0.0,1.2934985658822775,1.5687389878535898,1.2934985658822775,0.37499958571153386,14,14,1.0,1.4983760100252101,1.793711581496792,0.5999335866300882,0.7071067811865476,0.5,-0.5,-0.5,0.20760801434516907,simulator_service,service_success,True,,0.0063,0.0001,service_success,0.0,False,False
-22.396461,15,14589.010484,False,4.575801927488039,False,True,0.4949530560468029,unsafe_low_altitude,True,0.5195642937402792,0.0,2.210432332411946,2.2142533421766926,2.210432332411946,0.4949530560468029,15,15,1.0,1.1091666939504237,1.730723849659039,0.7071067811865478,0.7071067811865476,-0.5,-0.5,0.1673433780670166,1.5707963705062866,simulator_service,service_success,True,,0.0073,0.0,service_success,0.0,False,False
-41.589046,74,14634.040243,False,3.6286493710721004,False,True,0.40177465609662194,unsafe_low_altitude,True,0.9257802444594063,0.0,4.452810439578888,10.192128633441897,4.730155036413291,0.40177465609662194,74,74,1.0,1.5842629972837592,1.793711581496792,0.6664174436921865,0.7071067811865476,0.5,0.5,-0.5,-1.5707963705062866,simulator_service,service_success,True,,0.0074,0.0,service_success,0.0,False,False
-65.6311,74,14675.132012,False,6.367624914518521,True,False,2.6413442416321002,out_of_bounds,True,0.47935976649281886,0.0,3.3250084024308664,10.65080419679406,5.002325991338746,0.8520016155163687,74,74,1.0,1.687925442941859,1.793711581496792,0.6828929843038691,0.7071067811865476,0.5,0.5,0.5,1.5707963705062866,simulator_service,service_success,True,,0.0073,0.0,service_success,0.0,False,False
-27.687965,45,14714.463415,False,1.6817555657758503,False,True,0.39614160300376866,unsafe_low_altitude,True,0.309795797383703,0.0,1.668531633338275,5.451512574932723,1.920068052248876,0.39614160300376866,45,45,1.0,1.4100595575143111,1.793711581496792,0.6752651556136483,0.7071067811865476,-0.5,-0.36185821890830994,-0.10020582377910614,1.4724533557891846,simulator_service,service_success,True,,0.006,0.0,service_success,0.0,False,False
-19.869593,46,14742.568106,False,1.0775197383570823,True,False,0.18037592771010869,out_of_bounds,True,0.6493914883100822,0.0,1.48296305244111,5.68711404038334,2.072175481641244,0.18037592771010869,46,46,1.0,1.5049113371527962,1.793711581496792,0.6705099753976352,0.7071067811865476,-0.5,-0.3616142272949219,0.5,-0.4443264603614807,simulator_service,service_success,True,,0.0071,0.0,service_success,0.0,False,False
-23.049511,31,14776.889278,False,1.489980010237965,True,False,2.5930841846807153,out_of_bounds,True,0.11783256575988166,0.0,3.1767448438184407,4.1440525729756885,3.1767448438184407,0.7675014465913937,31,31,1.0,1.6014580497724518,1.793711581496792,0.6936557124913,0.7071067811865476,-0.5,-0.5,0.5,-1.5707963705062866,simulator_service,service_success,True,,0.0058,0.0,service_success,0.0,False,False
-78.096725,126,14829.207998,False,3.908027786676574,True,False,2.5944524524166916,out_of_bounds,True,0.4727221883596024,0.0,1.8661353090691235,15.855620215104322,2.1096696980466962,0.8426156251473867,126,126,1.0,1.7079259430899456,1.793711581496792,0.6873106357628487,0.7071067811865476,0.5,-0.5,0.5,-1.5707963705062866,simulator_service,service_success,True,,0.0039,0.0,service_success,0.0,False,False
-27.61742,66,14868.813062,False,4.409298387759808,True,False,0.44784490565221224,out_of_bounds,True,0.22710150174841282,0.0,3.258645789813429,8.508803483506926,3.258645789813429,0.44784490565221224,66,66,1.0,1.4177541980008326,1.793711581496792,0.6366007995853966,0.7071067811865476,-0.5,-0.18731102347373962,0.5,0.8250501751899719,simulator_service,service_success,True,,0.0059,0.0,service_success,0.0,False,False
-65.9981,200,14963.356097,False,0.41779662276709356,False,False,1.907609675907132,max_steps,True,0.9114707546265028,0.0,4.409006523276435,25.062456472781456,5.190354099544774,0.5765048769344975,200,200,1.0,1.4840927490841378,1.793711581496792,0.6593876108071091,0.7071067811865476,-0.5,-0.5,-0.5,0.3271327614784241,simulator_service,service_success,True,,0.0059,0.0,service_success,0.0,False,True
-27.096981,26,14994.958378,False,4.068112827975781,True,False,0.1790290164162818,out_of_bounds,True,0.660786452023098,0.0,1.6800443755105994,2.8139836113409427,1.6800443755105994,0.1790290164162818,26,26,1.0,1.484392716593362,1.793711581496792,0.6655166395029806,0.7071067811865476,0.5,-0.5,-0.37375563383102417,-0.41163170337677,velocity,post_controller_hold,False,,0.2073,0.8631,not_attempted,0.0,False,False
-25.998104,26,15026.576267,False,3.213037218540045,True,False,2.668706435796292,out_of_bounds,True,0.10944773207111344,0.0,2.536713162477161,3.573059178811091,2.536713162477161,0.8625844888165533,26,26,1.0,1.4162651403681903,1.793711581496792,0.7071067811865477,0.7071067811865476,0.5,-0.5,0.5,-1.5707963705062866,simulator_service,service_success,True,,0.0059,0.0,service_success,0.0,False,False
-22.786379,26,15062.568721,False,2.731654453606981,False,True,0.367393015771159,unsafe_low_altitude,True,0.16507890607966058,0.0,1.5064795539947708,3.468366972338157,1.5064795539947708,0.367393015771159,26,26,1.0,1.3350526469329291,1.793711581496792,0.7071067811865477,0.7071067811865476,0.5,0.5,-0.48716792464256287,-1.5707963705062866,simulator_service,service_success,True,,0.0059,0.0,service_success,0.0,False,False
-24.840672,36,15098.578779,False,5.138828059188058,True,False,1.2938249024431712,out_of_bounds,True,0.7448583944067421,0.0,3.7060606387996633,5.031741279437149,3.7060606387996633,1.2938249024431712,36,36,1.0,1.6382383852586915,1.793711581496792,0.7002565923542321,0.7071067811865476,-0.5,-0.5,-0.5,1.5707963705062866,simulator_service,service_success,True,,0.0069,0.0,service_success,0.0,False,True
-56.9801,188,15164.21324,False,3.115485461353584,True,False,2.7153749083825796,out_of_bounds,True,0.2868459530629187,0.0,5.6166586075183105,22.355753311009174,5.6166586075183105,0.7360350715509488,188,188,1.0,1.512570604510973,1.793711581496792,0.6468199849353667,0.7071067811865476,-0.5,-0.5,0.5,1.5707963705062866,simulator_service,service_success,True,,0.0038,0.0,service_success,0.0,False,False
-54.11795,67,15197.275305,False,5.286833942500484,True,False,2.744340326301671,out_of_bounds,True,0.5632491840598096,0.0,2.534949743074766,8.169178609498235,3.472135134498918,1.0777533607412952,67,67,1.0,1.660143566307183,1.793711581496792,0.6862589131060008,0.7071067811865476,0.5,-0.021144211292266846,-0.03215976059436798,1.1417995691299438,simulator_service,service_success,True,,0.0058,0.0,service_success,0.0,False,False
-46.534164,156,15248.764024,False,2.1403146174106937,True,False,2.985981085809517,out_of_bounds,True,0.5537976757667485,0.0,2.007280969804121,17.934529998042837,2.007280969804121,0.8840995109205337,156,156,1.0,1.2672476282487144,1.793711581496792,0.6360961871721378,0.7071067811865476,0.5,-0.5,0.5,-0.013884559273719788,simulator_service,service_success,True,,0.0056,0.0,service_success,0.0,False,False
-16.750612,11,15272.342334,False,2.6918490992213697,True,False,2.8969021201264495,out_of_bounds,True,0.5598958217199541,0.0,1.404768551227876,1.404768551227876,1.404768551227876,1.95636875464904,11,11,1.0,1.6460869520684895,1.793711581496792,0.7071067811865478,0.7071067811865476,0.5,-0.5,0.37279289960861206,1.5707963705062866,simulator_service,service_success,True,,0.0056,0.0,service_success,0.0,False,False
-47.387394,73,15306.723937,False,1.7904655773801308,True,False,2.64067248312207,out_of_bounds,True,0.4593441518151627,0.0,2.982129957248691,9.91475833701213,2.982129957248691,0.8236106898049259,73,73,1.0,1.4517871470067933,1.793711581496792,0.7020048688659433,0.7071067811865476,-0.21664130687713623,0.5,-0.5,1.0624809265136719,simulator_service,service_success,True,,0.0037,0.0,service_success,0.0,False,False
-76.96604,106,15347.943023,False,3.5973970045391366,True,False,0.22845441948045386,out_of_bounds,True,0.21226075321759807,0.0,1.6144184233481083,13.522098673330643,2.5881618842076364,0.22845441948045386,106,106,1.0,1.471317193992751,1.793711581496792,0.6901429646470613,0.7071067811865476,0.3207831382751465,0.5,-0.5,-1.4266139268875122,simulator_service,service_success,True,,0.0056,0.0,service_success,0.0,False,False
-8.821735,168,15479.173551,True,0.31641683844273677,False,False,1.8301289141817363,success,True,0.3155674859658629,3.155674859658629,1.9841766714476012,17.707811435991246,3.52630839122136,0.5396140523829768,168,168,1.0,1.4698918038369813,1.793711581496792,0.6764310630584818,0.7071067811865476,-0.5,0.5,0.5,-1.5707963705062866,simulator_service,service_success,True,,0.0056,0.0,service_success,0.0,True,False
-46.43968,149,15529.401115,False,2.344542611432414,True,False,2.847921078756482,out_of_bounds,True,0.2610343928867736,0.0,1.5624806327442073,18.24875820535477,2.8071417327236814,0.7628738683019419,149,149,1.0,1.4221616630939502,1.793711581496792,0.6688642005202716,0.7071067811865476,-0.5,0.5,-0.5,-1.3654541969299316,simulator_service,velocity_timeout_service_fallback,True,,0.0047,0.0,service_success_after_velocity_timeout,0.0,False,False
-27.543316,86,15571.028625,False,2.0406470380057335,False,True,0.3281948327706638,unsafe_low_altitude,True,0.6332209663165504,0.0,1.9427912513480432,9.580262303299783,2.2733566702320944,0.3281948327706638,86,86,1.0,1.6059746817090712,1.793711581496792,0.6285327931490197,0.7071067811865476,-0.5,0.5,-0.5,1.5707963705062866,simulator_service,service_success,True,,0.0057,0.0001,service_success,0.0,False,False
-42.709778,64,15608.172946,False,4.843855458813833,False,True,0.4658496173908087,unsafe_low_altitude,True,0.01864558047761254,0.0,2.8508077970469006,7.056863124555969,2.8508077970469006,0.4658496173908087,64,64,1.0,1.4647598605511734,1.793711581496792,0.6785403764514489,0.7071067811865476,0.5,-0.5,-0.5,-1.203542947769165,simulator_service,service_success,True,,0.0065,0.0,service_success,0.0,False,False
-20.680649,11,15629.997041,False,4.469934833531807,True,False,0.0,out_of_bounds,True,0.002020460834584916,0.0,1.3346448822611734,1.3346448822611734,1.3346448822611734,0.0,11,11,1.0,1.7094363448917285,1.793711581496792,0.7071067811865478,0.7071067811865476,-0.5,-0.5,-0.5,1.5707963705062866,simulator_service,service_success,True,,0.0065,0.0,service_success,0.0,False,False
2.688136,53,15836.867488,True,0.2334267113263973,False,False,1.3092817635989682,success,True,0.1548663113272406,1.548663113272406,4.434384654702461,7.788550906207098,4.449300601311298,0.5784259072878065,53,53,1.0,1.6995079632590493,1.793711581496792,0.6956009022017525,0.7071067811865476,0.5,0.5,0.5,1.5707963705062866,simulator_service,service_success,True,,0.0056,0.0003,service_success,0.0,False,False
-32.552315,31,15863.172968,False,4.917324833203291,True,False,2.8242194059765997,out_of_bounds,True,0.6028734561660571,0.0,1.9094475362730845,4.222085056302231,2.2991690545866907,0.9896669086126307,31,31,1.0,1.5880880054266335,1.793711581496792,0.6829414302972294,0.7071067811865476,-0.5,-0.2983587384223938,0.5,-1.5707963705062866,simulator_service,velocity_timeout_service_fallback,True,,0.0071,0.0,service_success_after_velocity_timeout,0.0,False,False
-28.142406,54,15894.07593,False,2.655603765167449,True,False,2.5699209262428884,out_of_bounds,True,0.549171261967309,0.0,4.096090801226513,6.797731475438337,4.096090801226513,0.5362429713442798,54,54,1.0,1.4606449517766487,1.793711581496792,0.694147336007702,0.7071067811865476,0.3072793483734131,0.5,0.13815245032310486,1.5707963705062866,simulator_service,service_success,True,,0.0055,0.0,service_success,0.0,False,False
-55.363953,171,15953.585574,False,1.9928517946190314,False,True,0.4301460675928612,unsafe_low_altitude,True,0.6651714498654473,0.0,2.1260380990235532,19.190741200844357,3.071948852152197,0.4301460675928612,171,171,1.0,1.4292793579903618,1.793711581496792,0.6695321602963333,0.7071067811865476,0.5,0.5,-0.5,1.5707963705062866,simulator_service,service_success,True,,0.0055,0.0,service_success,0.0,False,False
-18.37534,11,15975.615096,False,3.8586004898599477,True,False,0.2713287889998881,out_of_bounds,True,0.3184691135137777,0.0,1.3600030512031822,1.3600030512031822,1.3600030512031822,0.2713287889998881,11,11,1.0,1.658370531798016,1.793711581496792,0.7071067811865478,0.7071067811865476,-0.5,0.5,-0.15897049009799957,0.7588372826576233,simulator_service,service_success,True,,0.0063,0.0,service_success,0.0,False,False
-30.593796,32,16002.040493,False,4.079941412350167,True,False,0.2546039795369553,out_of_bounds,True,0.14863566361165068,0.0,2.934248739990694,3.9957803117433732,2.934248739990694,0.2546039795369553,32,32,1.0,1.4631437290267022,1.793711581496792,0.6360552583989261,0.7071067811865476,-0.5,-0.5,-0.5,1.5707963705062866,simulator_service,service_success,True,,0.0054,0.0001,service_success,0.0,False,False
-19.010738,11,16026.51789,False,4.014856546873336,True,False,2.8550161114215706,out_of_bounds,True,0.37745525206825725,0.0,1.2708903788934252,1.2708903788934252,1.2708903788934252,1.8823913929693288,11,11,1.0,0.8440130671382552,0.8759243723310368,0.6206343483265534,0.7071067811865476,-0.13096541166305542,0.5,0.5,-0.36336204409599304,simulator_service,service_success,True,,0.0054,0.0001,service_success,0.0,False,False
-44.791,171,16163.919959,True,0.2702220013349831,False,False,0.9782438227162586,success,True,0.8387148321057365,8.387148321057365,4.5180130746934,20.667899008578242,4.5180130746934,0.9782438227162586,171,171,1.0,1.691639123847617,1.793711581496792,0.6583432520092565,0.7071067811865476,-0.5,0.5,-0.5,-1.5707963705062866,simulator_service,service_success,True,,0.0034,0.0,service_success,0.0,False,False
-35.266144,74,16199.375652,False,3.0353941844254417,True,False,2.51262292091189,out_of_bounds,True,0.14045786398091054,0.0,3.8624306595971363,9.303027471582588,3.8624306595971363,0.9819431221468665,74,74,1.0,1.4499966936093025,1.793711581496792,0.6625903603107961,0.7071067811865476,-0.5,-0.5,0.5,0.725480318069458,simulator_service,velocity_timeout_service_fallback,True,,0.0042,0.0,service_success_after_velocity_timeout,0.0,False,False
-98.22847,171,16259.327611,False,2.510612917767561,False,True,0.3186262554212779,unsafe_low_altitude,True,0.2219183970878534,0.0,2.8071471662587957,21.405297887540193,2.9461519890450525,0.3186262554212779,171,171,1.0,1.5869686261096925,1.793711581496792,0.664503542044269,0.7071067811865476,0.5,-0.07286226749420166,-0.5,1.5707963705062866,simulator_service,service_success,True,,0.0053,0.0,service_success,0.0,False,False
-38.34588,86,16297.2287,False,5.053874396377928,True,False,1.0675505337726205,out_of_bounds,True,0.956173229243205,0.0,8.063948267173087,11.592098943139177,8.063948267173087,0.766183779057006,86,86,1.0,1.5296402154544924,1.793711581496792,0.6905612072968224,0.7071067811865476,-0.5,0.25807857513427734,-0.5,-0.8282591104507446,simulator_service,service_success,True,,0.0063,0.0,service_success,0.0,False,False
-18.041925,11,16321.965572,False,3.631621418833076,True,False,0.25293759981008485,out_of_bounds,True,0.5189294927179905,0.0,1.7453245874139107,1.7453245874139107,1.7453245874139107,0.25293759981008485,11,11,1.0,1.3384721716253536,1.7842553888576334,0.6960416727274915,0.7071067811865476,-0.5,0.5,-0.5,0.4301885962486267,simulator_service,service_success,True,,0.0052,0.0,service_success,0.0,False,False
-74.327255,109,16364.577962,False,4.559128337913665,True,False,2.7659838992508208,out_of_bounds,True,0.29225001188428906,0.0,4.0252811742696295,13.412450484588913,4.6344212839813235,0.76069001406458,109,109,1.0,1.5940550881462567,1.793711581496792,0.6937501649657057,0.7071067811865476,-0.5,0.5,0.5,-1.1357109546661377,simulator_service,service_success,True,,0.0033,0.0,service_success,0.0,False,False
-31.41027,98,16405.110052,False,2.3011735182326154,True,False,0.21889938823477637,out_of_bounds,True,0.6862271836466897,0.0,3.0696844363981004,12.04570889879766,3.366027419851945,0.21889938823477637,98,98,1.0,1.3490411624122363,1.793711581496792,0.6582874679018603,0.7071067811865476,-0.5,0.5,-0.5,-1.5707963705062866,simulator_service,service_success,True,,0.0051,0.0001,service_success,0.0,False,False
-40.42566,200,16541.494817,False,2.470782339610062,False,False,1.8396894028952129,max_steps,True,0.386879966633457,0.0,4.376654559760475,20.872306318771457,4.832704178841515,0.5924286229994593,200,200,1.0,1.4563596608418958,1.793711581496792,0.6141289325503897,0.7071067811865476,-0.06782633066177368,0.5,-0.5,1.5707963705062866,simulator_service,service_success,True,,0.0052,0.0,service_success,0.0,False,True
-34.05924,66,16575.676969,False,2.4851783213227376,True,False,2.727443245332484,out_of_bounds,True,0.18613200521823556,0.0,1.7110114369629186,8.895880541750092,3.466218763620303,0.5318096023646602,66,66,1.0,1.5465938047078664,1.793711581496792,0.652894939911739,0.7071067811865476,0.5,0.5,0.5,0.35174262523651123,simulator_service,velocity_timeout_service_fallback,True,,0.0068,0.0,service_success_after_velocity_timeout,0.0,False,False
-42.46229,55,16607.483806,False,3.042456967531673,True,False,0.19885025787618243,out_of_bounds,True,0.8508104750918052,0.0,2.7711229986397226,8.152456783039952,2.7711229986397226,0.19885025787618243,55,55,1.0,1.669300920082482,1.793711581496792,0.6979109466152871,0.7071067811865476,0.5,0.5,-0.5,1.5467133522033691,simulator_service,service_success,True,,0.0051,0.0,service_success,0.0,False,False
-20.656677,11,16630.326218,False,4.291029760060958,True,False,2.891769819714485,out_of_bounds,True,0.2081631828662833,0.0,1.3457370691401758,1.3457370691401758,1.3457370691401758,1.8927603630728174,11,11,1.0,1.7343919471629683,1.793711581496792,0.5367336195302325,0.7071067811865476,0.5,-0.5,-0.5,-1.5707963705062866,simulator_service,service_success,True,,0.0051,0.0,service_success,0.0,False,False
-26.138767,33,16657.643674,False,2.5851691096108107,True,False,2.540111831744593,out_of_bounds,True,0.7717649025365437,0.0,2.2010033270898774,3.6134315360272726,2.2010033270898774,0.6174772911564165,33,33,1.0,1.6072657771910692,1.793711581496792,0.6881420976100316,0.7071067811865476,-0.014822840690612793,0.5,-0.5,-1.5707963705062866,simulator_service,service_success,True,,0.0053,0.0002,service_success,0.0,False,False
-20.774948,12,16685.122136,False,4.986883175081215,False,True,0.4061685020787027,unsafe_low_altitude,True,0.5419202561475295,0.0,1.162508942531372,1.162508942531372,1.162508942531372,0.4061685020787027,12,12,1.0,1.759372321446392,1.793711581496792,0.6076881114174383,0.7071067811865476,-0.5,-0.5,-0.5,1.5707963705062866,simulator_service,service_success,True,,0.0051,0.0,service_success,0.0,False,False
-35.52336,45,16715.037536,False,3.0888329277548827,True,False,0.07015895756122409,out_of_bounds,True,0.06871966270271702,0.0,4.0577538584345225,6.554685591105079,4.0577538584345225,0.07015895756122409,45,45,1.0,1.561066836087639,1.793711581496792,0.6862390329303961,0.7071067811865476,-0.3681202530860901,-0.5,-0.5,-1.5707963705062866,simulator_service,service_success,True,,0.006,0.0,service_success,0.0,False,False
-18.212467,12,16737.98021,False,2.7843867995538476,True,False,0.22503924522428786,out_of_bounds,True,0.1826680783503316,0.0,1.8090828467453286,1.8090828467453286,1.8090828467453286,0.22503924522428786,12,12,1.0,1.7061962099911654,1.793711581496792,0.7071067811865478,0.7071067811865476,-0.5,-0.5,-0.5,-1.3970329761505127,simulator_service,service_success,True,,0.005,0.0,service_success,0.0,False,False
-60.738663,155,16797.841361,False,3.410743289542441,False,True,0.30213798075612314,unsafe_low_altitude,True,0.15088129018448224,0.0,2.489152114995598,17.92979847477138,2.8940098940996606,0.30213798075612314,155,155,1.0,1.593662240176004,1.793711581496792,0.6744374503573046,0.7071067811865476,0.4001521170139313,0.5,0.5,-1.5707963705062866,simulator_service,service_success,True,,0.0051,0.0,service_success,0.0,False,False
-35.72077,67,16832.442991,False,3.135408513128546,True,False,0.06258421222942442,out_of_bounds,True,0.6685747241778999,0.0,2.038183870805077,9.141479360868576,2.766872951387512,0.06258421222942442,67,67,1.0,1.6451338080002702,1.793711581496792,0.6839247908922349,0.7071067811865476,0.5,0.5,-0.5,-0.9925443530082703,simulator_service,service_success,True,,0.0037,0.0,service_success,0.0,False,False
-64.92339,200,16971.064428,False,1.379973174998617,False,False,1.166560730203158,max_steps,True,0.7074624227453823,0.0,2.766164638316676,21.976645916363744,5.340179116168965,0.6280371784948388,200,200,1.0,1.5867166253348546,1.793711581496792,0.655399922188144,0.7071067811865476,-0.5,0.5,0.20594418048858643,1.5707963705062866,simulator_service,service_success,True,,0.005,0.0,service_success,0.0,False,False
-104.08801,200,17073.59044,False,3.5054338347086618,False,False,1.9727649382986396,max_steps,True,0.7567363764160173,0.0,1.0471517270957444,22.91285280377857,4.292686546545991,1.0269553990084739,200,200,1.0,1.6212015621265732,1.793711581496792,0.6805425134400125,0.7071067811865476,0.5,0.5,0.5,-0.4189627766609192,simulator_service,velocity_timeout_service_fallback,True,,0.0059,0.0,service_success_after_velocity_timeout,0.0,True,False
-87.4662,174,17137.250454,False,4.380705367806063,False,True,0.3868574219271112,unsafe_low_altitude,True,0.7963919323516624,0.0,1.9951684063815163,20.56584276043523,2.076634147587336,0.3868574219271112,174,174,1.0,1.5128698089699817,1.793711581496792,0.6670812280935555,0.7071067811865476,-0.5,-0.2,0.5,-1.5707963705062866,velocity,post_controller_hold,False,,0.2022,2.7975,not_attempted,0.0,False,True
-31.395956,79,17174.430418,False,1.88095787729119,True,False,2.7834474452244127,out_of_bounds,True,0.5064344717101167,0.0,1.8359446880837045,9.215457353042334,3.526044375660047,1.05411892248957,79,79,1.0,1.4700554029243267,1.793711581496792,0.6101142351078496,0.7071067811865476,-0.5,0.5,0.5,-0.2442949116230011,simulator_service,service_success,True,,0.0037,0.0,service_success,0.0,False,False
-52.815487,190,17234.638134,False,2.163232828639443,True,False,0.27116964680245903,out_of_bounds,True,0.8222012968200624,0.0,2.6875937700451127,24.007535299507612,4.033198820805944,0.27116964680245903,190,190,1.0,1.4319848148124652,1.793711581496792,0.6827945975351205,0.7071067811865476,0.5,-0.5,-0.5,0.14677879214286804,simulator_service,service_success,True,,0.0048,0.0,service_success,0.0,False,False
-18.813543,12,17260.279556,False,2.4418261588922032,True,False,0.2744422363599292,out_of_bounds,True,0.7259009504846724,0.0,1.4887357728064023,1.4887357728064023,1.4887357728064023,0.2744422363599292,12,12,1.0,1.7937115814967928,1.793711581496792,0.7071067811865478,0.7071067811865476,-0.5,-0.5,-0.5,-1.5707963705062866,simulator_service,service_success,True,,0.0048,0.0,service_success,0.0,False,False
-53.556667,134,17311.578407,False,1.7700733422685646,True,False,2.7561804101586196,out_of_bounds,True,0.8680924225717943,0.0,5.0386447571160335,15.457978602402363,5.0386447571160335,1.0373904032748638,134,134,1.0,1.6235484672707545,1.793711581496792,0.6539824552092103,0.7071067811865476,0.5,-0.5,0.5,-1.5707963705062866,simulator_service,service_success,True,,0.0031,0.0,service_success,0.0,False,False
-18.354216,12,17334.955772,False,3.3141143914052344,True,False,0.07713373166867671,out_of_bounds,True,0.8453696441920261,0.0,1.192100426099271,1.192100426099271,1.192100426099271,0.07713373166867671,12,12,1.0,0.94212100521759,1.01647617373065,0.7071067811865478,0.7071067811865476,-0.5,0.5,-0.5,-0.054932206869125366,simulator_service,service_success,True,,0.003,0.0,service_success,0.0,False,False
-112.44069,200,17475.722626,False,2.878311844655019,False,False,0.6903616891103225,max_steps,True,0.03483663850597674,0.0,1.5586194390755344,21.551417158679346,4.2935600907428535,0.6903616891103225,200,200,1.0,1.7029038046031195,1.793711581496792,0.6750658782034654,0.7071067811865476,-0.5,-0.5,0.5,1.5707963705062866,simulator_service,service_success,True,,0.0049,0.0,service_success,0.0,False,False
-51.827847,180,17536.190589,False,2.3821480737910146,True,False,0.22363673003733756,out_of_bounds,True,0.2694065428054936,0.0,2.5693248989203394,22.332659489103598,5.05947855850818,0.22363673003733756,180,180,1.0,1.5009492798306272,1.793711581496792,0.6656907423074553,0.7071067811865476,-0.5,0.5,0.5,-1.5707963705062866,simulator_service,velocity_timeout_service_fallback,True,,0.0071,0.0,service_success_after_velocity_timeout,0.0,False,False
-52.983456,200,17680.738457,False,3.74228233073556,False,False,0.5337544083794604,max_steps,True,0.9488886751916142,0.0,2.2649484990480215,23.2285058721578,5.450783060470175,0.5337544083794604,200,200,1.0,1.548976642418013,1.793711581496792,0.6838450947843451,0.7071067811865476,0.5,-0.09478247165679932,0.5,-1.5707963705062866,simulator_service,service_success,True,,0.003,0.0,service_success,0.0,True,False
-31.196478,46,17716.310111,False,0.8912266461927014,False,True,0.42969833065995855,unsafe_low_altitude,True,0.9197901815647449,0.0,3.784647579032725,5.651895946651388,3.784647579032725,0.42969833065995855,46,46,1.0,1.4080883583915875,1.793711581496792,0.6837421345050272,0.7071067811865476,-0.5,0.5,-0.5,-1.5707963705062866,simulator_service,velocity_timeout_service_fallback,True,,0.0038,0.0,service_success_after_velocity_timeout,0.0,False,False
-20.401989,12,17739.922917,False,3.7635984211347733,True,False,0.17252613056574484,out_of_bounds,True,0.281834344846978,0.0,1.6500075280158448,1.6500075280158448,1.6500075280158448,0.17252613056574484,12,12,1.0,1.7937115814967928,1.793711581496792,0.7071067811865478,0.7071067811865476,-0.5,0.5,-0.5,1.5707963705062866,simulator_service,service_success,True,,0.0056,0.0,service_success,0.0,False,False
-16.823906,12,17763.779547,False,2.2647163014222813,True,False,2.7763735072872566,out_of_bounds,True,0.43085103679475467,0.0,1.8636717255951902,1.8636717255951902,1.8636717255951902,1.6840785341501003,12,12,1.0,1.1763114814688738,1.793711581496792,0.7071067811865478,0.7071067811865476,0.5,-0.5,0.5,-0.05243659019470215,simulator_service,service_success,True,,0.0048,0.0,service_success,0.0,False,False
-17.437233,12,17787.607835,False,1.3548282307545845,True,False,0.23263239376046416,out_of_bounds,True,0.8207225745775263,0.0,1.7194848497955117,1.7194848497955117,1.7194848497955117,0.23263239376046416,12,12,1.0,1.6049228380909877,1.6553661897043133,0.6456969579539492,0.7071067811865476,-0.5,-0.15297281742095947,-0.5,1.4889044761657715,simulator_service,service_success,True,,0.0047,0.0,service_success,0.0,False,False
-54.9592,162,17844.783977,False,3.264932558107171,True,False,0.16863444917134546,out_of_bounds,True,0.09908464627184797,0.0,4.198121699122773,17.22276617330476,4.198121699122773,0.16863444917134546,162,162,1.0,1.5160118579156192,1.793711581496792,0.6385965536005241,0.7071067811865476,-0.2,-0.5,-0.4117915630340576,1.3176603317260742,simulator_service,service_success,True,,0.0047,0.0,service_success,0.0,False,True
-19.605515,12,17868.660723,False,3.9106523741241825,True,False,0.03339595790911091,out_of_bounds,True,0.31857079816481937,0.0,1.472304066365559,1.472304066365559,1.472304066365559,0.03339595790911091,12,12,1.0,1.5253324101895895,1.793711581496792,0.6835068005011481,0.7071067811865476,0.26419320702552795,0.5,0.5,-0.5697633624076843,simulator_service,service_success,True,,0.0029,0.0,service_success,0.0,False,False
-55.39351,81,17907.111722,False,3.9800006530935494,True,False,2.7928430079650015,out_of_bounds,True,0.9137892044270298,0.0,1.2800653723482074,8.945005050417624,3.2864543439980087,0.9722748227474671,81,81,1.0,1.6715348293697647,1.793711581496792,0.6962822870742187,0.7071067811865476,-0.5,-0.5,0.5,1.5707963705062866,simulator_service,service_success,True,,0.0046,0.0,service_success,0.0,False,False
-53.62757,200,18046.533964,False,0.8638580430814463,False,False,1.2661720358634574,max_steps,True,0.13320047975721677,0.0,2.3764398424372595,24.728403242075284,3.065222096976408,0.5091317874335567,200,200,1.0,1.4605383457622403,1.793711581496792,0.65842035108003,0.7071067811865476,0.5,0.5,0.5,0.6226573586463928,simulator_service,service_success,True,,0.0046,0.0,service_success,0.0,False,False
-46.56385,128,18094.649108,False,2.8283384748258946,True,False,2.185867457158033e-07,out_of_bounds,True,0.5311877170657905,0.0,4.711349167450873,16.973466691865884,5.527409726838475,2.185867457158033e-07,128,128,1.0,1.6329552998327046,1.793711581496792,0.6555105782053163,0.7071067811865476,-0.047191113233566284,0.5,-0.5,-0.36326223611831665,simulator_service,velocity_timeout_service_fallback,True,,0.0054,0.0,service_success_after_velocity_timeout,0.0,False,False
-18.933916,12,18121.131965,False,3.2587448876292466,True,False,2.7726462792228994,out_of_bounds,True,0.8294659477076691,0.0,1.6810452065602701,1.6810452065602701,1.6810452065602701,1.6890288168497658,12,12,1.0,1.7582003308537946,1.793711581496792,0.6062154365029873,0.7071067811865476,0.18792665004730225,0.5,0.5,-1.5707963705062866,simulator_service,service_success,True,,0.0049,0.0002,service_success,0.0,False,False
-19.30123,24,18147.734627,False,2.513637093768735,True,False,0.05188348548859529,out_of_bounds,True,0.020327449698332414,0.0,2.580243150628796,2.7836703543311168,2.580243150628796,0.05188348548859529,24,24,1.0,1.4700067831838057,1.793711581496792,0.6508029202398409,0.7071067811865476,-0.5,-0.27455854415893555,-0.5,0.7096788883209229,simulator_service,service_success,True,,0.0029,0.0,service_success,0.0,False,False
-24.60286,35,18179.135159,False,4.36104344195409,True,False,0.03946984950745454,out_of_bounds,True,0.6028768794344597,0.0,3.4517591623216264,4.7289082926972945,3.4517591623216264,0.03946984950745454,35,35,1.0,1.6675341895771925,1.793711581496792,0.6352470652244756,0.7071067811865476,-0.5,0.5,-0.5,0.14609012007713318,simulator_service,service_success,True,,0.0048,0.0,service_success,0.0,False,False
-16.360474,12,18208.250069,False,1.9981112729154256,False,True,0.4689303577036177,unsafe_low_altitude,True,0.7657220598193237,0.0,1.595754521267388,1.595754521267388,1.595754521267388,0.4689303577036177,12,12,1.0,0.8779513674478236,0.8860522944446527,0.7071067811865478,0.7071067811865476,0.5,-0.5,-0.5,0.08148489892482758,simulator_service,service_success,True,,0.0032,0.0003,service_success,0.0,False,False
-18.53778,12,18237.273417,False,2.0692513980322995,False,True,0.42172106302574464,unsafe_low_altitude,True,0.3462203641903309,0.0,1.2857932362531597,1.2857932362531597,1.2857932362531597,0.42172106302574464,12,12,1.0,1.1394078063266384,1.793711581496792,0.5539592768748425,0.7071067811865476,0.5,-0.27621990442276,0.5,-1.5707963705062866,simulator_service,service_success,True,,0.0054,0.0,service_success,0.0,False,False
-37.12554,104,18283.285573,False,3.305130841156486,True,False,0.06308029292334565,out_of_bounds,True,0.38649543149454274,0.0,6.29318029705866,14.187622601115724,6.29318029705866,0.06308029292334565,104,104,1.0,1.3588144681917407,1.793711581496792,0.6311656777768095,0.7071067811865476,0.5,-0.5,-0.5,1.5707963705062866,simulator_service,service_success,True,,0.0054,0.0,service_success,0.0,False,False
-18.304193,12,18314.877533,False,2.0918684338582305,False,True,0.42078422273369404,unsafe_low_altitude,True,0.4916908837322501,0.0,1.8797620647227642,1.8797620647227642,1.8797620647227642,0.42078422273369404,12,12,1.0,1.7937115814967928,1.793711581496792,0.7071067811865478,0.7071067811865476,0.5,-0.5,-0.5,1.5707963705062866,simulator_service,service_success,True,,0.0027,0.0,service_success,0.0,False,False
-18.375093,12,18346.577553,False,3.650479308458577,False,True,0.389467527046029,unsafe_low_altitude,True,0.019465466256505793,0.0,1.8509246178751826,1.8509246178751826,1.8509246178751826,0.389467527046029,12,12,1.0,1.6000294532282673,1.793711581496792,0.7071067811865478,0.7071067811865476,-0.5,0.5,-0.5,-0.6793901920318604,simulator_service,service_success,True,,0.0033,0.0,service_success,0.0,False,False
-18.933012,12,18370.987517,False,2.595453775708849,True,False,0.07365710897964246,out_of_bounds,True,0.34187958635012816,0.0,1.7486343744410724,1.7486343744410724,1.7486343744410724,0.07365710897964246,12,12,1.0,1.762990448316149,1.793711581496792,0.6197092389999502,0.7071067811865476,0.5,-0.18263554573059082,-0.5,1.5707963705062866,simulator_service,service_success,True,,0.0033,0.0,service_success,0.0,False,False
-19.511726,12,18400.294205,False,4.143410567539823,False,True,0.4815541677021804,unsafe_low_altitude,True,0.33781747095548775,0.0,1.3128617326942553,1.3128617326942553,1.3128617326942553,0.4815541677021804,12,12,1.0,1.2153285980126782,1.793711581496792,0.7071067811865478,0.7071067811865476,-0.5,0.5,-0.5,-1.5707963705062866,simulator_service,service_success,True,,0.0045,0.0,service_success,0.0,False,False
-17.918095,12,18427.347497,False,1.9772176205729584,True,False,0.0,out_of_bounds,True,0.31559153891280195,0.0,1.7311571109343542,1.7311571109343542,1.7311571109343542,0.0,12,12,1.0,1.7771656196904049,1.778183019703951,0.6640105591702342,0.6667335404550597,-0.5,0.4327831566333771,-0.5,-1.5707963705062866,simulator_service,service_success,True,,0.0054,0.0,service_success,0.0,False,False
-58.3728,176,18488.282341,False,3.3692095205248758,True,False,0.0,out_of_bounds,True,0.5746979459618298,0.0,4.602963890905584,21.253839000540648,4.7700768834131635,0.0,176,176,1.0,1.526343523416436,1.793711581496792,0.6730914899207513,0.7071067811865476,-0.5,-0.5,-0.5,-0.09101198613643646,simulator_service,service_success,True,,0.0028,0.0,service_success,0.0,False,False
-20.662643,12,18512.769011,False,4.065208478828581,True,False,0.18642382614414818,out_of_bounds,True,0.9213419942367264,0.0,1.3448103549077903,1.3448103549077903,1.3448103549077903,0.18642382614414818,12,12,1.0,1.5761903310603271,1.7374625562235901,0.5442219591749988,0.7071067811865476,-0.5,-0.22666031122207642,-0.5,1.5707963705062866,simulator_service,service_success,True,,0.0027,0.0,service_success,0.0,False,False
-18.425589,12,18539.9413,False,3.656625829554038,True,False,0.0,out_of_bounds,True,0.20685424970523503,0.0,1.5241328665813187,1.5241328665813187,1.5241328665813187,0.0,12,12,1.0,1.402387696021263,1.793711581496792,0.7071067811865478,0.7071067811865476,-0.5,-0.5,-0.5,1.5707963705062866,simulator_service,service_success,True,,0.0045,0.0,service_success,0.0,False,False
-82.16653,154,18596.30547,False,1.805406008954471,True,False,0.2527448201371505,out_of_bounds,True,0.028979224341763483,0.0,3.3228772500136095,19.90974445634486,3.3228772500136095,0.2527448201371505,154,154,1.0,1.5917853391011163,1.793711581496792,0.6863253836620749,0.7071067811865476,0.5,0.5,-0.5,-1.5707963705062866,simulator_service,service_success,True,,0.0029,0.0,service_success,0.0,False,False
