#{"t_start": 1783301593.0629566, "env_id": "None"}
r,l,t,is_success,final_distance,is_out_of_bounds,is_unsafe_low_altitude,altitude,terminal_reason,terminal_stop_command_accepted,terminal_yaw_error,terminal_yaw_penalty,physical_displacement,path_length,max_physical_displacement,min_altitude,motion_command_steps,motion_command_accepted_steps,motion_command_acceptance_rate,mean_action_norm,max_action_norm,mean_xy_action_norm,max_xy_action_norm,last_action_vx,last_action_vy,last_action_vz,last_action_vyaw,reset_method,reset_path,reset_service_attempted,reset_failure_class,reset_position_error,reset_yaw_error,reset_service_status,vertical_safety_penalty,low_altitude_guard_active,bounds_guard_active
9.955079,7,20.703852,True,0.34276125734265667,False,False,1.683807090021424,success,True,0.9420518105018735,9.420518105018735,1.0372071837718915,1.0450683719589924,1.0372071837718915,1.0845232024307148,7,7,1.0,1.7922027976356905,1.793711581496792,0.7032157919489779,0.7071067811865476,0.5,-0.5,-0.5,1.5707963705062866,simulator_service,service_success,True,,0.0734,1.1546,service_success,0.0,False,True
10.8980055,16,28.141591,True,0.33574452868673527,False,False,1.2164097038178943,success,True,0.7692475100647188,7.692475100647188,1.7901649329277582,2.7184910175411368,1.8349498484052025,0.8852013789487247,16,16,1.0,1.762445794007755,1.793711581496792,0.7071067811865478,0.7071067811865476,-0.5,-0.5,0.5,-1.038443684577942,simulator_service,service_success,True,,0.0719,0.6807,service_success,0.0,False,False
5.121018,34,41.192729,True,0.3625545482694847,False,False,0.9654130143860477,success,True,0.5721251295984723,5.721251295984723,4.278235416496356,5.620768015955189,4.2835316192497155,0.9334037752525419,34,34,1.0,1.7903708810856491,1.793711581496792,0.6977037345258889,0.7071067811865476,-0.5,0.5,0.5,-1.5707963705062866,velocity,post_controller_hold,False,,0.1808,1.5633,not_attempted,0.0,True,False
11.445774,26,48.722706,True,0.37600760905982716,False,False,1.6164464210318386,success,True,0.27585244145599297,2.75852441455993,3.3618463753482954,4.292185144312922,3.3618463753482954,0.9987645407891154,26,26,1.0,1.7889103649795086,1.793711581496792,0.6933633537914112,0.7071067811865476,0.5,-0.5,-0.5,-1.5707963705062866,velocity,post_controller_hold,False,,0.2091,2.0042,not_attempted,0.0,False,False
13.183771,10,57.525555,True,0.28948583301869096,False,False,1.4585190592793769,success,True,0.5918910211904316,5.918910211904316,0.9881400439434701,1.4334172207662252,0.9881400439434701,1.4585190592793769,10,10,1.0,1.7937115814967926,1.793711581496792,0.7071067811865477,0.7071067811865476,0.5,0.5,0.5,1.5707963705062866,velocity,post_controller_hold,False,,0.2271,1.0734,not_attempted,0.0,True,False
9.956906,47,77.292567,True,0.36957224816476814,False,False,1.6089316049998312,success,True,0.10928486796114693,1.0928486796114694,4.206754544020117,7.860758503839493,4.456722604849607,1.0804876122618055,47,47,1.0,1.7911526461864302,1.793711581496792,0.701404500279785,0.7071067811865476,0.5,-0.4920616149902344,0.5,-1.5707963705062866,velocity,post_controller_hold,False,,0.1097,0.6192,not_attempted,0.0,False,False
12.553836,22,93.039702,True,0.23125804604155553,False,False,1.404913008934488,success,True,0.5070540326631474,5.070540326631474,1.143557969274628,3.1738688762123157,1.1759119573428871,1.404913008934488,22,22,1.0,1.7323444962680787,1.793711581496792,0.698693994559397,0.7071067811865476,-0.5,0.5,-0.5,-1.5707963705062866,velocity,post_controller_hold,False,,0.1926,2.76,not_attempted,0.0,False,False
3.8360724,40,110.037508,True,0.27544479870326416,False,False,1.493759268784886,success,True,0.8707120375097862,8.707120375097862,3.853890672745266,6.134186834693686,4.05240240889391,1.084191655189522,40,40,1.0,1.79050655045938,1.793711581496792,0.7052044320443711,0.7071067811865476,-0.5,-0.5,0.5,1.5707963705062866,velocity,post_controller_hold,False,,0.1438,1.0037,not_attempted,0.0,False,False
-9.28719,115,121.3478,True,0.37948627709941096,False,False,1.9213833082105138,success,True,0.898222667173267,8.98222667173267,4.823793394649589,18.42798320380401,5.135304324515783,0.8325734846487584,115,115,1.0,1.7419413492479197,1.793711581496792,0.6944635058425049,0.7071067811865476,0.5,0.5,0.5,-1.5707963705062866,velocity,post_controller_hold,False,,0.129,2.7981,not_attempted,0.0,False,False
9.381672,22,129.84991,True,0.28955382582565226,False,False,1.2497057702750145,success,True,0.8308728757852579,8.30872875785258,1.2347520466070168,3.5076935654264476,1.2996489732210768,0.8807504817072594,22,22,1.0,1.7907059848897902,1.793711581496792,0.6984599203214088,0.7071067811865476,-0.5,0.5,0.5,1.5707963705062866,velocity,post_controller_hold,False,,0.1536,2.299,not_attempted,0.0,False,False
8.794509,46,152.322677,True,0.35085365675193403,False,False,1.5205926658129827,success,True,0.030675120148498877,0.30675120148498874,3.403513591430109,7.708927523547929,3.403513591430109,1.0560054484188355,46,46,1.0,1.747574050198529,1.793711581496792,0.707106781186547,0.7071067811865476,0.5,-0.5,0.5,1.5707963705062866,velocity,post_controller_hold,False,,0.1773,1.7653,not_attempted,0.0,False,False
-0.50888044,46,163.651768,True,0.317437667939161,False,False,1.903877768333442,success,True,0.9167089195436635,9.167089195436635,4.423704178602565,7.634116573714485,4.611936418675216,1.1567723868567943,46,46,1.0,1.7889172233503008,1.793711581496792,0.7067347430203919,0.7071067811865476,0.5,-0.5,0.4474719762802124,1.5707963705062866,velocity,post_controller_hold,False,,0.1936,2.3425,not_attempted,0.0,False,False
13.544154,31,179.273726,True,0.33263913033043985,False,False,1.9831414547340123,success,True,0.21991550850140945,2.1991550850140946,2.546428086355256,4.690955894008024,2.596540995324011,1.7425566224586555,31,31,1.0,1.767684036906365,1.793711581496792,0.6990422111943235,0.7071067811865476,-0.5,-0.5,0.5,1.5707963705062866,velocity,post_controller_hold,False,,0.1173,1.734,not_attempted,0.0,False,False
5.137523,27,185.092861,True,0.39698602882095907,False,False,1.5174368339304731,success,True,0.9770958131931743,9.770958131931742,3.1741436162539256,4.588242368482818,3.1741436162539256,1.185870146673362,27,27,1.0,1.7920473685756992,1.793711581496792,0.7071067811865476,0.7071067811865476,0.5,-0.5,-0.5,-1.5707963705062866,velocity,post_controller_hold,False,,0.1465,2.1029,not_attempted,0.0,False,False
11.072348,38,205.980547,True,0.34835781038119495,False,False,1.3138258881414855,success,True,0.1736178743013717,1.736178743013717,3.6293469659860285,5.755163747594408,3.6872775493433116,0.9806181869479617,38,38,1.0,1.7521472435422534,1.793711581496792,0.7053886167154263,0.7071067811865476,-0.5,0.5,0.5,-1.5707963705062866,velocity,post_controller_hold,False,,0.1429,1.5662,not_attempted,0.0,False,False
5.703454,52,220.072771,True,0.33081416104121286,False,False,2.077610183231944,success,True,0.46704294865391455,4.670429486539145,3.5118893908996025,8.901590092674136,4.012607969253312,1.077097830516049,52,52,1.0,1.7888726556597203,1.793711581496792,0.6932394782414334,0.7071067811865476,-0.5,0.021649956703186035,-0.5,1.5707963705062866,velocity,post_controller_hold,False,,0.1912,1.022,not_attempted,0.0,False,True
6.5340075,38,235.400043,True,0.3887279498338285,False,False,1.7501456601236554,success,True,0.3135891785445346,3.135891785445346,4.743728781131637,6.335499366129105,4.743728781131637,0.8296045165282814,38,38,1.0,1.7921926196346083,1.793711581496792,0.7028224195533433,0.7071067811865476,0.5,-0.5,-0.5,1.5707963705062866,velocity,post_controller_hold,False,,0.0948,2.9541,not_attempted,0.0,False,False
12.107729,30,249.781824,True,0.267385926612223,False,False,1.069398900201969,success,True,0.4429559136626069,4.429559136626069,2.418067713342532,4.7628550037708,2.5112274829757566,0.8985765695131122,30,30,1.0,1.559016357370801,1.793711581496792,0.6969672702248798,0.7071067811865476,-0.5,-0.5,-0.5,1.5707963705062866,velocity,post_controller_hold,False,,0.2209,2.8005,not_attempted,0.0,False,False
11.610275,33,267.407807,True,0.30147678120970245,False,False,1.29776661014414,success,True,0.047423450659032466,0.4742345065903247,3.532169969177362,5.082133649430096,3.532169969177362,1.0220220417494852,33,33,1.0,1.7884784972959777,1.793711581496792,0.6925038194783962,0.7071067811865476,0.5,-0.5,0.5,1.5707963705062866,velocity,post_controller_hold,False,,0.1546,0.7989,not_attempted,0.0,True,False
2.8741682,47,281.208903,True,0.3658519437628268,False,False,1.476279072841835,success,True,0.9958319343019533,9.958319343019532,2.8891673931978588,8.488178634161535,3.3796728640104017,1.1052718256944043,47,47,1.0,1.7669226863701646,1.793711581496792,0.7045326367455366,0.7071067811865476,0.5,0.5,-0.5,-1.5707963705062866,velocity,post_controller_hold,False,,0.1676,0.3427,not_attempted,0.0,False,False
16.459517,16,290.419627,True,0.3910677039201599,False,False,1.9213915305123614,success,True,0.10763498860264661,1.0763498860264662,2.1720073735790946,2.667548720251862,2.1720073735790946,1.7192845655769502,16,16,1.0,1.619224132754051,1.793711581496792,0.7071067811865478,0.7071067811865476,0.5,-0.5,-0.5,1.4872413873672485,velocity,post_controller_hold,False,,0.1707,2.0143,not_attempted,0.0,False,True
14.267011,35,301.524595,True,0.3433332629316538,False,False,1.2633843159388278,success,True,0.06645928002430436,0.6645928002430436,2.3173507912860027,5.741918981713533,2.9020291292257547,1.2330581092300772,35,35,1.0,1.7486520142289739,1.793711581496792,0.7016351343181634,0.7071067811865476,-0.5,-0.5,-0.5,1.5707963705062866,velocity,post_controller_hold,False,,0.1575,1.309,not_attempted,0.0,False,False
13.231407,29,313.238706,True,0.2452585923343915,False,False,1.4975885707829897,success,True,0.15747143256726065,1.5747143256726064,1.780013669104505,4.718427060145161,2.086196928209878,1.4975885707829897,29,29,1.0,1.7336911878564982,1.793711581496792,0.7038405998548829,0.7071067811865476,-0.5,-0.5,-0.5,0.22963100671768188,velocity,post_controller_hold,False,,0.1949,0.9115,not_attempted,0.0,False,False
6.743234,26,328.353611,True,0.28927189997012237,False,False,1.1283052111167748,success,True,0.8122169868353588,8.122169868353588,2.665551811101768,3.9784989329849645,2.665551811101768,1.087267452462907,26,26,1.0,1.7937115814967934,1.793711581496792,0.7071067811865477,0.7071067811865476,-0.5,-0.5,0.5,-1.5707963705062866,velocity,post_controller_hold,False,,0.1575,3.1156,not_attempted,0.0,True,False
11.14586,42,347.661619,True,0.3860485317346693,False,False,1.7899623124906052,success,True,0.27975253222284213,2.797525322228421,2.7830037721283505,6.479093750237102,3.3063584520423666,1.0631476093403296,42,42,1.0,1.7245306599288823,1.793711581496792,0.7009221304437011,0.7071067811865476,-0.5,-0.5,0.5,1.5707963705062866,velocity,post_controller_hold,False,,0.197,0.2978,not_attempted,0.0,False,False
13.888162,28,362.176493,True,0.34760330064496425,False,False,1.6319277635158684,success,True,0.31077297985176344,3.107729798517634,1.1285046554767542,4.1687986616890385,1.1285046554767542,1.1420744694346525,28,28,1.0,1.788334914165652,1.793711581496792,0.6921141841635016,0.7071067811865476,0.5,-0.5,0.5,-1.5707963705062866,velocity,post_controller_hold,False,,0.1726,0.3181,not_attempted,0.0,False,False
11.394826,34,380.996603,True,0.2572391483785837,False,False,1.2673664006970309,success,True,0.09161471547752124,0.9161471547752125,3.621253183175734,5.536660090078823,3.621253183175734,1.2307765679759708,34,34,1.0,1.6893005078753531,1.793711581496792,0.7071067811865472,0.7071067811865476,0.5,0.5,0.5,1.5707963705062866,velocity,post_controller_hold,False,,0.2181,0.3617,not_attempted,0.0,True,False
13.081404,39,402.302609,True,0.377557886616047,False,False,1.1512214467495376,success,True,0.3703035069860222,3.7030350698602224,1.4272895287085918,5.31972458766447,2.001796594369405,0.9317794219561638,39,39,1.0,1.657408467102419,1.793711581496792,0.6760367275602654,0.7071067811865476,0.5,-0.5,-0.5,-1.5707963705062866,velocity,post_controller_hold,False,,0.1369,0.7729,not_attempted,0.0,False,False
16.239729,11,415.120535,True,0.38982843589796484,False,False,1.7232543847231585,success,True,0.23540184332075403,2.3540184332075405,1.4333032042495173,1.6461238690872326,1.4333032042495173,1.0842118822173086,11,11,1.0,1.7937115814967926,1.793711581496792,0.7071067811865478,0.7071067811865476,0.5,0.5,-0.5,1.5707963705062866,velocity,post_controller_hold,False,,0.1738,0.7457,not_attempted,0.0,False,True
-24.371433,200,424.63766,False,1.2092599209058834,False,False,1.6592450863005617,max_steps,True,0.603067457788198,0.0,2.3060414946695555,33.042594197662424,3.7540567614551468,0.8330896054507908,200,200,1.0,1.751376786180703,1.793711581496792,0.6951601916433127,0.7071067811865476,-0.5,0.5,0.5,1.5707963705062866,velocity,post_controller_hold,False,,0.1091,1.0729,not_attempted,0.0,False,False
7.9038887,42,439.733738,True,0.378710050520907,False,False,1.596215729722889,success,True,0.36545848413269016,3.6545848413269018,3.33742426692868,6.779774706874134,3.5236551139858445,1.0724165767584253,42,42,1.0,1.7521214481557885,1.793711581496792,0.7019637875721102,0.7071067811865476,-0.5,0.5,-0.5,-1.5707963705062866,velocity,post_controller_hold,False,,0.1649,1.6209,not_attempted,0.0,False,False
6.2978306,60,452.85263,True,0.2741704551292149,False,False,1.6324699944999062,success,True,0.257414998873013,2.57414998873013,3.7951546044979194,9.634778460807203,4.150183114212792,1.1149435224296,60,60,1.0,1.690937506731233,1.793711581496792,0.6995140967801053,0.7071067811865476,0.5,0.5,0.5,-1.5707963705062866,velocity,post_controller_hold,False,,0.1528,3.0563,not_attempted,0.0,False,False
3.8721662,79,473.24964,True,0.3007735269534181,False,False,1.3412659929551112,success,True,0.21269418377058674,2.1269418377058673,4.669765865412233,12.195308558574768,4.9054886898482195,1.132565900554351,79,79,1.0,1.7777805974196994,1.793711581496792,0.7040931353251746,0.7071067811865476,-0.5,0.5,-0.5,-1.5707963705062866,velocity,post_controller_hold,False,,0.109,0.1448,not_attempted,0.0,False,False
5.424336,82,492.375181,True,0.3768968609450311,False,False,1.6617400526134563,success,True,0.5762832037444194,5.762832037444195,1.7184091226262994,13.130643843165629,2.1528434174571376,1.0004735456050469,82,82,1.0,1.7686064821307164,1.793711581496792,0.6994161104203197,0.7071067811865476,0.5,-0.5,-0.5,1.5707963705062866,velocity,post_controller_hold,False,,0.0785,0.5338,not_attempted,0.0,False,False
-5.239092,80,511.968754,True,0.3375781553837439,False,False,1.7146385636824444,success,True,0.878020913844705,8.78020913844705,4.605364064018391,12.700167376812823,5.106337915365109,0.7797138547108116,80,80,1.0,1.7454009425027102,1.793711581496792,0.7046156008289108,0.7071067811865476,0.5,-0.5,0.5,1.5707963705062866,velocity,post_controller_hold,False,,0.187,2.4241,not_attempted,0.0,False,False
1.3324773,61,527.785539,True,0.397936692363127,False,False,1.3719389502268569,success,True,0.8470776975128165,8.470776975128164,1.8485227911211628,9.59913856361355,2.59745972550051,0.8748340280106692,61,61,1.0,1.7447635801882944,1.793711581496792,0.6998824394021264,0.7071067811865476,0.5,0.5,0.5,-1.5707963705062866,velocity,post_controller_hold,False,,0.17,0.7869,not_attempted,0.0,False,False
8.664148,27,541.07257,True,0.36250462417816987,False,False,1.0493110139307937,success,True,0.6188065485176509,6.18806548517651,3.4443665612804364,4.765732609383482,3.4443665612804364,0.855448783843784,27,27,1.0,1.7937115814967934,1.793711581496792,0.7071067811865476,0.7071067811865476,-0.5,0.5,0.5,-1.5707963705062866,velocity,post_controller_hold,False,,0.1775,0.09,not_attempted,0.0,True,False
11.499832,37,556.193791,True,0.3334137575838796,False,False,1.7542836954244065,success,True,0.43008573217063545,4.300857321706355,1.642233877688861,6.060396961144492,1.642233877688861,1.0923418505946036,37,37,1.0,1.6970130592883637,1.793711581496792,0.6972374907278975,0.7071067811865476,-0.5,0.5,-0.5,1.5707963705062866,velocity,post_controller_hold,False,,0.1866,0.4826,not_attempted,0.0,False,True
9.44044,32,570.589816,True,0.3621704166808041,False,False,1.1239373577832117,success,True,0.1441132210232193,1.441132210232193,4.8880883025221005,5.560653912353082,4.8880883025221005,1.1239373577832117,32,32,1.0,1.7915118995009636,1.793711581496792,0.7071067811865474,0.7071067811865476,-0.5,-0.5,-0.5,-1.5707963705062866,velocity,post_controller_hold,False,,0.1553,2.5482,not_attempted,0.0,False,False
9.276799,42,588.707721,True,0.3703723427759859,False,False,1.7936381928103495,success,True,0.41716242938482007,4.1716242938482,3.3374496837396266,6.808781097353354,3.5853892934291887,1.1860455023942147,42,42,1.0,1.7652292349170149,1.793711581496792,0.707106781186547,0.7071067811865476,-0.5,0.5,0.5,-1.5707963705062866,velocity,post_controller_hold,False,,0.1774,1.7396,not_attempted,0.0,False,False
7.710237,39,604.936634,True,0.36728861544648955,False,False,1.2210122356158037,success,True,0.61157065355176,6.1157065355175995,3.071805759775105,5.727031313640115,3.071805759775105,0.9684767428655979,39,39,1.0,1.7148070207496375,1.793711581496792,0.7004499853048854,0.7071067811865476,-0.5,-0.5,0.5,1.5707963705062866,velocity,post_controller_hold,False,,0.1793,3.0058,not_attempted,0.0,False,False
5.204365,88,617.213787,True,0.3966898666746715,False,False,1.462421313744235,success,True,0.37189189568053166,3.7189189568053167,1.5867937316451313,14.006089736819773,3.434907168913939,1.122947842886535,88,88,1.0,1.7649365925190443,1.793711581496792,0.6983605589460441,0.7071067811865476,0.5,0.5,0.5,0.4158034324645996,velocity,post_controller_hold,False,,0.1456,2.0634,not_attempted,0.0,False,False
8.194653,28,633.827779,True,0.3684937553634726,False,False,1.5822492686006018,success,True,0.673438691101696,6.734386911016959,2.7382566469036393,4.148354190037963,2.7382566469036393,0.9276217379641254,28,28,1.0,1.7895307292016693,1.793711581496792,0.6997127068965986,0.7071067811865476,-0.5,-0.5,0.5,1.5707963705062866,velocity,post_controller_hold,False,,0.1553,2.1009,not_attempted,0.0,False,False
-8.88757,66,652.046809,True,0.33483662040901413,False,False,1.1647071957056028,success,True,0.8601327566256998,8.601327566256998,4.366505131274888,11.007690491090472,4.366505131274888,1.1290413042481542,66,66,1.0,1.7574234359943877,1.793711581496792,0.7025990824883852,0.7071067811865476,0.5,-0.5,0.5,-1.04389226436615,velocity,post_controller_hold,False,,0.1497,2.5883,not_attempted,0.0,True,False
17.457363,17,668.675107,True,0.3932970865678896,False,False,0.9966903353210302,success,True,0.023003257612306042,0.2300325761230604,1.722250792932335,2.4843738175529992,1.722250792932335,0.969421126755543,17,17,1.0,1.793711581496793,1.793711581496792,0.7071067811865478,0.7071067811865476,-0.5,0.5,0.5,-1.5707963705062866,velocity,post_controller_hold,False,,0.1916,1.3462,not_attempted,0.0,True,False
4.285623,55,678.236615,True,0.3453908093015597,False,False,1.3684059386688419,success,True,0.6623228129301271,6.623228129301271,3.3014999408501153,9.08231249891642,4.203923046267428,0.9738331423902282,55,55,1.0,1.7762045251438028,1.793711581496792,0.6970094620155426,0.7071067811865476,-0.5,-0.5,-0.5,-0.5524358749389648,velocity,post_controller_hold,False,,0.1417,2.4158,not_attempted,0.0,False,False
1.3908215,63,701.86884,True,0.3148645042052481,False,False,1.5957377740787364,success,True,0.7101735529258557,7.101735529258557,3.6400981556980536,10.324968774166916,3.6400981556980536,0.8685344241097959,63,63,1.0,1.7819775410899528,1.793711581496792,0.7045660167878334,0.7071067811865476,0.5,0.5,0.5,-1.5707963705062866,velocity,post_controller_hold,False,,0.1787,0.4121,not_attempted,0.0,False,False
8.527295,14,716.796469,True,0.3876263039621969,False,False,1.6746731535377544,success,True,0.9514743985043371,9.51474398504337,1.7371022597255448,2.021518370479352,1.7371022597255448,1.5022750416416357,14,14,1.0,1.7937115814967928,1.793711581496792,0.7071067811865478,0.7071067811865476,0.5,-0.5,-0.5,1.5707963705062866,velocity,post_controller_hold,False,,0.1594,0.2161,not_attempted,0.0,False,False
1.4342138,70,732.357328,True,0.2301991030967048,False,False,1.957256887944055,success,True,0.8402279448040904,8.402279448040904,3.2861540620713403,11.704748599856964,3.7682783760206737,0.9567822030904993,70,70,1.0,1.7765508400931196,1.793711581496792,0.7060201270111306,0.7071067811865476,0.5,0.5,0.5,-1.5707963705062866,velocity,post_controller_hold,False,,0.1429,2.5645,not_attempted,0.0,False,False
2.2138379,48,751.776622,True,0.3345805001862324,False,False,1.481310622249451,success,True,0.5474622751525906,5.4746227515259065,4.498933982845866,7.549266665781728,4.673309888560871,0.8977683964006775,48,48,1.0,1.7876580482601667,1.793711581496792,0.6940718748566348,0.7071067811865476,0.5,0.3448162078857422,0.5,-1.5707963705062866,velocity,post_controller_hold,False,,0.0798,1.3493,not_attempted,0.0,False,False
-6.5085683,81,767.413734,True,0.3317781453903725,False,False,1.843622616222381,success,True,0.9637560862116712,9.637560862116711,4.467007754329934,12.73777765562472,5.540296663520836,1.138627091294567,81,81,1.0,1.7237557564784538,1.793711581496792,0.6981886303692006,0.7071067811865476,-0.5,-0.5,-0.11562862992286682,-1.5707963705062866,velocity,post_controller_hold,False,,0.0874,2.1395,not_attempted,0.0,False,False
17.600616,14,780.027602,True,0.3583461291627393,False,False,1.3716277614847516,success,True,0.0534365404201524,0.534365404201524,1.6466249208637778,2.0780747498985885,1.6466249208637778,1.306950988682571,14,14,1.0,1.551401730746368,1.793711581496792,0.7071067811865478,0.7071067811865476,-0.5,0.5,-0.5,1.5707963705062866,velocity,post_controller_hold,False,,0.1532,2.1243,not_attempted,0.0,False,False
6.0234737,66,795.293279,True,0.37649001314392294,False,False,1.3261891919820696,success,True,0.5665747468608594,5.665747468608594,2.365704191220106,11.10348035981044,2.8220222594929476,1.2122938770790401,66,66,1.0,1.6999690780545205,1.793711581496792,0.7040429906850901,0.7071067811865476,-0.5,-0.5,-0.5,-1.5707963705062866,velocity,post_controller_hold,False,,0.175,2.2488,not_attempted,0.0,False,False
3.493659,43,808.748626,True,0.3971445802487995,False,False,1.570292308898052,success,True,0.8671025381743196,8.671025381743195,2.469013283897278,6.609448841709663,2.827269586483129,1.10046761605476,43,43,1.0,1.7809633617394212,1.793711581496792,0.6953077353596411,0.7071067811865476,-0.5,0.5,0.5,-1.5707963705062866,velocity,post_controller_hold,False,,0.1257,1.3773,not_attempted,0.0,False,False
4.32169,34,823.715718,True,0.3621367999085824,False,False,1.063069892390194,success,True,0.7011964141405874,7.011964141405874,3.8071636011914602,5.530425420164008,3.8071636011914602,0.757282602180602,34,34,1.0,1.791693136622638,1.793711581496792,0.7012637536066493,0.7071067811865476,-0.5,-0.5,0.5,1.5707963705062866,velocity,post_controller_hold,False,,0.1544,0.3813,not_attempted,0.0,True,False
7.344043,25,836.465606,True,0.2791483971346587,False,False,1.4909064549783868,success,True,0.769918878743959,7.69918878743959,2.738367932891444,4.124316807486111,2.8028264843823956,0.8925039513328948,25,25,1.0,1.4864510544831437,1.793711581496792,0.6992539321005047,0.7071067811865476,0.5,-0.5,0.5,1.5707963705062866,velocity,post_controller_hold,False,,0.1685,0.4267,not_attempted,0.0,False,False
7.9657607,26,847.636566,True,0.29390954841366923,False,False,1.7007981536738246,success,True,0.9010228833209906,9.010228833209906,1.2508652066323906,4.3403411518552995,1.40095314382447,0.886688369724088,26,26,1.0,1.7910926451830524,1.793711581496792,0.6995355720112235,0.7071067811865476,-0.5,0.5,0.5,1.5707963705062866,velocity,post_controller_hold,False,,0.0964,1.4273,not_attempted,0.0,False,False
14.309145,38,863.884605,True,0.384335478298432,False,False,1.8216655976403608,success,True,0.18082319383146508,1.8082319383146508,1.3459793191587264,6.121626875824131,1.4998309660885984,0.8550190385206449,38,38,1.0,1.7470574693529954,1.793711581496792,0.7071067811865471,0.7071067811865476,-0.5,-0.5,-0.5,-1.5707963705062866,velocity,post_controller_hold,False,,0.1167,1.926,not_attempted,0.0,False,True
5.1388073,31,876.750794,True,0.34124966754623964,False,False,1.0819066788828735,success,True,0.8948575873421488,8.948575873421488,2.9969715380877524,5.105631311892867,3.1955420471341474,0.915479534170365,31,31,1.0,1.7692821057665797,1.793711581496792,0.7071067811865474,0.7071067811865476,0.5,-0.5,-0.5,1.5707963705062866,velocity,post_controller_hold,False,,0.1587,3.0132,not_attempted,0.0,False,False
12.139744,21,886.406619,True,0.3969454125382352,False,False,1.2102890221189428,success,True,0.4999375228942844,4.999375228942844,2.269762796042626,3.313809939436712,2.269762796042626,1.102383943608613,21,21,1.0,1.7377004141146852,1.793711581496792,0.6878736084349012,0.7071067811865476,-0.5,-0.5,0.5,-1.5707963705062866,velocity,post_controller_hold,False,,0.178,2.2388,not_attempted,0.0,False,False
9.499929,41,904.929736,True,0.3441489859510729,False,False,1.2250697398726171,success,True,0.2901493274419225,2.901493274419225,3.358315593904477,6.092544361484288,3.358315593904477,1.1591490198234693,41,41,1.0,1.7677931238978386,1.793711581496792,0.6935124076278887,0.7071067811865476,-0.5,-0.5,0.5,-1.5707963705062866,velocity,post_controller_hold,False,,0.1087,3.0746,not_attempted,0.0,False,False
10.678019,78,918.378586,True,0.3961816568218145,False,False,1.3584257866040796,success,True,0.09742101108035107,0.9742101108035107,1.5990247501026018,12.88698612975588,1.6720507096090922,1.0306745084166051,78,78,1.0,1.7717531198421193,1.793711581496792,0.6934919230356443,0.7071067811865476,0.5,0.28641510009765625,-0.5,1.5707963705062866,velocity,post_controller_hold,False,,0.1569,0.9424,not_attempted,0.0,False,False
8.305921,34,929.741655,True,0.3595002411596546,False,False,1.5287151681812012,success,True,0.2657894359527829,2.6578943595278295,3.592921665629427,5.872645441651077,3.592921665629427,1.0058510598660442,34,34,1.0,1.7899529290174185,1.793711581496792,0.7019280234901566,0.7071067811865476,0.5,-0.5,-0.5,-1.5707963705062866,velocity,post_controller_hold,False,,0.1266,1.8362,not_attempted,0.0,False,False
3.8825734,25,942.183862,True,0.3970195744903756,False,False,1.7217563934199904,success,True,0.9420710980146356,9.420710980146357,3.6654201702701616,4.389786164941916,3.6654201702701616,0.9002965900439686,25,25,1.0,1.7937115814967932,1.793711581496792,0.7071067811865477,0.7071067811865476,-0.5,0.5,-0.5,-1.5707963705062866,velocity,post_controller_hold,False,,0.1517,0.1236,not_attempted,0.0,False,False
6.46362,49,959.612398,True,0.396582901983655,False,False,1.5460115172343638,success,True,0.456985505454593,4.56985505454593,3.577804338475845,7.4542195678901635,3.935294944873068,1.01870624294389,49,49,1.0,1.7043836353627284,1.793711581496792,0.6962228493484725,0.7071067811865476,0.4064316749572754,0.5,-0.5,1.5707963705062866,velocity,post_controller_hold,False,,0.1396,2.2545,not_attempted,0.0,False,False
-1.6286932,89,978.15159,True,0.3307574884038736,False,False,1.3110738349039375,success,True,0.7902969171255598,7.902969171255599,2.2325409380782792,14.260324017909655,3.868892394290992,0.984114108218017,89,89,1.0,1.7715469944628486,1.793711581496792,0.6963953902717497,0.7071067811865476,0.5,-0.5,0.5,-1.5707963705062866,velocity,post_controller_hold,False,,0.1636,0.425,not_attempted,0.0,False,False
12.661985,20,998.675694,True,0.3767950789090807,False,False,1.138423907808018,success,True,0.4511081465570307,4.511081465570307,1.9281442252538965,2.9723840741042387,1.9281442252538965,1.063039107322617,20,20,1.0,1.7901583814059063,1.793711581496792,0.6967571137927834,0.7071067811865476,-0.5,0.5,-0.5,-1.5707963705062866,velocity,post_controller_hold,False,,0.1651,0.0951,not_attempted,0.0,False,False
5.276378,58,1009.433752,True,0.36908932043311293,False,False,1.2627523509049798,success,True,0.3422977692274497,3.4229776922744968,3.975915696417272,10.270351773190734,4.159780691034058,1.124349215024853,58,58,1.0,1.768124185607531,1.793711581496792,0.7005535738655652,0.7071067811865476,0.5,-0.5,0.5,-1.5707963705062866,velocity,post_controller_hold,False,,0.1744,1.9838,not_attempted,0.0,True,False
9.642254,11,1019.98885,True,0.26841767706396547,False,False,1.6122605464322481,success,True,0.898985681730111,8.98985681730111,1.5119750480534255,2.1454276403750634,1.5119750480534255,1.1956131744880973,11,11,1.0,1.7875906389077256,1.793711581496792,0.689444922902599,0.7071067811865476,0.5,0.5,-0.5,1.5707963705062866,velocity,post_controller_hold,False,,0.1339,0.3903,not_attempted,0.0,False,False
17.784954,9,1034.039565,True,0.3845535052078886,False,False,1.1211226883552161,success,True,0.1440379809573062,1.440379809573062,0.9910672100661151,1.5671366817500358,0.9910672100661151,0.8119051578101847,9,9,1.0,1.7937115814967923,1.793711581496792,0.7071067811865477,0.7071067811865476,-0.5,0.5,-0.5,-1.5707963705062866,velocity,post_controller_hold,False,,0.1569,2.005,not_attempted,0.0,False,False
3.163928,32,1055.248114,True,0.26347971367412587,False,False,1.2560873311630896,success,True,0.7363675142922944,7.363675142922944,4.746627623976715,5.445907906870526,4.746627623976715,1.0420242366405434,32,32,1.0,1.62800868787619,1.793711581496792,0.7071067811865474,0.7071067811865476,-0.5,0.5,0.5,1.5707963705062866,velocity,post_controller_hold,False,,0.1503,1.4812,not_attempted,0.0,True,False
2.890246,50,1073.698676,True,0.3301425847415564,False,False,1.3074671442242183,success,True,0.5508680355124016,5.5086803551240155,4.209896241473239,8.74767608619495,4.587608808637814,0.7322080600033646,50,50,1.0,1.7404991654681334,1.793711581496792,0.6911332972912138,0.7071067811865476,-0.5,-0.5,0.22597885131835938,1.5707963705062866,velocity,post_controller_hold,False,,0.1509,1.7786,not_attempted,0.0,False,False
6.8664417,23,1084.369526,True,0.2620361672096397,False,False,1.360599753913576,success,True,0.9428194001221005,9.428194001221005,2.572276343261613,3.9937060586302415,2.572276343261613,0.8742925061953727,23,23,1.0,1.7937115814967932,1.793711581496792,0.7071067811865478,0.7071067811865476,0.5,0.5,-0.5,1.5707963705062866,velocity,post_controller_hold,False,,0.1681,1.6211,not_attempted,0.0,False,False
9.494104,30,1100.094579,True,0.34996701264241753,False,False,1.437358255081591,success,True,0.19569588311901076,1.9569588311901076,4.0909365233107655,4.646260758544342,4.0909365233107655,0.926542066147029,30,30,1.0,1.7937115814967934,1.793711581496792,0.7071067811865475,0.7071067811865476,-0.5,0.5,0.5,-1.5707963705062866,velocity,post_controller_hold,False,,0.1155,0.8737,not_attempted,0.0,False,False
7.3417706,53,1111.321696,True,0.3311669882384235,False,False,1.63237762572956,success,True,0.24378140251193622,2.437814025119362,4.192294761839069,9.387963461471296,4.549801643647051,1.1076657359633373,53,53,1.0,1.7923818002449248,1.793711581496792,0.7071067811865469,0.7071067811865476,-0.5,0.5,0.5,1.5707963705062866,velocity,post_controller_hold,False,,0.2047,1.5016,not_attempted,0.0,False,False
8.190833,60,1134.703568,True,0.3570217949822802,False,False,1.195538092748319,success,True,0.5148337621303805,5.148337621303805,0.9579960953461573,9.054397469496738,2.0277723133440153,1.071512162206872,60,60,1.0,1.7461900373877317,1.793711581496792,0.6997030910340208,0.7071067811865476,0.5,0.5,0.5,1.5707963705062866,velocity,post_controller_hold,False,,0.1381,1.1444,not_attempted,0.0,True,False
-2.4533286,56,1146.451733,True,0.39417429473855675,False,False,1.6620237764112524,success,True,0.7450628590183749,7.450628590183749,4.892640082509803,9.41586379987254,4.999378112043859,1.2506001926471442,56,56,1.0,1.762450962020465,1.793711581496792,0.7038837135841535,0.7071067811865476,-0.5,-0.5,-0.5,-0.6631360054016113,velocity,post_controller_hold,False,,0.206,2.1201,not_attempted,0.0,False,False
-1.8259209,68,1170.062866,True,0.38949643890152186,False,False,1.245487057952759,success,True,0.2342179284106803,2.3421792841068028,3.7563524239939965,10.524703592575861,3.7563524239939965,0.9619519786102737,68,68,1.0,1.758604890972457,1.793711581496792,0.7046434201606931,0.7071067811865476,0.5,-0.5,-0.5,-0.4710940718650818,velocity,post_controller_hold,False,,0.1296,1.5062,not_attempted,0.0,False,False
-0.88853043,88,1181.545539,True,0.3108248485817012,False,False,1.5376585556623623,success,True,0.32443802754601336,3.2443802754601334,4.7824386466706255,14.635132570626585,5.723759705456602,1.045186215805128,88,88,1.0,1.7715635117131376,1.793711581496792,0.7058979560572582,0.7071067811865476,0.5,-0.5,0.5,1.5707963705062866,velocity,post_controller_hold,False,,0.1125,1.0242,not_attempted,0.0,False,False
16.614368,23,1195.14263,True,0.2772263530485265,False,False,1.4868399341431666,success,True,0.16247500225306213,1.6247500225306213,1.0806451374680999,3.180136445030426,1.4984611302975603,1.2167221379701736,23,23,1.0,1.7924493168653357,1.793711581496792,0.7071067811865478,0.7071067811865476,-0.5,0.5,0.5,-1.5707963705062866,velocity,post_controller_hold,False,,0.1288,2.0425,not_attempted,0.0,False,False
11.431099,44,1209.178621,True,0.3983766292257786,False,False,1.126642800793747,success,True,0.15813010958655094,1.5813010958655094,2.953140294899484,7.477701690637995,3.007127155853677,0.9176787605243352,44,44,1.0,1.6543298049513382,1.793711581496792,0.707106781186547,0.7071067811865476,-0.5,0.5,-0.5,1.5707963705062866,velocity,post_controller_hold,False,,0.077,2.665,not_attempted,0.0,False,False
14.5255785,11,1224.200701,True,0.33187019476309887,False,False,1.0398012348818855,success,True,0.412381417427329,4.1238141742732894,1.3397220117413766,1.5553779170272863,1.3397220117413766,0.9333826901870618,11,11,1.0,1.7937115814967926,1.793711581496792,0.7071067811865478,0.7071067811865476,-0.5,0.5,0.5,-1.5707963705062866,velocity,post_controller_hold,False,,0.1236,1.9643,not_attempted,0.0,True,False
8.43183,30,1238.636838,True,0.3461827685206501,False,False,1.5117173818973861,success,True,0.605006390127157,6.050063901271569,2.6620949962839835,4.33321793480331,2.6620949962839835,1.1863723485165167,30,30,1.0,1.7304919960898293,1.793711581496792,0.7035948872207136,0.7071067811865476,-0.5,0.5,0.5,-1.5707963705062866,velocity,post_controller_hold,False,,0.0659,2.933,not_attempted,0.0,False,False
9.483129,78,1258.259153,True,0.318466302740004,False,False,1.465142065445654,success,True,0.12526228519752464,1.2526228519752465,1.8087614252916764,12.769717355963488,2.352245048752548,1.2412408781287116,78,78,1.0,1.6922495034528013,1.793711581496792,0.6982512539083623,0.7071067811865476,0.5,0.5,-0.5,-1.5707963705062866,velocity,post_controller_hold,False,,0.1091,0.5607,not_attempted,0.0,False,False
2.9949222,34,1280.976013,True,0.3376830939300615,False,False,1.4220293913313056,success,True,0.7698086923806008,7.698086923806008,3.676373279940631,5.405840714090882,3.676373279940631,1.077479697661126,34,34,1.0,1.7937115814967934,1.793711581496792,0.7071067811865472,0.7071067811865476,0.5,0.5,-0.5,1.5707963705062866,velocity,post_controller_hold,False,,0.1275,2.4197,not_attempted,0.0,False,False
3.9429395,81,1299.953088,True,0.3495416517759781,False,False,1.7036972197421874,success,True,0.18481627261713662,1.8481627261713662,4.977263425244679,13.250873603576501,5.726034839586199,0.8459176459878273,81,81,1.0,1.764926288025871,1.793711581496792,0.7051488492839949,0.7071067811865476,-0.5,0.5,-0.5,-1.5707963705062866,velocity,post_controller_hold,False,,0.1136,1.8911,not_attempted,0.0,False,False
8.9341135,43,1316.494537,True,0.2756440007336893,False,False,1.2025777368903423,success,True,0.34105379276531733,3.4105379276531735,2.9310139086141023,7.134832816277733,3.113865989988507,0.8164688365540412,43,43,1.0,1.663731622432909,1.793711581496792,0.707106781186547,0.7071067811865476,-0.5,0.5,0.5,-1.5707963705062866,velocity,post_controller_hold,False,,0.1113,0.5871,not_attempted,0.0,True,False
15.4352455,23,1334.615385,True,0.3578722390632288,False,False,1.7155352593412971,success,True,0.07770877095442429,0.7770877095442429,2.3730529844036026,3.4552932822037166,2.3730529844036026,1.229812664931643,23,23,1.0,1.7814638440396144,1.793711581496792,0.699093166624641,0.7071067811865476,0.5,0.5,-0.39711201190948486,1.5707963705062866,velocity,post_controller_hold,False,,0.0992,1.2984,not_attempted,0.0,False,False
2.107351,60,1352.48066,True,0.226844060877933,False,False,1.6654910335527802,success,True,0.9026116539760612,9.026116539760613,3.0195229000365678,9.640518582870204,4.045254118566201,0.8735273222738619,60,60,1.0,1.6358925048527426,1.793711581496792,0.6966250412474296,0.7071067811865476,-0.5,0.5,0.5,-1.5707963705062866,velocity,post_controller_hold,False,,0.1896,2.6481,not_attempted,0.0,False,False
7.031499,20,1363.542577,True,0.29363211116731175,False,False,1.2668852995605777,success,True,0.9567965661388826,9.567965661388826,2.1423431671512274,3.2713424981881007,2.1423431671512274,1.0981149050813206,20,20,1.0,1.7884583536772645,1.793711581496792,0.6927694830496616,0.7071067811865476,-0.4024629592895508,0.5,0.5,-1.5707963705062866,velocity,post_controller_hold,False,,0.1503,2.7578,not_attempted,0.0,False,False
3.610092,31,1379.381714,True,0.32714610189480775,False,False,1.819819356568119,success,True,0.9895374449098399,9.895374449098398,2.8890015687225548,5.22776402126571,2.8890015687225548,0.9929892790643029,31,31,1.0,1.7614251026620555,1.793711581496792,0.7071067811865474,0.7071067811865476,0.5,-0.5,0.5,-1.5707963705062866,velocity,post_controller_hold,False,,0.116,2.6759,not_attempted,0.0,False,False
5.1308184,68,1397.95771,True,0.32661327403641033,False,False,1.5695004697591781,success,True,0.4860697769605796,4.860697769605796,3.1466105147121723,10.508096793024885,3.5641758349497814,0.8372552643144713,68,68,1.0,1.779951487004762,1.793711581496792,0.7021203599457769,0.7071067811865476,-0.5,0.5,0.5,1.5707963705062866,velocity,post_controller_hold,False,,0.0662,0.8095,not_attempted,0.0,False,False
4.965302,51,1415.408839,True,0.16344382103585192,False,False,1.3666635763096389,success,True,0.011723234428783034,0.11723234428783035,4.918154632259789,8.40807012979418,5.058223944319276,1.084620093505554,51,51,1.0,1.7087792012358123,1.793711581496792,0.705319149600343,0.7071067811865476,-0.5,0.5,-0.5,1.5707963705062866,velocity,post_controller_hold,False,,0.1186,0.5684,not_attempted,0.0,False,False
9.756664,10,1428.573796,True,0.358508274522781,False,False,1.3576268453144307,success,True,0.8888114464361534,8.888114464361534,1.6251770006754231,2.066400925230954,1.6251770006754231,1.3070887977637637,10,10,1.0,1.7937115814967926,1.793711581496792,0.7071067811865477,0.7071067811865476,-0.5,-0.5,-0.5,-1.5707963705062866,velocity,post_controller_hold,False,,0.1403,2.6609,not_attempted,0.0,False,False
8.396671,37,1445.601887,True,0.338947849849116,False,False,1.3393395780775128,success,True,0.3969318007308443,3.9693180073084426,3.0298334246559184,5.729974531372239,3.0298334246559184,1.1486538763876,37,37,1.0,1.788920498966683,1.793711581496792,0.7053759844777417,0.7071067811865476,0.5,0.5,-0.5,-1.5707963705062866,velocity,post_controller_hold,False,,0.0784,0.0023,not_attempted,0.0,False,False
2.043848,38,1468.114453,True,0.38697471772967473,False,False,1.038026939948192,success,True,0.8462152933984216,8.462152933984216,3.8904726531622633,6.014976909871516,3.8904726531622633,1.038026939948192,38,38,1.0,1.7937115814967934,1.793711581496792,0.7071067811865471,0.7071067811865476,0.5,0.5,-0.5,-1.5707963705062866,velocity,post_controller_hold,False,,0.1021,2.3046,not_attempted,0.0,False,False
0.7799247,94,1484.228657,True,0.39699572787590304,False,False,1.6624849476968895,success,True,0.3970639038481945,3.970639038481945,2.9605473142706082,15.637498593220618,2.9605473142706082,0.7082146188683843,94,94,1.0,1.776256783624388,1.793711581496792,0.7034625994908847,0.7071067811865476,-0.5,0.5,0.5,-1.5707963705062866,velocity,post_controller_hold,False,,0.1613,0.8685,not_attempted,0.0,False,False
7.312218,17,1496.423704,True,0.300412412281248,False,False,1.5643538251828473,success,True,0.9979016024860916,9.979016024860917,1.795423819542385,2.8571791787102407,1.795423819542385,0.9871430647651672,17,17,1.0,1.7885836094367369,1.793711581496792,0.6930730213874642,0.7071067811865476,-0.5,0.5,-0.5,1.5707963705062866,velocity,post_controller_hold,False,,0.0636,2.2293,not_attempted,0.0,False,False
5.819578,25,1514.346758,True,0.2378574703018187,False,False,1.3177744242728477,success,True,0.9594183053066738,9.594183053066738,2.676481994174671,4.07651936726646,2.676481994174671,1.25863535778369,25,25,1.0,1.7008994191058389,1.793711581496792,0.7071067811865477,0.7071067811865476,0.5,0.5,-0.5,1.5707963705062866,velocity,post_controller_hold,False,,0.1273,0.2176,not_attempted,0.0,False,False
-0.087249294,54,1533.156628,True,0.37356675884923624,False,False,1.564408289212544,success,True,0.9513183956832323,9.513183956832323,4.096863197174218,9.095568687068202,4.102208647685287,0.8655418111519411,54,54,1.0,1.7937115814967937,1.793711581496792,0.7071067811865469,0.7071067811865476,-0.5,0.5,0.5,-1.5707963705062866,velocity,post_controller_hold,False,,0.1608,2.3573,not_attempted,0.0,False,False
6.010816,40,1543.474645,True,0.2802862240230006,False,False,1.318411702229147,success,True,0.5795084859538655,5.795084859538655,3.690988739723316,6.7451802629771365,3.690988739723316,0.9720842585445233,40,40,1.0,1.7937115814967934,1.793711581496792,0.7071067811865471,0.7071067811865476,0.5,0.5,0.5,1.5707963705062866,velocity,post_controller_hold,False,,0.1887,0.2535,not_attempted,0.0,False,False
7.7603426,51,1564.486592,True,0.15440112119530552,False,False,1.1799790331895412,success,True,0.6356117592117904,6.356117592117903,1.743285497320209,7.391207771000764,1.9086958947252568,1.1737928423207002,51,51,1.0,1.7512994962925865,1.793711581496792,0.704121326876589,0.7071067811865476,0.5,-0.5,-0.5,1.5707963705062866,velocity,post_controller_hold,False,,0.1849,2.1125,not_attempted,0.0,False,False
5.525273,28,1582.696839,True,0.36637554968609776,False,False,1.261806626237395,success,True,0.8692501086930267,8.692501086930267,2.698445275862529,4.263804112602823,2.698445275862529,1.0895240110687632,28,28,1.0,1.760904423240477,1.793711581496792,0.7071067811865476,0.7071067811865476,-0.5,0.5,-0.5,-1.5707963705062866,velocity,post_controller_hold,False,,0.0683,2.155,not_attempted,0.0,False,False
-13.339003,100,1596.87955,True,0.365580728597693,False,False,1.874662319835272,success,True,0.7947162475657995,7.947162475657995,4.158883285710954,16.821229198240545,4.5683723685323425,0.8905000536458183,100,100,1.0,1.7774423201259555,1.793711581496792,0.70179916834856,0.7071067811865476,0.5,0.5,0.5,-1.5707963705062866,velocity,post_controller_hold,False,,0.1646,2.6054,not_attempted,0.0,False,False
10.35412,62,1617.54171,True,0.3448639078746162,False,False,1.1685776338753813,success,True,0.29204112624608625,2.9204112624608625,2.9940443283088833,9.79500017533296,3.2185980262931047,0.9215914150135974,62,62,1.0,1.772401603634109,1.793711581496792,0.7047791209625358,0.7071067811865476,-0.5,0.5,-0.5,-1.5707963705062866,velocity,post_controller_hold,False,,0.0468,0.5171,not_attempted,0.0,False,False
2.070353,52,1628.608784,True,0.37307463565135773,False,False,1.3802568920510485,success,True,0.8378577106077981,8.378577106077982,4.067282513392542,8.25505388313431,4.067282513392542,1.0569855527981669,52,52,1.0,1.6983991801718565,1.793711581496792,0.6996791759482662,0.7071067811865476,0.5,0.5,-0.5,1.5707963705062866,velocity,post_controller_hold,False,,0.1785,1.8435,not_attempted,0.0,False,False
0.9919286,40,1650.24363,True,0.2512546243990901,False,False,1.6314163158626314,success,True,0.8567205218159212,8.567205218159211,4.281365939450844,6.416476702581617,4.281365939450844,1.1781925166970262,40,40,1.0,1.6907182146114657,1.793711581496792,0.6985410505257656,0.7071067811865476,-0.5,0.5,0.5,1.5707963705062866,velocity,post_controller_hold,False,,0.161,2.7503,not_attempted,0.0,False,False
-0.93196136,53,1668.812526,True,0.330192605583862,False,False,1.0680018712377641,success,True,0.6530950430183845,6.530950430183845,4.822162911751789,8.34040085276756,4.9815570361490575,0.995109351154736,53,53,1.0,1.7488275869287144,1.793711581496792,0.6946235728366766,0.7071067811865476,0.5,0.5,0.5,1.5707963705062866,velocity,post_controller_hold,False,,0.118,0.7818,not_attempted,0.0,True,False
16.62144,34,1684.974558,True,0.3938365550424058,False,False,1.4130123258526395,success,True,0.025351022337238873,0.2535102233723887,1.2000362561232158,4.99691491025411,1.377018278489738,1.1938839981752978,34,34,1.0,1.7259233323483887,1.793711581496792,0.7058559318204873,0.7071067811865476,-0.5,0.5,-0.5,1.5707963705062866,velocity,post_controller_hold,False,,0.1246,0.983,not_attempted,0.0,False,False
13.377808,20,1700.724798,True,0.39424275172354595,False,False,1.6079236229694192,success,True,0.30266184825116366,3.0266184825116365,2.1310622211928245,3.4378572109662278,2.1310622211928245,1.4572310734436422,20,20,1.0,1.7904904003379343,1.793711581496792,0.7071067811865478,0.7071067811865476,0.5,0.5,-0.5,1.4968088865280151,velocity,post_controller_hold,False,,0.1256,1.8431,not_attempted,0.0,False,False
5.6684666,76,1731.191357,True,0.37766420512791793,False,False,1.5278494324068082,success,True,0.2426821294082153,2.4268212940821527,4.367033841854504,11.76051560526284,4.411272205622211,0.9339856618327886,76,76,1.0,1.7541600894057487,1.793711581496792,0.6940172196181414,0.7071067811865476,-0.5,-0.5,0.5,-1.5707963705062866,velocity,post_controller_hold,False,,0.1482,0.4183,not_attempted,0.0,False,False
8.278281,83,1749.342512,True,0.2273454839203514,False,False,1.4880693788672417,success,True,0.16041474783328158,1.6041474783328158,2.5946607594827844,12.779669848044152,3.670897013812401,0.8501320301851457,83,83,1.0,1.7246264370130853,1.793711581496792,0.70255478281859,0.7071067811865476,0.5,0.5,0.5,-1.5707963705062866,velocity,post_controller_hold,False,,0.0394,0.4507,not_attempted,0.0,False,False
-16.298403,10,1757.602768,False,1.451800260068114,True,False,2.565091967524444,out_of_bounds,True,0.38934176534704396,0.0,1.8263309400199474,1.137461843809648,1.0122012548925956,1.7088544790359952,9,9,1.0,1.7937115814967923,1.793711581496792,0.7071067811865477,0.7071067811865476,-0.5,-0.5,0.5,-1.5707963705062866,velocity,post_controller_hold,False,,0.2183,1.8059,not_attempted,0.0,False,False
9.40955,31,1776.321836,True,0.3415676505555255,False,False,1.3689857932076042,success,True,0.6191778751789357,6.191778751789357,2.5502367425433587,4.512631895096421,2.5502367425433587,1.2536662316025888,31,31,1.0,1.7057218086516377,1.793711581496792,0.7032268723175049,0.7071067811865476,0.5,-0.5,0.5,1.5707963705062866,simulator_service,service_success,True,,0.0078,0.0,service_success,0.0,False,False
11.466649,33,1799.354551,True,0.3409943947230466,False,False,1.0734461674566602,success,True,0.5108867433261138,5.108867433261138,2.1858420305524824,4.979774033224331,2.1858420305524824,0.8789827139859839,33,33,1.0,1.7803529074278124,1.793711581496792,0.7071067811865474,0.7071067811865476,0.5,-0.5,0.5,1.5707963705062866,velocity,post_controller_hold,False,,0.0884,1.0871,not_attempted,0.0,True,False
-0.34769437,71,1817.572407,True,0.31766350873490173,False,False,1.0566772839597791,success,True,0.765846591497251,7.65846591497251,3.7227946117309316,12.186616045488103,5.436293736434306,1.0351446623496396,71,71,1.0,1.7326033954530617,1.793711581496792,0.6969435118118819,0.7071067811865476,-0.5,0.5,0.5,1.5707963705062866,velocity,post_controller_hold,False,,0.1345,1.6329,not_attempted,0.0,True,False
5.6494093,95,1847.268663,True,0.3587262863495053,False,False,1.6748063244025195,success,True,0.3000714088025384,3.000714088025384,2.0673737435081168,14.739983920835003,2.922122441507838,0.9148292728285975,95,95,1.0,1.7132706401180369,1.793711581496792,0.7033417513384677,0.7071067811865476,-0.5,-0.5,0.5,-1.5707963705062866,velocity,post_controller_hold,False,,0.0701,1.0278,not_attempted,0.0,False,False
12.857683,23,1868.501245,True,0.19448317108391508,False,False,1.7498989305182575,success,True,0.34140161649189105,3.4140161649189107,2.4299107428945335,3.5975757933638497,2.4299107428945335,1.1857155927173741,23,23,1.0,1.7937115814967932,1.793711581496792,0.7071067811865478,0.7071067811865476,-0.5,-0.5,0.5,-1.5707963705062866,velocity,post_controller_hold,False,,0.1675,2.8137,not_attempted,0.0,False,False
9.965918,47,1890.010039,True,0.3289777719394533,False,False,1.8944359001047115,success,True,0.37295847325864134,3.7295847325864133,2.5771285151596652,6.955477193379723,3.4587912859545202,1.0328581658964704,47,47,1.0,1.7907551654961884,1.793711581496792,0.707106781186547,0.7071067811865476,-0.5,0.5,0.5,1.5707963705062866,velocity,post_controller_hold,False,,0.0416,2.1538,not_attempted,0.0,False,False
-4.30685,175,1905.59048,True,0.3699229686658442,False,False,1.5967934164384963,success,True,0.4052711270606772,4.052711270606772,3.2741456719332205,27.640987220635882,4.341509762138861,0.7943735598419186,175,175,1.0,1.7777328117887785,1.793711581496792,0.7038261653434331,0.7071067811865476,0.5,-0.5,0.5,-1.5707963705062866,velocity,post_controller_hold,False,,0.1198,0.6862,not_attempted,0.0,False,False
-3.4338198,59,1925.926983,True,0.22043095658391182,False,False,1.1837871858339313,success,True,0.5984332412514521,5.984332412514521,5.224144605696288,9.354970415182889,5.224144605696288,0.9145616100901427,59,59,1.0,1.7902791141468515,1.793711581496792,0.697249316428338,0.7071067811865476,-0.5,-0.5,0.5,-1.5707963705062866,velocity,post_controller_hold,False,,0.1782,0.711,not_attempted,0.0,True,False
6.0906806,46,1939.606613,True,0.3930495432471009,False,False,1.5383715842565162,success,True,0.4237400267700896,4.237400267700896,3.7100179394799953,6.959919920062865,3.9291035752709713,1.0386418182666497,46,46,1.0,1.7906247890563234,1.793711581496792,0.707106781186547,0.7071067811865476,-0.5,0.5,0.018626809120178223,-1.5707963705062866,velocity,post_controller_hold,False,,0.1021,1.6682,not_attempted,0.0,False,False
12.3116665,29,1961.423554,True,0.3733749283348725,False,False,1.6407844978777069,success,True,0.08289825297314779,0.8289825297314779,3.631022751121984,4.501568278105955,3.631022751121984,1.1693700830711802,29,29,1.0,1.7893206577446639,1.793711581496792,0.6945492160548743,0.7071067811865476,0.5,0.5,0.5,-1.5707963705062866,velocity,post_controller_hold,False,,0.1537,2.8129,not_attempted,0.0,False,False
12.981558,7,1972.734046,True,0.34129850222396957,False,False,1.871371436033706,success,True,0.642471603363169,6.4247160336316895,0.8942923196856474,0.9001515192937999,0.8942923196856474,1.3545181654800147,7,7,1.0,1.7746226774395315,1.793711581496792,0.6520966966971843,0.7071067811865476,0.12158870697021484,-0.5,-0.5,1.5707963705062866,velocity,post_controller_hold,False,,0.1807,2.7411,not_attempted,0.0,False,True
3.7201374,59,1992.531554,True,0.3470036762600543,False,False,1.1352809863258795,success,True,0.7408546675465657,7.408546675465657,4.003493942229401,10.336002306743483,4.3401578280755935,0.8739710961697739,59,59,1.0,1.745670796165448,1.793711581496792,0.7019573191782297,0.7071067811865476,-0.5,-0.5,-0.5,1.5707963705062866,velocity,post_controller_hold,False,,0.1565,0.5746,not_attempted,0.0,False,False
9.926476,43,2007.871539,True,0.3764601562245686,False,False,1.0852780531474366,success,True,0.5331345512887753,5.3313455128877525,1.8289216541319246,6.604280107795666,1.8289216541319246,0.8933750774392463,43,43,1.0,1.7621750537857546,1.793711581496792,0.6821330397673327,0.7071067811865476,0.5,0.5,0.5,1.5707963705062866,velocity,post_controller_hold,False,,0.0844,2.2642,not_attempted,0.0,False,False
3.6194727,74,2028.458512,True,0.22016216673970607,False,False,1.260496473047771,success,True,0.46510654926877887,4.651065492687788,4.0279587648464865,11.427469618103169,4.8663515198903236,0.7131744435551329,74,74,1.0,1.6619427540011606,1.793711581496792,0.6952268806979534,0.7071067811865476,-0.5,0.5,-0.5,-1.5707963705062866,velocity,post_controller_hold,False,,0.074,2.517,not_attempted,0.0,False,False
-1.499989,87,2050.586687,True,0.3894325275020891,False,False,1.3073961787879704,success,True,0.068622620038163,0.68622620038163,4.837381702540533,13.280620625866144,5.321685963264239,1.1719427958117286,87,87,1.0,1.7931773804925855,1.793711581496792,0.7056361922898973,0.7071067811865476,-0.5,-0.5,-0.5,1.5707963705062866,velocity,post_controller_hold,False,,0.1256,1.2836,not_attempted,0.0,False,False
14.297722,47,2068.200646,True,0.2509404676004032,False,False,1.6452190638751698,success,True,0.05726394042820803,0.5726394042820803,2.3386429650007194,7.380251097709837,2.996752996806916,0.888921787838136,47,47,1.0,1.7750158965541591,1.793711581496792,0.6992035496123922,0.7071067811865476,-0.5,0.15005332231521606,-0.5,1.5707963705062866,velocity,post_controller_hold,False,,0.0324,2.672,not_attempted,0.0,False,False
13.234111,22,2080.900847,True,0.30406940044518554,False,False,1.3179051283063232,success,True,0.1447541646165882,1.4475416461658819,3.3586661667273274,3.780372308611919,3.3586661667273274,1.3179051283063232,22,22,1.0,1.7937115814967932,1.793711581496792,0.7071067811865478,0.7071067811865476,0.5,-0.5,0.5,-1.5707963705062866,velocity,post_controller_hold,False,,0.1697,0.3051,not_attempted,0.0,True,False
15.290676,12,2101.517706,True,0.22060520464791225,False,False,1.132626116071865,success,True,0.32534678075530216,3.2534678075530215,1.2016295809064714,1.6911011416017998,1.2016295809064714,1.132626116071865,12,12,1.0,1.7937115814967928,1.793711581496792,0.7071067811865478,0.7071067811865476,-0.5,-0.5,-0.5,1.5707963705062866,velocity,post_controller_hold,False,,0.1037,2.6971,not_attempted,0.0,False,False
13.492681,34,2113.403552,True,0.2424087071179724,False,False,1.534383850298338,success,True,0.026316013615306263,0.26316013615306266,3.2956502348188232,6.340291778178259,3.832399228185405,1.0173000326160553,34,34,1.0,1.7165506803751562,1.793711581496792,0.7070379930454835,0.7071067811865476,-0.5,0.5,0.5,1.5707963705062866,velocity,post_controller_hold,False,,0.1704,1.2145,not_attempted,0.0,False,False
11.168825,13,2130.723696,True,0.30336712938112237,False,False,1.585808757665281,success,True,0.7376166055668166,7.3761660556681665,1.4024445905526164,1.6800439759755157,1.4024445905526164,1.3528554322220931,13,13,1.0,1.7937115814967928,1.793711581496792,0.7071067811865478,0.7071067811865476,-0.5,-0.5,0.5,1.5707963705062866,velocity,post_controller_hold,False,,0.1144,1.0972,not_attempted,0.0,False,False
9.113588,25,2151.547658,True,0.38697822066762133,False,False,1.3527944151546296,success,True,0.6396067194459477,6.396067194459477,2.5823630129623893,3.844287992588359,2.5823630129623893,0.9912324355061054,25,25,1.0,1.7937115814967932,1.793711581496792,0.7071067811865477,0.7071067811865476,0.5,0.5,0.5,1.5707963705062866,velocity,post_controller_hold,False,,0.1302,1.8088,not_attempted,0.0,False,False
3.0817978,59,2169.335724,True,0.3955464824183113,False,False,1.4554004660657265,success,True,0.8008440447617982,8.008440447617982,3.376136326992762,10.131127563658634,3.652375554002278,0.9458483340964169,59,59,1.0,1.7542337784291793,1.793711581496792,0.7071067811865469,0.7071067811865476,-0.5,0.5,-0.5,-1.5707963705062866,velocity,post_controller_hold,False,,0.1565,2.5909,not_attempted,0.0,False,False
-1.4385332,66,2191.176892,True,0.35970119089832064,False,False,1.6194410181769483,success,True,0.7098864577314904,7.098864577314904,4.190689438288276,10.638294443260985,4.391164703586364,1.0378142997197126,66,66,1.0,1.7293736746788564,1.793711581496792,0.7005536417422455,0.7071067811865476,-0.5,0.5,0.5,-1.5319228172302246,velocity,post_controller_hold,False,,0.1388,0.0449,not_attempted,0.0,False,False
9.408606,65,2205.768299,True,0.3520137940897381,False,False,0.9942990989159828,success,True,0.07831277354717789,0.7831277354717789,2.9307712494787825,10.049811656280061,4.0715699779877905,0.7517821436320214,65,65,1.0,1.7603451867383182,1.793711581496792,0.6981586819074409,0.7071067811865476,0.5,0.27819740772247314,0.5,1.5707963705062866,velocity,post_controller_hold,False,,0.0803,0.5492,not_attempted,0.0,True,False
6.1589108,22,2220.289947,True,0.3663366791214286,False,False,1.3989043964412047,success,True,0.8736249968902052,8.736249968902053,3.2142082450425553,3.7561649416836613,3.2142082450425553,0.838709943453915,22,22,1.0,1.7887090326345911,1.793711581496792,0.7071067811865478,0.7071067811865476,0.5,0.5,0.38670122623443604,1.5707963705062866,velocity,post_controller_hold,False,,0.0731,2.5167,not_attempted,0.0,False,False
11.67385,18,2237.115513,True,0.36709461447132175,False,False,1.587541779971522,success,True,0.5591529817223098,5.591529817223098,1.865294756066149,2.5565415114466687,1.865294756066149,1.3379505877265658,18,18,1.0,1.7826131367316576,1.793711581496792,0.7071067811865478,0.7071067811865476,0.5,-0.5,0.5,1.5707963705062866,velocity,post_controller_hold,False,,0.1022,0.5916,not_attempted,0.0,False,False
8.094958,26,2256.031724,True,0.37454086039837414,False,False,1.976088825015734,success,True,0.6876219966390757,6.8762199663907575,2.604034850025575,3.7463606479049054,2.604034850025575,1.1528888234515142,26,26,1.0,1.7937115814967934,1.793711581496792,0.7071067811865477,0.7071067811865476,0.5,0.5,0.5,-1.5707963705062866,velocity,post_controller_hold,False,,0.0975,0.5222,not_attempted,0.0,False,False
6.2351317,57,2256.03189,True,0.3558308740240443,False,False,1.84871316175424,success,True,0.7157266077122872,7.157266077122872,2.4092357501521118,9.218005967384874,2.844357034530972,0.6931518263037219,57,57,1.0,1.715836484845169,1.793711581496792,0.6946619327127935,0.7071067811865476,-0.5,-0.5,0.5,-1.5707963705062866,velocity,post_controller_hold,False,,0.1141,0.9126,not_attempted,0.0,False,False
10.732474,38,2274.05774,True,0.32413106650476814,False,False,1.314230929758149,success,True,0.357392143846129,3.57392143846129,3.1337831646828485,5.765420567945182,3.67455358082496,0.9289547409450852,38,38,1.0,1.7922184850139855,1.793711581496792,0.7029047014868869,0.7071067811865476,0.5,-0.5,0.5,1.5707963705062866,velocity,post_controller_hold,False,,0.1461,1.7897,not_attempted,0.0,True,False
4.9173427,48,2293.005637,True,0.23159763651969156,False,False,1.1964609741721908,success,True,0.6222617800536498,6.222617800536499,3.1903183362038194,7.545660068541993,3.7015954074227153,0.6935304948275312,48,48,1.0,1.712973404584525,1.793711581496792,0.6997986975024352,0.7071067811865476,0.5,-0.5,0.5,-1.5707963705062866,velocity,post_controller_hold,False,,0.2035,2.7153,not_attempted,0.0,True,False
5.6992855,50,2313.821625,True,0.35771498372335186,False,False,1.3609651819725788,success,True,0.843851083780558,8.43851083780558,2.0412635268422714,6.940385063729243,2.5004257906221254,0.9565044682484566,50,50,1.0,1.7389105224964732,1.793711581496792,0.707106781186547,0.7071067811865476,-0.5,0.5,-0.5,1.5707963705062866,velocity,post_controller_hold,False,,0.1641,2.0052,not_attempted,0.0,False,False
-0.375678,53,2344.352574,True,0.31624928072257885,False,False,1.7261224823007164,success,True,0.8144857175561308,8.144857175561308,4.34780608334188,8.345184823264466,4.766839157975777,0.8615780121460133,53,53,1.0,1.7384415861175735,1.793711581496792,0.7071067811865469,0.7071067811865476,-0.5,-0.5,0.5,1.5707963705062866,velocity,post_controller_hold,False,,0.1662,0.2513,not_attempted,0.0,False,False
-11.618327,121,2360.781937,True,0.3181235701401179,False,False,1.3348150464563875,success,True,0.9595410603261109,9.595410603261108,4.781984950357893,18.989731416503208,5.189983842186119,0.9493881316769107,121,121,1.0,1.7887703407396558,1.793711581496792,0.7051388056944112,0.7071067811865476,0.5,-0.5,-0.5,-1.5707963705062866,velocity,post_controller_hold,False,,0.1313,0.319,not_attempted,0.0,False,False
3.391171,34,2379.461657,True,0.31505936752349595,False,False,1.671374595189131,success,True,0.7738063219990668,7.738063219990669,3.6887673046023255,5.378883033501526,3.6887673046023255,1.0868082486377257,34,34,1.0,1.7937115814967934,1.793711581496792,0.7071067811865472,0.7071067811865476,0.5,0.5,-0.5,-1.5707963705062866,velocity,post_controller_hold,False,,0.172,1.7596,not_attempted,0.0,False,False
3.9275231,42,2398.105545,True,0.29311101385916516,False,False,1.7701699641409832,success,True,0.865306358341233,8.65306358341233,3.5215049310404645,6.630348254076193,3.5215049310404645,1.3146094752873099,42,42,1.0,1.7937115814967934,1.793711581496792,0.707106781186547,0.7071067811865476,0.5,-0.5,-0.5,-1.5707963705062866,velocity,post_controller_hold,False,,0.1988,1.8221,not_attempted,0.0,False,False
0.23894563,36,2418.515012,True,0.3897690800359751,False,False,1.3457179697678097,success,True,0.9908784330446896,9.908784330446895,3.596404599475701,5.614434721037508,3.596404599475701,0.8529645226847308,36,36,1.0,1.7937115814967934,1.793711581496792,0.7071067811865472,0.7071067811865476,-0.5,-0.5,-0.5,1.5707963705062866,velocity,post_controller_hold,False,,0.11,3.0451,not_attempted,0.0,False,False
8.999074,78,2436.201538,True,0.2586159219657407,False,False,1.029084535621059,success,True,0.09191669384092194,0.9191669384092194,2.2213954321612857,12.333442165664,3.223830528717191,1.029084535621059,78,78,1.0,1.7907600411179725,1.793711581496792,0.6985963302249986,0.7071067811865476,-0.5,-0.5,0.5,-1.5707963705062866,velocity,post_controller_hold,False,,0.1454,2.5998,not_attempted,0.0,True,False
8.357456,70,2456.922747,True,0.39743520473827704,False,False,1.8286456008598972,success,True,0.2567236434051456,2.567236434051456,2.2461919651596536,11.302908207234196,3.116038860795941,0.9134660779409097,70,70,1.0,1.783150863854489,1.793711581496792,0.7058757124911539,0.7071067811865476,-0.5,0.5,-0.5,-1.5707963705062866,velocity,post_controller_hold,False,,0.096,0.0077,not_attempted,0.0,False,False
-22.85173,45,2466.410744,False,1.6427795649087908,True,False,2.5481493944522247,out_of_bounds,True,0.13195979509321723,0.0,3.4893578176977362,6.388287295192016,2.8225671941608206,1.2725676848718146,44,44,1.0,1.6247464996723442,1.793711581496792,0.707106781186547,0.7071067811865476,0.5,0.5,0.5,1.5707963705062866,velocity,post_controller_hold,False,,0.0337,2.8939,not_attempted,0.0,False,False
8.461262,30,2486.450619,True,0.39245487995683354,False,False,1.09671813929434,success,True,0.5375495886442738,5.375495886442739,3.25218724368458,4.818541352596664,3.25218724368458,0.897465212214935,30,30,1.0,1.791977998006862,1.793711581496792,0.7071067811865475,0.7071067811865476,0.5,-0.5,0.5,-1.5707963705062866,velocity,post_controller_hold,False,,0.1198,2.9978,not_attempted,0.0,False,False
-3.1763737,47,2512.378764,True,0.31669981986063844,False,False,1.9877497726311995,success,True,0.9294016332237789,9.294016332237788,5.068349424431745,7.449663058602581,5.068349424431745,1.0720244260387428,47,47,1.0,1.7164536797679568,1.793711581496792,0.707106781186547,0.7071067811865476,0.5,0.5,-0.5,-1.5707963705062866,velocity,post_controller_hold,False,,0.1302,3.0426,not_attempted,0.0,False,True
6.7242107,90,2536.639706,True,0.39159172442609924,False,False,0.9588155116413948,success,True,0.038273925470328714,0.3827392547032871,3.8614431339936446,14.153417405081543,4.131086814347745,0.8227930326523311,90,90,1.0,1.7599679437299904,1.793711581496792,0.704207482293543,0.7071067811865476,0.5,0.5,-0.5,1.5707963705062866,simulator_service,service_success,True,,0.0085,0.0,service_success,0.0,False,False
0.0180959,52,2557.01157,True,0.19595425483644102,False,False,1.9801198859951012,success,True,0.9282839873483563,9.282839873483562,3.9439520270656754,8.10125300798409,4.397503692192101,0.7162596412180934,52,52,1.0,1.7040561564385404,1.793711581496792,0.7071067811865469,0.7071067811865476,0.5,0.5,-0.5,-1.5707963705062866,velocity,post_controller_hold,False,,0.0579,0.0648,not_attempted,0.0,False,True
-3.3618274,73,2577.365402,True,0.3638156014513787,False,False,1.9007725762269616,success,True,0.7387735446209064,7.387735446209064,4.762895231618693,10.630494030127284,5.493335772027409,0.9244626015677492,73,73,1.0,1.7367685517193123,1.793711581496792,0.6985959559504286,0.7071067811865476,-0.0031676292419433594,-0.5,-0.5,-1.5707963705062866,velocity,post_controller_hold,False,,0.1543,2.1343,not_attempted,0.0,False,True
-2.9765036,42,2590.415684,True,0.12723566817312731,False,False,1.218624847430399,success,True,0.9640222236825386,9.640222236825387,4.345302988278423,6.576878198465883,4.345302988278423,0.9353632947732341,42,42,1.0,1.7157272504329735,1.793711581496792,0.707106781186547,0.7071067811865476,0.5,0.5,0.41663575172424316,1.5707963705062866,velocity,post_controller_hold,False,,0.1604,2.1037,not_attempted,0.0,False,False
8.497844,26,2612.644823,True,0.19013580935856725,False,False,1.2250586713914533,success,True,0.5843712035221955,5.843712035221955,3.387785459422838,3.6783672423863485,3.387785459422838,1.0786871022158113,26,26,1.0,1.7911672512591745,1.793711581496792,0.6997864190156466,0.7071067811865476,-0.5,0.5,-0.5,1.5707963705062866,velocity,post_controller_hold,False,,0.1088,0.4638,not_attempted,0.0,False,False
-5.086243,63,2632.684035,True,0.18379439634095435,False,False,1.8642234543772191,success,True,0.8158696241792314,8.158696241792313,4.709163337356874,9.960159298752826,5.0558533857233074,0.8615889394778181,63,63,1.0,1.732120524123033,1.793711581496792,0.6987142007247659,0.7071067811865476,-0.5,0.5,0.5,-1.5707963705062866,velocity,post_controller_hold,False,,0.052,2.4704,not_attempted,0.0,False,False
0.41910765,49,2649.459459,True,0.30560012146502447,False,False,1.6192766800784817,success,True,0.9081932051484721,9.08193205148472,4.410453263256316,7.036767423041667,4.688403181633039,1.1319971069515875,49,49,1.0,1.7897364010072767,1.793711581496792,0.6957037098154151,0.7071067811865476,0.5,-0.5,-0.5,1.5707963705062866,velocity,post_controller_hold,False,,0.1228,0.8087,not_attempted,0.0,False,False
5.7103205,49,2673.785532,True,0.3594619265119307,False,False,1.149974042282933,success,True,0.3415613083077125,3.4156130830771247,4.531423603805136,6.819940566976266,4.531423603805136,1.1368229798022174,49,49,1.0,1.7937115814967937,1.793711581496792,0.707106781186547,0.7071067811865476,-0.5,0.5,0.5,1.5707963705062866,velocity,post_controller_hold,False,,0.1675,0.8317,not_attempted,0.0,True,False
-3.19725,69,2692.113507,True,0.2662406042111487,False,False,1.731934934191249,success,True,0.8534362102617734,8.534362102617735,4.511960034500995,10.78671634189955,5.2208446818590515,0.9409826048868474,69,69,1.0,1.7045979515545433,1.793711581496792,0.6927232543389946,0.7071067811865476,0.5,-0.5,0.5,-1.5707963705062866,velocity,post_controller_hold,False,,0.2053,1.1005,not_attempted,0.0,False,False
12.711395,30,2712.108806,True,0.3654132117033627,False,False,1.7587607084291177,success,True,0.052151240200009594,0.521512402000096,3.1261683331302645,4.239187102119454,3.1261683331302645,0.6480371666501707,30,30,1.0,1.7937115814967934,1.793711581496792,0.7071067811865475,0.7071067811865476,-0.5,0.5,-0.5,-1.5707963705062866,velocity,post_controller_hold,False,,0.1865,1.1543,not_attempted,0.0,False,True
13.796208,46,2725.911553,True,0.2165642476067868,False,False,1.3643399124819433,success,True,0.051773493610926764,0.5177349361092677,2.754553550802248,6.755839694754925,3.300417659223832,0.8497995177777505,46,46,1.0,1.7622509185743398,1.793711581496792,0.6896926222679594,0.7071067811865476,-0.5,0.5,-0.5,-1.5707963705062866,velocity,post_controller_hold,False,,0.0847,3.0697,not_attempted,0.0,False,False
13.543654,26,2740.963995,True,0.32332681408837827,False,False,1.698682917078277,success,True,0.18240635313397185,1.8240635313397187,2.543526290983325,3.6934526854708403,2.543526290983325,1.6317329595279957,26,26,1.0,1.690219297428082,1.793711581496792,0.6833459420436567,0.7071067811865476,-0.5,0.5,-0.5,0.4314156174659729,velocity,post_controller_hold,False,,0.1114,3.0795,not_attempted,0.0,False,False
4.247784,55,2760.724652,True,0.3992039957094978,False,False,1.35757272421639,success,True,0.3880541139486042,3.880541139486042,3.8694865148079036,8.409160184271677,3.8694865148079036,1.175443622956286,55,55,1.0,1.7898343203432916,1.793711581496792,0.6958126425334461,0.7071067811865476,-0.5,-0.006897449493408203,-0.5,1.5707963705062866,velocity,post_controller_hold,False,,0.0935,1.9361,not_attempted,0.0,False,False
7.3816166,67,2779.566892,True,0.39601847506003246,False,False,1.854538152705595,success,True,0.5969886329781965,5.969886329781965,1.8884780751833576,9.54299454322206,2.320940211835215,0.9527657040503971,67,67,1.0,1.7906452966372237,1.793711581496792,0.6984612596617068,0.7071067811865476,-0.5,0.5,0.5,-1.5707963705062866,velocity,post_controller_hold,False,,0.2324,0.5305,not_attempted,0.0,False,False
17.26027,24,2794.360531,True,0.1904644395201037,False,False,1.2262222654414892,success,True,0.014258291976621073,0.14258291976621074,1.5273820644473304,3.8039913869043063,2.12336443507559,0.9988667498231186,24,24,1.0,1.7937115814967932,1.793711581496792,0.7071067811865478,0.7071067811865476,-0.5,0.5,0.5,1.5707963705062866,velocity,post_controller_hold,False,,0.225,0.7605,not_attempted,0.0,False,False
5.6265225,56,2822.171556,True,0.2818290329811282,False,False,1.9230488046041512,success,True,0.3028261265145259,3.028261265145259,3.9906698414709685,7.498144920697533,4.034716967937889,0.9118469921136046,56,56,1.0,1.6545067879077773,1.793711581496792,0.6972293702908824,0.7071067811865476,0.5,-0.5,0.5,-1.5707963705062866,velocity,post_controller_hold,False,,0.1621,0.1878,not_attempted,0.0,False,False
2.5394163,48,2847.294634,True,0.23319160675615241,False,False,1.6904476346679502,success,True,0.6687276180759237,6.687276180759238,3.9227586511584693,7.036851663038305,4.397056056521121,0.8964630072857429,48,48,1.0,1.7452498881838308,1.793711581496792,0.707106781186547,0.7071067811865476,0.5,-0.5,0.5,-0.7886137366294861,velocity,post_controller_hold,False,,0.1154,2.8696,not_attempted,0.0,False,False
-1.7779956,106,2859.883961,True,0.25212578118921547,False,False,1.6892136012480292,success,True,0.6992013278408665,6.992013278408665,3.8598306025282745,14.841936036406642,4.53319062791304,0.8201351669746374,106,106,1.0,1.7773093955985488,1.793711581496792,0.6949953388226464,0.7071067811865476,-0.5,-0.21022272109985352,-0.5,-1.5707963705062866,velocity,post_controller_hold,False,,0.1225,1.8261,not_attempted,0.0,False,False
10.02273,25,2876.221585,True,0.34190574142461577,False,False,1.4442668478697487,success,True,0.3886317605991094,3.886317605991094,3.3926434994957217,3.749437230171125,3.3926434994957217,1.2365556031028346,25,25,1.0,1.7937115814967932,1.793711581496792,0.7071067811865477,0.7071067811865476,0.5,0.5,0.5,-1.5707963705062866,velocity,post_controller_hold,False,,0.1402,1.6961,not_attempted,0.0,False,False
12.082338,36,2894.119742,True,0.2847313879037389,False,False,1.6616011654026515,success,True,0.11225337418446613,1.1225337418446613,2.937348155124693,5.649296099495362,2.937348155124693,1.191394180272596,36,36,1.0,1.789994892343534,1.793711581496792,0.6963937330626,0.7071067811865476,-0.5,0.5,-0.5,1.5707963705062866,velocity,post_controller_hold,False,,0.1036,1.0275,not_attempted,0.0,False,False
14.0800295,14,2915.342364,True,0.3329825453400122,False,False,1.7740037110818918,success,True,0.40023803655212997,4.0023803655213,1.412083674718113,1.9463718924466988,1.412083674718113,0.8530822378255194,14,14,1.0,1.7937115814967928,1.793711581496792,0.7071067811865478,0.7071067811865476,-0.5,0.5,0.5,-1.5707963705062866,velocity,post_controller_hold,False,,0.1818,0.5061,not_attempted,0.0,False,False
12.27324,33,2930.354715,True,0.20171254575050349,False,False,1.6813839018645333,success,True,0.31328623107704195,3.1328623107704194,2.42850561236743,5.196191597984242,2.8832049087845646,1.3420506743267073,33,33,1.0,1.7908535163693997,1.793711581496792,0.6992277663630074,0.7071067811865476,0.5,0.5,0.5,-1.5707963705062866,velocity,post_controller_hold,False,,0.0343,2.6098,not_attempted,0.0,False,False
13.865138,25,2949.957838,True,0.34522605532176687,False,False,1.6209641279994178,success,True,0.0639430112025263,0.639430112025263,3.4695924831264873,4.0704205028177105,3.4695924831264873,1.3165667029727819,25,25,1.0,1.7834729754408665,1.793711581496792,0.7071067811865477,0.7071067811865476,-0.5,-0.5,-0.5,-1.5707963705062866,velocity,post_controller_hold,False,,0.1865,2.8795,not_attempted,0.0,False,True
9.500675,32,2977.202271,True,0.2031186755530367,False,False,1.8802741846004456,success,True,0.7160707865870045,7.160707865870045,1.2584012191286233,4.779230316662479,1.615811054121764,1.2969571307517116,32,32,1.0,1.7650143983953468,1.793711581496792,0.7071067811865474,0.7071067811865476,0.5,0.5,-0.5,-1.5707963705062866,velocity,post_controller_hold,False,,0.0928,3.0396,not_attempted,0.0,False,False
14.820814,31,3000.520135,True,0.3735148527127438,False,False,1.4441162444965687,success,True,0.08304193005492626,0.8304193005492626,1.6549999616061346,3.9684118471324625,1.831803721903622,1.1055624299379234,31,31,1.0,1.7818509030091934,1.793711581496792,0.7071067811865474,0.7071067811865476,-0.5,0.5,0.5,-1.5707963705062866,velocity,post_controller_hold,False,,0.1015,0.0546,not_attempted,0.0,False,False
2.5509098,85,3021.037785,True,0.26807422827483424,False,False,1.9334887265195189,success,True,0.6241739327566928,6.241739327566927,3.106508974120434,13.448074555628372,3.4209838943414423,0.9291029361314016,85,85,1.0,1.7339381304886514,1.793711581496792,0.7070192136867557,0.7071067811865476,0.5,0.5,-0.5,-0.02146899700164795,velocity,post_controller_hold,False,,0.1996,1.1733,not_attempted,0.0,False,False
9.823853,39,3041.350835,True,0.20930866655246383,False,False,1.7112102261588333,success,True,0.6374072265466988,6.374072265466988,2.009804093716746,5.6316748911729695,2.4500968453977245,1.1134937090159944,39,39,1.0,1.7937115814967934,1.793711581496792,0.7071067811865471,0.7071067811865476,-0.5,-0.5,0.5,-1.5707963705062866,velocity,post_controller_hold,False,,0.2237,0.0097,not_attempted,0.0,False,False
3.110747,69,3062.091599,True,0.3796769147008838,False,False,1.8170182606776828,success,True,0.18011572571696988,1.8011572571696988,3.209743943188648,10.059427868375659,3.3388054907516778,0.8598686700075517,69,69,1.0,1.789929930202542,1.793711581496792,0.6963461520426115,0.7071067811865476,0.5,0.5,-0.5,1.5707963705062866,velocity,post_controller_hold,False,,0.1585,1.9532,not_attempted,0.0,False,False
7.2038245,99,3091.44389,True,0.39835896298940227,False,False,1.4777457242741037,success,True,0.0061528524578608225,0.061528524578608225,3.1561361380431574,13.246875539541518,4.043401218152627,1.0094988901163549,99,99,1.0,1.7885955558173867,1.793711581496792,0.7002394382381159,0.7071067811865476,0.5,-0.45809078216552734,0.5,1.5707963705062866,velocity,post_controller_hold,False,,0.2128,3.0458,not_attempted,0.0,False,False
-2.2051525,83,3110.411525,True,0.1589681829116526,False,False,1.2171109625893899,success,True,0.7077735267244325,7.077735267244325,4.224140824406893,11.658762936552808,4.842570031098576,1.1473851988077353,83,83,1.0,1.7722247512995224,1.793711581496792,0.6997190896993518,0.7071067811865476,0.5,0.5,-0.5,1.5707963705062866,velocity,post_controller_hold,False,,0.1741,1.3563,not_attempted,0.0,False,False
-0.3574633,75,3135.364635,True,0.2257191713336674,False,False,1.5439128056517026,success,True,0.3917048985522263,3.9170489855222628,3.932508733967758,10.781825247720906,4.077582852722694,1.128892748643257,75,75,1.0,1.7472733153740205,1.793711581496792,0.7005594021310231,0.7071067811865476,-0.5,-0.5,-0.5,1.5707963705062866,velocity,post_controller_hold,False,,0.1966,2.9119,not_attempted,0.0,False,False
2.849377,67,3158.334796,True,0.3115769485713349,False,False,1.1536833205531891,success,True,0.5703826145716386,5.703826145716386,3.256450499640661,9.7320294873002,3.619497132423258,0.7176162375560936,67,67,1.0,1.7852442050443713,1.793711581496792,0.690412658518234,0.7071067811865476,-0.5,0.5,-0.5,-1.5707963705062866,velocity,post_controller_hold,False,,0.1735,2.3674,not_attempted,0.0,False,False
8.32968,25,3182.942529,True,0.24847468574649506,False,False,1.1957579956437026,success,True,0.7089875644176004,7.089875644176003,2.567060504245346,3.338952663842767,2.567060504245346,1.1957579956437026,25,25,1.0,1.7210901750778305,1.793711581496792,0.7071067811865477,0.7071067811865476,-0.5,-0.5,0.5,-0.8140093088150024,velocity,post_controller_hold,False,,0.0658,1.2454,not_attempted,0.0,False,False
-0.24765515,58,3205.718732,True,0.17082796144714835,False,False,1.7946653241947532,success,True,0.5937034170698698,5.937034170698698,4.521169968116259,8.821654712128508,4.9026765818614715,0.8164499530830174,58,58,1.0,1.6482169801167719,1.793711581496792,0.7071067811865469,0.7071067811865476,-0.5,-0.5,0.5,-1.5707963705062866,velocity,post_controller_hold,False,,0.0921,3.1235,not_attempted,0.0,False,False
10.1461315,27,3221.47161,True,0.18242743864763156,False,False,1.365208012297108,success,True,0.515516317349386,5.155163173493859,2.8125737621366698,4.429828985974219,2.9678979497631626,0.8954843100137059,27,27,1.0,1.7310698263071198,1.793711581496792,0.7071067811865476,0.7071067811865476,-0.5,-0.5,0.5,0.8733510375022888,velocity,post_controller_hold,False,,0.1144,2.5513,not_attempted,0.0,False,False
9.367201,24,3238.988835,True,0.3123654528579344,False,False,1.236624227721251,success,True,0.4675693748122573,4.675693748122573,3.2624400200586567,3.6534421347611667,3.2624400200586567,1.236624227721251,24,24,1.0,1.7937115814967932,1.793711581496792,0.7071067811865478,0.7071067811865476,-0.5,0.5,-0.5,1.5707963705062866,velocity,post_controller_hold,False,,0.2381,2.6427,not_attempted,0.0,False,False
4.2898245,44,3261.322644,True,0.33927791964859894,False,False,1.4895243074969269,success,True,0.4563936933633605,4.563936933633605,4.489261700407958,7.063959620885873,5.131191314830172,0.8669665829036197,44,44,1.0,1.7847251137565328,1.793711581496792,0.7027032452540507,0.7071067811865476,0.5,-0.5,0.5,-1.5707963705062866,velocity,post_controller_hold,False,,0.1992,2.6779,not_attempted,0.0,False,False
3.290058,31,3280.307814,True,0.3029947007894495,False,False,1.546045588539482,success,True,0.9863885433732762,9.863885433732761,3.434759827222702,4.657388436033145,3.434759827222702,1.153180932277355,31,31,1.0,1.7937115814967934,1.793711581496792,0.7071067811865474,0.7071067811865476,0.5,0.5,0.5,1.5707963705062866,velocity,post_controller_hold,False,,0.1622,1.1704,not_attempted,0.0,False,False
5.426313,49,3302.264743,True,0.2812352698097318,False,False,1.6181192697434312,success,True,0.19204568516744608,1.920456851674461,4.79758473619237,7.4611738636727,4.831083903284806,0.7823969694162506,49,49,1.0,1.7798699155427076,1.793711581496792,0.707106781186547,0.7071067811865476,-0.5,-0.5,-0.5,1.5707963705062866,velocity,post_controller_hold,False,,0.1729,1.3194,not_attempted,0.0,False,False
-0.31511647,44,3321.736778,True,0.21514516660807517,False,False,1.8318258896372945,success,True,0.804353902863668,8.04353902863668,4.791365781956226,6.729392130768504,4.791365781956226,1.3462070353211233,44,44,1.0,1.7904666990785643,1.793711581496792,0.6984844106131661,0.7071067811865476,-0.5,0.5,-0.5,-1.5707963705062866,velocity,post_controller_hold,False,,0.1944,1.7428,not_attempted,0.0,False,False
7.1993246,51,3346.042543,True,0.3323993805157033,False,False,1.6262575581337941,success,True,0.5341433177483221,5.341433177483221,3.226645034977327,7.065298843669895,3.226645034977327,0.8635054286573107,51,51,1.0,1.7834032407423375,1.793711581496792,0.6891919058064673,0.7071067811865476,-0.5,-0.5,0.5,1.5707963705062866,velocity,post_controller_hold,False,,0.1869,1.0643,not_attempted,0.0,False,False
10.583139,8,3368.286616,True,0.15839980830554873,False,False,1.2352437805228629,success,True,0.8631570949060308,8.631570949060308,1.0991964432575474,1.100260157050728,1.0991964432575474,1.2352437805228629,8,8,1.0,1.793711581496792,1.793711581496792,0.7071067811865477,0.7071067811865476,-0.5,-0.5,-0.5,1.5707963705062866,velocity,post_controller_hold,False,,0.2119,0.3913,not_attempted,0.0,False,False
5.2230506,43,3394.291177,True,0.25872697862213745,False,False,1.504555725761413,success,True,0.4096504435622644,4.096504435622644,4.560940193328979,5.9070706395430905,4.658058245929316,0.8454120840927914,43,43,1.0,1.7937115814967937,1.793711581496792,0.707106781186547,0.7071067811865476,-0.5,0.5,0.5,1.5707963705062866,velocity,post_controller_hold,False,,0.1872,0.756,not_attempted,0.0,False,False
-1.5295457,95,3415.961567,True,0.2920594983905884,False,False,1.1342017671284759,success,True,0.17950826467224645,1.7950826467224645,4.594184624993931,13.942396339102821,5.929051830838973,0.7564818205932803,95,95,1.0,1.7572818853615924,1.793711581496792,0.7054499058203115,0.7071067811865476,0.5,-0.5,0.5,1.5707963705062866,velocity,post_controller_hold,False,,0.2136,0.4775,not_attempted,0.0,True,False
14.873198,32,3436.735641,True,0.2969140045750018,False,False,1.4580178255809042,success,True,0.1630918667862732,1.6309186678627319,1.7360002817276314,4.728142492004517,2.463650150388441,1.0288804661874407,32,32,1.0,1.7937115814967934,1.793711581496792,0.7071067811865474,0.7071067811865476,0.5,0.5,0.5,1.5707963705062866,velocity,post_controller_hold,False,,0.1685,0.6479,not_attempted,0.0,True,False
0.8719948,56,3455.576543,True,0.37005860134247737,False,False,1.2820738183510632,success,True,0.7885989033118322,7.885989033118323,4.566201523527481,8.163148673728276,4.620700658737298,1.0066714845733624,56,56,1.0,1.6890810819244348,1.793711581496792,0.6992593814343065,0.7071067811865476,0.5,-0.5,0.5,1.2225066423416138,velocity,post_controller_hold,False,,0.1278,1.5264,not_attempted,0.0,False,False
0.40333527,38,3470.5358,True,0.2947302932889691,False,False,1.745493244163796,success,True,0.8563759440010794,8.563759440010795,4.707503845709724,6.153337135493879,4.707503845709724,1.1069011157894202,38,38,1.0,1.7919087270265162,1.793711581496792,0.7071067811865471,0.7071067811865476,-0.5,0.5,0.5,1.5707963705062866,velocity,post_controller_hold,False,,0.094,1.7471,not_attempted,0.0,False,False
17.75023,12,3486.256537,True,0.3547469497180085,False,False,1.528403220372031,success,True,0.0892795828556754,0.892795828556754,1.3384684545780712,1.8838546654920103,1.3384684545780712,1.528403220372031,12,12,1.0,1.7937115814967928,1.793711581496792,0.7071067811865478,0.7071067811865476,-0.5,0.5,-0.5,-1.5707963705062866,velocity,post_controller_hold,False,,0.0575,3.1122,not_attempted,0.0,False,False
-16.206123,4,3499.109161,False,2.8815307678406383,True,False,2.5606446323886787,out_of_bounds,True,0.997724841556112,0.0,0.9885175374116243,0.0,0.0,1.957532250579559,3,3,1.0,1.793711581496792,1.793711581496792,0.7071067811865476,0.7071067811865476,-0.5,-0.5,0.5,1.5707963705062866,velocity,post_controller_hold,False,,0.1489,0.4446,not_attempted,0.0,False,False
12.249927,35,3519.135493,True,0.26395856847729454,False,False,1.5278036698666317,success,True,0.09382743734798335,0.9382743734798336,3.777946202514304,5.560781475902027,3.777946202514304,1.160665774271532,35,35,1.0,1.7887652606015785,1.793711581496792,0.6931556865472467,0.7071067811865476,0.5,0.5,-0.5,-1.5707963705062866,velocity,post_controller_hold,False,,0.2186,1.5504,not_attempted,0.0,False,False
12.886878,65,3541.50475,True,0.0771056660831602,False,False,1.1112801282874627,success,True,0.05771044996234899,0.5771044996234899,1.5692275970661402,9.100829672270649,2.6378488575380667,0.8060561263148073,65,65,1.0,1.7722036667868684,1.793711581496792,0.7071067811865468,0.7071067811865476,-0.5,0.5,-0.5,1.5707963705062866,simulator_service,service_success,True,,0.0098,0.0,service_success,0.0,False,False
11.396385,32,3556.330618,True,0.23944692361912204,False,False,1.323650008132261,success,True,0.20589945188346162,2.0589945188346164,3.167038897736908,4.949493515260804,3.167038897736908,1.1355257581788838,32,32,1.0,1.785996519063136,1.793711581496792,0.685144128706211,0.7071067811865476,0.5,0.5,-0.5,1.5707963705062866,velocity,post_controller_hold,False,,0.0839,0.0546,not_attempted,0.0,False,False
5.4829245,39,3583.83759,True,0.18507278832707036,False,False,1.349652952429698,success,True,0.4591909945036335,4.591909945036335,4.165179992073266,6.3870839883887145,4.165179992073266,0.9088944089361428,39,39,1.0,1.6845497869359247,1.793711581496792,0.6991797905611846,0.7071067811865476,-0.5,0.5,-0.5,1.5707963705062866,velocity,post_controller_hold,False,,0.1574,0.7922,not_attempted,0.0,False,False
-2.3654351,97,3614.170517,True,0.27238933522034314,False,False,1.5299444866915752,success,True,0.7439000936659629,7.439000936659629,2.3472614473627793,13.637608623685162,2.3472614473627793,0.7791848315682246,97,97,1.0,1.7489221615852664,1.793711581496792,0.7071067811865471,0.7071067811865476,0.5,0.5,-0.5,-1.5707963705062866,velocity,post_controller_hold,False,,0.187,0.856,not_attempted,0.0,False,True
13.047701,29,3638.597582,True,0.3132712170617311,False,False,1.4326039525060557,success,True,0.13314121112496885,1.3314121112496884,2.917131652897954,4.103753779233589,2.917131652897954,0.8268053311737185,29,29,1.0,1.7937115814967934,1.793711581496792,0.7071067811865475,0.7071067811865476,-0.5,0.5,0.5,1.5707963705062866,velocity,post_controller_hold,False,,0.1402,1.9811,not_attempted,0.0,False,False
-0.13147584,97,3662.265726,True,0.39393510521589403,False,False,1.7013002398391377,success,True,0.4723885616274351,4.723885616274351,3.4781699182267376,13.198460321351206,4.356501124842014,1.0286645422348715,97,97,1.0,1.7762187597629717,1.793711581496792,0.6972148329566146,0.7071067811865476,0.5,-0.5,0.5,1.5707963705062866,velocity,post_controller_hold,False,,0.1427,1.504,not_attempted,0.0,False,False
6.2171474,57,3686.396807,True,0.2532099730476681,False,False,1.8134212141302968,success,True,0.5979153567323293,5.979153567323293,3.3091095378641735,7.949752412676856,4.034481579529331,1.1849493736160264,57,57,1.0,1.7305567393804713,1.793711581496792,0.6980546455691524,0.7071067811865476,0.5,-0.5,0.5,1.5707963705062866,velocity,post_controller_hold,False,,0.104,2.0453,not_attempted,0.0,False,False
-2.5490763,135,3726.144861,True,0.2654050164728659,False,False,1.7271953281097787,success,True,0.12375041507470404,1.2375041507470403,4.65440399252553,19.022129206698192,5.260849079614512,0.8635578507679651,135,135,1.0,1.7380819528856706,1.793711581496792,0.7015488476680068,0.7071067811865476,0.5,-0.5,0.5,1.5707963705062866,velocity,post_controller_hold,False,,0.1784,0.3754,not_attempted,0.0,False,False
7.6534696,40,3753.279531,True,0.27505977334540316,False,False,1.2694624972385276,success,True,0.7188657218443769,7.188657218443769,1.9390913509269772,4.835685174107144,2.6658984828849754,1.2222745146699927,40,40,1.0,1.7793843143424564,1.793711581496792,0.6865740844043942,0.7071067811865476,0.5,0.5,-0.5,1.5707963705062866,velocity,post_controller_hold,False,,0.1728,1.9137,not_attempted,0.0,False,False
-5.868062,132,3776.240914,True,0.19588804246053013,False,False,1.8191619196380995,success,True,0.6665606601527939,6.665606601527939,4.696396546147282,18.354684876060443,5.022989347334076,1.2060672502378367,132,132,1.0,1.724426872549504,1.793711581496792,0.7006415061831028,0.7071067811865476,0.5,-0.5,-0.5,-1.5707963705062866,velocity,post_controller_hold,False,,0.1693,1.4922,not_attempted,0.0,False,False
2.2957141,50,3804.245618,True,0.3925810675337051,False,False,1.6836898950074686,success,True,0.8134538506638295,8.134538506638295,3.68743968288113,7.3605925233536444,3.892825170978298,0.8889160988377696,50,50,1.0,1.6942701528675983,1.793711581496792,0.707106781186547,0.7071067811865476,0.5,0.5,0.5,-1.5707963705062866,velocity,post_controller_hold,False,,0.2317,1.5381,not_attempted,0.0,False,False
-4.5994635,74,3825.350408,True,0.361631546411865,False,False,1.6741358297170608,success,True,0.799507053948354,7.99507053948354,4.324005412267898,10.7424056752707,5.2735537507314225,0.7078605754187348,74,74,1.0,1.739685743175729,1.793711581496792,0.7007067525666381,0.7071067811865476,-0.5,-0.31076526641845703,-0.5,1.5707963705062866,velocity,post_controller_hold,False,,0.0817,0.229,not_attempted,0.0,False,False
2.9052794,30,3847.21254,True,0.33370946915725974,False,False,1.139377141828083,success,True,0.8902851513815314,8.902851513815314,4.00284101006151,5.210196853762647,4.00284101006151,1.0581521435997652,30,30,1.0,1.7936976078758597,1.793711581496792,0.7071067811865475,0.7071067811865476,0.5,-0.5,-0.5,-1.5707963705062866,velocity,post_controller_hold,False,,0.1166,3.1099,not_attempted,0.0,False,False
14.043138,20,3868.262465,True,0.3833592367041065,False,False,1.3888217164264642,success,True,0.19292389589355355,1.9292389589355354,2.688467930123255,3.243265960161242,2.688467930123255,1.3341524234847981,20,20,1.0,1.7822023750515268,1.793711581496792,0.7071067811865478,0.7071067811865476,-0.5,-0.5,0.5,-1.5707963705062866,velocity,post_controller_hold,False,,0.1376,0.8247,not_attempted,0.0,True,False
11.539631,20,3883.446701,True,0.28817358449985436,False,False,1.6036523251611658,success,True,0.45485590721422703,4.54855907214227,2.4621935244800843,3.122823498604845,2.4621935244800843,1.1691697397943166,20,20,1.0,1.7937115814967932,1.793711581496792,0.7071067811865478,0.7071067811865476,-0.5,0.5,-0.5,1.5707963705062866,velocity,post_controller_hold,False,,0.1699,2.4598,not_attempted,0.0,False,False
10.340622,21,3908.728529,True,0.2893871055980702,False,False,1.8690760133448077,success,True,0.7829977284376175,7.8299772843761755,1.2214669832003482,2.866904779379797,1.710712283342292,1.8690760133448077,21,21,1.0,1.7937115814967932,1.793711581496792,0.7071067811865478,0.7071067811865476,0.5,0.5,-0.5,-1.5707963705062866,velocity,post_controller_hold,False,,0.0401,2.362,not_attempted,0.0,False,False
2.856402,74,3939.656657,True,0.34189946438737995,False,False,1.5127562252825413,success,True,0.7873139002520274,7.873139002520274,3.1690541241442216,9.928991726908688,3.7046090678172914,0.8484902645762532,74,74,1.0,1.7915657597951384,1.793711581496792,0.7071067811865467,0.7071067811865476,0.5,0.5,-0.5,1.5707963705062866,velocity,post_controller_hold,False,,0.2082,2.0029,not_attempted,0.0,False,True
1.2645684,73,3956.53657,True,0.28641107007747374,False,False,1.5653938865578376,success,True,0.39858870354989995,3.9858870354989993,4.663528910882811,10.191215123837434,4.922063215133518,1.2385004759484142,73,73,1.0,1.730120421919841,1.793711581496792,0.7071067811865467,0.7071067811865476,0.5,0.5,-0.5,1.5707963705062866,velocity,post_controller_hold,False,,0.0486,2.9116,not_attempted,0.0,False,True
4.0784163,67,3982.580591,True,0.3498260387288892,False,False,1.785476810756488,success,True,0.38285865176526235,3.8285865176526235,3.025127617262973,9.797567717859845,3.8803204784116607,0.8432434060692645,67,67,1.0,1.783714662648159,1.793711581496792,0.7048953477455611,0.7071067811865476,0.5,0.5,0.5,-1.5707963705062866,velocity,post_controller_hold,False,,0.0727,0.7342,not_attempted,0.0,False,False
3.1480927,102,4011.331159,True,0.3398855057941169,False,False,1.928774996824831,success,True,0.032068670363668464,0.3206867036366846,4.348906801517059,13.90923579285385,4.729498863229048,1.0221161918084498,102,102,1.0,1.7635735104396284,1.793711581496792,0.698823685092925,0.7071067811865476,0.5,0.5,-0.5,-1.5707963705062866,velocity,post_controller_hold,False,,0.1616,2.916,not_attempted,0.0,False,False
7.742788,44,4041.982621,True,0.360036041873668,False,False,1.3661291067947539,success,True,0.7529259370685601,7.529259370685601,1.8920701946934158,5.6178444185528305,2.270511280882428,0.905456082801636,44,44,1.0,1.715039307859884,1.793711581496792,0.707106781186547,0.7071067811865476,0.5,0.5,0.5,1.5707963705062866,velocity,post_controller_hold,False,,0.2029,0.7982,not_attempted,0.0,True,False
11.684979,30,4069.261604,True,0.17598490174035683,False,False,1.2366726632710856,success,True,0.30676605229060877,3.067660522906088,2.5953688785821662,4.1671557616420145,2.5953688785821662,0.9819989972173251,30,30,1.0,1.7325021768722262,1.793711581496792,0.7071067811865475,0.7071067811865476,0.5,0.5,-0.5,1.5707963705062866,velocity,post_controller_hold,False,,0.1758,2.8307,not_attempted,0.0,False,False
-3.2822483,148,4096.991038,True,0.25128944171903944,False,False,1.895097196808008,success,True,0.2787260876586831,2.7872608765868314,3.6128755965706394,22.251939196035465,4.557218474328672,0.9384971587888897,148,148,1.0,1.7839489184642685,1.793711581496792,0.7071067811865492,0.7071067811865476,0.5,-0.5,0.5,-1.5707963705062866,velocity,post_controller_hold,False,,0.107,2.8275,not_attempted,0.0,False,False
-3.1985364,97,4133.170506,True,0.163992745191742,False,False,1.125059814730921,success,True,0.6390859903681391,6.390859903681391,4.353979384034074,13.191977092127964,5.305238802288717,1.0015666491135886,97,97,1.0,1.7720073333144863,1.793711581496792,0.7071067811865471,0.7071067811865476,-0.5,-0.5,0.5,-1.5707963705062866,velocity,post_controller_hold,False,,0.2386,2.4646,not_attempted,0.0,True,False
12.302189,17,4159.800549,True,0.25647647729893397,False,False,1.3182182409861867,success,True,0.48234080303409027,4.823408030340903,2.0469269169691127,2.5491873893858803,2.0469269169691127,1.3182182409861867,17,17,1.0,1.7392657063482446,1.793711581496792,0.7071067811865478,0.7071067811865476,0.5,0.5,-0.5,-1.5707963705062866,velocity,post_controller_hold,False,,0.177,1.4585,not_attempted,0.0,False,False
5.8946724,60,4191.742482,True,0.3779798849065356,False,False,1.4923217424647488,success,True,0.14440398746126298,1.44403987461263,4.173656618851669,7.6865309729073426,4.261281295126289,1.2098174087859703,60,60,1.0,1.7741479627460361,1.793711581496792,0.7042242909378165,0.7071067811865476,0.5,0.5,-0.5,1.5707963705062866,velocity,post_controller_hold,False,,0.0951,0.3082,not_attempted,0.0,False,False
-12.830984,171,4218.804618,True,0.2949565020994238,False,False,1.76654466260548,success,True,0.7747154768256764,7.747154768256764,3.8276130978517826,23.03945043885203,4.843151507562346,0.7046055646429534,171,171,1.0,1.790447495478645,1.793711581496792,0.6980269767785682,0.7071067811865476,0.5,-0.5,0.5,1.5707963705062866,velocity,post_controller_hold,False,,0.1929,0.9122,not_attempted,0.0,False,False
6.0373154,59,4242.03259,True,0.3328080873528271,False,False,1.413558068361371,success,True,0.5546987249822681,5.546987249822681,3.084274192741116,8.55501061596117,3.599958851963042,0.9430840936425795,59,59,1.0,1.7173157578482101,1.793711581496792,0.6721884312577362,0.7071067811865476,-0.5,-0.5,0.5,-1.5707963705062866,velocity,post_controller_hold,False,,0.1466,0.7847,not_attempted,0.0,True,False
14.102102,58,4282.151666,True,0.1847223071251881,False,False,1.0553634606445572,success,True,0.03662892800711065,0.3662892800711065,1.2418316247297434,7.984409917792074,1.8909555475571818,1.0105220870384624,58,58,1.0,1.76551062333394,1.793711581496792,0.6971192468101194,0.7071067811865476,0.5,-0.5,-0.5,-1.5707963705062866,velocity,post_controller_hold,False,,0.1389,1.9954,not_attempted,0.0,False,False
3.5449135,35,4306.974511,True,0.14197013116760573,False,False,1.5812834310718724,success,True,0.7536360895581309,7.536360895581309,3.9124761978567193,5.629114678367813,3.9124761978567193,1.1429188227777287,35,35,1.0,1.7937115814967934,1.793711581496792,0.7071067811865472,0.7071067811865476,0.5,-0.5,0.5,-1.5707963705062866,velocity,post_controller_hold,False,,0.2203,2.8851,not_attempted,0.0,False,False
7.5886583,34,4329.301735,True,0.31941669966685043,False,False,1.4310391950771941,success,True,0.3634767820048539,3.634767820048539,3.8031699267054626,4.455503880677751,3.8031699267054626,1.287077229380092,34,34,1.0,1.7937115814967934,1.793711581496792,0.7071067811865472,0.7071067811865476,-0.5,-0.5,0.5,-1.5707963705062866,velocity,post_controller_hold,False,,0.1199,1.969,not_attempted,0.0,False,False
-2.2524667,60,4352.567564,True,0.20107282658942108,False,False,1.2141403598601739,success,True,0.5299155132613582,5.299155132613582,5.08628783728733,9.198038729401773,5.287465417989671,1.178598897486239,60,60,1.0,1.7497324040325464,1.793711581496792,0.7071067811865468,0.7071067811865476,0.5,-0.5,0.5,-1.5707963705062866,velocity,post_controller_hold,False,,0.1252,1.3451,not_attempted,0.0,True,False
3.8316507,31,4374.497728,True,0.17736078241837747,False,False,1.5792701618138651,success,True,0.9496030070086829,9.49603007008683,3.336550078443602,5.0435210875415315,3.336550078443602,1.0608304938410467,31,31,1.0,1.7937115814967934,1.793711581496792,0.7071067811865474,0.7071067811865476,0.5,0.5,-0.5,1.5707963705062866,velocity,post_controller_hold,False,,0.1266,2.9686,not_attempted,0.0,False,False
6.6163955,35,4401.4171,True,0.27244930513083265,False,False,1.2551887339527432,success,True,0.5295542548399456,5.295542548399456,3.8815629069749202,5.396944027967997,3.8815629069749202,0.7701043319956954,35,35,1.0,1.7937115814967934,1.793711581496792,0.7071067811865472,0.7071067811865476,-0.5,0.5,-0.5,-1.5707963705062866,velocity,post_controller_hold,False,,0.2204,1.0949,not_attempted,0.0,False,False
16.104013,18,4423.480529,True,0.2967394590165989,False,False,1.8764608691761389,success,True,0.11817402916169033,1.1817402916169033,1.7658982441700348,2.5281463291379866,1.7658982441700348,1.363710931709221,18,18,1.0,1.793711581496793,1.793711581496792,0.7071067811865478,0.7071067811865476,0.5,0.5,0.5,-1.5707963705062866,velocity,post_controller_hold,False,,0.0843,2.6266,not_attempted,0.0,False,False
-5.6874413,97,4453.802877,True,0.21427789058949068,False,False,1.8815112385628252,success,True,0.3193921993761435,3.193921993761435,4.334967779416531,13.97950434987174,4.722197144990435,1.1236756418508396,97,97,1.0,1.7722496141600361,1.793711581496792,0.7032339920280909,0.7071067811865476,-0.5,0.5,0.5,-1.5707963705062866,velocity,post_controller_hold,False,,0.1523,0.5227,not_attempted,0.0,False,False
3.9030507,28,4481.811608,True,0.3338590455187777,False,False,1.30068826245033,success,True,0.9974884936123571,9.974884936123571,2.812328211411139,4.000113634039252,2.812328211411139,1.30068826245033,28,28,1.0,1.7885593533518762,1.793711581496792,0.6932130896063204,0.7071067811865476,0.5,0.5,-0.5,-1.5707963705062866,velocity,post_controller_hold,False,,0.1267,1.1562,not_attempted,0.0,False,False
9.22253,73,4506.676099,True,0.2154606307469691,False,False,1.762417501304785,success,True,0.07893306375828428,0.7893306375828428,3.296243115480343,9.428286751720464,3.377130521469043,1.0350772183739827,73,73,1.0,1.693842897371137,1.793711581496792,0.7071067811865467,0.7071067811865476,0.5,0.5,-0.5,-1.5707963705062866,velocity,post_controller_hold,False,,0.1215,0.6795,not_attempted,0.0,False,False
9.181002,35,4531.118596,True,0.3771692879031021,False,False,1.3448785469383524,success,True,0.019456865232547693,0.19456865232547693,4.896280900251644,5.326782768295212,4.896280900251644,1.3193559003311741,35,35,1.0,1.7937115814967934,1.793711581496792,0.7071067811865472,0.7071067811865476,0.5,-0.5,0.5,-1.5707963705062866,velocity,post_controller_hold,False,,0.1132,0.3386,not_attempted,0.0,True,False
-5.870151,51,4557.510343,True,0.2861198831615227,False,False,1.431008924000902,success,True,0.9547401601938771,9.547401601938772,5.114687607846664,7.9166214345952675,5.209007646538841,0.8510692485161259,51,51,1.0,1.7923495247448862,1.793711581496792,0.7031555522715668,0.7071067811865476,-0.5,0.5,-0.5,1.5707963705062866,velocity,post_controller_hold,False,,0.2273,2.8693,not_attempted,0.0,False,False
1.4727981,68,4599.952641,True,0.3974104161393098,False,False,1.683819947427285,success,True,0.20352489396435744,2.0352489396435742,4.18990178975208,9.335304213161333,4.583769392428939,0.7871010552991553,68,68,1.0,1.7930841673286635,1.793711581496792,0.7054884756689065,0.7071067811865476,0.5,-0.5,0.5,-1.5707963705062866,velocity,post_controller_hold,False,,0.1361,0.2975,not_attempted,0.0,False,False
-4.497205,142,4625.7386,True,0.36262454952868656,False,False,1.8406784206021203,success,True,0.7849505100947313,7.8495051009473125,1.9658698205494713,18.366183996586635,2.9657681197528714,0.8639997645812102,142,142,1.0,1.7632514896396778,1.793711581496792,0.6965225280247754,0.7071067811865476,0.5,0.5,-0.5,0.4852117896080017,velocity,post_controller_hold,False,,0.0912,2.6912,not_attempted,0.0,False,True
9.711938,39,4654.915551,True,0.27974982054072906,False,False,1.084643259102312,success,True,0.058378777784725874,0.5837877778472588,4.062009421412811,5.957241829106037,4.062009421412811,1.084643259102312,39,39,1.0,1.7033690102506056,1.793711581496792,0.7071067811865471,0.7071067811865476,-0.5,0.5,-0.5,1.5707963705062866,velocity,post_controller_hold,False,,0.129,2.2907,not_attempted,0.0,False,False
-16.64011,7,4665.162479,False,2.0004343174061288,True,False,2.7504799153844584,out_of_bounds,True,0.40101769861556413,0.0,1.4898805912930955,0.0,0.0,1.8620267655702378,6,6,1.0,0.9124418359207905,0.9124418359207904,0.7071067811865476,0.7071067811865476,0.5,-0.5,0.5,0.28731533885002136,velocity,post_controller_hold,False,,0.1182,1.5915,not_attempted,0.0,False,False
-17.92319,9,4683.537479,False,2.5278238504324206,True,False,2.5058246050151256,out_of_bounds,True,0.8891257136745931,0.0,1.223318716087467,1.223318716087467,1.223318716087467,1.7824739578197635,9,9,1.0,1.7937115814967923,1.793711581496792,0.7071067811865477,0.7071067811865476,-0.5,-0.5,-0.5,1.5707963705062866,simulator_service,service_success,True,,0.0108,0.0,service_success,0.0,False,False
18.834965,10,4683.537551,True,0.3351564740804173,False,False,1.594424950748686,success,True,0.02799635144028971,0.27996351440289713,1.5669832512236568,1.7733006284132662,1.5669832512236568,1.342730562537833,10,10,1.0,1.7137402721735717,1.793711581496792,0.7071067811865477,0.7071067811865476,0.5,0.5,-0.5,-1.5707963705062866,velocity,post_controller_hold,False,,0.1004,0.355,not_attempted,0.0,False,False
10.681954,30,4709.071841,True,0.3811679618621175,False,False,1.4628625068363679,success,True,0.17989008517005034,1.7989008517005034,2.9566070245928597,4.151938468235833,2.9566070245928597,0.9834536927004752,30,30,1.0,1.6456165939098992,1.793711581496792,0.7071067811865475,0.7071067811865476,0.5,-0.5,0.5,-1.5707963705062866,simulator_service,service_success,True,,0.0104,0.0001,service_success,0.0,False,False
-1.1932614,89,4751.434287,True,0.398054517373046,False,False,1.4193709044383391,success,True,0.26724693420317874,2.6724693420317873,4.745733415487854,13.31884674034202,5.346504239520703,0.8073188918258695,89,89,1.0,1.775720211637301,1.793711581496792,0.7071067811865466,0.7071067811865476,-0.5,-0.5,0.5,-1.5707963705062866,velocity,post_controller_hold,False,,0.1646,3.1314,not_attempted,0.0,True,False
2.342213,124,4778.728519,True,0.38494784373727703,False,False,1.629834220549543,success,True,0.006661471765041768,0.06661471765041768,4.2172287788349525,18.398854697943857,5.054872448802123,0.9822087768975576,124,124,1.0,1.7880165323106911,1.793711581496792,0.6907822768918311,0.7071067811865476,0.5,-0.5,0.5,-1.5707963705062866,velocity,post_controller_hold,False,,0.2403,2.7729,not_attempted,0.0,False,False
9.189842,39,4803.521734,True,0.36629153863651753,False,False,1.3249329301329225,success,True,0.46139234467973794,4.613923446797379,2.3751059549754086,5.506301767831658,2.7721578671801144,1.2154280471612129,39,39,1.0,1.7775474208640059,1.793711581496792,0.6992145108375818,0.7071067811865476,-0.5,0.4083271026611328,0.5,-1.5707963705062866,velocity,post_controller_hold,False,,0.1312,0.1088,not_attempted,0.0,True,False
-0.5798056,40,4832.086579,True,0.26036382586936574,False,False,1.0822711015745747,success,True,0.9968860245618035,9.968860245618036,3.782412006451364,6.219593999224561,3.8535183588099753,0.9841310786559727,40,40,1.0,1.7847847582000402,1.793711581496792,0.7054558862672342,0.7071067811865476,0.5,0.5,0.5,-1.4945061206817627,velocity,post_controller_hold,False,,0.0099,0.52,not_attempted,0.0,True,False
8.632376,20,4861.079492,True,0.3857918597936676,False,False,1.3957619461706234,success,True,0.9449934139811584,9.449934139811585,1.5418367489696998,2.7101546759713306,1.6657140300457762,1.0499094426767592,20,20,1.0,1.787681863551569,1.793711581496792,0.6910254725553245,0.7071067811865476,0.5,-0.5,-0.5,-1.5707963705062866,velocity,post_controller_hold,False,,0.0589,2.1665,not_attempted,0.0,False,False
15.575231,12,4881.444938,True,0.27452891142103847,False,False,1.4161544320446355,success,True,0.34321650666913817,3.4321650666913817,1.3030524451535657,1.4530831676246967,1.3030524451535657,1.4161544320446355,12,12,1.0,1.7937115814967928,1.793711581496792,0.7071067811865478,0.7071067811865476,-0.5,-0.5,-0.5,-1.5707963705062866,velocity,post_controller_hold,False,,0.185,3.1414,not_attempted,0.0,False,False
6.3592596,56,4904.059571,True,0.3092448702353492,False,False,1.5127060333366893,success,True,0.4149099045643492,4.149099045643492,3.0212496233580324,9.259176014431459,3.27324336001562,0.8072927055521922,56,56,1.0,1.7855109373241649,1.793711581496792,0.7071067811865469,0.7071067811865476,0.5,-0.5,-0.5,1.5707963705062866,velocity,post_controller_hold,False,,0.1379,0.1715,not_attempted,0.0,False,False
0.086216986,38,4928.873933,True,0.35142915860544854,False,False,1.9451490865133068,success,True,0.8393153379970676,8.393153379970675,4.4032900018249315,5.894668762609006,4.4032900018249315,1.0434404670792339,38,38,1.0,1.7922180326902102,1.793711581496792,0.7029032662110035,0.7071067811865476,0.5,0.5,-0.5,-1.5707963705062866,velocity,post_controller_hold,False,,0.0414,0.7637,not_attempted,0.0,False,False
8.474406,35,4953.478286,True,0.32305271448701933,False,False,1.0829520061674067,success,True,0.15363571406174603,1.5363571406174603,3.738509717566819,5.6346893472484965,3.738509717566819,0.9231656596410508,35,35,1.0,1.7869161185040843,1.793711581496792,0.7071067811865472,0.7071067811865476,-0.5,-0.5,0.5,1.5707963705062866,velocity,post_controller_hold,False,,0.1035,1.3926,not_attempted,0.0,True,False
3.0022733,43,4983.083892,True,0.3573947207331793,False,False,1.6161211616480036,success,True,0.42229216222498583,4.222921622249858,4.312943306853647,6.137308808113261,4.312943306853647,0.6941204695497629,43,43,1.0,1.7047219087580023,1.793711581496792,0.6936885692327175,0.7071067811865476,0.5,-0.5,0.5,-1.5707963705062866,velocity,post_controller_hold,False,,0.0808,1.8829,not_attempted,0.0,False,False
5.2542615,88,5018.425793,True,0.3554588495777497,False,False,1.530290366460284,success,True,0.5143779818181065,5.143779818181065,2.0484206719491582,11.07746806084895,2.9726730386366613,1.0182382943136419,88,88,1.0,1.7612361944600983,1.793711581496792,0.7071067811865466,0.7071067811865476,-0.5,-0.5,0.5,1.5707963705062866,velocity,post_controller_hold,False,,0.1244,1.7471,not_attempted,0.0,False,False
-2.18671,166,5043.386613,True,0.3480085159012219,False,False,1.4912711247991972,success,True,0.20587110631439387,2.0587110631439387,3.822782555036923,22.591893184613898,4.878296960089325,0.8137901850648007,166,166,1.0,1.736164392621077,1.793711581496792,0.7036690871937061,0.7071067811865476,0.5,0.5,-0.5,-1.5707963705062866,velocity,post_controller_hold,False,,0.1836,0.7841,not_attempted,0.0,False,True
10.049244,21,5067.931806,True,0.32601646876453605,False,False,1.2266741425254715,success,True,0.5896484392477183,5.896484392477182,2.8126971292212755,3.2742590757125365,2.8126971292212755,1.2266741425254715,21,21,1.0,1.7937115814967932,1.793711581496792,0.7071067811865478,0.7071067811865476,0.5,0.5,-0.5,1.5707963705062866,velocity,post_controller_hold,False,,0.0864,0.7939,not_attempted,0.0,False,False
-1.7010261,64,5094.146517,True,0.2542350669536956,False,False,1.3459471435759929,success,True,0.4307520404082744,4.307520404082744,4.519997431594709,9.56923847590624,4.592094000436517,1.3459471435759929,64,64,1.0,1.793286649484719,1.793711581496792,0.7071067811865468,0.7071067811865476,-0.5,-0.5,-0.5,-1.5707963705062866,velocity,post_controller_hold,False,,0.1059,1.7293,not_attempted,0.0,False,False
4.751556,64,5123.927719,True,0.31918346705224676,False,False,1.515681989135775,success,True,0.34274215716306117,3.4274215716306116,3.074159982055628,8.682207064560231,3.091898367304467,0.9758466225894991,64,64,1.0,1.7910460350356339,1.793711581496792,0.6998723332733048,0.7071067811865476,0.5,0.5,0.5,1.5707963705062866,velocity,post_controller_hold,False,,0.0193,2.0057,not_attempted,0.0,True,False
4.6899576,51,5152.253512,True,0.22785628311952666,False,False,1.2994489901866255,success,True,0.25211824765443613,2.5211824765443613,2.930454980505189,6.508871747636543,3.1048775174456775,1.0013928569749493,51,51,1.0,1.7541347741379032,1.793711581496792,0.7043016129035979,0.7071067811865476,0.5,-0.2610454559326172,0.5,1.5707963705062866,velocity,post_controller_hold,False,,0.0361,0.3665,not_attempted,0.0,False,False
-28.65213,93,5163.540637,False,1.70429795443908,True,False,2.6097305207687307,out_of_bounds,True,0.021627752279998847,0.0,2.6933695378684264,12.297891272208798,3.3910190501923845,1.2053926210034764,92,92,1.0,1.7351542926446195,1.793711581496792,0.7039470697047482,0.7071067811865476,0.5,-0.5,0.5,1.5707963705062866,velocity,post_controller_hold,False,,0.0389,1.1375,not_attempted,0.0,False,False
0.7074433,36,5190.684611,True,0.31788277534889237,False,False,1.2144357980948628,success,True,0.7847890817828176,7.847890817828176,4.265375057879424,5.736119994637818,4.265375057879424,1.1945931544451758,36,36,1.0,1.7905787599947618,1.793711581496792,0.7071067811865472,0.7071067811865476,0.5,-0.5,-0.5,-1.544988989830017,velocity,post_controller_hold,False,,0.0514,0.1984,not_attempted,0.0,False,False
-4.6681957,61,5214.074082,True,0.13819856421138124,False,False,1.19565431453366,success,True,0.9437186441225557,9.437186441225556,4.728064857179761,8.584302845797186,4.728064857179761,0.7897667819689054,61,61,1.0,1.7811998310069763,1.793711581496792,0.7071067811865468,0.7071067811865476,-0.5,-0.5,0.5,1.5707963705062866,simulator_service,service_success,True,,0.0128,0.0,service_success,0.0,True,False
5.8909636,55,5246.904612,True,0.3758786068410338,False,False,1.407098053139718,success,True,0.5044646245004435,5.044646245004435,2.6264486531655544,7.5497661116704835,3.82828240336378,1.0062598499071709,55,55,1.0,1.6701912054127097,1.793711581496792,0.7071067811865469,0.7071067811865476,0.5,0.5,0.5,1.5707963705062866,velocity,post_controller_hold,False,,0.2114,0.0025,not_attempted,0.0,True,False
-4.961216,93,5268.375687,True,0.3694013226749167,False,False,1.3177459751340839,success,True,0.8746796886899795,8.746796886899794,3.9328539605851307,13.06372576128993,3.9328539605851307,0.8923705009625899,93,93,1.0,1.7765295452780347,1.793711581496792,0.7021913316816539,0.7071067811865476,-0.5,-0.5,0.5,-1.3569443225860596,velocity,post_controller_hold,False,,0.0883,1.4177,not_attempted,0.0,False,False
15.395454,23,5296.615563,True,0.31800639276130577,False,False,0.9033995771112955,success,True,0.24897995706626316,2.4897995706626315,1.1664228792704951,2.990645618523937,1.473764788202988,0.9033995771112955,23,23,1.0,1.681201516051873,1.793711581496792,0.7071067811865478,0.7071067811865476,-0.5,-0.5,-0.5,1.5707963705062866,velocity,post_controller_hold,False,,0.1433,3.0989,not_attempted,0.0,False,False
7.571941,32,5330.035568,True,0.3075207809075582,False,False,1.306283569693732,success,True,0.7592189365808737,7.592189365808737,2.8254308006367026,4.874747875214494,2.8254308006367026,0.8416830400317035,32,32,1.0,1.6487829086506882,1.793711581496792,0.7071067811865474,0.7071067811865476,0.5,0.5,0.5,-1.5707963705062866,velocity,post_controller_hold,False,,0.0533,0.036,not_attempted,0.0,False,False
2.631761,71,5368.148683,True,0.33692081490027076,False,False,1.8798223279004813,success,True,0.9323631597968199,9.3236315979682,2.4448346882626817,9.655496778159032,3.099345073048193,1.2151137043491373,71,71,1.0,1.750419314653327,1.793711581496792,0.7071067811865467,0.7071067811865476,0.5,0.5,-0.5,1.5707963705062866,velocity,post_controller_hold,False,,0.0688,0.3547,not_attempted,0.0,False,True
15.518016,39,5407.176687,True,0.3409603389199492,False,False,1.574360542760614,success,True,0.13518828321316076,1.3518828321316076,1.3307649514989472,4.880456038276418,1.9265670888644575,1.392301254590318,39,39,1.0,1.784835311048875,1.793711581496792,0.7035853461254962,0.7071067811865476,0.5,0.5,0.5,-1.5707963705062866,velocity,post_controller_hold,False,,0.1797,1.4243,not_attempted,0.0,False,False
-9.26112,200,5453.967278,True,0.2478815732194265,False,False,1.0161279426976015,success,True,0.724596060803951,7.2459606080395105,1.3230489771078198,27.296522357773892,2.437319858732028,0.922686978766056,200,200,1.0,1.74651979108242,1.793711581496792,0.7044225475024255,0.7071067811865476,0.5,-0.5,0.5,-1.5707963705062866,velocity,post_controller_hold,False,,0.075,0.0868,not_attempted,0.0,False,False
-18.563461,8,5467.814878,False,4.109383567793164,True,False,2.598676902517541,out_of_bounds,True,0.04217443702588971,0.0,1.1041998243183053,1.1041998243183053,1.1041998243183053,1.9317673024682027,8,8,1.0,1.793711581496792,1.793711581496792,0.7071067811865477,0.7071067811865476,0.5,-0.5,0.5,1.5707963705062866,velocity,post_controller_hold,False,,0.062,1.525,not_attempted,0.0,False,False
13.112962,44,5498.187688,True,0.14410530939597324,False,False,1.2228919062466808,success,True,0.01575297631340953,0.15752976313409528,2.895629891345509,6.038454039856491,3.444530110658597,0.9801720554432107,44,44,1.0,1.7872485318030327,1.793711581496792,0.6882799516524996,0.7071067811865476,0.5,-0.5,-0.5,1.5707963705062866,simulator_service,service_success,True,,0.0086,0.0747,service_success,0.0,False,False
-9.506574,193,5524.762627,True,0.21020925307742439,False,False,1.2601254802291575,success,True,0.13847667455067103,1.3847667455067103,4.748742777212264,26.202928710308132,5.828132325996675,0.5104436382263876,193,193,1.0,1.7371930936251507,1.793711581496792,0.696233224059965,0.7071067811865476,0.5,-0.5,0.5,-1.5707963705062866,velocity,post_controller_hold,False,,0.0065,1.0528,not_attempted,0.0,True,False
12.782098,23,5561.833508,True,0.2319724652977955,False,False,1.6115245191666796,success,True,0.29009208731302466,2.9009208731302465,2.2345129444771454,3.217417529349281,2.2345129444771454,1.370391589652273,23,23,1.0,1.7937115814967932,1.793711581496792,0.7071067811865478,0.7071067811865476,-0.5,0.5,0.5,-1.5707963705062866,velocity,post_controller_hold,False,,0.0228,0.1456,not_attempted,0.0,False,False
0.03377249,68,5590.375844,True,0.2801000821051106,False,False,1.0584998818174944,success,True,0.6017242148705185,6.0172421487051855,4.063834720104723,9.619406480346543,4.689009628481418,1.0584998818174944,68,68,1.0,1.7689711406937023,1.793711581496792,0.7071067811865468,0.7071067811865476,-0.5,0.5,0.5,-0.39664337038993835,velocity,post_controller_hold,False,,0.0796,1.2998,not_attempted,0.0,False,False
8.82296,41,5623.409565,True,0.2933754803041748,False,False,1.5276661337637436,success,True,0.1739588414864619,1.739588414864619,4.079089588440678,6.2859922875411165,4.42549647031557,1.1309101191715547,41,41,1.0,1.7486502856891506,1.793711581496792,0.7071067811865471,0.7071067811865476,0.5,-0.5,0.5,-1.5707963705062866,velocity,post_controller_hold,False,,0.1144,1.7621,not_attempted,0.0,True,False
11.2487335,18,5647.836489,True,0.1384301841982926,False,False,1.4063689205638237,success,True,0.59221293329043,5.9221293329043,1.7680800902262805,2.546585776269941,1.7680800902262805,0.6328367019214671,18,18,1.0,1.793711581496793,1.793711581496792,0.7071067811865478,0.7071067811865476,0.5,-0.5,0.5,1.5707963705062866,velocity,post_controller_hold,False,,0.1569,0.4015,not_attempted,0.0,False,False
0.36884874,65,5674.598177,True,0.1624349463392517,False,False,1.2944094766783938,success,True,0.7052149361622592,7.052149361622591,3.8090580789412756,9.176657857359105,3.8090580789412756,1.183389589168221,65,65,1.0,1.7638859192767846,1.793711581496792,0.6956704887259264,0.7071067811865476,-0.5,0.5,0.5,1.5707963705062866,velocity,post_controller_hold,False,,0.1385,1.1137,not_attempted,0.0,True,False
6.992553,64,5711.814638,True,0.30213550406619,False,False,1.392402000713025,success,True,0.3667388142093246,3.667388142093246,2.748564059325225,9.412835368382046,3.039937817228664,0.5237550796064386,64,64,1.0,1.7937115814967937,1.793711581496792,0.7071067811865468,0.7071067811865476,-0.5,-0.5,-0.5,-1.5707963705062866,velocity,post_controller_hold,False,,0.044,0.2446,not_attempted,0.0,False,True
-17.69892,9,5726.265511,False,2.459230681542261,True,False,2.6004135877101042,out_of_bounds,True,0.07937355809905597,0.0,1.025728003809729,1.025728003809729,1.025728003809729,1.893036612225322,9,9,1.0,1.7937115814967923,1.793711581496792,0.7071067811865477,0.7071067811865476,0.5,0.5,0.5,1.5707963705062866,velocity,post_controller_hold,False,,0.1404,2.5383,not_attempted,0.0,False,False
6.591009,77,5761.963587,True,0.18587453731607154,False,False,1.03137990369252,success,True,0.4651097574763024,4.651097574763024,1.6049417582324004,11.514236675129792,1.663897841067276,0.8987020743416844,77,77,1.0,1.7745197824078092,1.793711581496792,0.7047183726716375,0.7071067811865476,-0.5,-0.5,-0.5,-1.5707963705062866,velocity,post_controller_hold,False,,0.0703,1.7868,not_attempted,0.0,False,False
6.1970534,34,5787.887548,True,0.35070419345756837,False,False,1.9134861911962535,success,True,0.854074871993523,8.54074871993523,2.532404970173281,5.314792751766934,3.1463818605724376,1.0923305832935262,34,34,1.0,1.7778131997683506,1.793711581496792,0.7071067811865472,0.7071067811865476,-0.5,0.5,0.5,-1.5707963705062866,simulator_service,service_success,True,,0.0116,0.0001,service_success,0.0,False,False
3.7531886,40,5818.043698,True,0.28782779656612456,False,False,1.1147582921428747,success,True,0.43440901014952316,4.344090101495231,4.18243250678403,6.313705520664563,4.18243250678403,0.7182849386004498,40,40,1.0,1.7937115814967934,1.793711581496792,0.7071067811865471,0.7071067811865476,0.5,-0.5,0.5,-1.5707963705062866,velocity,post_controller_hold,False,,0.0826,2.5827,not_attempted,0.0,True,False
3.5622287,52,5848.728004,True,0.33915464619918334,False,False,1.9112441119422103,success,True,0.14677009590826598,1.4677009590826597,4.950933876147817,7.720489821198601,5.085971876212014,0.8757006947335335,52,52,1.0,1.7937115814967937,1.793711581496792,0.7071067811865469,0.7071067811865476,0.5,0.5,0.5,1.5707963705062866,velocity,post_controller_hold,False,,0.029,0.6535,not_attempted,0.0,False,False
8.541598,73,5883.386615,True,0.2876475630899026,False,False,1.444471096581978,success,True,0.3018425835495885,3.0184258354958846,1.7808313158614266,9.76776569724465,2.62624757089745,1.3208793267517203,73,73,1.0,1.6872256136001915,1.793711581496792,0.7071067811865467,0.7071067811865476,0.5,-0.5,0.5,-1.5707963705062866,velocity,post_controller_hold,False,,0.0704,0.4531,not_attempted,0.0,False,False
0.3662009,45,5921.79765,True,0.28860122892736145,False,False,1.424249203342688,success,True,0.2654772701826735,2.654772701826735,4.728126530219127,7.046117317312959,4.728126530219127,0.9733258618286884,45,45,1.0,1.7498691091879783,1.793711581496792,0.707106781186547,0.7071067811865476,0.5,0.5,-0.5,1.1097956895828247,velocity,post_controller_hold,False,,0.0751,2.1699,not_attempted,0.0,False,False
6.459505,122,5947.272592,True,0.34039250147468403,False,False,1.2077410139409384,success,True,0.00010419004391182028,0.0010419004391182029,1.742420014169488,17.25270220151083,3.031668163968296,0.7055088158007485,122,122,1.0,1.7617269259853277,1.793711581496792,0.6978254187943935,0.7071067811865476,0.5,0.5,0.5,-1.5707963705062866,velocity,post_controller_hold,False,,0.2334,2.3881,not_attempted,0.0,True,False
7.773224,33,5969.414604,True,0.3059314384128963,False,False,1.4838474555099037,success,True,0.3715424408218223,3.7154244082182233,3.5260779180821706,4.746508621666219,3.5260779180821706,1.3409866596173252,33,33,1.0,1.7933461895593312,1.793711581496792,0.7071067811865474,0.7071067811865476,0.5,0.5,0.5,-1.5707963705062866,velocity,post_controller_hold,False,,0.0587,2.872,not_attempted,0.0,True,False
-19.466425,9,5993.226056,False,3.7260224617638094,False,True,0.327653715173883,unsafe_low_altitude,True,0.17345541863385297,0.0,1.7055063356766766,0.0,0.0,1.1510450556581031,8,8,1.0,1.793711581496792,1.793711581496792,0.7071067811865477,0.7071067811865476,0.5,0.5,-0.5,1.5707963705062866,velocity,post_controller_hold,False,,0.1554,2.5298,not_attempted,0.0,False,False
8.019215,23,6026.357746,True,0.34172512461341775,False,False,1.2648202231448176,success,True,0.8717845258546121,8.71784525854612,2.0125183287033956,3.5678872993934974,2.055333248591871,1.1641269375961338,23,23,1.0,1.7937115814967932,1.793711581496792,0.7071067811865478,0.7071067811865476,-0.5,-0.5,0.5,1.5707963705062866,velocity,post_controller_hold,False,,0.1265,2.3478,not_attempted,0.0,True,False
9.116416,51,6065.905547,True,0.38014302776026254,False,False,1.226045061748799,success,True,0.41898461245423585,4.189846124542359,2.140464297961089,7.11926972815524,2.547430048169361,0.7239468510051693,51,51,1.0,1.7493058521346116,1.793711581496792,0.7044423363725745,0.7071067811865476,-0.5,-0.5,0.5,-0.6028281450271606,simulator_service,service_success,True,,0.0132,0.0,service_success,0.0,True,False
2.8316524,76,6103.474211,True,0.294675084221493,False,False,1.4323426929333078,success,True,0.47208520715656477,4.7208520715656475,3.554075590136855,9.538514604018076,4.213425979191677,1.0342305268409386,76,76,1.0,1.7278138211905498,1.793711581496792,0.689405468305625,0.7071067811865476,-0.5,0.5,0.5,1.5707963705062866,velocity,post_controller_hold,False,,0.1275,1.4131,not_attempted,0.0,True,False
2.1353378,106,6133.662661,True,0.39761614172906823,False,False,1.0733591242768965,success,True,0.10643301457985845,1.0643301457985845,3.2895407896861952,15.355022801887229,4.1419457591713265,0.8140027332679246,106,106,1.0,1.749696513603269,1.793711581496792,0.7071067811865476,0.7071067811865476,0.5,0.5,-0.5,1.5707963705062866,velocity,post_controller_hold,False,,0.1798,0.5264,not_attempted,0.0,False,False
13.686789,18,6163.87402,True,0.28426905520289475,False,False,1.4973787437949793,success,True,0.37268625858862764,3.7268625858862765,2.1249896949738787,2.9170055522753384,2.1249896949738787,1.2924323455374684,18,18,1.0,1.7782712006145536,1.793711581496792,0.6623134393568596,0.7071067811865476,-0.5,0.5,0.5,-1.5707963705062866,velocity,post_controller_hold,False,,0.0982,0.4869,not_attempted,0.0,True,False
12.28978,50,6190.58154,True,0.18284621737177842,False,False,1.2583157904553652,success,True,0.07335261793637132,0.7335261793637132,2.600015653816763,7.2413670322887,2.830856275081147,0.542263307687135,50,50,1.0,1.7770262995027053,1.793711581496792,0.6784224340976924,0.7071067811865476,-0.5,-0.5,0.5,-1.5707963705062866,velocity,post_controller_hold,False,,0.1423,0.9402,not_attempted,0.0,False,False
-18.009575,9,6204.053895,False,2.656816105396421,True,False,2.6437482054221464,out_of_bounds,True,0.2957011097671309,0.0,1.3201724299848825,1.3201724299848825,1.3201724299848825,1.8614666486347018,9,9,1.0,1.7937115814967923,1.793711581496792,0.7071067811865477,0.7071067811865476,0.5,-0.5,0.5,1.5707963705062866,velocity,post_controller_hold,False,,0.0692,1.0967,not_attempted,0.0,False,False
-19.087008,14,6220.079564,False,2.6745452433341486,True,False,2.8973544168252,out_of_bounds,True,0.8090940825203978,0.0,2.1748427177379095,2.1748427177379095,2.1748427177379095,1.6256927736954347,14,14,1.0,1.7937115814967928,1.793711581496792,0.7071067811865478,0.7071067811865476,-0.5,-0.5,0.5,1.5707963705062866,simulator_service,service_success,True,,0.0098,0.0,service_success,0.0,False,False
2.8435695,65,6240.731528,True,0.2545353956099036,False,False,1.793180810428976,success,True,0.2515485230374068,2.5154852303740682,4.77987363845707,10.843076618174983,5.474706561253122,0.7576939296104407,65,65,1.0,1.6748579305526112,1.793711581496792,0.6907322953799145,0.7071067811865476,0.5,-0.26746559143066406,-0.5,-1.5707963705062866,velocity,post_controller_hold,False,,0.168,2.7167,not_attempted,0.0,False,True
8.383417,16,6263.33861,True,0.3263058638666609,False,False,1.3403734118148778,success,True,0.8747604578351987,8.747604578351988,2.0064051644261527,2.7022672401877674,2.0064051644261527,1.3403734118148778,16,16,1.0,1.5242870483558928,1.793711581496792,0.7071067811865478,0.7071067811865476,0.5,-0.5,0.5,1.5707963705062866,simulator_service,service_success,True,,0.0114,0.0001,service_success,0.0,False,False
5.174835,83,6296.051651,True,0.3125472192353918,False,False,1.4813043443820153,success,True,0.5223373286186171,5.223373286186171,2.9687075294103296,10.331631435503994,3.2333184950344163,1.324068255870161,83,83,1.0,1.7823261913016204,1.793711581496792,0.7071067811865467,0.7071067811865476,-0.5,-0.5,-0.5,-1.5707963705062866,velocity,post_controller_hold,False,,0.1331,1.8282,not_attempted,0.0,False,False
0.6152477,108,6330.549369,True,0.39444827562013846,False,False,1.7517379018665344,success,True,0.4297133980660857,4.297133980660857,3.783549924715295,15.615993090422148,4.851307788955133,0.9071056378766672,108,108,1.0,1.7603379566891788,1.793711581496792,0.7071067811865477,0.7071067811865476,0.5,-0.5,-0.5,-1.5707963705062866,velocity,post_controller_hold,False,,0.179,2.6245,not_attempted,0.0,False,True
2.842124,35,6353.574094,True,0.29010644862970725,False,False,1.95231551513249,success,True,0.6776248130208954,6.776248130208954,3.6431317759494752,5.3878392373556805,3.6431317759494752,0.5086626428434315,35,35,1.0,1.783478563204277,1.793711581496792,0.6781130370950907,0.7071067811865476,0.2037954330444336,-0.5,0.5,-1.5707963705062866,velocity,post_controller_hold,False,,0.2035,1.0475,not_attempted,0.0,False,False
-19.530474,10,6375.868198,False,3.4818105252436355,False,True,0.44073758535045676,unsafe_low_altitude,True,0.05637141194800076,0.0,1.417921051488117,1.417921051488117,1.417921051488117,0.44073758535045676,10,10,1.0,1.7937115814967926,1.793711581496792,0.7071067811865477,0.7071067811865476,-0.5,-0.5,0.5,1.5707963705062866,velocity,post_controller_hold,False,,0.118,1.8511,not_attempted,0.0,False,False
-18.040918,14,6408.825496,False,1.3345730261790203,False,True,0.3920850315271126,unsafe_low_altitude,True,0.96175256751788,0.0,1.4138315642425254,1.5954276711538278,0.9623154324166057,0.6365809915876449,13,13,1.0,1.7937115814967928,1.793711581496792,0.7071067811865478,0.7071067811865476,-0.5,0.5,-0.5,1.5707963705062866,velocity,post_controller_hold,False,,0.0961,2.8924,not_attempted,0.0,False,False
6.040099,41,6439.831664,True,0.14608624481022126,False,False,1.235201094924713,success,True,0.24604500526349718,2.4604500526349717,4.319822937510579,6.315136937102846,4.319822937510579,0.9728164229434985,41,41,1.0,1.694403983435644,1.793711581496792,0.6971022638118753,0.7071067811865476,-0.5,-0.5,0.5,1.5707963705062866,simulator_service,service_success,True,,0.0134,0.0,service_success,0.0,False,False
11.48276,32,6467.92766,True,0.16694655724844337,False,False,1.2286903457088751,success,True,0.11591755151031978,1.1591755151031977,3.3485825915793863,4.8771517124872386,3.3485825915793863,1.0063997094000048,32,32,1.0,1.7937115814967934,1.793711581496792,0.7071067811865474,0.7071067811865476,0.5,-0.5,0.5,-1.5707963705062866,velocity,post_controller_hold,False,,0.1645,2.0654,not_attempted,0.0,False,False
-18.271725,10,6483.843728,False,2.761690592091112,True,False,2.808675927802976,out_of_bounds,True,0.998536201981522,0.0,1.4637181610615875,1.4637181610615875,1.4637181610615875,1.938034221784452,10,10,1.0,1.7937115814967926,1.793711581496792,0.7071067811865477,0.7071067811865476,0.5,-0.5,0.5,-1.5707963705062866,velocity,post_controller_hold,False,,0.1846,1.496,not_attempted,0.0,False,False
-3.5938869,83,6511.972851,True,0.3799019134942394,False,False,1.31763265200057,success,True,0.46366781467633944,4.636678146763394,4.902981190408547,13.413088424515962,5.800798938431716,0.7280865999440096,83,83,1.0,1.7937115814967917,1.793711581496792,0.7071067811865467,0.7071067811865476,-0.5,-0.5,-0.5,-1.5707963705062866,simulator_service,service_success,True,,0.011,0.1252,service_success,0.0,False,False
7.963802,31,6538.716964,True,0.36491706720288314,False,False,1.4694336630107363,success,True,0.7749541506992741,7.749541506992741,1.5672982978106669,3.7564389044433897,1.8302982184313439,0.6968364534987577,31,31,1.0,1.5622412559813692,1.793711581496792,0.7071067811865474,0.7071067811865476,0.5,0.5,0.5,1.5707963705062866,velocity,post_controller_hold,False,,0.2096,0.1334,not_attempted,0.0,False,False
-0.11298439,56,6566.469653,True,0.1722723205864166,False,False,1.8475244580330272,success,True,0.7724079264294967,7.724079264294968,4.889770111466356,8.6643179473377,4.889770111466356,1.0120617726339065,56,56,1.0,1.7903357216553868,1.793711581496792,0.7060890212211958,0.7071067811865476,0.5,0.5,-0.5,1.5707963705062866,simulator_service,service_success,True,,0.0112,0.0,service_success,0.0,False,False
5.9244275,60,6594.21734,True,0.32969420172905556,False,False,1.3519779396821605,success,True,0.4982732220803096,4.982732220803096,2.5650249663697346,8.641532707382016,3.638072878256143,0.7826157146894896,60,60,1.0,1.7774391579455868,1.793711581496792,0.7006329594090304,0.7071067811865476,-0.5,0.5,0.5,1.5707963705062866,velocity,post_controller_hold,False,,0.0966,1.4753,not_attempted,0.0,True,False
5.8751397,32,6622.354563,True,0.10119344933247214,False,False,2.0125360995017565,success,True,0.6118957319352256,6.118957319352257,3.1840223438192545,4.802528810503078,3.1840223438192545,0.5135062321952053,32,32,1.0,1.6653034968472011,1.793711581496792,0.7071067811865474,0.7071067811865476,0.5,0.5,0.5,1.5707963705062866,velocity,post_controller_hold,False,,0.1233,1.2344,not_attempted,0.0,False,False
2.3359826,126,6661.786721,True,0.3702688128869382,False,False,1.9487516818188455,success,True,0.10366430359055687,1.0366430359055687,2.729188499645809,16.13981572047958,3.749768064490956,0.9416932821591337,126,126,1.0,1.783713500986875,1.793711581496792,0.7022396781129948,0.7071067811865476,-0.5,-0.5,0.5,-1.5707963705062866,velocity,post_controller_hold,False,,0.1902,1.6431,not_attempted,0.0,False,False
13.596534,33,6704.32387,True,0.28485390018773543,False,False,0.8926492491139592,success,True,0.16519965485857196,1.6519965485857195,1.87006980156937,3.640400489829487,1.87006980156937,0.8926492491139592,33,33,1.0,1.7937115814967934,1.793711581496792,0.7071067811865474,0.7071067811865476,-0.5,-0.5,-0.5,-1.5707963705062866,velocity,post_controller_hold,False,,0.1674,1.583,not_attempted,0.0,False,False
2.8462512,98,6729.809571,True,0.3470741311632252,False,False,1.3443517532211924,success,True,0.5820730994487893,5.820730994487892,1.5489538835020136,13.076964678647942,2.910879547606302,0.8693106208484196,98,98,1.0,1.7709277509000212,1.793711581496792,0.7010074878812949,0.7071067811865476,-0.5,0.5,-0.5,1.5707963705062866,velocity,post_controller_hold,False,,0.133,2.3811,not_attempted,0.0,False,False
12.552779,27,6757.61974,True,0.36900950190038984,False,False,1.3975070770629847,success,True,0.17946380741747064,1.7946380741747063,2.7558982594911647,3.9338427283621753,2.7558982594911647,0.8560843842375785,27,27,1.0,1.7937115814967934,1.793711581496792,0.7071067811865476,0.7071067811865476,0.5,-0.5,-0.5,1.5707963705062866,velocity,post_controller_hold,False,,0.189,2.8758,not_attempted,0.0,False,False
12.175693,56,6785.716073,True,0.28196921492076676,False,False,1.3961323227936948,success,True,0.027324238875954292,0.27324238875954293,3.1418207262631044,7.833770360219494,3.5863721083228826,1.0964689385862172,56,56,1.0,1.7115112515990099,1.793711581496792,0.7071067811865469,0.7071067811865476,0.5,0.5,0.5,-1.5707963705062866,velocity,post_controller_hold,False,,0.0631,2.0429,not_attempted,0.0,False,False
-20.01957,11,6802.134567,False,3.666646466206414,True,False,2.934476644515761,out_of_bounds,True,0.17824883705967862,0.0,1.2862926098045522,1.2862926098045522,1.2862926098045522,2.027452573046922,11,11,1.0,1.7937115814967926,1.793711581496792,0.7071067811865478,0.7071067811865476,0.5,-0.5,0.5,-1.5707963705062866,velocity,post_controller_hold,False,,0.0535,0.9605,not_attempted,0.0,False,False
17.4302,12,6835.447735,True,0.2572195278971996,False,False,1.3106566165220466,success,True,0.13236771306511053,1.3236771306511053,1.3305953419422716,1.4397194693231437,1.3305953419422716,1.038570190109164,12,12,1.0,1.7162308165337776,1.793711581496792,0.7071067811865478,0.7071067811865476,-0.5,-0.5,0.5,1.5707963705062866,simulator_service,service_success,True,,0.0112,0.0002,service_success,0.0,True,False
-9.315939,92,6866.427688,True,0.32650032037955035,False,False,1.7253396187659749,success,True,0.7829368524673022,7.829368524673022,4.513466796879301,13.813778728255697,5.17711497326637,0.6729646715539466,92,92,1.0,1.7128952820184136,1.793711581496792,0.7071067811865468,0.7071067811865476,-0.5,-0.5,-0.5,1.5707963705062866,velocity,post_controller_hold,False,,0.1783,2.4515,not_attempted,0.0,False,False
4.8015385,27,6904.785659,True,0.396243627447958,False,False,1.540153835438584,success,True,0.7612094103278947,7.612094103278947,3.6836235023231554,3.8377972011289887,3.6836235023231554,1.1119894531969057,27,27,1.0,1.78567092470707,1.793711581496792,0.7071067811865476,0.7071067811865476,-0.5,0.5,-0.5,1.5707963705062866,velocity,post_controller_hold,False,,0.2373,3.0232,not_attempted,0.0,False,False
3.9490268,84,6932.292686,True,0.22914530091389018,False,False,1.2375488727678763,success,True,0.580938110814483,5.80938110814483,1.2070704996423798,11.842668983397136,2.475326453303151,0.9853503650181265,84,84,1.0,1.7171629748315678,1.793711581496792,0.7071067811865467,0.7071067811865476,-0.5,0.5,-0.5,1.5707963705062866,velocity,post_controller_hold,False,,0.1803,1.1688,not_attempted,0.0,False,False
-18.281252,11,6949.022304,False,2.2765284487158524,True,False,0.1347965816770374,out_of_bounds,True,0.6835980221376877,0.0,1.4620973738511034,1.4620973738511034,1.4620973738511034,0.1347965816770374,11,11,1.0,1.7937115814967926,1.793711581496792,0.7071067811865478,0.7071067811865476,0.5,0.5,-0.5,-1.5707963705062866,velocity,post_controller_hold,False,,0.142,2.5339,not_attempted,0.0,False,False
6.192327,31,6972.582876,True,0.17471258927289712,False,False,1.5423836348272562,success,True,0.8320090444453363,8.320090444453363,2.5674096262122976,5.387121727420114,2.6077516672884333,1.4099880021085724,31,31,1.0,1.72609695812524,1.793711581496792,0.6798271462229379,0.7071067811865476,-0.5,-0.5,-0.5,-1.5707963705062866,velocity,post_controller_hold,False,,0.0719,2.0065,not_attempted,0.0,False,True
7.3048153,28,7003.484606,True,0.17776924476393222,False,False,1.4738359274579034,success,True,0.6162620214366151,6.162620214366151,2.8979617149675723,3.6597571097285124,2.8979617149675723,1.2363216755127922,28,28,1.0,1.7426550143357094,1.793711581496792,0.7071067811865476,0.7071067811865476,0.5,0.5,-0.5,-1.292059302330017,velocity,post_controller_hold,False,,0.207,2.0225,not_attempted,0.0,False,False
3.2656775,89,7048.61708,True,0.2733809301063905,False,False,1.4622179009821363,success,True,0.3380188140112014,3.380188140112014,4.4634679512267965,13.03888383698226,5.257906517084897,0.9206071794410565,89,89,1.0,1.6954205436816268,1.793711581496792,0.7071067811865466,0.7071067811865476,-0.5,0.5,0.5,1.5707963705062866,simulator_service,service_success,True,,0.0107,0.0681,service_success,0.0,True,False
-0.3992634,111,7092.360905,True,0.3849835770736314,False,False,1.8526488473360867,success,True,0.6996768519820085,6.996768519820085,2.46671365362873,14.796440365064406,3.2185095458842103,0.6663514010901657,111,111,1.0,1.7190801848236767,1.793711581496792,0.7009727646552261,0.7071067811865476,-0.5,-0.5,0.5,-1.5707963705062866,velocity,post_controller_hold,False,,0.1803,0.6801,not_attempted,0.0,False,False
-20.222399,11,7110.398531,False,3.6746253038142,True,False,2.702279127877651,out_of_bounds,True,0.1320768721191108,0.0,1.604016444661234,1.604016444661234,1.604016444661234,1.7528828850224794,11,11,1.0,1.7937115814967926,1.793711581496792,0.7071067811865478,0.7071067811865476,-0.5,-0.5,0.5,1.5707963705062866,velocity,post_controller_hold,False,,0.1726,1.4233,not_attempted,0.0,False,False
3.707221,105,7149.645823,True,0.3743448925818632,False,False,1.641056087278115,success,True,0.14551206917555742,1.4551206917555741,3.051939269665153,15.154006839855398,3.8178619283691093,0.7616306019619611,105,105,1.0,1.7565969059502342,1.793711581496792,0.7064200519149236,0.7071067811865476,0.5,0.5,0.5,-1.5707963705062866,velocity,post_controller_hold,False,,0.1039,2.8648,not_attempted,0.0,True,False
0.46156728,48,7180.304538,True,0.1093375569306844,False,False,1.530681951818865,success,True,0.7010103356839165,7.010103356839164,4.335347738845913,6.932775610773891,4.36809177940201,1.1260123242510518,48,48,1.0,1.6961158922457977,1.793711581496792,0.707106781186547,0.7071067811865476,0.5,-0.5,0.5,1.5707963705062866,simulator_service,service_success,True,,0.0086,0.0002,service_success,0.0,True,False
16.198246,15,7208.043612,True,0.3899858866831549,False,False,1.7109154330014578,success,True,0.14288243511781631,1.428824351178163,1.2979346979564774,2.444562412793975,1.2979346979564774,1.537234305727632,15,15,1.0,1.793711581496793,1.793711581496792,0.7071067811865478,0.7071067811865476,0.5,-0.5,-0.5,-1.5707963705062866,velocity,post_controller_hold,False,,0.2108,0.0753,not_attempted,0.0,False,False
3.1562762,52,7244.353718,True,0.2819443659060732,False,False,1.7354496209955756,success,True,0.8815511166284357,8.815511166284356,2.5314573309474646,6.626319332416218,2.559391476418993,1.3278585920437616,52,52,1.0,1.6234802133634008,1.793711581496792,0.7071067811865469,0.7071067811865476,-0.5,-0.5,0.5,1.5707963705062866,velocity,post_controller_hold,False,,0.0426,1.5856,not_attempted,0.0,True,False
-18.778517,11,7301.625242,False,3.865296499297475,True,False,2.5326596160653176,out_of_bounds,True,0.3545277444557834,0.0,1.2810838387914008,1.2810838387914008,1.2810838387914008,1.931669631678008,11,11,1.0,1.6381848955185456,1.793711581496792,0.7071067811865478,0.7071067811865476,0.5,0.5,-0.5,-0.3611574172973633,velocity,post_controller_hold,False,,0.1555,0.1073,not_attempted,0.0,False,False
9.366404,99,7330.800452,True,0.38542313061535644,False,False,1.7682520232604377,success,True,0.04820311006745665,0.4820311006745665,2.691689029424493,13.112359689511132,3.124849189471914,0.6062697674742651,99,99,1.0,1.7629175102163752,1.793711581496792,0.6918327379622975,0.7071067811865476,0.5,-0.5,-0.5,1.5707963705062866,velocity,post_controller_hold,False,,0.162,2.2571,not_attempted,0.0,False,True
6.3930616,41,7375.451921,True,0.35179974850221135,False,False,1.310144742281516,success,True,0.4312432779741452,4.312432779741452,3.8565379284184207,6.084262811625159,4.347306135200682,0.6661403293243576,41,41,1.0,1.7937115814967934,1.793711581496792,0.7071067811865471,0.7071067811865476,0.5,0.5,-0.5,-1.5707963705062866,velocity,post_controller_hold,False,,0.1851,2.067,not_attempted,0.0,False,False
8.65174,85,7403.265669,True,0.2989281317490361,False,False,1.248701222801776,success,True,0.04692093330815475,0.4692093330815475,2.3726266051471683,11.931077801467394,2.61942996042095,0.869824631353465,85,85,1.0,1.7562674519724695,1.793711581496792,0.7026780915151309,0.7071067811865476,-0.5,0.5,0.5,1.5707963705062866,simulator_service,service_success,True,,0.0122,0.0,service_success,0.0,True,False
12.412763,38,7432.790531,True,0.2236360383027244,False,False,1.925336894005572,success,True,0.19838310215239935,1.9838310215239936,2.695456092565209,5.621813762804615,3.091713791466566,0.9299556154165374,38,38,1.0,1.7548733786935884,1.793711581496792,0.7071067811865471,0.7071067811865476,0.5,-0.5,0.5,-1.5707963705062866,velocity,post_controller_hold,False,,0.0784,1.5474,not_attempted,0.0,False,False
-20.044437,11,7463.031776,False,3.2988952938060208,True,False,2.66459968851871,out_of_bounds,True,0.27917806728057715,0.0,1.6860880956206237,1.6860880956206237,1.6860880956206237,1.6588480198469893,11,11,1.0,1.7937115814967926,1.793711581496792,0.7071067811865478,0.7071067811865476,0.5,-0.5,0.5,-1.5707963705062866,velocity,post_controller_hold,False,,0.2273,0.6292,not_attempted,0.0,False,False
13.599396,42,7498.944486,True,0.24055131774466487,False,False,1.4258469027669585,success,True,0.11482377952055706,1.1482377952055707,2.1200830097972148,4.492315772174758,2.1200830097972148,1.4258469027669585,42,42,1.0,1.7920955130434455,1.793711581496792,0.707106781186547,0.7071067811865476,0.5,0.5,-0.5,1.5707963705062866,simulator_service,service_success,True,,0.0097,0.0447,service_success,0.0,False,False
0.70162696,129,7532.357683,True,0.16596941318014766,False,False,1.345704722534923,success,True,0.43045019107130994,4.3045019107131,2.811274018222484,17.662063062927842,3.635836333722086,0.8337007308208729,129,129,1.0,1.6767827039687366,1.793711581496792,0.7071067811865486,0.7071067811865476,0.5,-0.5,0.5,-1.5707963705062866,velocity,post_controller_hold,False,,0.2257,3.023,not_attempted,0.0,True,False
9.39129,46,7576.253099,True,0.3016305290534645,False,False,1.476539865643724,success,True,0.6545972660470619,6.545972660470619,1.1299014445760354,6.196524755622083,1.880187660372329,0.6718828332165837,46,46,1.0,1.6852370723060723,1.793711581496792,0.707106781186547,0.7071067811865476,0.5,-0.5,0.5,1.5707963705062866,velocity,post_controller_hold,False,,0.1148,2.5956,not_attempted,0.0,True,False
-1.1303626,143,7621.387522,True,0.29934640936349266,False,False,1.0310459316171179,success,True,0.723186639599117,7.23186639599117,1.7956667471630294,18.54302824242635,2.4944113768061897,1.0310459316171179,143,143,1.0,1.7280245973224075,1.793711581496792,0.6925023597358079,0.7071067811865476,0.5,-0.5,-0.5,1.5707963705062866,velocity,post_controller_hold,False,,0.1795,1.3475,not_attempted,0.0,False,False
3.635956,69,7652.296998,True,0.23437737056084798,False,False,1.815113182442499,success,True,0.4275518049054991,4.275518049054991,3.5694653053989294,9.13504687203933,4.600694588316008,1.124706888634776,69,69,1.0,1.7871720564007076,1.793711581496792,0.6883542098468916,0.7071067811865476,0.5,0.5,0.5,1.5707963705062866,velocity,post_controller_hold,False,,0.2343,1.1399,not_attempted,0.0,False,False
16.238762,30,7680.628821,True,0.3597404881601354,False,False,1.6473733835257331,success,True,0.03573072449050222,0.3573072449050222,1.3315556491834897,4.017585637884851,2.244310948794887,0.7255163710154936,30,30,1.0,1.7937115814967934,1.793711581496792,0.7071067811865475,0.7071067811865476,-0.5,-0.5,0.5,-1.5707963705062866,velocity,post_controller_hold,False,,0.2304,2.8585,not_attempted,0.0,False,False
7.2295055,58,7712.49558,True,0.3928273222823674,False,False,1.9928689692224477,success,True,0.11350238716234702,1.1350238716234702,3.484664592862006,9.23419508413445,4.160026566836976,0.6541139740097688,58,58,1.0,1.6775056867588065,1.793711581496792,0.6929438798346655,0.7071067811865476,0.5,0.5,0.5,1.5707963705062866,velocity,post_controller_hold,False,,0.181,3.1315,not_attempted,0.0,False,False
-5.5677333,128,7771.634723,True,0.364349274274294,False,False,1.618862416425899,success,True,0.1267056027626501,1.267056027626501,4.956034563022152,16.076576341730984,5.415866845329745,0.7709897068504482,128,128,1.0,1.7819873902619685,1.793711581496792,0.7071067811865486,0.7071067811865476,-0.5,-0.5,0.5,1.5707963705062866,velocity,post_controller_hold,False,,0.13,0.9372,not_attempted,0.0,True,False
-20.809109,200,7812.953601,False,0.709249323950244,False,False,1.6188441277928083,max_steps,True,0.9631957550928224,0.0,2.783061651969778,24.578208431372847,3.2361923369186534,0.8510923231557399,200,200,1.0,1.7387062504163149,1.793711581496792,0.7030948681589468,0.7071067811865476,0.5,0.5,-0.5,-1.5707963705062866,velocity,post_controller_hold,False,,0.2169,1.6122,not_attempted,0.0,False,False
3.7582612,74,7844.511939,True,0.37908270990286685,False,False,1.4809735953976104,success,True,0.8642870344819137,8.642870344819137,1.9152097887764639,9.817548197744076,2.355355031120582,0.7103052386933348,74,74,1.0,1.7937115814967932,1.793711581496792,0.7071067811865467,0.7071067811865476,0.5,-0.5,0.5,1.5707963705062866,velocity,post_controller_hold,False,,0.0579,1.8126,not_attempted,0.0,False,False
11.707813,27,7891.161506,True,0.3713583653858097,False,False,1.5656534837886793,success,True,0.13884489889968032,1.3884489889968032,3.5987273531259802,3.8797775633978695,3.5987273531259802,1.372163970870523,27,27,1.0,1.7937115814967934,1.793711581496792,0.7071067811865476,0.7071067811865476,-0.5,0.5,0.5,1.5707963705062866,velocity,post_controller_hold,False,,0.2327,2.6831,not_attempted,0.0,True,False
