#{"t_start": 1783158991.9633882, "env_id": "None"}
r,l,t,is_success,final_distance,is_out_of_bounds,is_unsafe_low_altitude,altitude,terminal_reason,terminal_stop_command_accepted,terminal_yaw_error,terminal_yaw_penalty,physical_displacement,path_length,max_physical_displacement,min_altitude,motion_command_steps,motion_command_accepted_steps,motion_command_acceptance_rate,mean_action_norm,max_action_norm,mean_xy_action_norm,max_xy_action_norm,last_action_vx,last_action_vy,last_action_vz,last_action_vyaw,reset_method,reset_path,reset_service_attempted,reset_failure_class,reset_position_error,reset_yaw_error,reset_service_status,vertical_safety_penalty,low_altitude_guard_active,bounds_guard_active
12.985142,66,31.708093,True,0.3906383679943044,False,False,2.058814648587605,success,True,0.02308039585950899,0.2308039585950899,1.363810972505412,3.705447734984734,1.386115909870005,1.0038754323533083,66,66,1.0,0.32555344188322366,0.9421162609054466,0.2294057821272445,0.5286350008721655,0.0333743579685688,-0.04733370989561081,-0.122438944876194,0.10292753577232361,simulator_service,service_success,True,,0.0775,1.1877,service_success,0.0,False,False
-100.26669,200,84.095825,False,4.5542010689516665,False,False,1.3522002652945515,max_steps,True,0.7639884313640988,0.0,3.6138618782753307,26.466940351730777,3.7242081933201137,0.758829854750746,200,200,1.0,1.0513837431832251,1.7761419892690615,0.5638962747976569,0.7071067811865476,-0.19151340425014496,0.5,0.5,0.2643290162086487,velocity,post_controller_hold,False,,0.1653,1.6214,not_attempted,0.0,False,False
-53.454517,200,135.745004,False,2.95538672785722,False,False,1.709996695437868,max_steps,True,0.10847010023974342,0.0,3.4431220584550926,21.5225199269082,4.545525803754996,0.7478215221037208,200,200,1.0,0.756668884893847,1.7308079005625134,0.4618670295562417,0.7071067811865476,0.2503959536552429,0.5,-0.13310490548610687,0.0001124020927818492,velocity,post_controller_hold,False,,0.1691,1.3065,not_attempted,0.0,False,False
-33.702297,200,190.350898,False,2.5571619225137985,False,False,1.002289951261844,max_steps,True,0.7418553853423482,0.0,2.7148866991981295,17.810771341882678,2.795513677314094,0.7484724518499534,200,200,1.0,0.6018120503435797,1.629043288730598,0.3399910662579957,0.7071067811865476,0.5,-0.4222627282142639,-0.5,0.3805542290210724,velocity,post_controller_hold,False,,0.142,2.1802,not_attempted,0.0,False,False
-22.005077,129,224.627049,True,0.35316957734424426,False,False,1.5566354917262413,success,True,0.5040861127341026,5.040861127341026,3.718719937817204,18.730277311856618,3.9990360652784847,0.6474441993342892,129,129,1.0,0.9713576433934085,1.793711581496792,0.5785829960327424,0.7071067811865476,0.5,0.14204487204551697,0.5,-0.28770652413368225,velocity,post_controller_hold,False,,0.1518,0.2224,not_attempted,0.0,False,False
-86.465065,200,278.852523,False,4.956793291899573,False,False,1.9660751775680652,max_steps,True,0.8480650861768214,0.0,4.237393120257985,27.561836036577535,5.578665627160164,0.6218910296829476,200,200,1.0,1.0066924664632946,1.793711581496792,0.6127753696307822,0.7071067811865476,-0.5,0.5,-0.5,1.2838232517242432,velocity,post_controller_hold,False,,0.2023,1.2304,not_attempted,0.0,False,False
-72.39209,200,330.186362,False,1.9929621705252019,False,False,2.209357238564211,max_steps,True,0.011202938626836653,0.0,3.039584390184937,25.177546212349352,3.761267797023006,0.6089183518214812,200,200,1.0,0.8738061107016817,1.7456353356493215,0.5080444095046329,0.7071067811865476,-0.124813012778759,-0.013335125520825386,0.44212380051612854,0.3564377427101135,velocity,post_controller_hold,False,,0.1639,1.139,not_attempted,0.0,False,False
-57.56929,200,379.078231,False,2.75481933647485,False,False,2.32290415216884,max_steps,True,0.9471274476570722,0.0,2.383647755070201,25.004404756819675,3.312796977028024,1.0258350254651283,200,200,1.0,0.8633112092325044,1.74671153520372,0.5502394221583283,0.7071067811865476,-0.5,-0.5,-0.2,-0.23132409155368805,velocity,post_controller_hold,False,,0.1866,1.2949,not_attempted,0.0,False,True
-151.9533,200,434.59843,False,6.944013520051874,False,False,0.9958576002033636,max_steps,True,0.2572836481346802,0.0,3.6769870812981567,28.616217180750205,5.489031311432249,0.547089941396108,200,200,1.0,1.1687466978983156,1.793711581496792,0.5907401418361524,0.7071067811865476,0.4885629415512085,0.44851264357566833,-0.5,-1.5458959341049194,velocity,post_controller_hold,False,,0.1487,1.1314,not_attempted,0.0,False,False
-67.44599,200,486.512906,False,2.749547081921212,False,False,1.6569426305624093,max_steps,True,0.23270106003849578,0.0,2.770751660014744,24.38597526475611,5.041363185658577,1.0175503535462784,200,200,1.0,0.7714059708586339,1.7838415884556826,0.5181684752300513,0.7071067811865476,-0.5,-0.2909108102321625,0.15033374726772308,0.08852807432413101,velocity,post_controller_hold,False,,0.1299,2.8426,not_attempted,0.0,False,False
-66.41671,200,536.417093,False,2.6041191536517445,False,False,1.0754958294896249,max_steps,True,0.19144248929553864,0.0,1.2504003188949238,26.615089172096273,2.7535924711411197,0.5974265696289182,200,200,1.0,0.8734378159713136,1.793711581496792,0.5567547763635055,0.7071067811865476,-0.5,0.47318196296691895,-0.4113749861717224,-0.597834050655365,velocity,post_controller_hold,False,,0.1891,0.2865,not_attempted,0.0,False,False
-90.841805,200,591.03071,False,5.1296781723846046,False,False,1.7180195346883198,max_steps,True,0.2136590838586976,0.0,2.623562237780414,26.319345617545725,3.028488559655274,0.5879185976787088,200,200,1.0,0.853051174930495,1.7256525891751424,0.5350002886183021,0.7071067811865476,-0.5,-0.2,0.5,0.10099449753761292,velocity,post_controller_hold,False,,0.1619,2.6305,not_attempted,0.0,False,True
-130.15129,200,646.651372,False,5.932130362208194,False,False,2.0941116238151434,max_steps,True,0.3858178798519857,0.0,5.513975613427085,29.682973074058545,6.391242872139259,0.5938681042544623,200,200,1.0,1.2304607430487562,1.793711581496792,0.6109923778860259,0.7071067811865476,0.05107839033007622,0.5,0.5,-0.48113828897476196,velocity,post_controller_hold,False,,0.1691,0.5996,not_attempted,0.0,False,False
-107.96302,200,697.158056,False,3.0702599998629845,False,False,2.0015220921214247,max_steps,True,0.4356052814246174,0.0,1.0100224009583683,28.708056487894513,3.907925855611828,0.6146372651459424,200,200,1.0,1.1610206947924766,1.793711581496792,0.5910050625316716,0.7071067811865476,0.5,-0.17877839505672455,-0.5,0.7520028352737427,velocity,post_controller_hold,False,,0.1976,0.0638,not_attempted,0.0,False,False
-57.504044,200,752.968786,False,2.0067668569317703,False,False,0.8435522537653791,max_steps,True,0.17798984292041284,0.0,2.595556168819516,25.33977446695393,3.092666528111032,0.6619415735286166,200,200,1.0,0.9883462755434549,1.7789075809685349,0.5120020216765756,0.7071067811865476,-0.2,0.045256007462739944,0.31070899963378906,-0.682384729385376,velocity,post_controller_hold,False,,0.1471,2.0757,not_attempted,0.0,False,True
-77.282036,200,807.702998,False,1.4441037407958546,False,False,0.8823570060211336,max_steps,True,0.562030336419426,0.0,2.734878192030972,25.7296538033239,4.410378652029141,0.6288809546891256,200,200,1.0,0.9066545439818716,1.793711581496792,0.529881718810364,0.7071067811865476,-0.3459431827068329,-0.5,-0.5,0.13235165178775787,velocity,post_controller_hold,False,,0.2043,2.1848,not_attempted,0.0,False,False
-48.575153,200,856.721056,False,3.8556972234934004,False,False,1.0688364322744108,max_steps,True,0.8822092494011463,0.0,3.1685422162717276,21.45783803524587,3.6568762948447886,0.604715081810931,200,200,1.0,0.7656397829592566,1.793711581496792,0.45058622369119866,0.7071067811865476,0.5,-0.20429709553718567,-0.5,1.1954584121704102,velocity,post_controller_hold,False,,0.1761,0.0669,not_attempted,0.0,False,False
-92.920975,200,910.348467,False,2.178481817199208,False,False,2.392496316866807,max_steps,True,0.7986723201971808,0.0,3.4466949994095573,28.446979526773898,5.542846205481463,0.6130880231240139,200,200,1.0,1.1326625401342796,1.793711581496792,0.5945976797549184,0.7071067811865476,-0.41487014293670654,0.5,-0.2,0.16356933116912842,velocity,post_controller_hold,False,,0.106,0.3239,not_attempted,0.0,False,True
-83.727,200,961.659133,False,1.0565137115901222,False,False,2.126653711612682,max_steps,True,0.019044778374782332,0.0,2.9394095230581545,24.426575569030806,3.8233396114515457,0.6800210522530991,200,200,1.0,0.8520468794596116,1.723074378380779,0.5169674929682835,0.7071067811865476,0.14984913170337677,0.21157275140285492,-0.1206703633069992,-0.7136476635932922,velocity,post_controller_hold,False,,0.1755,2.1076,not_attempted,0.0,False,False
-132.12752,200,1014.55804,False,5.513607552237109,False,False,2.2727660845624706,max_steps,True,0.30272302105919446,0.0,1.8862322413293682,27.726419951102837,4.9882707551613805,1.2299780705809045,200,200,1.0,1.1875909027130929,1.793711581496792,0.6040973956356642,0.7071067811865476,0.5,0.5,-0.2,0.844406008720398,velocity,post_controller_hold,False,,0.1782,1.1975,not_attempted,0.0,False,True
-42.518917,200,1068.878583,False,2.15808316305082,False,False,2.172955483862734,max_steps,True,0.5809570101431432,0.0,3.1586190605447495,23.52041731265866,3.2292005805294384,0.7087477171537492,200,200,1.0,0.9282252905412959,1.793711581496792,0.5164504366274312,0.7071067811865476,-0.39627280831336975,0.5,0.5,1.3000447750091553,velocity,post_controller_hold,False,,0.1605,0.841,not_attempted,0.0,False,False
-144.39204,200,1118.675995,False,7.656734675572513,False,False,1.7762719867846608,max_steps,True,0.07494597050465818,0.0,5.370421899235418,29.299233501221078,5.370421899235418,0.6280972040139782,200,200,1.0,1.3237789223973848,1.793711581496792,0.6004780550623089,0.7071067811865476,0.4602150321006775,-0.5,-0.5,-1.5707963705062866,velocity,post_controller_hold,False,,0.1235,0.4457,not_attempted,0.0,False,False
-68.74257,200,1167.505022,False,3.92104471110291,False,False,1.768024119202993,max_steps,True,0.207049383217565,0.0,4.517965069238226,27.07224544655476,5.244396777427639,0.5671181845044234,200,200,1.0,1.100969146040831,1.793711581496792,0.5521543493667488,0.7071067811865476,0.5,-0.5,-0.5,-0.06752178817987442,velocity,post_controller_hold,False,,0.1907,2.9876,not_attempted,0.0,False,False
-132.52477,200,1217.221303,False,3.6348839629776513,False,False,1.3704302897950194,max_steps,True,0.3196042604878619,0.0,2.861250696337469,27.799896947613163,4.185706866116546,0.5889013764405646,200,200,1.0,1.185008010365386,1.793711581496792,0.6092003652716975,0.7071067811865476,-0.34408462047576904,0.18108001351356506,-0.0094615388661623,0.16554725170135498,velocity,post_controller_hold,False,,0.1719,2.0051,not_attempted,0.0,False,False
5.283659,39,1236.135034,True,0.36569346998629915,False,False,1.0574283477736164,success,True,0.6662028562682758,6.6620285626827584,2.129315996669863,5.005710296913947,2.129315996669863,0.5905819168105607,39,39,1.0,0.8029927799148094,1.343931959452399,0.5253063248258051,0.6992222575566502,0.05355996638536453,-0.5,0.42421579360961914,1.1660716533660889,velocity,post_controller_hold,False,,0.171,1.4967,not_attempted,0.0,False,False
3.5818148,50,1255.051415,True,0.3968900063456257,False,False,2.0811566190577864,success,True,0.7360829814873081,7.360829814873081,2.120253932087828,4.845790032415822,2.1556093859343544,1.3271236476618116,50,50,1.0,0.9037947735942374,1.7606706306973314,0.37842295266420223,0.7071067811865476,0.04960606247186661,-0.5,-0.5,-0.8382658362388611,velocity,post_controller_hold,False,,0.1605,2.4945,not_attempted,0.0,False,False
-90.13621,200,1304.364989,False,5.699793687543986,False,False,1.8267938831593815,max_steps,True,0.05800875135678837,0.0,6.104186290841458,25.47601420552281,6.543840260454834,1.4189059640930561,200,200,1.0,1.1073296664835208,1.793711581496792,0.5491914414248055,0.7071067811865476,-0.2793508768081665,-0.4019019603729248,-0.5,1.4259984493255615,velocity,post_controller_hold,False,,0.1289,0.6304,not_attempted,0.0,False,False
-32.146423,200,1356.877969,False,0.6900754829866433,False,False,1.8809297284272222,max_steps,True,0.07796135567997868,0.0,1.489365959933787,22.163714003766486,2.953446917206987,0.5691903041505848,200,200,1.0,0.79086679931668,1.793711581496792,0.4127310353528454,0.7071067811865476,-0.03894949331879616,0.31631261110305786,-0.29620683193206787,-0.10879427194595337,velocity,post_controller_hold,False,,0.1532,0.7081,not_attempted,0.0,False,False
-70.450935,200,1405.984815,False,2.3605946428809865,False,False,1.830079853679549,max_steps,True,0.09316709245880242,0.0,2.0130274392098597,27.240822167793624,4.934855835027399,0.597427068589442,200,200,1.0,0.9610870169389518,1.793711581496792,0.5758061115865136,0.7071067811865476,-0.4760908782482147,-0.5,-0.26138848066329956,0.5683404207229614,velocity,post_controller_hold,False,,0.1621,1.2339,not_attempted,0.0,False,False
-30.354372,183,1454.005925,True,0.33682167529839885,False,False,1.3474603363354436,success,True,0.07909964719404167,0.7909964719404167,2.928801839116096,23.028357498900455,2.928801839116096,0.5965660119608318,183,183,1.0,0.8107817180271808,1.7238972606933494,0.5151359503748036,0.7071067811865476,-0.28861746191978455,0.15519145131111145,-0.33978787064552307,0.09268949180841446,velocity,post_controller_hold,False,,0.1771,2.1345,not_attempted,0.0,False,False
-143.2899,200,1511.527059,False,6.048986828726969,False,False,0.6821149028179804,max_steps,True,0.8282313994240902,0.0,2.623969333100309,29.48968435038278,5.224821339290661,0.590809809791173,200,200,1.0,1.4419568141924992,1.793711581496792,0.6216773614032024,0.7071067811865476,-0.5,-0.5,0.5,1.5707963705062866,velocity,post_controller_hold,False,,0.1637,0.2923,not_attempted,0.0,True,False
-62.054436,200,1568.440015,False,3.7364095747562094,False,False,0.9365234683237438,max_steps,True,0.26371717587501714,0.0,5.712246280985035,25.376435808596682,5.712246280985035,0.6417435141737314,200,200,1.0,0.7305759079430244,1.2822522538020609,0.5169169793568611,0.7071067811865476,-0.5,-0.29757821559906006,-0.5,-0.9744705557823181,velocity,post_controller_hold,False,,0.1457,1.5738,not_attempted,0.0,False,False
-27.020496,128,1606.349491,True,0.3808640824615429,False,False,1.7858151456134579,success,True,0.7056484951567186,7.056484951567185,1.9394679996725763,17.019546101635846,2.220966742525035,0.6782844669868209,128,128,1.0,1.0419405124242815,1.7419011658442038,0.5547424893348191,0.7071067811865476,0.5,-0.5,-0.09432011097669601,-0.7662011981010437,velocity,post_controller_hold,False,,0.1291,1.6444,not_attempted,0.0,False,False
-51.258873,200,1659.444248,False,3.156725271922275,False,False,1.9935744219765608,max_steps,True,0.8461275509625086,0.0,1.9029369871818014,26.393183251841133,3.315939725026462,0.6693885262710104,200,200,1.0,0.9058457964268891,1.7052931864177556,0.5595586419186107,0.7071067811865476,-0.5,-0.5,-0.2420417219400406,0.08246320486068726,velocity,post_controller_hold,False,,0.1513,0.3791,not_attempted,0.0,False,False
-139.35944,200,1710.685116,False,7.078214713616781,False,False,2.4127533194528747,max_steps,True,0.8305713738159636,0.0,2.790964624058838,27.504583559685152,3.8978881434055563,0.5386723456469732,200,200,1.0,1.1796219071983514,1.793711581496792,0.5845483735365916,0.7071067811865476,0.5,-0.5,-0.2,0.7521436810493469,velocity,post_controller_hold,False,,0.161,1.6766,not_attempted,0.0,False,True
-99.994545,200,1760.101005,False,3.105423133334213,False,False,1.4502585528286975,max_steps,True,0.8045017553349314,0.0,2.8181551637649402,28.97904690491132,5.144534290053931,0.5674639477804138,200,200,1.0,1.1389243459477132,1.793711581496792,0.6200574977937717,0.7071067811865476,-0.27465540170669556,-0.5,0.07315520197153091,-0.21931931376457214,velocity,post_controller_hold,False,,0.0634,0.6458,not_attempted,0.0,False,False
-132.42027,200,1819.613911,False,7.798998154400871,False,False,2.003196112991343,max_steps,True,0.04691553757008236,0.0,7.093712319945289,29.49536251672837,7.227377103744989,0.5449489376660779,200,200,1.0,1.237474301476804,1.793711581496792,0.6222480421314001,0.7071067811865476,0.5,0.1324029266834259,-0.5,-1.1620022058486938,velocity,post_controller_hold,False,,0.1487,2.1942,not_attempted,0.0,False,False
-66.934944,200,1869.130217,False,0.6521551457709467,False,False,1.689296108917198,max_steps,True,0.5854298962396081,0.0,3.2483846024057312,28.939448182129144,4.077418983622092,0.5338066543654634,200,200,1.0,1.0820328978881308,1.793711581496792,0.6243866008321189,0.7071067811865476,-0.5,-0.25773221254348755,-0.2834691107273102,-1.4838533401489258,velocity,post_controller_hold,False,,0.1495,2.1959,not_attempted,0.0,False,False
-106.37886,200,1922.218535,False,4.985742077526498,False,False,1.8607816383552718,max_steps,True,0.4384359186018654,0.0,1.7918198455268328,28.252440577008134,4.200962332317057,0.5628837219062703,200,200,1.0,1.0826104899528315,1.793711581496792,0.606819445505583,0.7071067811865476,0.005589425563812256,-0.5,-0.5,-0.21820639073848724,velocity,post_controller_hold,False,,0.1745,1.4843,not_attempted,0.0,False,False
-101.93811,200,1975.759448,False,5.119313378973539,False,False,1.7438251699927823,max_steps,True,0.6194609558689634,0.0,3.5344393761105835,28.13299891725767,5.271712067929174,0.589923540159701,200,200,1.0,1.099003085802145,1.793711581496792,0.6118629394819421,0.7071067811865476,-0.01854553073644638,-0.5,0.020914578810334206,-0.37674152851104736,velocity,post_controller_hold,False,,0.1272,3.0726,not_attempted,0.0,False,False
-97.033226,200,2033.674058,False,4.623500336092604,False,False,1.0387809068656793,max_steps,True,0.11504383416209901,0.0,3.429768968579241,25.727828374893114,4.505840344196257,0.56503437035706,200,200,1.0,1.0741766176551388,1.7755186325950671,0.5468732037061654,0.7071067811865476,0.5,-0.29324662685394287,0.18898195028305054,-0.6605982780456543,velocity,post_controller_hold,False,,0.1532,2.0116,not_attempted,0.0,False,False
-145.99619,186,2079.087209,False,7.5634199624903005,True,False,2.5035307130806976,out_of_bounds,True,0.952684078008864,0.0,4.60523282926416,26.515833076787736,5.716413209944214,0.5502224475558106,186,186,1.0,1.2576000754545154,1.793711581496792,0.6198437226417298,0.7071067811865476,0.2,-0.5,-0.2,-0.749639630317688,velocity,post_controller_hold,False,,0.1325,1.2121,not_attempted,0.0,False,True
-52.21439,200,2134.206893,False,1.9907858515328094,False,False,1.4117213022250805,max_steps,True,0.7650981928074001,0.0,2.1360874025617496,26.022967893865232,3.8080330281839196,0.5139019860360273,200,200,1.0,0.9271783131293343,1.7102593574433822,0.5253323903484425,0.7071067811865476,-0.5,-0.09497461467981339,-0.5,-0.3236338794231415,simulator_service,service_success,True,,0.0043,0.0006,service_success,0.0,False,False
-82.13196,200,2188.81614,False,3.449142714372385,False,False,0.7061299617989233,max_steps,True,0.8676293084278296,0.0,1.166878052677907,26.2371722094318,3.1007389265072924,0.5109356513660628,200,200,1.0,1.058556050655279,1.793711581496792,0.5399786147937057,0.7071067811865476,0.17088820040225983,-0.5,0.5,-0.8635907769203186,velocity,post_controller_hold,False,,0.1345,0.9136,not_attempted,0.0,True,False
-65.60032,200,2243.929873,False,2.6501807720884054,False,False,2.2449899256563253,max_steps,True,0.1889126890846283,0.0,2.587983383239879,24.60418757544201,5.067034920526226,0.5060005195559242,200,200,1.0,0.9070570440920327,1.793711581496792,0.49213807818869454,0.7071067811865476,0.5,-0.10082279145717621,-0.2,-0.6497606635093689,velocity,post_controller_hold,False,,0.1217,0.551,not_attempted,0.0,False,True
-86.22994,200,2301.150888,False,4.87864852900515,False,False,0.7095704031909752,max_steps,True,0.8202258663007181,0.0,3.0138726177038957,26.449167254552727,3.9153365722079974,0.5806468053919858,200,200,1.0,1.074984821048341,1.793711581496792,0.5863467229540497,0.7071067811865476,0.5,0.18679067492485046,0.5,-0.37330904603004456,velocity,post_controller_hold,False,,0.1202,0.8677,not_attempted,0.0,True,False
-72.89666,200,2352.454301,False,2.604129073611253,False,False,0.6437576954664601,max_steps,True,0.7754942908682434,0.0,2.5106686739705624,28.684747666672763,3.42890928672374,0.5793281561100612,200,200,1.0,1.0522618249651865,1.793711581496792,0.6135927612516706,0.7071067811865476,-0.5,0.5,0.5,-0.3826989233493805,velocity,post_controller_hold,False,,0.0897,1.8425,not_attempted,0.0,True,False
-47.128136,186,2400.480327,True,0.39527032515673005,False,False,1.7547965039623916,success,True,0.028988930069021736,0.28988930069021734,3.6656116998755666,23.55196330224402,4.309663353706183,0.5122991572686861,186,186,1.0,1.0668733102127133,1.793711581496792,0.5472623558251486,0.7071067811865476,-0.0015040989965200424,0.23344942927360535,-0.12293652445077896,-0.12768016755580902,velocity,post_controller_hold,False,,0.1188,2.289,not_attempted,0.0,False,False
-18.256111,16,2411.097693,False,2.3095893677246346,True,False,2.523153786262747,out_of_bounds,True,0.8939531074822942,0.0,0.931896603617097,1.5485088220794008,0.931896603617097,1.605621433244411,16,16,1.0,0.7069097311171509,0.9056796928694916,0.44806329673049305,0.7071067811865476,0.2750077545642853,0.17948351800441742,-0.2,0.24955715239048004,velocity,post_controller_hold,False,,0.0533,1.372,not_attempted,0.0,False,True
-35.9083,200,2464.313578,False,2.059870401466384,False,False,1.764026587794971,max_steps,True,0.8414625377221776,0.0,1.5399366368697127,24.893720032063428,3.293643204141826,0.5155365331809996,200,200,1.0,0.8955006912610056,1.793711581496792,0.48629890624664013,0.7071067811865476,0.02172350138425827,0.5,-0.5,0.7316957116127014,simulator_service,service_success,True,,0.0075,0.0,service_success,0.0,False,False
-91.37532,200,2523.624872,False,2.571002622357021,False,False,0.6650952555497552,max_steps,True,0.2744292055353862,0.0,3.0420047074203755,27.845510383481617,4.198753909146047,0.5122912189163574,200,200,1.0,1.1112906271180132,1.7341860446894743,0.5657591995784634,0.7071067811865476,0.261841356754303,0.5,0.5,0.3461785316467285,velocity,post_controller_hold,False,,0.0965,0.2338,not_attempted,0.0,True,False
-34.57621,43,2540.040116,False,3.247229693647097,True,False,2.516728791770354,out_of_bounds,True,0.010453502487750987,0.0,1.7309501808026182,5.0235500662584975,1.7499956520427653,1.1732990553036762,43,43,1.0,1.2190264702811338,1.7629403749935606,0.5610696409318635,0.7071067811865476,0.5,0.5,-0.1267802119255066,-0.6176020503044128,velocity,post_controller_hold,False,,0.1666,3.0087,not_attempted,0.0,False,False
-24.882328,53,2561.053465,False,1.7661676960132324,False,True,0.46983169464379715,unsafe_low_altitude,True,0.3258519562714561,0.0,2.6335104010303456,7.058838224570093,2.6335104010303456,0.46983169464379715,53,53,1.0,0.9632009650780882,1.773175894553004,0.5229919003127153,0.7071067811865476,-0.03428284078836441,0.1768951416015625,0.5,-0.019033104181289673,simulator_service,service_success,True,,0.0068,0.0,service_success,0.0,True,False
-30.12156,36,2576.171124,False,2.5820471626137342,True,False,2.504732164119597,out_of_bounds,True,0.2755614393001192,0.0,1.7809900539705061,4.663553894811745,1.7809900539705061,1.1149137120357444,36,36,1.0,0.9963155522386207,1.7457284858354982,0.528592017270114,0.6888367333976011,0.5,-0.3116358518600464,-0.2,-0.2898176908493042,simulator_service,service_success,True,,0.0072,0.0,service_success,0.0,False,True
-28.26035,46,2593.385137,False,3.6927638005166954,True,False,2.5289754394897774,out_of_bounds,True,0.0882283409135038,0.0,2.6871660055346296,5.277978752794855,2.6871660055346296,1.667684234687588,46,46,1.0,0.9497965461514701,1.7823248636974773,0.5163806105614297,0.7071067811865476,-0.5,-0.46561503410339355,-0.2,-0.7053391337394714,simulator_service,service_success,True,,0.0072,0.0,service_success,0.0,False,True
-19.279863,15,2604.199064,False,3.1027822680305053,True,False,2.5705516040640966,out_of_bounds,True,0.16229760092200274,0.0,2.1469848084990715,2.161263709890985,2.1469848084990715,1.2420336912994603,15,15,1.0,1.3328536692397677,1.793711581496792,0.6505820836130612,0.7071067811865476,0.5,0.5,-0.2,1.5707963705062866,simulator_service,service_success,True,,0.0075,0.0001,service_success,0.0,False,True
-16.42478,7,2613.510265,False,2.168069617550875,True,False,2.513753948625247,out_of_bounds,True,0.292707129749627,0.0,0.7102063936175298,0.7127618726410043,0.7102063936175298,2.010443910559017,7,7,1.0,1.0813277987357097,1.1675780548265582,0.4842795730264426,0.5043334864048556,-0.422669917345047,0.12339657545089722,-0.2,-0.7852973937988281,simulator_service,service_success,True,,0.0074,0.0,service_success,0.0,False,True
-12.926382,137,2654.132083,True,0.2659250285914361,False,False,1.8068957078247696,success,True,0.2255615179404359,2.255615179404359,2.3446415840684995,16.649043671942874,2.3852856381862124,0.7279311062896043,137,137,1.0,0.9198053309395265,1.7438241497784894,0.5076059149071869,0.7071067811865476,-0.056095462292432785,-0.15814881026744843,0.4142325818538666,0.015573365613818169,simulator_service,service_success,True,,0.0079,0.0001,service_success,0.0,False,False
-63.87333,113,2688.239083,False,3.5082725808168034,False,True,0.4698285947358491,unsafe_low_altitude,True,0.9681841647834378,0.0,2.9304278477673718,16.394987607576248,4.122654406029329,0.4698285947358491,113,113,1.0,1.1135611293162266,1.7312659665445038,0.6150952027005209,0.7071067811865476,-0.5,-0.5,0.5,0.09883521497249603,velocity,post_controller_hold,False,,0.1796,2.577,not_attempted,0.0,True,False
-75.21033,200,2748.256324,False,3.629857731589637,False,False,0.8131635728612193,max_steps,True,0.0456482145712271,0.0,1.161556762101649,27.63742822646337,3.2169737076189833,0.6008202338427888,200,200,1.0,1.0220800167712683,1.7730526418908001,0.5649419607993371,0.7071067811865476,-0.15665477514266968,0.5,0.5,-0.9331340193748474,simulator_service,service_success,True,,0.008,0.0,service_success,0.0,True,False
-63.87206,91,2775.37517,False,3.9650508484861895,True,False,2.5755132143814436,out_of_bounds,True,0.31998887031741396,0.0,2.0774640217879936,12.823042625754393,2.608238378949547,0.5137572300114526,91,91,1.0,1.1619392971899398,1.793711581496792,0.5952539914004803,0.7071067811865476,0.5,0.5,-0.2,-0.3146008849143982,velocity,post_controller_hold,False,,0.1253,0.0933,not_attempted,0.0,False,True
-88.17026,139,2812.690576,False,4.654751803184737,True,False,2.5493268028280216,out_of_bounds,True,0.3530086818582444,0.0,1.888030342201675,18.244198678681688,3.705313304036192,0.5406818552526427,139,139,1.0,1.2009380432183265,1.793711581496792,0.5918587718486419,0.7071067811865476,-0.18334665894508362,-0.5,-0.2,-0.7128427028656006,simulator_service,service_success,True,,0.009,0.0,service_success,0.0,False,True
-44.85441,55,2832.803092,False,6.046384843728073,True,False,2.511322032583235,out_of_bounds,True,0.38334092627199,0.0,2.8141890728815473,7.962376807726647,2.8141890728815473,0.6338635359360072,55,55,1.0,1.2201544630647816,1.7781306580618084,0.6434125772294307,0.7071067811865476,-0.5,0.5,-0.2,0.6614242792129517,simulator_service,service_success,True,,0.0092,0.0,service_success,0.0,False,True
-22.977968,24,2848.821021,False,4.715819024365502,False,True,0.4760953627589063,unsafe_low_altitude,True,0.9352663461213478,0.0,2.75241060004905,3.330300369548969,2.75241060004905,0.4760953627589063,24,24,1.0,1.1158656845496895,1.793711581496792,0.635729934308045,0.7071067811865476,-0.5,0.5,0.5,-1.5707963705062866,simulator_service,service_success,True,,0.0096,0.0,service_success,0.0,True,False
-16.231739,9,2859.428251,False,1.6278473575160433,True,False,2.558475999514529,out_of_bounds,True,0.8165496627027039,0.0,0.6635318845679917,0.9309603125322761,0.6635318845679917,2.0163436163026014,9,9,1.0,0.9925009451566876,1.560159431810366,0.5505883625954614,0.7071067811865476,-0.5,-0.13824912905693054,-0.2,0.593559980392456,simulator_service,service_success,True,,0.0097,0.0,service_success,0.0,False,True
-40.447567,48,2880.645792,False,4.8548268136152215,False,True,0.4376006738213434,unsafe_low_altitude,True,0.6178690863669793,0.0,1.9120662555239456,6.129049319479631,2.74923927952733,0.4376006738213434,48,48,1.0,1.0430842018533286,1.7301266996916824,0.616203179613613,0.7071067811865476,0.5,0.5,0.5,1.4887646436691284,simulator_service,service_success,True,,0.0097,0.0,service_success,0.0,True,False
-16.686152,9,2890.861482,False,1.6821018232652996,True,False,2.502986939115022,out_of_bounds,True,0.8166429575277824,0.0,0.7941214383617549,0.8934484189993148,0.7941214383617549,1.8729588292661004,9,9,1.0,0.7150725704008626,0.9961267029589952,0.5264524355945459,0.6201526959884964,-0.5,-0.0531553253531456,-0.2,-0.09204313904047012,simulator_service,service_success,True,,0.0101,0.0,service_success,0.0,False,True
-43.201584,131,2929.277217,False,2.691627202714729,False,True,0.400586292114003,unsafe_low_altitude,True,0.7108836767098213,0.0,3.8374115815344054,15.358713593428947,3.8374115815344054,0.400586292114003,131,131,1.0,0.7295658109151366,1.262419428125318,0.494881053267243,0.7071067811865476,-0.22609484195709229,-0.17830941081047058,0.5,-0.37056830525398254,simulator_service,service_success,True,,0.0086,0.0,service_success,0.0,True,False
-71.415634,200,2984.196221,False,4.571944045818215,False,False,1.8016095634274722,max_steps,True,0.9735353476403379,0.0,7.5795892825875155,27.18326724095093,7.5795892825875155,0.5703497099722786,200,200,1.0,1.0799366381691649,1.793711581496792,0.6280798404315673,0.7071067811865476,0.5,0.42839860916137695,0.04803108423948288,-0.4530416429042816,simulator_service,service_success,True,,0.0103,0.0,service_success,0.0,False,False
-124.25065,200,3040.107705,False,6.578940198410612,False,False,1.3061127854500312,max_steps,True,0.700925913525289,0.0,3.816579644775435,27.860666466630317,4.847588008294805,0.5538399737858147,200,200,1.0,1.0946936128929747,1.793711581496792,0.5901395764256709,0.7071067811865476,-0.5,-0.10240183770656586,-0.18608033657073975,-0.0006676935590803623,velocity,post_controller_hold,False,,0.0948,1.6506,not_attempted,0.0,False,False
13.490225,36,3059.125165,True,0.2215966422467153,False,False,1.4487053646722647,success,True,0.020798357381322713,0.20798357381322713,1.8396759316905995,3.9709274513677624,1.8396759316905995,1.3566971176682114,36,36,1.0,0.6669884865217922,0.8438893391449264,0.457735599572555,0.7071067811865476,0.17839315533638,-0.35516804456710815,-0.36114585399627686,0.17481273412704468,velocity,post_controller_hold,False,,0.1599,2.655,not_attempted,0.0,False,False
-5.6138716,78,3087.933947,True,0.3471190444415589,False,False,1.4393448481909696,success,True,0.5113592206432336,5.113592206432336,2.956667254826188,10.252529198483693,2.956667254826188,0.564619751983855,78,78,1.0,1.0914934244274686,1.7466395099290093,0.5613230864288696,0.7071067811865476,0.11605393886566162,-0.2347422093153,0.5,-0.39194726943969727,velocity,post_controller_hold,False,,0.2188,1.9652,not_attempted,0.0,False,False
-18.433393,11,3099.348703,False,3.0643726658876194,True,False,2.564026089759566,out_of_bounds,True,0.7089851260729813,0.0,1.4348671949134042,1.5098530672990318,1.4348671949134042,1.6533061804943436,11,11,1.0,1.3426514086649302,1.7160309315513977,0.6549903733361974,0.7071067811865476,0.5,-0.5,-0.2,0.580138623714447,velocity,post_controller_hold,False,,0.1507,1.6548,not_attempted,0.0,False,True
-19.03758,9,3112.77053,False,3.9163241873877794,False,True,0.4908755755025276,unsafe_low_altitude,True,0.7115407014261785,0.0,1.021656036293951,1.0742153362500257,1.021656036293951,0.4908755755025276,9,9,1.0,1.0308973792126264,1.7355594060251758,0.5851206608333475,0.7071067811865476,0.5,0.5,0.5,1.5040500164031982,simulator_service,service_success,True,,0.0109,0.0001,service_success,0.0,False,False
-24.324158,26,3129.98286,False,2.6738230877954305,False,True,0.46645681054115457,unsafe_low_altitude,True,0.8648819988917156,0.0,1.3534866561659422,3.8145412233845555,1.3534866561659422,0.46645681054115457,26,26,1.0,0.9742938066057837,1.1914417950514573,0.7043192348589878,0.7071067811865476,0.5,0.5,0.5,-0.39769721031188965,simulator_service,service_success,True,,0.0105,0.0,service_success,0.0,True,False
-27.977474,30,3145.602308,False,3.961084555531266,True,False,2.501365668448704,out_of_bounds,True,0.42189903113467253,0.0,1.7763056179807721,3.8374867785277793,1.8894135717330032,1.149633633196401,30,30,1.0,0.8305964938933299,1.0471770752044298,0.612028030974434,0.7071067811865476,0.5,0.5,-0.2193540632724762,0.5363754630088806,simulator_service,service_success,True,,0.0097,0.0,service_success,0.0,False,False
-55.361507,91,3173.813418,False,3.435944324956241,True,False,2.5554042598401954,out_of_bounds,True,0.3284021778974852,0.0,2.2988592931661453,12.688720258007553,3.5432131349943656,0.6006959752497042,91,91,1.0,1.1366911688275751,1.793711581496792,0.6188182929748114,0.7071067811865476,0.2889452576637268,-0.5,-0.2,0.499350905418396,simulator_service,service_success,True,,0.0104,0.0004,service_success,0.0,False,True
-54.31683,200,3227.934993,False,1.6427079919099343,False,False,1.520099007632289,max_steps,True,0.29300070754274876,0.0,3.1927134621615814,24.10340631999155,3.6179761250418725,0.5831784553776246,200,200,1.0,0.9247814570884003,1.718744901793823,0.5197481548134517,0.7071067811865476,-0.04517389088869095,0.2409742772579193,0.5,-0.29873228073120117,simulator_service,service_success,True,,0.01,0.0,service_success,0.0,False,False
-72.307915,103,3261.144382,False,4.593124343390371,False,True,0.3952545090792405,unsafe_low_altitude,True,0.25450235313127034,0.0,1.9472404588943852,13.745709219094717,1.9480104634317559,0.3952545090792405,103,103,1.0,1.2134510899280648,1.793711581496792,0.6504165831033775,0.7071067811865476,-0.4347233772277832,-0.5,0.5,0.2009730041027069,velocity,post_controller_hold,False,,0.1172,2.2461,not_attempted,0.0,True,False
-63.185917,126,3296.758092,False,3.0157405539182838,True,False,2.56193915971743,out_of_bounds,True,0.23039055917831736,0.0,3.0784412206730978,16.533448218258776,3.0784412206730978,0.5743164664677314,126,126,1.0,0.9951231605005911,1.7750503022651123,0.5898008637933929,0.7071067811865476,-0.5,-0.5,-0.5,-0.26799502968788147,simulator_service,service_success,True,,0.0101,0.0,service_success,0.0,False,False
-71.22974,117,3333.067112,False,2.6103096877013434,False,True,0.4536354291658165,unsafe_low_altitude,True,0.13053960484248006,0.0,4.077032938219581,15.87130573006173,4.29498204395769,0.4536354291658165,117,117,1.0,1.1619478802174346,1.7259593216294467,0.5914933048592952,0.7071067811865476,-0.5,0.5,0.5,0.4059883952140808,simulator_service,service_success,True,,0.0104,0.0001,service_success,0.0,True,False
-42.202312,64,3359.184578,False,4.7666228220321605,False,True,0.4961371900660057,unsafe_low_altitude,True,0.8560470177861133,0.0,3.31764559523933,8.892328483945294,3.31764559523933,0.4961371900660057,64,64,1.0,1.1773530384406756,1.793711581496792,0.621900596081078,0.7071067811865476,0.5,-0.2,-0.5,0.25701186060905457,simulator_service,service_success,True,,0.0101,0.0,service_success,0.0,False,True
-65.37045,127,3394.969598,False,5.127378562231405,True,False,2.5289751837896173,out_of_bounds,True,0.1862892128707442,0.0,1.2666115129708184,16.521757005988235,3.6245736520963727,0.5864533169720155,127,127,1.0,0.9988928730479546,1.70163935627236,0.593795620242968,0.7071067811865476,0.5,0.5,-0.2,1.1048351526260376,simulator_service,service_success,True,,0.0101,0.0,service_success,0.0,False,True
-30.23647,42,3413.254928,False,2.5374168511664212,True,False,2.579662075576497,out_of_bounds,True,0.44934595604563576,0.0,3.940113945928693,5.618779435337023,3.940113945928693,2.0397131526479657,42,42,1.0,1.190029762928149,1.7341860446894743,0.6618659619470874,0.7071067811865476,0.5,0.5,-0.2,-0.6845577359199524,simulator_service,service_success,True,,0.0105,0.0002,service_success,0.0,False,True
-24.532501,28,3428.707124,False,3.9857825250854435,True,False,2.590972961547506,out_of_bounds,True,0.18038428875149404,0.0,2.6042876064157694,3.156220456021902,2.6042876064157694,1.4813142213565382,28,28,1.0,1.0747743607488567,1.793711581496792,0.56778172128035,0.7071067811865476,0.3927694261074066,-0.5,-0.2,1.5707963705062866,simulator_service,service_success,True,,0.0103,0.0,service_success,0.0,False,True
-46.847107,54,3450.024272,False,6.5495838341551975,True,False,1.9273913595066936,out_of_bounds,True,0.47633136755497485,0.0,2.6076763362625517,6.876798628010501,2.6076763362625517,0.7184274185608392,54,54,1.0,1.0684915110220787,1.793711581496792,0.5847920792351897,0.7071067811865476,-0.2,0.5,-0.5,1.041633129119873,simulator_service,service_success,True,,0.0105,0.0002,service_success,0.0,False,True
2.6925402,119,3491.461122,True,0.23885723061690506,False,False,1.0704773620605845,success,True,0.2261892284966705,2.261892284966705,1.4252735197972877,15.172711744766518,1.5884510255453133,0.6751647904421177,119,119,1.0,0.8709179548111107,1.7621345582344978,0.5583349634526306,0.7071067811865476,0.47779381275177,-0.09328532218933105,0.18662843108177185,0.32590195536613464,simulator_service,service_success,True,,0.0119,0.0001,service_success,0.0,False,False
-23.327957,19,3506.075683,False,4.4661494611234405,True,False,2.5433040952956962,out_of_bounds,True,0.20648954162460872,0.0,1.6724969145548625,2.0389717205664986,1.6724969145548625,0.9444660679683289,19,19,1.0,1.4944137559604151,1.7612695256950959,0.47974383227496087,0.6986066738940874,-0.48790499567985535,-0.5,0.5,0.6043586730957031,velocity,post_controller_hold,False,,0.2054,2.5246,not_attempted,0.0,False,False
-106.2569,200,3564.789994,False,3.3312400685625616,False,False,1.859088316927397,max_steps,True,0.5412554857266387,0.0,3.49589637207768,26.198461765801824,4.145141834249961,0.6114335862633534,200,200,1.0,1.1806770554248889,1.793711581496792,0.6090162767705134,0.7071067811865476,0.5,0.2760624587535858,0.2593320608139038,1.1838549375534058,simulator_service,service_success,True,,0.0109,0.0,service_success,0.0,False,False
-70.97555,200,3627.101153,False,1.527787626697924,False,False,1.0891896156320355,max_steps,True,0.01419219596156024,0.0,4.475471696596687,22.98694020724737,4.475471696596687,0.9692504857938841,200,200,1.0,0.8405995470364412,1.7304042805658995,0.5198151725545171,0.7071067811865476,-0.5,0.5,-0.3923076391220093,-0.16247521340847015,velocity,post_controller_hold,False,,0.179,1.148,not_attempted,0.0,False,False
-19.77794,25,3642.876676,False,2.6806723058239847,False,True,0.39635493569477354,unsafe_low_altitude,True,0.9621508599456613,0.0,1.2707212610345313,2.636703042881678,1.2707212610345313,0.39635493569477354,25,25,1.0,1.2055682677472184,1.7323530459622298,0.546444765218849,0.7071067811865476,0.5,-0.21678723394870758,0.17097246646881104,-1.5707963705062866,velocity,post_controller_hold,False,,0.2207,0.2105,not_attempted,0.0,False,False
-26.01168,28,3659.53136,False,2.7479285566656166,True,False,2.52890918203748,out_of_bounds,True,0.8863706125110172,0.0,1.44002471175825,3.893174729188675,1.5170966284922698,1.1374637974523605,28,28,1.0,0.9128752293722002,1.793711581496792,0.6565625283858455,0.7071067811865476,0.23324835300445557,0.5,-0.2,-0.005839972291141748,simulator_service,service_success,True,,0.0111,0.0,service_success,0.0,False,True
-20.658611,25,3675.740192,False,3.1138239391819504,True,False,2.5275181391010673,out_of_bounds,True,0.6101346862000292,0.0,2.5389501042931966,3.3417026121083375,2.5389501042931966,1.3418591247936849,25,25,1.0,0.9673818660531706,1.4797688411118468,0.5176705389632472,0.7071067811865476,0.4091166853904724,-0.3068530559539795,-0.2,0.6561843156814575,simulator_service,service_success,True,,0.0111,0.0,service_success,0.0,False,True
-20.918274,36,3693.803523,False,2.6186709022621644,False,True,0.428237113273807,unsafe_low_altitude,True,0.9175918891963553,0.0,1.826689542570816,4.989133097086342,1.826689542570816,0.428237113273807,36,36,1.0,0.8367493288128538,1.4468107835915107,0.6296002622384472,0.7071067811865476,0.4928625524044037,0.24830639362335205,-0.5,0.2523916959762573,simulator_service,service_success,True,,0.0112,0.0,service_success,0.0,False,False
-57.528152,152,3733.29863,False,1.88367834724994,True,False,2.5945627790869334,out_of_bounds,True,0.41095361271295333,0.0,1.57300696200782,18.362504920988975,2.1395763201311904,0.5993204530830494,152,152,1.0,1.0365958903172263,1.793711581496792,0.5387249672531592,0.7071067811865476,-0.5,0.5,-0.2,1.472123622894287,simulator_service,service_success,True,,0.0113,0.0,service_success,0.0,False,True
-49.02253,95,3760.928082,False,4.152724070614802,True,False,2.5384161618229335,out_of_bounds,True,0.4159478592440903,0.0,3.179904881458432,11.379010119386557,3.817079770873241,0.5051672821792619,95,95,1.0,0.9813596322112607,1.793711581496792,0.5406828172370028,0.7071067811865476,-0.5,-0.5,-0.2,-1.5707963705062866,simulator_service,service_success,True,,0.0112,0.0002,service_success,0.0,False,True
-22.606441,17,3775.206543,False,4.438356337103193,False,True,0.482935233666122,unsafe_low_altitude,True,0.3466964264757117,0.0,1.0849987911785166,2.0690296969875535,1.3075518647034388,0.482935233666122,17,17,1.0,0.7832001909831661,0.8837005553024676,0.5675510225756675,0.7071067811865476,0.3607516288757324,0.5,-0.5,-0.05868641659617424,simulator_service,service_success,True,,0.0112,0.0002,service_success,0.0,False,False
-83.33694,109,3808.889672,False,7.71810934559948,True,False,1.0651692662553025,out_of_bounds,True,0.21956696536942952,0.0,2.9276210212322904,15.170559786169344,2.9276210212322904,0.5296235116788756,109,109,1.0,1.2977293806176777,1.793711581496792,0.6766328005384492,0.7071067811865476,-0.5,-0.2,-0.0804964229464531,-0.2577994465827942,simulator_service,service_success,True,,0.0114,0.0,service_success,0.0,False,True
-135.80641,200,3866.005019,False,8.065636304553756,False,False,2.2404358925275183,max_steps,True,0.18803985999622214,0.0,3.901939431676842,24.77962185506606,4.4846274026512045,0.6538619155866036,200,200,1.0,1.2088196593892493,1.793711581496792,0.5828479730481302,0.7071067811865476,0.5,-0.5,-0.5,0.7417631149291992,simulator_service,service_success,True,,0.0113,0.0,service_success,0.0,False,False
-80.12204,151,3905.728677,False,4.619087710381468,True,False,2.563127101810462,out_of_bounds,True,0.2023265037253619,0.0,4.163965712709265,20.040388385628617,5.049533807850872,0.5583353666549401,151,151,1.0,1.100557220437578,1.787339669106627,0.6341374468906953,0.7071067811865476,-0.5,0.5,-0.2925209701061249,-1.1441535949707031,velocity,post_controller_hold,False,,0.1282,1.7628,not_attempted,0.0,False,False
-22.045736,21,3921.230568,False,3.297982246714815,False,True,0.47570923096928547,unsafe_low_altitude,True,0.32148739611237614,0.0,1.6653741948779965,2.7085104350172795,1.8729528971050173,0.47570923096928547,21,21,1.0,1.0259211663161367,1.3693371609002365,0.5956564278954761,0.7071067811865476,-0.5,-0.1996242254972458,-0.486564040184021,-0.6408036947250366,simulator_service,service_success,True,,0.0112,0.0002,service_success,0.0,False,False
-35.52272,91,3951.259471,False,2.0770124702508457,False,True,0.46335235182505996,unsafe_low_altitude,True,0.8162976318932981,0.0,3.132009337977887,11.375220182840248,3.132009337977887,0.46335235182505996,91,91,1.0,0.9677081188131311,1.7341860446894743,0.556389998594111,0.7071067811865476,0.2678322196006775,-0.4248232841491699,0.11960136890411377,0.08598313480615616,simulator_service,service_success,True,,0.0115,0.0,service_success,0.0,False,False
-29.700684,36,3970.321524,False,3.782758228130445,False,True,0.44326754009671454,unsafe_low_altitude,True,0.34320073921740274,0.0,0.7949733520106715,4.561657827919259,1.1950147218555562,0.44326754009671454,36,36,1.0,1.1160517901232958,1.6483887540791051,0.5298751503103075,0.7071067811865476,0.5,0.49971288442611694,-0.5,-1.307845950126648,simulator_service,service_success,True,,0.0116,0.0,service_success,0.0,False,False
-21.167,30,3984.965202,False,2.322032036128344,True,False,2.5289247062445894,out_of_bounds,True,0.15286055529637926,0.0,1.9804895225359365,2.9137369195983016,1.9804895225359365,1.17682110458022,30,30,1.0,0.7064912338969954,0.9892983000583897,0.4078581363956184,0.5422667377160686,-0.11019875854253769,-0.09128470718860626,-0.2,0.047337859869003296,simulator_service,service_success,True,,0.0114,0.0,service_success,0.0,False,True
-21.112314,12,3995.855871,False,5.520926762491759,True,False,2.54848327849868,out_of_bounds,True,0.8537683784598111,0.0,1.310840957530167,1.5019053806874756,1.310840957530167,1.5852305510588494,12,12,1.0,1.1606665608603417,1.290393443326162,0.6225390509356395,0.6487454835836823,0.5,0.41336509585380554,0.5,-0.9971181154251099,simulator_service,service_success,True,,0.0113,0.0,service_success,0.0,False,False
-119.83035,151,4035.673082,False,7.325547249837407,True,False,2.5336972542095695,out_of_bounds,True,0.23512039721038655,0.0,4.743383679366292,19.871674952245403,5.9655079673990565,0.7285118337943137,151,151,1.0,1.0810248100800808,1.793711581496792,0.6326052001133196,0.7071067811865476,-0.5,0.5,0.5,0.7310340404510498,simulator_service,service_success,True,,0.0114,0.0001,service_success,0.0,False,False
-23.482319,34,4054.782523,False,3.24818819579225,False,True,0.4566114395453294,unsafe_low_altitude,True,0.3441829499460337,0.0,2.4052910666802,4.629608614943013,2.4052910666802,0.4566114395453294,34,34,1.0,1.2487549068269501,1.782801462692119,0.5902936743820888,0.7071067811865476,-0.5,0.20709234476089478,-0.5,-1.5707963705062866,simulator_service,service_success,True,,0.0113,0.0001,service_success,0.0,False,False
-78.22621,155,4102.173641,False,2.7422121521963705,False,True,0.41403523242362583,unsafe_low_altitude,True,0.8206899998066782,0.0,2.9332875301455004,20.421311680532046,2.960042169173484,0.41403523242362583,155,155,1.0,1.070935278002849,1.793711581496792,0.610977828103925,0.7071067811865476,0.5,0.5,-0.5,0.8561865091323853,simulator_service,service_success,True,,0.0114,0.0,service_success,0.0,False,False
-98.04715,200,4167.000053,False,5.128712801838128,False,False,0.866921114659603,max_steps,True,0.8451605233949152,0.0,3.279678930435494,26.65750022995727,5.90460018696997,0.5366383778854082,200,200,1.0,1.2397752390450172,1.793711581496792,0.5892314487817181,0.7071067811865476,0.5,-0.5,0.5,-1.5707963705062866,simulator_service,service_success,True,,0.0113,0.0,service_success,0.0,False,False
-30.168657,30,4187.915075,False,3.9803355211330604,False,True,0.4697138514703889,unsafe_low_altitude,True,0.36900676096719065,0.0,2.8285638466528082,3.988107364113501,2.8285638466528082,0.4697138514703889,30,30,1.0,1.2943227404227362,1.793711581496792,0.6019540129021403,0.7071067811865476,-0.5,-0.06905156373977661,0.09899166971445084,0.9324002861976624,velocity,post_controller_hold,False,,0.1705,2.5832,not_attempted,0.0,False,False
-51.809673,92,4218.904943,False,4.492890748415092,False,True,0.4021730477439303,unsafe_low_altitude,True,0.05201436902743267,0.0,4.099429287491303,11.667290063307528,4.16542401926837,0.4021730477439303,92,92,1.0,1.1779563285007273,1.7361252042924935,0.5872637160807538,0.7071067811865476,-0.41465452313423157,0.5,-0.5,1.0059999227523804,simulator_service,service_success,True,,0.0115,0.0,service_success,0.0,False,False
-17.979073,8,4236.123627,False,3.330364275976911,False,True,0.4359979300256459,unsafe_low_altitude,True,0.1913420941648885,0.0,1.0670033408895783,1.0831266415453729,1.0670033408895783,0.4359979300256459,8,8,1.0,0.9305597055869211,1.0296869727810045,0.6407605212742029,0.7071067811865476,-0.5,0.5,-0.5,-0.10133138298988342,simulator_service,service_success,True,,0.0115,0.0,service_success,0.0,False,False
-27.992386,25,4256.342327,False,5.689351255453018,False,True,0.4781081786383358,unsafe_low_altitude,True,0.8674920139697299,0.0,2.478991822957353,3.61468449082542,2.5302111555581255,0.4781081786383358,25,25,1.0,1.0215235716185425,1.68904723804808,0.5955615173518574,0.7071067811865476,0.0029354840517044067,-0.5,-0.5,-0.4106746315956116,simulator_service,service_success,True,,0.0115,0.0,service_success,0.0,False,False
-53.69593,200,4310.959456,False,3.1268655323862338,False,False,1.8349170082926003,max_steps,True,0.3876462769960919,0.0,2.692020458269352,20.895621628853206,4.425319858930277,0.7538491464915722,200,200,1.0,0.9871006649854348,1.729664378191521,0.47334396694860353,0.7071067811865476,0.5,-0.1601259708404541,0.5,-0.45011189579963684,simulator_service,service_success,True,,0.0115,0.0,service_success,0.0,False,False
-34.54779,53,4333.780754,False,3.24654237892845,True,False,2.5372687865768344,out_of_bounds,True,0.054822664515856566,0.0,1.5295675395038921,6.977391980540966,1.5295675395038921,0.5840331810913836,53,53,1.0,1.1540113692328373,1.7809505618265689,0.6164241794387543,0.7071067811865476,-0.34551122784614563,0.5,-0.392142117023468,1.3195419311523438,velocity,post_controller_hold,False,,0.1733,2.3417,not_attempted,0.0,False,False
-17.410973,7,4350.270152,False,4.194346273967202,False,True,0.4021282787193577,unsafe_low_altitude,True,0.06987065692672041,0.0,0.9146137464515336,0.9153225502188589,0.9146137464515336,0.4021282787193577,7,7,1.0,1.0486789975325,1.078207108242773,0.7000326405680015,0.7071067811865476,-0.5,-0.5,-0.3252934515476227,-0.6656726002693176,simulator_service,service_success,True,,0.0115,0.0002,service_success,0.0,False,False
-76.74216,143,4395.194946,False,3.3889723661893076,False,True,0.46607493899275965,unsafe_low_altitude,True,0.25474904772027523,0.0,2.446838423562192,19.852386422314897,3.8524786829249122,0.46607493899275965,143,143,1.0,1.132250688408051,1.793711581496792,0.6180507913873885,0.7071067811865476,0.31826797127723694,0.3004935383796692,0.5,0.7643179297447205,simulator_service,service_success,True,,0.0117,0.0,service_success,0.0,False,False
12.062981,50,4421.31319,True,0.3930416493229801,False,False,1.4150953582411139,success,True,0.28649396017965423,2.864939601796542,0.6415260122093721,5.443317244089668,1.0094059934403907,0.7362932410601999,50,50,1.0,0.937485755557436,1.245673772026661,0.6047016177201163,0.7071067811865476,-0.2007260024547577,-0.17765873670578003,0.22750422358512878,0.42817845940589905,simulator_service,service_success,True,,0.0115,0.0,service_success,0.0,False,False
-39.055214,53,4444.625455,False,4.575800183551839,True,False,2.5322898795768025,out_of_bounds,True,0.7298751478959077,0.0,2.2861970559211935,6.348057741916306,2.2861970559211935,1.193453903164452,53,53,1.0,1.3332800562266593,1.7657466520571283,0.5915278330930663,0.7071067811865476,0.2610216736793518,-0.5,0.5,1.5707963705062866,velocity,post_controller_hold,False,,0.1607,1.5816,not_attempted,0.0,False,False
-47.51841,113,4480.645272,False,3.0920260070132852,True,False,1.0657172698706554,out_of_bounds,True,0.15126328295773878,0.0,1.9057180472924884,14.209870820202266,2.4405139816024923,0.541764165300408,113,113,1.0,1.0144105094655937,1.7341860446894743,0.5961963351826982,0.7071067811865476,0.5,0.2,0.03767584264278412,-0.5752224326133728,simulator_service,service_success,True,,0.0115,0.0001,service_success,0.0,False,True
-84.048065,125,4519.158976,False,6.190113965453255,True,False,2.6238651646258124,out_of_bounds,True,0.7711196003793992,0.0,3.7734648588525763,16.285369264819472,3.7734648588525763,0.8451424883025654,125,125,1.0,1.1492299199053924,1.793711581496792,0.6236234543769589,0.7071067811865476,-0.5,-0.5,0.5,1.501418948173523,simulator_service,service_success,True,,0.0112,0.0002,service_success,0.0,False,False
-57.307537,104,4553.377031,False,4.317928085347142,True,False,2.587757485271496,out_of_bounds,True,0.008006615059435493,0.0,5.043945140132048,13.707189777374502,5.043945140132048,0.6260117015551973,104,104,1.0,1.2060504553576972,1.7684522085744967,0.624457485981388,0.7071067811865476,-0.5,0.5,0.5,-0.886759340763092,simulator_service,service_success,True,,0.0114,0.0001,service_success,0.0,False,False
-62.055412,108,4588.385339,False,5.061433150446691,True,False,2.545782897009217,out_of_bounds,True,0.8848894786170682,0.0,2.034982926517986,14.068167849714117,3.621259588574475,0.5185858769204837,108,108,1.0,1.151911117618812,1.749694139715773,0.5907120818586697,0.7071067811865476,0.5,0.5,-0.5,-0.7862973213195801,simulator_service,service_success,True,,0.0114,0.0,service_success,0.0,False,False
-17.718386,12,4607.402911,False,2.0456774729268496,False,True,0.41009573159905527,unsafe_low_altitude,True,0.1450815229672405,0.0,1.2588220424093006,1.4419881280386853,1.2588220424093006,0.41009573159905527,12,12,1.0,0.7373787005324708,0.9663831196318894,0.5546499814758964,0.6448439468321542,0.2829943299293518,-0.5,-0.5,0.5044491291046143,simulator_service,service_success,True,,0.0119,0.0013,service_success,0.0,False,False
-22.100712,47,4633.618015,False,1.4324488957959067,False,True,0.48436855228142667,unsafe_low_altitude,True,0.47737512989036296,0.0,1.8854698595720665,4.634959995251982,1.8854698595720665,0.48436855228142667,47,47,1.0,0.8313095990471895,1.726035204621255,0.45733136165721744,0.7071067811865476,-0.043236371129751205,0.2936430275440216,-0.5,0.490520715713501,simulator_service,service_success,True,,0.0115,0.0,service_success,0.0,False,False
-29.048512,42,4655.431217,False,2.7058532590745354,True,False,2.5470829056746815,out_of_bounds,True,0.7957789500659711,0.0,1.867211568511473,5.101806094231758,1.9446850945690493,1.5761666683814213,42,42,1.0,0.767511653931598,0.9926081559877807,0.5959641926779204,0.7071067811865476,-0.38129928708076477,0.33445534110069275,0.5,-0.2636862099170685,simulator_service,service_success,True,,0.0116,0.0,service_success,0.0,False,False
-21.832739,21,4676.447373,False,3.28680252278058,False,True,0.43227396083120767,unsafe_low_altitude,True,0.23133190393625033,0.0,1.4083120230229702,2.2302031349112137,1.4083120230229702,0.43227396083120767,21,21,1.0,1.1917107350709426,1.7237107651115249,0.5503676254686032,0.7071067811865476,-0.324714720249176,0.5,0.02315651625394821,0.6943513751029968,simulator_service,service_success,True,,0.0116,0.0,service_success,0.0,False,False
-145.531,200,4741.775475,False,8.22004685183568,False,False,2.2322548198451795,max_steps,True,0.018814977635179062,0.0,3.9001723105345163,26.443289596937703,4.421083173957299,0.5239351002300355,200,200,1.0,1.3093577319336682,1.793711581496792,0.6270163223400421,0.7071067811865476,0.5,0.5,-0.5,-1.5707963705062866,simulator_service,service_success,True,,0.0115,0.0,service_success,0.0,False,False
-10.068323,113,4781.698145,True,0.33639965407361144,False,False,1.2265885950361808,success,True,0.09329731425306491,0.9329731425306491,2.2109082275041083,13.93689063853735,2.7303652169536448,0.9604323562834636,113,113,1.0,0.7864762482878226,1.6722354213901134,0.5717549811122534,0.7071067811865476,0.4429759979248047,-0.07613270729780197,0.10323543101549149,0.0682733803987503,velocity,post_controller_hold,False,,0.1545,2.8221,not_attempted,0.0,False,False
-21.784184,26,4804.089995,False,3.223155112154246,False,True,0.39824922859356454,unsafe_low_altitude,True,0.3392417197998585,0.0,1.4265219196297187,3.1431117101269113,1.4265219196297187,0.39824922859356454,26,26,1.0,0.9431178604378995,1.0594993224689309,0.5714419130245555,0.7071067811865476,-0.5,-0.21067117154598236,-0.5,0.6949575543403625,velocity,post_controller_hold,False,,0.0682,2.9846,not_attempted,0.0,False,False
-89.57382,115,4844.499693,False,5.635286300644716,False,True,0.4903790281445242,unsafe_low_altitude,True,0.9028350334533006,0.0,4.707449370768393,14.253601095569604,4.707449370768393,0.4903790281445242,115,115,1.0,1.194111384518453,1.793711581496792,0.5914183067234725,0.7071067811865476,0.5,-0.5,0.5,1.5707963705062866,simulator_service,service_success,True,,0.0114,0.0,service_success,0.0,False,False
-117.676506,174,4898.20305,False,6.006565849828256,False,True,0.31865096716587527,unsafe_low_altitude,True,0.6075000255798775,0.0,2.0634107096758045,23.002964310336235,3.6480032252753807,0.31865096716587527,174,174,1.0,1.3945158469480496,1.793711581496792,0.6245118418087132,0.7071067811865476,0.5,-0.5,-0.5,-0.23286166787147522,simulator_service,service_success,True,,0.0115,0.0,service_success,0.0,False,False
-61.987415,176,4948.232544,False,5.339900358902478,True,False,0.7376949185370452,out_of_bounds,True,0.1545751925226173,0.0,4.090956877446352,20.95856014104346,4.090956877446352,0.5247760665965162,176,176,1.0,0.9175504544976613,1.793711581496792,0.5774832636522701,0.7071067811865476,0.2,-0.5,-0.5,-1.5707963705062866,simulator_service,service_success,True,,0.0112,0.0,service_success,0.0,False,True
-108.766945,200,5010.066883,False,3.4963899710380226,False,False,2.2172958737623274,max_steps,True,0.3623714130947309,0.0,1.3202025263583654,26.403393677084075,1.8145216732470348,0.633836796460057,200,200,1.0,1.3645045721443683,1.793711581496792,0.6012416344581167,0.7071067811865476,0.2290126383304596,-0.5,-0.2,-0.5526896119117737,simulator_service,service_success,True,,0.0113,0.0002,service_success,0.0,False,True
-19.986137,14,5026.971655,False,4.268862904615246,True,False,2.6349613746901226,out_of_bounds,True,0.40978798852045106,0.0,1.6991946573064285,1.7683368928470784,1.6991946573064285,1.3513179305400007,14,14,1.0,1.440774121472732,1.736924621516159,0.5659146660186797,0.6930815225374128,-0.5,0.33999574184417725,0.5,0.6757479906082153,velocity,post_controller_hold,False,,0.0971,2.1786,not_attempted,0.0,False,False
-30.992,43,5049.880483,False,2.851075612541219,True,False,2.634034929859994,out_of_bounds,True,0.5226238115894175,0.0,3.8236577889827466,5.75628042762407,3.8236577889827466,1.1435667907635845,43,43,1.0,1.0014989242320158,1.7226418132104042,0.606252727403543,0.7071067811865476,0.5,0.08365051448345184,0.14137130975723267,-0.9211592078208923,simulator_service,service_success,True,,0.0113,0.0,service_success,0.0,False,False
-22.33479,24,5072.133183,False,3.058460616024298,False,True,0.3912623838943783,unsafe_low_altitude,True,0.6684350411051287,0.0,1.6474862229907186,2.835431570913461,1.6474862229907186,0.3912623838943783,24,24,1.0,0.9044901074916293,1.537638766707184,0.5653505739978423,0.6926600652247453,0.367277592420578,-0.5,0.33293449878692627,1.3669655323028564,simulator_service,service_success,True,,0.0116,0.0003,service_success,0.0,False,False
-16.936487,14,5089.21322,False,1.5664466542370499,True,False,2.500559501092811,out_of_bounds,True,0.06469569179172091,0.0,0.9824036419044462,1.481246483153409,1.0388564541583238,1.8415861482736002,14,14,1.0,0.6950325856432166,0.7690792414997201,0.5140778988743675,0.6902364211804911,-0.137917622923851,0.2609097957611084,0.33327168226242065,0.4640432298183441,simulator_service,service_success,True,,0.0128,0.0,service_success,0.0,False,False
-26.197414,58,5118.428262,False,2.1166192835628954,False,True,0.4128994292216056,unsafe_low_altitude,True,0.7372005397775491,0.0,1.4559986034128058,7.176530596292061,2.057789543078982,0.4128994292216056,58,58,1.0,0.9672111179807414,1.5073843282398365,0.5851146019290013,0.7071067811865476,-0.5,-0.5,-0.5,-0.6495254635810852,simulator_service,service_success,True,,0.0113,0.0,service_success,0.0,False,False
-19.538792,39,5143.641333,False,1.4405131000905629,False,True,0.4045433231383298,unsafe_low_altitude,True,0.2596235256778821,0.0,1.2991786684825208,2.814537258527219,1.3316045073999019,0.6484589228844577,38,38,1.0,0.7148542351493414,1.0476096825126668,0.45155020469017093,0.5821902856262957,0.5,-0.07853051275014877,-0.5,0.7689726948738098,simulator_service,service_success,True,,0.0128,0.0,service_success,0.0,False,False
-19.8581,10,5163.055144,False,4.413958353914477,False,True,0.32800800372324684,unsafe_low_altitude,True,0.624682403734985,0.0,1.4829709718851842,1.484699034023337,1.4829709718851842,0.32800800372324684,10,10,1.0,1.781085565499059,1.793711581496792,0.7071067811865477,0.7071067811865476,0.5,-0.5,-0.16586469113826752,-1.5707963705062866,simulator_service,service_success,True,,0.0127,0.0,service_success,0.0,False,False
-24.620398,29,5183.573092,False,3.609890405072704,True,False,2.6590388996045093,out_of_bounds,True,0.06039682480346942,0.0,1.383977396751146,3.3285023940848784,1.383977396751146,1.2159056116445668,29,29,1.0,1.350780611597653,1.793711581496792,0.5532111004282511,0.7071067811865476,-0.033973511308431625,0.5,0.5,0.048496346920728683,simulator_service,service_success,True,,0.0128,0.0,service_success,0.0,False,False
-49.526237,78,5210.107332,False,4.144439817306798,True,False,2.531200617481591,out_of_bounds,True,0.11885106678872862,0.0,1.599082762384272,10.496261560329781,2.7626331034268707,1.0547354297413607,78,78,1.0,1.0112540559346175,1.5814645287591704,0.6405273423302255,0.7071067811865476,0.5,0.5,0.5,-0.7072336673736572,simulator_service,service_success,True,,0.0114,0.0,service_success,0.0,False,False
-78.651535,161,5257.087327,False,5.650827059286514,True,False,2.500985146561395,out_of_bounds,True,0.682906950665405,0.0,7.012249933802212,19.010393744576906,7.161155082822276,1.207186440748491,161,161,1.0,1.116203771572111,1.7688449182352775,0.5778420690851298,0.7071067811865476,0.011497817933559418,0.26304101943969727,0.5,1.5707963705062866,simulator_service,service_success,True,,0.0113,0.0,service_success,0.0,False,False
-49.310295,134,5299.895015,False,1.7252440775886895,True,False,0.295286346598121,out_of_bounds,True,0.8522070972052682,0.0,3.749406141120157,16.152174284042044,3.749406141120157,0.295286346598121,134,134,1.0,0.9420848938511185,1.7889094542358634,0.5286053604352325,0.7071067811865476,-0.34736910462379456,-0.0420432984828949,-0.5,0.9152460098266602,simulator_service,service_success,True,,0.0087,0.0001,service_success,0.0,False,False
-26.58656,26,5319.078509,False,5.004852117507843,False,True,0.3825350350283259,unsafe_low_altitude,True,0.3350973693676263,0.0,2.786007353302672,3.360714189374986,2.786007353302672,0.3825350350283259,26,26,1.0,1.2155035030975152,1.577937474496336,0.6513686053711356,0.7071067811865476,0.2,-0.5,-0.35761401057243347,0.6893583536148071,simulator_service,service_success,True,,0.0112,0.0002,service_success,0.0,False,True
-18.004478,11,5339.634451,False,3.4922918329155332,False,True,0.33004325113713645,unsafe_low_altitude,True,0.14983725775306628,0.0,1.6509136009385288,1.6516478123437346,1.6509136009385288,0.33004325113713645,11,11,1.0,1.0932047372756817,1.1931223491209406,0.694762523747412,0.7071067811865476,0.5,-0.37295737862586975,0.5,0.06548244506120682,simulator_service,service_success,True,,0.0127,0.0,service_success,0.0,False,False
-29.854177,27,5355.968812,False,5.183632281049869,True,False,2.5011967871321823,out_of_bounds,True,0.10033041385505424,0.0,2.4216747886035983,3.4200909817523204,2.4216747886035983,1.0773625256133095,27,27,1.0,1.308158820658565,1.7235625413360822,0.694725222397799,0.7071067811865476,-0.5,0.5,0.1604098677635193,-0.6323437690734863,simulator_service,service_success,True,,0.0125,0.0,service_success,0.0,False,False
-52.5971,166,5403.172508,False,2.4501943796236736,False,True,0.3633831956637201,unsafe_low_altitude,True,0.7957524945912664,0.0,1.398921430266631,19.872537558809864,1.8195395040186924,0.3633831956637201,166,166,1.0,0.9315156713588566,1.734955329455255,0.5804063304691975,0.7071067811865476,-0.5,-0.5,0.5,0.9355025887489319,simulator_service,service_success,True,,0.0109,0.0001,service_success,0.0,False,False
-21.053133,32,5422.982902,False,1.5185817254466483,False,True,0.46095268314056514,unsafe_low_altitude,True,0.665021812284719,0.0,2.747263513923066,4.477753501816274,2.747263513923066,0.46095268314056514,32,32,1.0,1.3004198225767403,1.793711581496792,0.6578008205758121,0.7071067811865476,-0.5,-0.5,0.5,0.4461632966995239,simulator_service,service_success,True,,0.0125,0.0,service_success,0.0,False,False
-39.39084,48,5443.861152,False,5.47063246156766,True,False,2.623852722630278,out_of_bounds,True,0.4876101603828929,0.0,2.369660737061225,6.328147854975338,2.7581257802172754,0.9585554084708047,48,48,1.0,1.4604806214347068,1.793711581496792,0.6211075477184852,0.7071067811865476,0.5,-0.5,0.5,1.5707963705062866,simulator_service,service_success,True,,0.0125,0.0,service_success,0.0,False,False
-42.046505,80,5471.379697,False,2.916033663165371,True,False,2.545810536968604,out_of_bounds,True,0.536579993549376,0.0,1.0576460128203429,9.269219309225099,2.5964030094569726,0.983436233731688,79,79,1.0,1.1294245085468226,1.7341860446894743,0.62391352357173,0.7071067811865476,-0.5,-0.5,0.5,0.7287077903747559,simulator_service,service_success,True,,0.011,0.0001,service_success,0.0,False,False
-114.811905,200,5533.102654,False,3.839618356412815,False,False,1.412093377252014,max_steps,True,0.9849216187677483,0.0,2.9333529619223544,26.410502061350712,4.503009743733719,0.5318286098744646,200,200,1.0,1.1196669071987255,1.793711581496792,0.6285614198168701,0.7071067811865476,0.5,0.5,0.5,0.2700370252132416,simulator_service,service_success,True,,0.0108,0.0004,service_success,0.0,False,False
5.1515903,27,5554.099772,True,0.30092305770063676,False,False,1.6294266757328584,success,True,0.961079108754537,9.610791087545369,2.627916890181913,3.4460031664185244,2.627916890181913,1.395728461090093,27,27,1.0,0.9822706650791063,1.1025815613161558,0.6720312803581301,0.7071067811865476,0.5,0.5,0.490125834941864,0.07552051544189453,velocity,post_controller_hold,False,,0.1084,0.5823,not_attempted,0.0,False,False
-25.506718,38,5572.986604,False,1.9155388214381674,True,False,0.298419170122545,out_of_bounds,True,0.6843118268583637,0.0,3.275484275422221,4.9683676504764405,3.275484275422221,0.298419170122545,38,38,1.0,1.3793861516517967,1.7797986382545865,0.6096073490712355,0.7071067811865476,-0.5,0.5,-0.32994070649147034,1.3826156854629517,velocity,post_controller_hold,False,,0.1442,0.7851,not_attempted,0.0,False,False
-31.886671,38,5595.217925,False,2.1845805047118434,False,True,0.4859761171258416,unsafe_low_altitude,True,0.06946393035684066,0.0,2.6802164959701424,5.115809103423244,2.6802164959701424,0.4859761171258416,38,38,1.0,1.4299728769229163,1.793711581496792,0.6591128479596671,0.7071067811865476,0.3489813208580017,-0.5,-0.5,-0.6242994070053101,simulator_service,service_success,True,,0.0109,0.0,service_success,0.0,False,False
-73.08873,129,5632.896759,False,5.1825292271498755,True,False,2.5070210829433646,out_of_bounds,True,0.760535639840251,0.0,1.7141388413364298,17.079629017751703,3.0282101265200128,0.619107492969105,129,129,1.0,1.193086283193308,1.793711581496792,0.6581563830707423,0.7071067811865476,-0.5,-0.5,0.5,-1.5707963705062866,simulator_service,service_success,True,,0.0128,0.0,service_success,0.0,False,False
-77.11163,127,5670.615188,False,4.331334165190835,True,False,2.62856204836807,out_of_bounds,True,0.24870616108725835,0.0,2.2700839969522546,17.216202363874217,3.4884403497012104,0.7306112528312776,127,127,1.0,1.3045447128305205,1.793711581496792,0.6153115205489168,0.7071067811865476,-0.5,0.5,-0.43539509177207947,1.5707963705062866,simulator_service,service_success,True,,0.0111,0.0006,service_success,0.0,False,False
-58.829388,80,5698.402968,False,4.51135463149597,True,False,2.6044249445529757,out_of_bounds,True,0.7950695644849649,0.0,1.9855643496280564,9.991198460710937,2.474174536237929,0.9318992868995694,80,80,1.0,1.5580538850023526,1.793711581496792,0.5808088389618953,0.7071067811865476,0.5,0.5,-0.5,0.6439616084098816,simulator_service,service_success,True,,0.0112,0.0001,service_success,0.0,False,False
-26.344646,27,5718.590714,False,2.9922308644624427,False,True,0.4319356854458316,unsafe_low_altitude,True,0.9205708336877475,0.0,2.6713282738545923,3.1951008943212833,2.6713282738545923,0.4319356854458316,27,27,1.0,1.0004328219839407,1.2842953569671187,0.5127374219989673,0.7071067811865476,-0.11286702752113342,0.2251843810081482,-0.5,-0.7514733076095581,simulator_service,service_success,True,,0.0111,0.0001,service_success,0.0,False,False
-31.503122,65,5743.205706,False,2.0563594485110537,True,False,2.596174859377885,out_of_bounds,True,0.6881956709284512,0.0,2.027171709943665,7.792904715882931,2.387284911406578,0.6507647101095072,65,65,1.0,1.0402568843844036,1.73051200051498,0.5645051009147283,0.7071067811865476,0.5,-0.3006262481212616,0.5,0.7303940653800964,simulator_service,service_success,True,,0.0128,0.0,service_success,0.0,False,False
-16.884754,11,5756.801842,False,2.486791689883251,True,False,2.726300822543783,out_of_bounds,True,0.7242077533154481,0.0,0.9713656605890066,1.315119941602496,0.9713656605890066,1.8422531073737114,11,11,1.0,1.3912618778472425,1.5581742475683895,0.6087093409277089,0.6602981805473431,-0.5,-0.4312698543071747,0.5,-1.29275643825531,simulator_service,service_success,True,,0.0111,0.0,service_success,0.0,False,False
-57.235245,118,5792.599877,False,5.128419754216015,True,False,2.1054986816514796,out_of_bounds,True,0.3716949279403217,0.0,5.4467190438345074,15.186316226254617,5.4467190438345074,0.750955865330409,118,118,1.0,1.165529843324377,1.7839359319997456,0.6159916541727642,0.7071067811865476,-0.5,-0.5,-0.34646502137184143,-1.5707963705062866,simulator_service,service_success,True,,0.0109,0.0001,service_success,0.0,False,False
-57.97074,134,5831.708571,False,3.705083658674083,True,False,2.6277025681284845,out_of_bounds,True,0.4801295489313718,0.0,2.9377319276095357,15.798952905249134,3.4898435311124465,0.9050408639437164,134,134,1.0,1.0400124960795987,1.793711581496792,0.5761653123139073,0.7071067811865476,-0.2569623589515686,-0.21724912524223328,0.5,-0.47393837571144104,simulator_service,service_success,True,,0.0107,0.0001,service_success,0.0,False,False
-21.740828,31,5853.355033,False,2.541642849202493,False,True,0.3634216789162382,unsafe_low_altitude,True,0.5868407416490234,0.0,1.682593276159122,3.694244098659936,1.682593276159122,0.3634216789162382,31,31,1.0,1.1226837949029418,1.5918136367139866,0.5274574467406011,0.6667912098157046,0.4411468207836151,0.5,-0.3588612675666809,0.277900367975235,simulator_service,service_success,True,,0.0108,0.0,service_success,0.0,False,False
-44.902737,200,5924.401531,False,2.9268622584110573,False,False,2.298463134769154,max_steps,True,0.44908066930696616,0.0,2.006046787484703,23.025979694585146,2.79402726378116,0.5493183811583147,200,200,1.0,1.1743760062304924,1.793711581496792,0.5581716978430434,0.7071067811865476,-0.5,-0.24505670368671417,-0.5,-1.5707963705062866,simulator_service,service_success,True,,0.0111,0.0,service_success,0.0,False,False
-20.276487,17,5939.630535,False,3.211665770910979,True,False,2.694051300730292,out_of_bounds,True,0.3905069195214443,0.0,1.8672410550833423,2.179983765056302,1.8672410550833423,1.1443969504276004,17,17,1.0,1.309273053836336,1.7766571238327433,0.5346804534574382,0.7071067811865476,0.45263832807540894,0.5,0.48397091031074524,1.5707963705062866,velocity,post_controller_hold,False,,0.1898,3.0081,not_attempted,0.0,False,False
-20.692688,12,5953.640994,False,4.753050049876423,True,False,2.5566668712833303,out_of_bounds,True,0.10338565045067653,0.0,1.4692681974353157,1.5148589876975094,1.4692681974353157,1.6914272617288806,12,12,1.0,1.0457003727851941,1.27783301551946,0.6382251421667047,0.7071067811865476,-0.5,0.5,0.5,-0.9396048188209534,simulator_service,service_success,True,,0.0096,0.0001,service_success,0.0,False,False
-43.324196,85,5984.226825,False,1.7356851926450663,True,False,0.24748420747344094,out_of_bounds,True,0.5257399048975638,0.0,3.1034279117186228,10.41550239418333,3.1034279117186228,0.24748420747344094,85,85,1.0,1.2411755065778358,1.793711581496792,0.6296794093483788,0.7071067811865476,-0.5,-0.5,-0.5,0.32281237840652466,simulator_service,service_success,True,,0.0097,0.0,service_success,0.0,False,False
-16.513395,12,5998.455609,False,1.712494060929249,True,False,2.632845862115004,out_of_bounds,True,0.18664249025486815,0.0,0.7097476135369092,1.179907393050301,0.7097476135369092,2.014229131818422,12,12,1.0,0.7339551670715715,1.0822066941892483,0.5227986046935161,0.7071067811865476,0.5,0.5,-0.4709315598011017,-0.6703691482543945,simulator_service,service_success,True,,0.0075,0.0,service_success,0.0,False,False
-30.590984,47,6019.927465,False,3.7193260201243223,True,False,2.520800446860755,out_of_bounds,True,0.01185401312165934,0.0,1.7469709452644173,4.520659786872652,1.7469709452644173,0.9055125591330837,47,47,1.0,0.9415202810047526,1.7130289278901885,0.5111125245508256,0.7071067811865476,-0.4034202992916107,0.2,0.5,0.41780009865760803,simulator_service,service_success,True,,0.0103,0.0003,service_success,0.0,False,True
-24.908052,24,6040.338399,False,4.466316160293002,False,True,0.310603162070061,unsafe_low_altitude,True,0.712734602145119,0.0,2.680984896390815,2.942630705241779,2.680984896390815,0.310603162070061,24,24,1.0,1.2695907514461278,1.4382347978394938,0.5457808830887375,0.7071067811865476,0.44457364082336426,-0.5,-0.5,0.6818944811820984,simulator_service,service_success,True,,0.0095,0.0,service_success,0.0,False,False
-19.813757,18,6055.946319,False,2.6997568779528978,True,False,2.7228328670254918,out_of_bounds,True,0.5309674333255285,0.0,1.0017392118087975,1.7004586679863363,1.0538095291801635,2.083580896383031,18,18,1.0,1.1464713309436882,1.7252675109238984,0.44571342994141716,0.7071067811865476,-0.5,-0.5,-0.3669375479221344,-0.6206862330436707,simulator_service,service_success,True,,0.0113,0.0,service_success,0.0,False,False
-32.562027,53,6078.835675,False,3.908947828611023,True,False,0.2841870250618465,out_of_bounds,True,0.23010694535429727,0.0,1.583187082286256,6.451930467473694,1.583187082286256,0.2841870250618465,53,53,1.0,1.142753246566082,1.5794234121433268,0.6472892933442701,0.7071067811865476,0.5,-0.31672775745391846,-0.5,0.644026517868042,simulator_service,service_success,True,,0.0094,0.0002,service_success,0.0,False,False
-28.170338,68,6104.641505,False,2.3203409193890216,True,False,2.648695227272536,out_of_bounds,True,0.8180507685502333,0.0,2.021164766877876,6.830754174924058,2.021164766877876,1.5958255262117842,68,68,1.0,1.1177051685500237,1.7557965064234455,0.5306376392478521,0.7071067811865476,-0.2930947542190552,-0.5,0.5,1.5707963705062866,simulator_service,service_success,True,,0.0095,0.0,service_success,0.0,False,False
-25.861782,23,6121.486979,False,3.9105785550613357,True,False,2.514658726512028,out_of_bounds,True,0.5129573500751456,0.0,1.3172789004921857,2.691179328813581,1.3172789004921857,1.8063381850697569,23,23,1.0,1.2113813192262892,1.7238587359009612,0.6046554136286652,0.7071067811865476,-0.31500789523124695,-0.41721996665000916,-0.206605926156044,1.0079797506332397,simulator_service,service_success,True,,0.0097,0.0,service_success,0.0,False,False
-17.020294,12,6136.078349,False,1.922115847888697,True,False,0.21736177691140918,out_of_bounds,True,0.9527614446370829,0.0,1.2041748934291425,1.4832783392756315,1.2041748934291425,0.21736177691140918,12,12,1.0,1.2239279214617407,1.5234921619470334,0.7023361340484323,0.7071067811865476,0.5,0.5,-0.5,0.3231844902038574,simulator_service,service_success,True,,0.0095,0.0,service_success,0.0,False,False
-25.575165,35,6155.468434,False,3.642956363129612,True,False,2.662888106901021,out_of_bounds,True,0.8015242226509439,0.0,1.4368599220146996,3.601387893981795,1.4368599220146996,1.5095739147656666,35,35,1.0,1.3781911208500957,1.7578282314084546,0.5859164514460709,0.7071067811865476,-0.5,-0.3552933633327484,0.43996137380599976,-0.2552213668823242,simulator_service,service_success,True,,0.0094,0.0,service_success,0.0,False,False
-22.769476,35,6174.875874,False,1.4008764780455514,True,False,0.23902189508706667,out_of_bounds,True,0.5242573947474533,0.0,2.708303565780811,4.565258473591851,2.708303565780811,0.23902189508706667,35,35,1.0,0.999671307266669,1.6873215517514903,0.6943574706264808,0.7071067811865476,-0.5,0.5,-0.5,-0.5302773118019104,simulator_service,service_success,True,,0.0094,0.0001,service_success,0.0,False,False
-45.55314,76,6203.886335,False,4.428994544344769,True,False,2.5472997111844102,out_of_bounds,True,0.09630972107955073,0.0,2.553246574798287,10.11499371231722,2.553246574798287,0.5649412645333345,76,76,1.0,1.1950644495279596,1.793711581496792,0.6324643257674974,0.7071067811865476,-0.5,0.5,0.5,1.080458402633667,simulator_service,service_success,True,,0.0094,0.0,service_success,0.0,False,False
-45.54413,65,6229.389392,False,5.0975577016069895,True,False,2.533317741367975,out_of_bounds,True,0.552236296776622,0.0,2.6454734259047656,7.036356374248678,1.9993159032616246,0.7429279643559941,64,64,1.0,1.14717331722557,1.773382928901396,0.5883936927653755,0.7071067811865476,-0.5,-0.5,-0.2,-1.5707963705062866,simulator_service,service_success,True,,0.0075,0.0,service_success,0.0,False,False
-19.96152,35,6249.021317,False,2.1962031399517854,True,False,0.19698497474547286,out_of_bounds,True,0.23012101672729623,0.0,2.842599409993604,4.202557691405373,2.842599409993604,0.19698497474547286,35,35,1.0,0.8272619060011213,1.3342597044129214,0.525439829235617,0.7071067811865476,-0.36695146560668945,0.5,-0.5,0.362749308347702,simulator_service,service_success,True,,0.0094,0.0001,service_success,0.0,False,False
-100.49727,163,6298.606894,False,6.167016149595664,False,True,0.3741180141591911,unsafe_low_altitude,True,0.8968715992708111,0.0,2.850386871091512,21.66636044849158,3.3546920871797914,0.3741180141591911,163,163,1.0,1.1019912511748673,1.7228414107282946,0.6196283399684552,0.7071067811865476,0.5,-0.5,-0.5,0.5320005416870117,simulator_service,service_success,True,,0.0095,0.0,service_success,0.0,False,False
-22.24926,18,6314.618501,False,4.443212959757556,True,False,0.23507448636100903,out_of_bounds,True,0.15837941321543297,0.0,1.7963697782954384,2.3794743071977846,1.7963697782954384,0.23507448636100903,18,18,1.0,1.1845133040359765,1.7227406129123828,0.6817360717743136,0.7071067811865476,0.5,-0.020832229405641556,0.5,1.5707963705062866,simulator_service,service_success,True,,0.0109,0.0,service_success,0.0,False,False
-27.727934,28,6333.02658,False,5.464364337060539,True,False,1.5891243198014033,out_of_bounds,True,0.9194304795562048,0.0,2.4024002993221107,4.213545105849831,2.4024002993221107,0.5930726503529333,28,28,1.0,1.5138919095152867,1.793711581496792,0.659887280722615,0.7071067811865476,0.5,-0.5,0.5,-0.07477134466171265,simulator_service,service_success,True,,0.0086,0.0004,service_success,0.0,False,False
-73.16361,146,6375.500603,False,4.367630059229782,True,False,2.744747119700732,out_of_bounds,True,0.2304015750101244,0.0,7.387146863246764,20.60506724275378,7.778564921609047,0.6091280678766088,146,146,1.0,1.1637927008553022,1.793711581496792,0.6604038368786727,0.7071067811865476,0.5,-0.5,0.5,-1.3039132356643677,simulator_service,service_success,True,,0.0094,0.0,service_success,0.0,False,False
-64.800186,94,6409.917518,False,4.652837896321976,False,True,0.48480187540725567,unsafe_low_altitude,True,0.1721381791050766,0.0,3.0753644649026475,10.740151970718742,3.707970587974687,0.48480187540725567,94,94,1.0,1.238083818190352,1.790985388443823,0.5832232058275001,0.7071067811865476,0.5,-0.5,-0.40083324909210205,-0.11134858429431915,simulator_service,service_success,True,,0.0094,0.0,service_success,0.0,False,False
-16.165884,6,6427.326522,False,2.6527712095572724,False,True,0.4404737578227407,unsafe_low_altitude,True,0.7596585708989737,0.0,0.7700794595419393,0.7700794595419393,0.7700794595419393,0.4404737578227407,6,6,1.0,0.9355895043556499,1.043938341080737,0.6152192887446996,0.655846504699307,0.4697641432285309,-0.33087414503097534,-0.5,-0.7138985991477966,simulator_service,service_success,True,,0.0106,0.0,service_success,0.0,False,False
-107.96658,200,6496.08613,False,2.623628440560824,False,False,1.0359166475497854,max_steps,True,0.6445814557056734,0.0,3.353284764532819,25.08681826439431,3.6018216442268014,0.5405000476692011,200,200,1.0,1.363812161983765,1.793711581496792,0.6287947242552859,0.7071067811865476,-0.5,0.5,0.5,0.04782699793577194,simulator_service,service_success,True,,0.0107,0.0,service_success,0.0,False,False
-49.805626,143,6538.323678,False,1.9375697828137735,True,False,2.5853694076590363,out_of_bounds,True,0.0792630794743231,0.0,3.3233796607028627,17.844138433486595,4.644713800387063,0.5289634391600216,143,143,1.0,0.9646021592908868,1.763523178684416,0.5704250939691092,0.7071067811865476,0.5,-0.32309576869010925,-0.5,-0.022163402289152145,velocity,post_controller_hold,False,,0.2134,2.4612,not_attempted,0.0,False,False
-28.663954,66,6567.351392,False,1.877913764208076,False,True,0.4169320312577525,unsafe_low_altitude,True,0.034965318197867634,0.0,1.0063296820257799,7.116696763040589,1.2622388056586449,0.4169320312577525,66,66,1.0,0.9912313515407031,1.7501770769000133,0.536277230959988,0.7071067811865476,-0.5,-0.3777962625026703,-0.5,0.006593253929167986,simulator_service,service_success,True,,0.0094,0.0004,service_success,0.0,False,False
-21.199482,37,6587.635751,False,1.8789509864852385,True,False,2.5388034798996473,out_of_bounds,True,0.1289454104430278,0.0,1.5710703582227048,4.296417652139633,1.5710703582227048,1.0022184833827807,37,37,1.0,0.8683459978251072,1.3703878284303843,0.6165641597336712,0.7071067811865476,-0.08456367999315262,-0.29932650923728943,0.5,0.1638733595609665,simulator_service,service_success,True,,0.0105,0.0,service_success,0.0,False,False
-59.613518,136,6631.026823,False,2.3695320526079997,False,True,0.46062665481209647,unsafe_low_altitude,True,0.023661705448424976,0.0,2.1252091889143845,17.35888794499227,2.9443524797299707,0.46062665481209647,136,136,1.0,1.0858838449876849,1.793711581496792,0.631315102573227,0.7071067811865476,0.2098129391670227,-0.5,0.5,-1.5615018606185913,simulator_service,service_success,True,,0.0092,0.0,service_success,0.0,False,False
-44.689537,55,6657.85752,False,3.972028229488591,False,True,0.38096699402338374,unsafe_low_altitude,True,0.41285167398307543,0.0,1.757662900236693,6.601705018175006,2.794599070756981,0.38096699402338374,55,55,1.0,1.207188848814548,1.6556637554794933,0.6168870674885791,0.7071067811865476,0.5,0.5,-0.5,1.3492156267166138,simulator_service,service_success,True,,0.0107,0.0,service_success,0.0,False,False
-36.946304,38,6678.532511,False,6.934424525264454,True,False,1.9768670155794144,out_of_bounds,True,0.836510070553337,0.0,4.193119874504511,5.345936387410409,4.193119874504511,1.1198567232888321,38,38,1.0,1.2666014596573982,1.759611301897544,0.6455872720292293,0.7071067811865476,0.1101858913898468,-0.5,0.5,1.5707963705062866,simulator_service,service_success,True,,0.0105,0.0,service_success,0.0,False,False
-88.30518,126,6717.676001,False,4.668500316954097,True,False,2.7073322499742853,out_of_bounds,True,0.33792447805642906,0.0,1.8161139110426023,16.028552648293157,2.7808441154755013,0.5170594257032886,126,126,1.0,1.3420871141457151,1.793711581496792,0.6398001911797158,0.7071067811865476,0.5,0.5,0.5,-1.5707963705062866,simulator_service,service_success,True,,0.009,0.0001,service_success,0.0,False,False
-48.25568,76,6746.245422,False,4.3683736747757225,True,False,2.5304809197704707,out_of_bounds,True,0.09985930149140537,0.0,1.5768784004497862,8.364883094222591,1.5999289440078213,1.340586326416994,76,76,1.0,1.3067796439083512,1.793711581496792,0.6271445941553789,0.7071067811865476,0.5,-0.5,0.5,-1.5707963705062866,simulator_service,service_success,True,,0.0091,0.0,service_success,0.0,False,False
-20.686022,44,6768.473946,False,2.389400554406461,True,False,2.5805380151729294,out_of_bounds,True,0.49921625840157524,0.0,1.7000874437336757,6.11146497510909,2.2893744553059365,1.018612694136471,44,44,1.0,1.0441933264486205,1.3838433586216208,0.6050028987552564,0.7071067811865476,0.1398019790649414,0.015006213448941708,0.14212411642074585,0.9402332901954651,simulator_service,service_success,True,,0.009,0.0001,service_success,0.0,False,False
-75.467445,108,6803.636037,False,6.99819498497978,True,False,1.5003423467846972,out_of_bounds,True,0.7004604669411935,0.0,2.3751127601976525,14.22974928626094,2.442088413221493,0.6190721684764212,108,108,1.0,1.268590878568231,1.793711581496792,0.6520417419368195,0.7071067811865476,0.32131025195121765,0.5,-0.5,1.5707963705062866,simulator_service,service_success,True,,0.0089,0.0001,service_success,0.0,False,False
-69.02483,133,6844.18549,False,2.5248045894172897,True,False,2.5592506789215457,out_of_bounds,True,0.9141038558323479,0.0,1.3860148461964426,16.718925400024972,4.62869238793049,0.6737585746684358,133,133,1.0,1.2198825678887282,1.793711581496792,0.6002087747258067,0.7071067811865476,-0.5,0.5,0.5,1.5707963705062866,simulator_service,service_success,True,,0.009,0.0,service_success,0.0,False,False
-25.508432,26,6862.560342,False,2.9515063523393623,True,False,2.5257024295295456,out_of_bounds,True,0.2561099328567285,0.0,1.5149021611958688,2.85453335010489,1.5149021611958688,1.9257979324060748,26,26,1.0,1.3805842365918854,1.6913907763257037,0.5513072328801109,0.7071067811865476,0.44253283739089966,0.1813884675502777,0.5,-0.916447639465332,simulator_service,service_success,True,,0.0089,0.0001,service_success,0.0,False,False
-50.659153,70,6890.078133,False,3.843831958225579,True,False,2.5535671920049343,out_of_bounds,True,0.9891279238967398,0.0,0.9670364995207484,8.015340019561568,1.5267780884236388,0.8306296375676226,70,70,1.0,1.1757136390691225,1.793711581496792,0.5659166596082938,0.7071067811865476,-0.5,0.5,0.5,-1.5707963705062866,simulator_service,service_success,True,,0.0089,0.0,service_success,0.0,False,False
-21.037027,19,6907.157638,False,1.8948950152995945,True,False,0.27387893320710527,out_of_bounds,True,0.16200535961021925,0.0,2.7773217604079288,2.9331644771387424,2.7773217604079288,0.27387893320710527,19,19,1.0,1.4827417353648662,1.793711581496792,0.6985439140231204,0.7071067811865476,-0.5,-0.5,-0.5,-1.5707963705062866,simulator_service,service_success,True,,0.009,0.0,service_success,0.0,False,False
14.3694515,19,6934.600912,True,0.20983636731126096,False,False,0.9678675891873736,success,True,0.34083757491138816,3.4083757491138815,1.3127512005731956,1.8436283347345408,1.3127512005731956,0.686476496306149,19,19,1.0,0.6468308022280902,0.8971912943757363,0.5253741597891103,0.5570755669079409,-0.17241832613945007,-0.5,0.5,0.5246180891990662,simulator_service,service_success,True,,0.0089,0.0,service_success,0.0,False,False
-51.100113,77,6963.79985,False,3.7571368673284447,True,False,2.7049502831017773,out_of_bounds,True,0.8168636252927414,0.0,1.989477751219589,9.675039696436375,2.985443885517422,1.4312297973776704,77,77,1.0,1.1429378185475554,1.793711581496792,0.6115619172062767,0.7071067811865476,0.20396611094474792,0.2163999229669571,0.5,0.7560140490531921,velocity,post_controller_hold,False,,0.144,3.0028,not_attempted,0.0,False,False
-35.81154,45,6990.178258,False,5.367261474762057,False,True,0.33992340235152085,unsafe_low_altitude,True,0.4368477869141187,0.0,2.7275587101706713,5.864578322485238,2.7275587101706713,0.33992340235152085,45,45,1.0,1.1501107012277865,1.4865805825997518,0.6407564248831616,0.7071067811865476,0.2978328466415405,-0.5,-0.5,0.08693327009677887,simulator_service,service_success,True,,0.0089,0.0,service_success,0.0,False,False
-38.356182,45,7015.326036,False,4.214571140878452,False,True,0.3013291613735265,unsafe_low_altitude,True,0.7439856084096634,0.0,2.1185025866173803,5.6551215059945115,2.1185025866173803,0.3013291613735265,45,45,1.0,1.1763542289026572,1.793711581496792,0.584830456262421,0.7071067811865476,-0.22564978897571564,-0.5,0.5,-0.9033236503601074,simulator_service,service_success,True,,0.0106,0.0,service_success,0.0,False,False
12.271957,44,7049.449982,True,0.3887457565947028,False,False,1.3136021284079378,success,True,0.08666993429211403,0.8666993429211403,1.3690780864825927,5.017762093450351,1.3690780864825927,1.3136021284079378,44,44,1.0,1.0485234630478786,1.7226227692796017,0.5897361780201202,0.7071067811865476,0.5,-0.4421541392803192,0.034038469195365906,-0.20313860476016998,simulator_service,service_success,True,,0.0104,0.0,service_success,0.0,False,False
-18.366209,8,7064.710963,False,4.584593412653218,True,False,2.551293883678443,out_of_bounds,True,0.6280616299237031,0.0,0.5744840758066333,0.6124260974202616,0.5744840758066333,2.0995243430993513,8,8,1.0,1.3844888603232175,1.5658215115943381,0.6650916931278987,0.7071067811865476,-0.5,0.5,0.2095128893852234,-1.38126802444458,velocity,post_controller_hold,False,,0.2371,0.0276,not_attempted,0.0,False,False
-19.6562,13,7080.921041,False,3.531138272853737,True,False,2.5288005348255584,out_of_bounds,True,0.6046454886449543,0.0,1.1274063439605695,1.3110572108533884,1.1274063439605695,1.6179106724722023,13,13,1.0,1.1535569993879,1.7323759514668564,0.5536271473422478,0.7071067811865476,0.5,0.4333575963973999,-0.3865201473236084,-1.0757346153259277,simulator_service,service_success,True,,0.0088,0.0001,service_success,0.0,False,False
-42.443253,70,7108.793677,False,4.961801807345108,True,False,2.8522831474100383,out_of_bounds,True,0.39298415310164847,0.0,4.733821992040477,8.31048001774734,4.733821992040477,0.7700718607782142,70,70,1.0,1.1399301413457923,1.793711581496792,0.638232701258696,0.7071067811865476,-0.5,0.5,-0.09483961760997772,1.152775764465332,simulator_service,service_success,True,,0.0087,0.0002,service_success,0.0,False,False
-93.83094,133,7152.631824,False,5.356934277548562,False,True,0.40828514795053056,unsafe_low_altitude,True,0.877937616098538,0.0,3.4920981488045246,16.689905355261548,3.4920981488045246,0.40828514795053056,133,133,1.0,1.318173525733906,1.793711581496792,0.6395071995672199,0.7071067811865476,0.5,0.16684909164905548,-0.5,-0.9437196254730225,simulator_service,service_success,True,,0.0089,0.0004,service_success,0.0,False,False
-33.509056,58,7179.600833,False,2.884725527855433,True,False,0.1928085804433978,out_of_bounds,True,0.010395559421109146,0.0,2.3162406325495133,6.186550143808868,2.3162406325495133,0.1928085804433978,58,58,1.0,1.1630826814334392,1.7539345473132018,0.51627390164631,0.7071067811865476,-0.20239055156707764,-0.10624271631240845,-0.4659087359905243,0.8568154573440552,simulator_service,service_success,True,,0.0103,0.0,service_success,0.0,False,False
-19.135624,12,7198.743956,False,3.1993616878706903,False,True,0.42388322820353774,unsafe_low_altitude,True,0.7769341396549669,0.0,0.9673655650448324,1.0836180845030685,0.9673655650448324,0.42388322820353774,12,12,1.0,1.2391066220522606,1.638344837195762,0.6595914971213844,0.7071067811865476,-0.5,-0.5,-0.5,-0.542046844959259,simulator_service,service_success,True,,0.0067,0.0,service_success,0.0,False,False
-30.94722,59,7224.621512,False,2.326833140384499,True,False,2.7790979818276025,out_of_bounds,True,0.54812368013991,0.0,5.7014281215721585,7.206426207867313,5.7014281215721585,1.2086692914088584,59,59,1.0,1.0130961242755052,1.645232827079653,0.537203385194869,0.7071067811865476,0.04587339237332344,-0.5,0.5,-0.13749010860919952,simulator_service,service_success,True,,0.0103,0.0,service_success,0.0,False,False
-20.782225,33,7245.253452,False,2.3608517312221213,True,False,2.6232700136650426,out_of_bounds,True,0.5650454791711923,0.0,1.6227716395564256,3.645547236444206,1.6227716395564256,0.7097722227617791,33,33,1.0,1.0089592919067456,1.1747329374652358,0.5513471980171697,0.7071067811865476,-0.5,0.21106679737567902,0.5,-0.5851192474365234,simulator_service,service_success,True,,0.0086,0.0,service_success,0.0,False,False
-16.74057,7,7260.533627,False,2.5888124289707792,True,False,2.557185326223969,out_of_bounds,True,0.5653344966629036,0.0,0.9112762357705992,0.9112762357705992,0.9112762357705992,2.0025057957111394,7,7,1.0,1.0495121075867389,1.0495121075867389,0.6858234322666037,0.6858234322666036,0.5,0.46941855549812317,0.5,0.617350697517395,simulator_service,service_success,True,,0.0085,0.0,service_success,0.0,False,False
-58.740524,74,7292.659906,False,5.379132664768954,False,True,0.4500039705291129,unsafe_low_altitude,True,0.6995495662613468,0.0,4.856937150115865,10.166956444756371,4.856937150115865,0.4500039705291129,74,74,1.0,1.309461215245001,1.793711581496792,0.5953473973457595,0.7071067811865476,-0.5,0.5,0.5,-0.1537303328514099,simulator_service,service_success,True,,0.0087,0.0,service_success,0.0,False,False
-19.526325,14,7309.410132,False,3.430802514468483,True,False,2.7556756766334742,out_of_bounds,True,0.09282926228669547,0.0,1.271894333524432,1.6586666962209868,1.271894333524432,1.518012137633799,14,14,1.0,1.6606492864268814,1.7176289410208265,0.6616838698325841,0.7071067811865476,-0.5,0.5,0.5,1.4833236932754517,simulator_service,service_success,True,,0.0098,0.0,service_success,0.0,False,False
-19.642075,20,7327.675761,False,2.586555823543591,True,False,2.5798535180194926,out_of_bounds,True,0.39212782150240977,0.0,1.7276617608543219,2.4539095455640823,1.7276617608543219,0.9379338634992321,20,20,1.0,1.181914899414481,1.7727558528610412,0.6378012366703245,0.7071067811865476,-0.5,0.12495315819978714,0.5,1.0746266841888428,simulator_service,service_success,True,,0.0086,0.0001,service_success,0.0,False,False
-21.235142,14,7344.560232,False,4.724691452680417,True,False,2.86284463359945,out_of_bounds,True,0.4714345188893286,0.0,1.6872561570135625,1.7448629547527807,1.6872561570135625,1.6323977437606407,14,14,1.0,1.1315892264718885,1.7226378498483497,0.5635195285997192,0.6613140849213884,-0.5,-0.008940029889345169,0.5,1.5707963705062866,simulator_service,service_success,True,,0.0084,0.0001,service_success,0.0,False,False
-107.6308,200,7414.560192,False,2.157466441053525,False,False,2.1385978392435554,max_steps,True,0.049997254703087315,0.0,4.459234506017137,23.84039197514638,6.003913583523484,0.5474330230840702,200,200,1.0,1.3047968944408652,1.793711581496792,0.6315884168377589,0.7071067811865476,-0.38913583755493164,-0.5,-0.5,-1.3151402473449707,simulator_service,service_success,True,,0.0084,0.0001,service_success,0.0,False,False
-24.523739,69,7442.990522,False,2.405118943688425,True,False,2.694186477358247,out_of_bounds,True,0.505332358020095,0.0,2.453804531662919,7.8415667541160605,2.453804531662919,0.9680346378593251,69,69,1.0,0.9825234242484437,1.448169463572066,0.5241984223926401,0.7071067811865476,-0.40450766682624817,-0.3879736065864563,0.5,0.5025306940078735,velocity,post_controller_hold,False,,0.2265,1.1307,not_attempted,0.0,False,False
-10.91109,149,7506.176899,True,0.39825011390793974,False,False,0.9118210537115816,success,True,0.42093480854365883,4.209348085436588,2.694869937310267,17.68830336523592,4.256873640527599,0.5196038990156001,149,149,1.0,1.0518921236735854,1.793711581496792,0.5883957575742084,0.7071067811865476,0.47076597809791565,-0.5,-0.3894174098968506,0.964605450630188,simulator_service,service_success,True,,0.0085,0.0,service_success,0.0,False,False
-57.122414,83,7541.782218,False,5.676781333485248,False,True,0.32514029649761844,unsafe_low_altitude,True,0.16332235963954594,0.0,2.462314346121711,9.960579130502028,2.847624498480469,0.32514029649761844,83,83,1.0,1.0493005981875783,1.695123723275407,0.6229498249478024,0.7071067811865476,-0.5,-0.5,-0.5,-0.8022770285606384,velocity,post_controller_hold,False,,0.1894,0.6687,not_attempted,0.0,False,False
-38.557312,48,7565.856126,False,4.949951709671949,True,False,0.2690919758642527,out_of_bounds,True,0.8791420409164499,0.0,2.4668179219247164,6.145396503067765,2.4668179219247164,0.2690919758642527,48,48,1.0,1.2126752824077058,1.7339622022775432,0.6520508063705243,0.7071067811865476,-0.5,0.5,-0.5,-0.09102685004472733,simulator_service,service_success,True,,0.0075,0.0,service_success,0.0,False,False
-29.767471,41,7591.492379,False,3.796696088919113,False,True,0.4874321755420456,unsafe_low_altitude,True,0.3916004739890844,0.0,1.263055728807853,4.68340426986363,1.3930686327046282,0.4874321755420456,41,41,1.0,1.2889935487691975,1.793711581496792,0.6743081838645753,0.7071067811865476,0.3073716461658478,-0.5,-0.5,-1.5614923238754272,simulator_service,service_success,True,,0.0084,0.0,service_success,0.0,False,False
-46.722248,82,7622.913051,False,2.5297467777809954,True,False,2.5488929716316813,out_of_bounds,True,0.9042341956103714,0.0,2.9073223549920724,9.21322701486606,2.9073223549920724,0.6288760255104412,82,82,1.0,1.2396386549958311,1.793711581496792,0.5868838062234009,0.7071067811865476,-0.38419443368911743,0.5,0.5,-0.9783085584640503,simulator_service,service_success,True,,0.0098,0.0,service_success,0.0,False,False
-37.820168,54,7648.473285,False,5.109360059218617,True,False,1.1132572429889718,out_of_bounds,True,0.8974457979933872,0.0,2.9201855368517706,6.59524288785618,2.9201855368517706,1.1132572429889718,54,54,1.0,1.3204267414754585,1.793711581496792,0.58552350053241,0.7071067811865476,-0.5,0.5,-0.5,-1.5223846435546875,simulator_service,service_success,True,,0.0083,0.0,service_success,0.0,False,False
-50.232983,122,7688.17157,False,2.6025250291239197,True,False,2.5469282810246447,out_of_bounds,True,0.05669796305277436,0.0,4.028854916136508,15.194314016341314,6.053888891512361,1.19482552794741,122,122,1.0,1.0163537875471975,1.7361699891430526,0.5915427874085596,0.7071067811865476,-0.5,-0.06935784965753555,0.3059018552303314,-1.5707963705062866,simulator_service,service_success,True,,0.0084,0.0001,service_success,0.0,False,False
-16.664232,7,7704.099506,False,3.046265506061224,True,False,2.5182893949959415,out_of_bounds,True,0.789446418361621,0.0,0.8416849243420143,0.8416849243420143,0.8416849243420143,1.916590016929387,7,7,1.0,1.3593088029968174,1.3593088029968172,0.5151336025098737,0.5151336025098738,-0.5,0.12394607067108154,0.5,-1.154278039932251,simulator_service,service_success,True,,0.0085,0.0007,service_success,0.0,False,False
-33.752,75,7734.079555,False,3.211765562993275,True,False,0.2790688471219453,out_of_bounds,True,0.39183843005530755,0.0,3.094967848796139,10.08134438977371,4.618841593988745,0.2790688471219453,75,75,1.0,0.9496481806671826,1.793711581496792,0.597770002173518,0.7071067811865476,-0.5,0.5,-0.12221688032150269,-1.5707963705062866,simulator_service,service_success,True,,0.0084,0.0001,service_success,0.0,False,False
-67.040215,191,7787.92401,False,2.9914435763252802,True,False,0.14788591733341624,out_of_bounds,True,0.9615384216908635,0.0,1.9183720135311748,23.917268777994895,4.411732559207104,0.14788591733341624,191,191,1.0,1.2067492000557616,1.793711581496792,0.5942441780017053,0.7071067811865476,-0.4939994215965271,-0.05429423600435257,0.5,1.5707963705062866,simulator_service,service_success,True,,0.0084,0.0001,service_success,0.0,False,False
-25.4795,21,7806.714764,False,4.5348813558926855,True,False,2.510671640073732,out_of_bounds,True,0.9289878061756183,0.0,1.5584625646136057,2.20815721690897,1.5723681490146895,1.2496034225539712,21,21,1.0,1.5867336379435646,1.793711581496792,0.6279135517157153,0.7071067811865476,-0.5,0.5,-0.09534063935279846,-1.0478816032409668,simulator_service,service_success,True,,0.0081,0.0001,service_success,0.0,False,False
-76.09094,122,7845.997317,False,8.487382513635648,True,False,0.14720219884826397,out_of_bounds,True,0.001108978357558678,0.0,5.857496938832129,16.15148805881487,5.857496938832129,0.14720219884826397,122,122,1.0,1.0195009550417387,1.793711581496792,0.6194228793726402,0.7071067811865476,-0.5,0.5,0.12014386802911758,-1.5707963705062866,simulator_service,service_success,True,,0.0083,0.0,service_success,0.0,False,False
-20.344494,13,7865.528826,False,4.775353477964764,False,True,0.4844156520801492,unsafe_low_altitude,True,0.7948330461747336,0.0,1.7226300718738927,1.741504367770547,1.7226300718738927,0.4844156520801492,13,13,1.0,1.6044978632401539,1.793711581496792,0.4656977480547565,0.7071067811865476,-0.13055597245693207,0.12973421812057495,-0.5,1.2770607471466064,simulator_service,service_success,True,,0.0083,0.0001,service_success,0.0,False,False
-17.80449,14,7883.206534,False,2.2341780206662722,True,False,0.12016087282878775,out_of_bounds,True,0.14387743659520819,0.0,1.7902421090256684,1.8353167551951854,1.7902421090256684,0.12016087282878775,14,14,1.0,1.0126121241619752,1.4296700446192747,0.6154207250327808,0.7071067811865476,0.15834200382232666,-0.5,-0.5,-1.2324302196502686,simulator_service,service_success,True,,0.0101,0.0,service_success,0.0,False,False
-30.141762,40,7906.231935,False,4.255879503845586,True,False,2.870563965934425,out_of_bounds,True,0.8846629144857694,0.0,2.4427949807146025,4.818907617302568,2.4427949807146025,0.7920210153719844,40,40,1.0,1.1288256109420196,1.5616392863499362,0.5995881563498632,0.7071067811865476,0.5,-0.5,0.5,-0.10875995457172394,simulator_service,service_success,True,,0.0081,0.0,service_success,0.0,False,False
-21.5207,35,7927.925694,False,1.6163117083951075,True,False,2.6735003835412248,out_of_bounds,True,0.18285212040232696,0.0,1.6538884097187003,4.018855753100649,1.6538884097187003,1.1395391687154939,35,35,1.0,0.9601439017590436,1.4729673257060794,0.547359064998174,0.7071067811865476,-0.5,-0.0873359963297844,0.5,0.19592688977718353,simulator_service,service_success,True,,0.0081,0.0,service_success,0.0,False,False
-38.125626,64,7960.449703,False,2.8339540432498085,False,True,0.315379025923861,unsafe_low_altitude,True,0.44239597876633513,0.0,3.9736781226523488,7.6137293375096515,3.9736781226523488,0.315379025923861,64,64,1.0,1.1869932889611654,1.6931010416288983,0.5605500412008495,0.7071067811865476,0.2881790101528168,-0.49979981780052185,-0.5,-0.19955788552761078,simulator_service,service_success,True,,0.0084,0.0,service_success,0.0,False,False
-16.607826,14,7979.814407,False,1.3174766608538073,True,False,2.5629672683797824,out_of_bounds,True,0.6390852842442176,0.0,1.8801911945246124,1.902277098873281,1.8801911945246124,1.5023596173532647,14,14,1.0,1.1304657358183394,1.6798715217333282,0.5979293172155903,0.7071067811865476,-0.5,-0.5,0.5,-1.4394333362579346,simulator_service,service_success,True,,0.0069,0.0,service_success,0.0,False,False
-23.513582,55,8005.732104,False,1.8516643048720989,True,False,2.6260962700795285,out_of_bounds,True,0.29053802781943955,0.0,1.9664842750566736,6.182547463640478,2.9765669649417683,0.5516857987861956,55,55,1.0,1.0013214674974462,1.555263126018668,0.5670355520047692,0.7071067811865476,-0.5,0.5,0.5,0.6126180291175842,simulator_service,service_success,True,,0.0058,0.0,service_success,0.0,False,False
-15.897355,8,8022.27197,False,1.470535531640995,True,False,2.599338660841216,out_of_bounds,True,0.0430981360179806,0.0,0.9541865479957592,0.9541865479957592,0.9541865479957592,1.9726186711776277,8,8,1.0,1.0684052864153102,1.1509811045368454,0.6286071053192251,0.7071067811865476,-0.5,0.5,0.5,0.7581276297569275,simulator_service,service_success,True,,0.0084,0.0,service_success,0.0,False,False
-81.465775,131,8064.436799,False,4.38612837117605,True,False,2.826990423480779,out_of_bounds,True,0.03077118533116665,0.0,1.8531301004036937,15.534202191032154,2.845918057652424,0.5012902448711772,131,131,1.0,1.3152463678330257,1.793711581496792,0.6082732786125287,0.7071067811865476,-0.055679596960544586,-0.5,0.5,-1.3466920852661133,simulator_service,service_success,True,,0.008,0.0,service_success,0.0,False,False
-77.43199,110,8105.166934,False,4.548049910867783,False,True,0.3345758321575215,unsafe_low_altitude,True,0.3268065863891558,0.0,2.3730591612612053,13.190416986537729,3.5164661724014152,0.3345758321575215,110,110,1.0,1.3025316644105438,1.793711581496792,0.681362743594807,0.7071067811865476,-0.5,0.5,-0.5,-0.5347204208374023,simulator_service,service_success,True,,0.008,0.0001,service_success,0.0,False,False
-32.273785,44,8129.380881,False,3.147150272230093,True,False,2.673121244230602,out_of_bounds,True,0.09945420112792776,0.0,2.38566597373598,5.6858264948695965,2.7254357792519572,1.1566963329182187,44,44,1.0,1.3148168524746715,1.793711581496792,0.6373478385318886,0.7071067811865476,-0.5,-0.45200246572494507,-0.5,-1.5707963705062866,simulator_service,service_success,True,,0.0093,0.0,service_success,0.0,False,False
-16.910704,8,8149.154622,False,2.6375849049803755,False,True,0.38442835721070084,unsafe_low_altitude,True,0.3414517077178394,0.0,1.0691929973366183,1.0691929973366183,1.0691929973366183,0.38442835721070084,8,8,1.0,1.7895636828248787,1.7902126373607588,0.6992988159652753,0.7071067811865476,0.5,-0.5,0.4678661525249481,1.5707963705062866,simulator_service,service_success,True,,0.0081,0.0001,service_success,0.0,False,False
-16.61871,8,8165.964918,False,1.8215022140215347,True,False,2.5114359873344965,out_of_bounds,True,0.6918715802885554,0.0,1.059102725772996,1.059102725772996,1.059102725772996,1.8837211221086876,8,8,1.0,1.0527000948367597,1.5219450024593777,0.7071067811865477,0.7071067811865476,-0.5,0.5,0.17505253851413727,-1.3362908363342285,simulator_service,service_success,True,,0.0093,0.0,service_success,0.0,False,False
-37.600365,58,8196.386473,False,5.497353467219504,False,True,0.4592420146616705,unsafe_low_altitude,True,0.9440780119003546,0.0,2.5621524652206378,6.931532941640158,2.5621524652206378,0.4592420146616705,58,58,1.0,1.0700911855279354,1.793711581496792,0.6195645087502918,0.7071067811865476,-0.5,-0.5,-0.5,1.5707963705062866,simulator_service,service_success,True,,0.0079,0.0004,service_success,0.0,False,False
-18.975933,30,8217.663782,False,2.123939988871779,True,False,2.6774046572459,out_of_bounds,True,0.4451115977401278,0.0,2.1629189654723104,3.5281770307371096,2.1629189654723104,0.6973692737105098,30,30,1.0,1.2858050522347455,1.7298742127662448,0.5580670432745781,0.7071067811865476,0.41020724177360535,-0.5,-0.5,0.5704110264778137,simulator_service,service_success,True,,0.0092,0.0,service_success,0.0,False,False
-50.53764,95,8252.595072,False,3.5796089160527305,True,False,2.670132870123365,out_of_bounds,True,0.2593387491767545,0.0,2.1976654123264083,12.603742785212,2.4538555633307952,0.9698618342789533,95,95,1.0,1.4126645067964256,1.793711581496792,0.659225633823335,0.7071067811865476,-0.5,0.0639161542057991,0.5,1.2520684003829956,simulator_service,service_success,True,,0.0081,0.0001,service_success,0.0,False,False
-37.555214,88,8289.067121,False,3.44705204853131,False,True,0.4750330655130271,unsafe_low_altitude,True,0.6344031071855463,0.0,1.8828650249222596,9.91110418439654,1.8828650249222596,0.4750330655130271,88,88,1.0,1.0719506083300496,1.6608380208962548,0.5627342955070525,0.7071067811865476,0.4761722683906555,-0.5,-0.5,-1.3562361001968384,simulator_service,service_success,True,,0.0078,0.0,service_success,0.0,False,False
-17.227398,8,8306.070808,False,2.36964690262774,True,False,2.660467520451961,out_of_bounds,True,0.04332193570720465,0.0,1.0757709110435485,1.0757709110435485,1.0757709110435485,2.0255089758357974,8,8,1.0,1.793711581496792,1.793711581496792,0.7071067811865477,0.7071067811865476,-0.5,0.5,0.5,-1.5707963705062866,simulator_service,service_success,True,,0.0092,0.0,service_success,0.0,False,False
-26.049244,73,8336.61246,False,0.9087374005802512,True,False,0.14940177405038424,out_of_bounds,True,0.3524182662327699,0.0,3.571364339362367,8.96218730879803,3.571364339362367,0.14940177405038424,73,73,1.0,0.8553923757806211,1.3813029396193437,0.5945400504532585,0.7071067811865476,-0.40201425552368164,0.1857936531305313,0.0168245118111372,-1.3082736730575562,simulator_service,service_success,True,,0.0078,0.0,service_success,0.0,False,False
-20.502651,15,8355.116219,False,3.7983603439496663,True,False,2.540456309959855,out_of_bounds,True,0.8179271380389723,0.0,1.6125522142809265,1.7460548740326494,1.6125522142809265,1.5649149876479806,15,15,1.0,1.6983839323388596,1.7477924292807974,0.5521340464858103,0.7071067811865476,0.29559624195098877,-0.5,0.5,-1.5707963705062866,simulator_service,service_success,True,,0.0078,0.0001,service_success,0.0,False,False
-40.52926,66,8384.156346,False,3.4607180211063464,True,False,2.540311196749465,out_of_bounds,True,0.9711225056045545,0.0,1.177612430087592,8.182519420440135,1.5398674975223516,1.005373473964151,66,66,1.0,1.5299045116686116,1.793711581496792,0.6452117483806473,0.7071067811865476,-0.5,-0.2,0.5,-1.5707963705062866,simulator_service,service_success,True,,0.0078,0.0001,service_success,0.0,False,True
-28.684364,37,8410.309055,False,3.5408724638922147,False,True,0.4180116334071145,unsafe_low_altitude,True,0.3549800747699634,0.0,1.9828079074896403,4.762491577567271,1.9828079074896403,0.4180116334071145,37,37,1.0,1.2880397676949698,1.5359152386582715,0.6480237281761618,0.7071067811865476,-0.5,-0.5,-0.5,0.9420527219772339,simulator_service,service_success,True,,0.0078,0.0002,service_success,0.0,False,False
-17.347885,8,8430.511888,False,2.9877875518551886,False,True,0.484053689734415,unsafe_low_altitude,True,0.8876922103097863,0.0,0.811039063342982,0.811039063342982,0.811039063342982,0.484053689734415,8,8,1.0,1.7432811154020698,1.793711581496792,0.7071067811865477,0.7071067811865476,0.5,0.5,-0.5,-1.5707963705062866,simulator_service,service_success,True,,0.0089,0.0,service_success,0.0,False,False
-28.301529,43,8455.223071,False,4.626170012468669,True,False,0.2647854531589819,out_of_bounds,True,0.6215508313451852,0.0,1.646941299398849,4.978362728755725,1.646941299398849,0.2647854531589819,43,43,1.0,0.9486228882677737,1.7227223003805208,0.621546834415503,0.7071067811865476,0.5,-0.3097514510154724,0.18929852545261383,-1.5707963705062866,simulator_service,service_success,True,,0.009,0.0,service_success,0.0,False,False
-20.976896,15,8473.998371,False,2.9565812082578242,True,False,2.540245300570811,out_of_bounds,True,0.7587059351937153,0.0,1.4382890305264473,1.5927264755663617,1.4382890305264473,1.5824936263028726,15,15,1.0,1.540782519770916,1.7837691526627273,0.452554475200355,0.7071067811865476,0.5,0.5,0.5,-0.466484397649765,simulator_service,service_success,True,,0.0077,0.0,service_success,0.0,False,False
-18.03898,8,8494.328408,False,4.66822779152646,False,True,0.4179679040667072,unsafe_low_altitude,True,0.186396916516631,0.0,1.1015299795758045,1.1015299795758045,1.1015299795758045,0.4179679040667072,8,8,1.0,1.1367098767476114,1.14566226352244,0.7071067811865477,0.7071067811865476,-0.5,0.5,-0.5,0.6352705955505371,simulator_service,service_success,True,,0.0076,0.0002,service_success,0.0,False,False
-49.882103,66,8523.837892,False,5.216863767915539,True,False,0.28760801893332555,out_of_bounds,True,0.9863520459665669,0.0,1.9360656896895994,7.610238011160608,2.642066897561967,0.28760801893332555,66,66,1.0,1.4024502260816618,1.793711581496792,0.6707158665589401,0.7071067811865476,-0.03494006395339966,-0.4062784016132355,-0.5,-0.8327640891075134,simulator_service,service_success,True,,0.0092,0.0,service_success,0.0,False,False
-36.712433,52,8550.447322,False,4.2390072931189,True,False,2.708720831092623,out_of_bounds,True,0.9916307748538377,0.0,2.093848194733995,5.762559265819126,2.093848194733995,0.56337707685735,52,52,1.0,1.1438832500302736,1.5335784534485646,0.5643586392274548,0.7071067811865476,0.3309897780418396,-0.5,0.5,-1.0827966928482056,simulator_service,service_success,True,,0.0076,0.0001,service_success,0.0,False,False
-18.41234,8,8571.043031,False,4.896206283435756,False,True,0.4135121448914986,unsafe_low_altitude,True,0.07081907746836855,0.0,0.9549594278009358,0.9549594278009358,0.9549594278009358,0.4135121448914986,8,8,1.0,1.2494166564588975,1.2844440394976044,0.7065445621406852,0.7071067811865476,-0.5,-0.5,-0.5,0.948576033115387,simulator_service,service_success,True,,0.0076,0.0,service_success,0.0,False,False
-49.305958,76,8604.155381,False,2.4289900353717258,True,False,2.6728995047237567,out_of_bounds,True,0.2327802631489212,0.0,2.757394638955341,9.247722501687043,2.757394638955341,0.6325764509388223,76,76,1.0,1.2094103929338054,1.793711581496792,0.6591787291606778,0.7071067811865476,-0.5,0.5,0.5,-1.475024700164795,simulator_service,service_success,True,,0.0089,0.0,service_success,0.0,False,False
-69.56548,99,8640.535456,False,4.118003454672046,True,False,2.7852912748084693,out_of_bounds,True,0.028528981809889647,0.0,3.1394542754341153,13.423155914418441,3.757283294360694,0.6607420534850837,99,99,1.0,1.3444960957522896,1.793711581496792,0.6016299240396317,0.7071067811865476,0.5,-0.5,0.5,0.37493205070495605,simulator_service,service_success,True,,0.0054,0.0001,service_success,0.0,False,False
-82.845245,130,8683.36112,False,6.246014886930621,True,False,2.7010431350964463,out_of_bounds,True,0.7623239497110037,0.0,3.2086008532731918,15.074687845856523,3.2086008532731918,0.6089090895922993,130,130,1.0,1.2512855798927411,1.793711581496792,0.59838835280693,0.7071067811865476,-0.5,-0.5,0.5,1.5707963705062866,simulator_service,service_success,True,,0.0075,0.0,service_success,0.0,False,False
-16.417671,16,8702.716916,False,1.2019127014863435,True,False,0.11502174776020122,out_of_bounds,True,0.7294774231977363,0.0,2.108300034395496,2.133125504080895,2.108300034395496,0.11502174776020122,16,16,1.0,1.1553153763020347,1.4192566330880432,0.5199983740843062,0.5301995454143266,0.5,-0.17638468742370605,-0.5,-0.5132604241371155,simulator_service,service_success,True,,0.0074,0.0001,service_success,0.0,False,False
-18.310415,16,8726.432453,False,2.300719412195289,True,False,0.2925175140305652,out_of_bounds,True,0.26300934737480575,0.0,1.5726012553615083,1.981394988873047,1.5726012553615083,0.2925175140305652,16,16,1.0,1.0664217934410445,1.0768269009717746,0.6150091152864119,0.7071067811865476,0.5,0.5,-0.5,-0.6042940020561218,simulator_service,service_success,True,,0.0074,0.0,service_success,0.0,False,False
-41.962242,48,8752.65057,False,4.506943298662815,True,False,0.29281057930160925,out_of_bounds,True,0.23445291915482452,0.0,2.097446783999227,7.083060639316308,2.3627142169585333,0.29281057930160925,48,48,1.0,1.5090319125819258,1.793711581496792,0.6552861828809614,0.7071067811865476,0.5,0.5,-0.5,1.5707963705062866,simulator_service,service_success,True,,0.0074,0.0,service_success,0.0,False,False
-17.753134,16,8772.179865,False,2.5916048162012575,True,False,0.07412589649732382,out_of_bounds,True,0.3209560376474552,0.0,2.2256011383107666,2.3046515142091626,2.2256011383107666,0.07412589649732382,16,16,1.0,1.109652959897522,1.1352260009986668,0.5877405021158935,0.6731517638792354,-0.04831837862730026,0.5,-0.5,0.8203015327453613,simulator_service,service_success,True,,0.0073,0.0001,service_success,0.0,False,False
-16.669586,16,8791.680695,False,1.2089192247007514,True,False,2.7609183631909056,out_of_bounds,True,0.43664070388352455,0.0,2.1282015709652344,2.1735874769511176,2.1282015709652344,1.7842535784634632,16,16,1.0,1.153898153505156,1.4975724816830138,0.6409276374996479,0.7071067811865476,0.28343576192855835,-0.5,0.5,-0.275910884141922,simulator_service,service_success,True,,0.0073,0.0,service_success,0.0,False,False
-69.00785,117,8836.473181,False,4.051580821499294,True,False,0.22164244064225855,out_of_bounds,True,0.9134452043904778,0.0,2.239972662953514,12.92066215093644,2.863898650376126,0.22164244064225855,117,117,1.0,0.9717552022362904,1.7341860446894743,0.6064566942520062,0.7071067811865476,-0.5,-0.2,-0.5,0.08381758630275726,simulator_service,service_success,True,,0.0074,0.0,service_success,0.0,False,True
-62.48085,80,8873.681174,False,4.600094385430629,True,False,0.011703742755028194,out_of_bounds,True,0.01684365727119825,0.0,2.5080281733290613,8.453124292681718,2.5080281733290613,0.011703742755028194,80,80,1.0,1.2989006251024626,1.793711581496792,0.6530481373021493,0.7071067811865476,0.5,0.5,-0.5,1.1259907484054565,simulator_service,service_success,True,,0.0073,0.0,service_success,0.0,False,False
-31.202559,34,8897.101361,False,4.469484108897594,True,False,2.866868586768504,out_of_bounds,True,0.8039811011583734,0.0,1.404044233144897,4.617058461309294,1.8507938711511174,0.9355892403931573,34,34,1.0,1.1744137700810573,1.7905014965350823,0.6628796150940182,0.7071067811865476,-0.5,-0.5,0.5,0.7486802935600281,simulator_service,service_success,True,,0.0077,0.0004,service_success,0.0,False,False
-32.63469,31,8924.308108,False,5.061241673413727,True,False,2.5031866996858407,out_of_bounds,True,0.34871834904233984,0.0,1.4991170286987565,3.679784043509457,1.580901511254594,0.6369956271993525,31,31,1.0,1.7147691684431328,1.793711581496792,0.6161342988041812,0.7071067811865476,0.14872190356254578,-0.5,0.5,1.5707963705062866,simulator_service,service_success,True,,0.0074,0.0,service_success,0.0,False,False
-25.907497,65,8958.711072,False,2.296224052806972,True,False,2.8499285830262733,out_of_bounds,True,0.04103475620413506,0.0,2.269766835274296,7.940744587535244,3.442808251117914,1.0991812701184893,65,65,1.0,1.1856552436854493,1.694913665451094,0.6360351831171044,0.7071067811865476,-0.5,0.5,0.37643706798553467,1.309454083442688,simulator_service,service_success,True,,0.0074,0.0,service_success,0.0,False,False
-21.76082,49,8993.036981,False,1.6755382225001347,False,True,0.3983729275044662,unsafe_low_altitude,True,0.45492799668058215,0.0,2.3079679391690733,6.1703573496527575,2.3079679391690733,0.3983729275044662,49,49,1.0,1.1176999027788965,1.7515697062524131,0.6440285642623611,0.7071067811865476,-0.5,-0.5,-0.44916513562202454,-1.2572689056396484,simulator_service,service_success,True,,0.0073,0.0,service_success,0.0,False,False
-18.571178,11,9016.350274,False,3.811722643491359,True,False,0.2679042938481374,out_of_bounds,True,0.6905211991532406,0.0,1.2254561598018199,1.2316816989870065,1.2254561598018199,0.2679042938481374,11,11,1.0,1.4883651875212187,1.793711581496792,0.5570852751312078,0.7071067811865476,0.5,0.5,0.5,-1.5707963705062866,simulator_service,service_success,True,,0.0085,0.0,service_success,0.0,False,False
-51.881535,73,9052.75075,False,4.452654332398933,True,False,2.514341213831279,out_of_bounds,True,0.8758843457048562,0.0,5.571978650577191,9.169198385100529,5.981856487948966,0.9918358958509976,73,73,1.0,1.331909033025779,1.793711581496792,0.685074349186448,0.7071067811865476,-0.5,0.5,-0.5,1.5707963705062866,simulator_service,service_success,True,,0.0072,0.0001,service_success,0.0,False,False
-21.302532,43,9082.77313,False,2.1429436545650833,True,False,2.8832431248420405,out_of_bounds,True,0.6600579334460143,0.0,2.1464534336205174,3.9770686612572224,2.1464534336205174,1.2441687706869906,43,43,1.0,1.0442393777360055,1.7335206956717069,0.5566787252344017,0.7071067811865476,-0.19061745703220367,-0.14105553925037384,0.5,-0.3923202455043793,simulator_service,service_success,True,,0.0071,0.0,service_success,0.0,False,False
-59.066113,91,9122.871702,False,2.987149388091561,True,False,2.673729151085557,out_of_bounds,True,0.5985954593229523,0.0,1.7101534256155775,13.11755796292452,2.152583279411053,0.7795919544954164,91,91,1.0,1.308923455035736,1.793711581496792,0.6625585366290039,0.7071067811865476,0.07023519277572632,0.5,-0.25925686955451965,1.0934557914733887,simulator_service,service_success,True,,0.0071,0.0,service_success,0.0,False,False
-39.342514,52,9155.107519,False,5.4328845941697965,True,False,2.7833804993670737,out_of_bounds,True,0.8096205097141809,0.0,1.6241339059516318,5.559369805726085,1.6241339059516318,1.7360294526034756,52,52,1.0,1.4132203184428322,1.793711581496792,0.6364278492494777,0.7071067811865476,-0.5,-0.5,0.5,1.4053785800933838,simulator_service,service_success,True,,0.0071,0.0002,service_success,0.0,False,False
-48.039257,69,9190.923494,False,4.8954281193997256,True,False,2.523915925425824,out_of_bounds,True,0.9508707916858253,0.0,1.2936092878418552,10.261370488509293,2.863170794034545,0.5575591591794664,69,69,1.0,1.2694871818454592,1.793711581496792,0.7007123888092158,0.7071067811865476,-0.5,0.5,0.5,1.174289345741272,simulator_service,service_success,True,,0.0071,0.0,service_success,0.0,False,False
-36.370617,85,9230.145547,False,1.9392235363865462,True,False,2.7238694139442474,out_of_bounds,True,0.1095048623423075,0.0,1.6749143833692983,9.049409350408387,3.2889139780801377,0.7254200377507299,85,85,1.0,1.2054279203243046,1.7898574383085648,0.6030206056639793,0.7071067811865476,-0.23646587133407593,-0.5,0.3505602478981018,0.720422625541687,simulator_service,service_success,True,,0.0069,0.0,service_success,0.0,False,False
-73.14932,143,9281.454413,False,4.205397871367548,True,False,2.998447524823198,out_of_bounds,True,0.6273125342227553,0.0,2.3283523709746325,14.21261648071895,3.5300167098341784,0.5072747845900657,143,143,1.0,1.182569879807183,1.793711581496792,0.5411105060591264,0.7071067811865476,-0.5,0.12112896144390106,0.5,-1.5707963705062866,simulator_service,service_success,True,,0.0069,0.0,service_success,0.0,False,False
-17.911453,11,9305.57105,False,2.30117236045791,True,False,0.22986448407694665,out_of_bounds,True,0.9715841205205478,0.0,1.4156286332998944,1.59843419897065,1.4156286332998944,0.22986448407694665,11,11,1.0,1.0650106937769466,1.793711581496792,0.7071067811865478,0.7071067811865476,0.5,0.5,-0.5,1.5707963705062866,simulator_service,service_success,True,,0.0067,0.0,service_success,0.0,False,False
-21.52692,12,9329.788019,False,5.70269339775524,True,False,0.11927664017950104,out_of_bounds,True,0.1905187030678371,0.0,1.244885156621343,1.2789830729830305,1.244885156621343,0.11927664017950104,12,12,1.0,1.7689096996489981,1.793711581496792,0.6383826563471454,0.7071067811865476,-0.27296674251556396,-0.5,-0.5,1.5707963705062866,simulator_service,service_success,True,,0.0069,0.0,service_success,0.0,False,False
-16.357544,11,9354.107654,False,1.6117739387088306,True,False,0.0,out_of_bounds,True,0.21659785786199404,0.0,1.126494614814388,1.1707795956385572,1.126494614814388,0.0,11,11,1.0,1.4358037707050508,1.679620537390845,0.37460582158308314,0.5574651031677008,0.5,0.2465103268623352,0.5,0.18840226531028748,simulator_service,service_success,True,,0.0069,0.0001,service_success,0.0,False,False
-36.69068,127,9402.315421,False,2.012269589898001,True,False,0.8664035716165229,out_of_bounds,True,0.12881682666723956,0.0,3.476661782037915,12.601282662751103,3.476661782037915,0.5945662837340053,127,127,1.0,1.1291979377284138,1.793055213538004,0.5817495063139941,0.7071067811865476,0.3978450298309326,0.322013795375824,0.2599496841430664,0.13548003137111664,simulator_service,service_success,True,,0.0067,0.0,service_success,0.0,False,False
-19.897888,12,9430.200365,False,4.753728887999314,False,True,0.3905668734624048,unsafe_low_altitude,True,0.7395179521372681,0.0,1.6532651927406425,0.3163821031562107,0.3163821031562107,1.2798455717369384,11,11,1.0,1.5610485651308716,1.793711581496792,0.7071067811865478,0.7071067811865476,0.5,-0.5,-0.5,0.3670891225337982,simulator_service,service_success,True,,0.0069,0.0,service_success,0.0,False,False
-20.951654,12,9454.742957,False,5.154858038894806,True,False,0.03327352991984017,out_of_bounds,True,0.5864992702609982,0.0,1.293669701936384,1.3849007760416172,1.293669701936384,0.03327352991984017,12,12,1.0,1.447563292671746,1.585911726819437,0.5908606981677789,0.7071067811865476,0.5,-0.18387335538864136,-0.5,1.176475167274475,simulator_service,service_success,True,,0.0084,0.0,service_success,0.0,False,False
-17.397678,12,9479.651062,False,1.9973434469400553,True,False,2.5293196972169665,out_of_bounds,True,0.5388805508847494,0.0,1.181365205851068,1.1848664343007995,1.181365205851068,1.602565647003281,12,12,1.0,1.0943068315523146,1.4689150454633244,0.630006958787915,0.7071067811865476,0.5,0.5,0.23743517696857452,-1.2654390335083008,simulator_service,service_success,True,,0.0074,0.0012,service_success,0.0,False,False
8.429657,45,9522.364061,True,0.3878887062355162,False,False,2.1519924359378013,success,True,0.48370728969752175,4.837072896975218,2.1345124575721943,4.596921576542843,2.1345124575721943,1.1895632154157851,45,45,1.0,1.1686335283388158,1.774803094252433,0.5134562423899527,0.7071067811865476,-0.05182927846908569,0.5,-0.5,-1.052541971206665,simulator_service,service_success,True,,0.0066,0.0,service_success,0.0,False,False
-66.92143,157,9577.375216,False,3.934770804755197,True,False,2.8494681176922882,out_of_bounds,True,0.4998584437641332,0.0,2.6199938280896315,17.849444677591485,3.111377793479502,0.6628075039005314,157,157,1.0,1.24671410569251,1.793711581496792,0.6097080600548692,0.7071067811865476,-0.47587475180625916,0.5,0.5,1.5707963705062866,velocity,post_controller_hold,False,,0.1793,2.0019,not_attempted,0.0,False,False
-41.34644,90,9618.600632,False,1.7712732298491662,True,False,0.17479410263041142,out_of_bounds,True,0.03630963319255698,0.0,3.052751005196758,11.042571483545473,3.052751005196758,0.17479410263041142,90,90,1.0,1.1513809570086202,1.793711581496792,0.6246519341133178,0.7071067811865476,0.2561177909374237,-0.5,-0.5,-1.5707963705062866,simulator_service,service_success,True,,0.0068,0.0,service_success,0.0,False,False
-27.837189,21,9647.428959,False,7.06997932645875,True,False,1.9653334111665535,out_of_bounds,True,0.7240449311850369,0.0,2.4309098999728045,2.547601320302549,2.4309098999728045,0.938271031272609,21,21,1.0,1.6131252418383124,1.793711581496792,0.6420712044143183,0.7071067811865476,0.5,0.5,-0.5,1.5707963705062866,simulator_service,service_success,True,,0.0066,0.0,service_success,0.0,False,False
-20.643291,12,9672.73903,False,4.52394036855463,True,False,0.17089302426706116,out_of_bounds,True,0.23912674631529027,0.0,1.9157802659644714,1.9175272269919814,1.9157802659644714,0.17089302426706116,12,12,1.0,1.6684195238035608,1.793711581496792,0.6991945715132616,0.7071067811865476,-0.5,-0.353185772895813,0.5,1.5707963705062866,simulator_service,service_success,True,,0.0046,0.0,service_success,0.0,False,False
-25.43914,20,9703.659215,False,5.678097525499294,False,True,0.40183220650083745,unsafe_low_altitude,True,0.36614558517675455,0.0,1.702307108852896,2.144316303092512,1.702307108852896,0.40183220650083745,20,20,1.0,1.5534875555360217,1.793711581496792,0.5208938153532585,0.7071067811865476,0.23552025854587555,-0.08931995928287506,-0.46949252486228943,1.4274711608886719,simulator_service,service_success,True,,0.0062,0.0001,service_success,0.0,False,False
-32.107918,65,9740.069801,False,1.959587461779871,True,False,0.0,out_of_bounds,True,0.2998842050945759,0.0,3.2067218056561617,8.114158165277779,3.2067218056561617,0.0,65,65,1.0,1.3296034380037187,1.793711581496792,0.6553528717932898,0.7071067811865476,0.5,0.5,-0.5,0.420846164226532,simulator_service,service_success,True,,0.0078,0.0,service_success,0.0,False,False
-18.98158,21,9767.587428,False,1.6032808848587266,True,False,0.2277991382442172,out_of_bounds,True,0.028643928858150196,0.0,2.31687264739796,2.905409369330477,2.31687264739796,0.2277991382442172,21,21,1.0,0.8199831737340973,1.1760812719308433,0.6335478299570773,0.7071067811865476,-0.5,0.5,-0.5,0.7957180142402649,simulator_service,service_success,True,,0.0073,0.0004,service_success,0.0,False,False
-31.877817,47,9800.497611,False,4.83344266531942,True,False,2.9970499542199573,out_of_bounds,True,0.9233949442445185,0.0,3.5308976946208346,5.454286910046694,3.5308976946208346,0.5197916659898597,47,47,1.0,1.3389161748325602,1.7235847053762487,0.6142424667209821,0.7071067811865476,0.5,0.5,0.5,1.150489091873169,simulator_service,service_success,True,,0.0066,0.0,service_success,0.0,False,False
-32.193954,39,9831.616761,False,3.879128288876082,True,False,2.111874382539385,out_of_bounds,True,0.6756503110799623,0.0,4.13589722864275,4.835775388435303,4.13589722864275,0.9963387119425187,39,39,1.0,1.6427074317114234,1.793711581496792,0.6952911301844602,0.7071067811865476,-0.2559816837310791,-0.5,-0.2,1.1542729139328003,simulator_service,service_success,True,,0.0064,0.0001,service_success,0.0,False,True
-67.310776,200,9908.357103,False,3.0137618111821323,False,False,0.7845600381806064,max_steps,True,0.09471528237156684,0.0,1.2600897820738115,24.23790695946189,2.948979296003675,0.5333438216585498,200,200,1.0,1.297397265450065,1.793711581496792,0.6301646564059812,0.7071067811865476,0.5,0.5,0.5,1.5707963705062866,simulator_service,service_success,True,,0.0065,0.0001,service_success,0.0,True,False
-31.152502,31,9938.224943,False,4.527597189937827,True,False,0.0,out_of_bounds,True,0.7435968024661381,0.0,1.6977115251972215,2.2380203263837046,1.6977115251972215,0.0,31,31,1.0,1.2981622523912835,1.793711581496792,0.5727628371271298,0.7071067811865476,-0.5,-0.07218433916568756,-0.5,1.5707963705062866,velocity,post_controller_hold,False,,0.2059,2.1188,not_attempted,0.0,False,False
-18.176935,13,9964.453453,False,2.0310547778746506,True,False,3.0994925228312598,out_of_bounds,True,0.6622792209725256,0.0,1.7299296183021282,1.7426936403372604,1.7299296183021282,1.9399490831506356,13,13,1.0,0.9922684376222638,1.17372947949578,0.6445159994251212,0.7071067811865476,0.5,0.29576393961906433,0.5,-0.8889120221138,simulator_service,service_success,True,,0.0067,0.0001,service_success,0.0,False,False
-31.054592,40,9996.280753,False,2.5765515513354593,True,False,2.6570756175798125,out_of_bounds,True,0.3642232915885566,0.0,2.3436009198498025,4.766981227931723,2.3436009198498025,0.7803306764297239,40,40,1.0,1.5356203627281855,1.793711581496792,0.5996413631045628,0.7071067811865476,0.5,-0.5,0.026827868074178696,-1.1988829374313354,simulator_service,service_success,True,,0.0063,0.0,service_success,0.0,False,False
-29.085045,83,10037.601207,False,2.847162891723814,True,False,0.04561429146520316,out_of_bounds,True,0.29345020265950716,0.0,3.338751866672786,9.606986370000284,3.338751866672786,0.04561429146520316,83,83,1.0,1.0773650392921756,1.793711581496792,0.5954105845237708,0.7071067811865476,-0.5,-0.04049539193511009,-0.5,0.7429341673851013,simulator_service,service_success,True,,0.0064,0.0001,service_success,0.0,False,False
-23.397947,41,10069.81275,False,1.9424112506528222,True,False,2.946129578375954,out_of_bounds,True,0.9462045274785303,0.0,3.5322320933788243,5.481093514442664,3.7734609043924823,0.5594279420783703,41,41,1.0,1.0717162410002459,1.7297258398931472,0.612779019468068,0.7071067811865476,-0.15668517351150513,-0.5,-0.5,-1.5707963705062866,simulator_service,service_success,True,,0.0062,0.0,service_success,0.0,False,False
-25.276066,22,10098.526523,False,3.59723839511405,True,False,2.5449900448276765,out_of_bounds,True,0.4099756525529328,0.0,2.3760883725742254,3.1746723149874625,2.3760883725742254,1.5854950101307406,22,22,1.0,1.4033483611443491,1.793711581496792,0.6776149004095986,0.7071067811865476,0.5,0.5,0.5,-0.36521780490875244,simulator_service,service_success,True,,0.0066,0.0002,service_success,0.0,False,False
-52.5163,133,10149.93639,False,1.489231352774338,True,False,2.8140845441546016,out_of_bounds,True,0.5736696264272307,0.0,1.7151742545669422,17.59597812423416,3.5028250203684284,0.5407135083503009,133,133,1.0,1.268795955300994,1.793711581496792,0.6429560953272523,0.7071067811865476,0.5,0.19583697617053986,-0.031773339956998825,0.29201751947402954,simulator_service,service_success,True,,0.0062,0.0,service_success,0.0,False,False
-17.757616,13,10176.855298,False,2.0818615262920734,True,False,2.9057717662222435,out_of_bounds,True,0.9576021675135516,0.0,1.2222879527986157,1.5281251555657192,1.2222879527986157,1.723965448178366,13,13,1.0,1.249072611834079,1.362795124905089,0.645774795117908,0.7071067811865476,0.5,-0.4143395721912384,0.5,0.6370537281036377,simulator_service,service_success,True,,0.0062,0.0,service_success,0.0,False,False
-31.664684,41,10209.462002,False,5.50245273681367,True,False,2.7232687697186813,out_of_bounds,True,0.5208884459678396,0.0,3.887158937836132,4.676700789789477,3.887158937836132,1.2293292848764112,41,41,1.0,1.340382929940892,1.793711581496792,0.5430750892479171,0.7071067811865476,-0.5,-0.5,-0.5,-0.23962846398353577,simulator_service,service_success,True,,0.0062,0.0,service_success,0.0,False,False
-26.342037,23,10238.378748,False,4.681246639660797,True,False,0.9779272669373504,out_of_bounds,True,0.1277528736123082,0.0,2.577812505427021,3.121612351502143,2.577812505427021,0.9779272669373504,23,23,1.0,1.0120223274418194,1.271143700404372,0.6304935802718987,0.7071067811865476,-0.11025411635637283,0.4561617374420166,0.5,1.0703115463256836,simulator_service,service_success,True,,0.0061,0.0,service_success,0.0,False,False
-34.57766,41,10271.300803,False,4.68512853547926,True,False,2.6576861431563445,out_of_bounds,True,0.0595201503564638,0.0,2.0611884834324856,4.401699126306067,2.0611884834324856,1.3900820907791622,41,41,1.0,1.2933944257789665,1.793711581496792,0.6388490148226658,0.7071067811865476,0.5,0.5,0.5,1.5707963705062866,simulator_service,service_success,True,,0.0058,0.0001,service_success,0.0,False,False
-32.769043,69,10309.892106,False,1.9325192660380415,True,False,2.6928897007278767,out_of_bounds,True,0.8108071160370817,0.0,2.6851330360821475,7.0001404869013495,2.6851330360821475,1.043406396898451,69,69,1.0,0.9626971405878565,1.6003760253912418,0.5589929037924092,0.7071067811865476,-0.5,-0.5,0.5,-0.20844674110412598,simulator_service,service_success,True,,0.0059,0.0001,service_success,0.0,False,False
-22.037191,14,10339.31876,False,5.238792555780298,True,False,2.732390367614397,out_of_bounds,True,0.1855796466440582,0.0,1.8785706893832956,1.8890605040972823,1.8785706893832956,1.5041720328676205,14,14,1.0,1.0528590035019836,1.6434707398393567,0.7013822950494085,0.7071067811865476,0.47706300020217896,-0.5,0.5,0.8221840262413025,simulator_service,service_success,True,,0.0061,0.0,service_success,0.0,False,False
-64.85184,179,10401.139133,False,2.3096901321970957,True,False,2.5372139085922574,out_of_bounds,True,0.3944874811247046,0.0,6.602628364760382,19.70707740491658,6.602628364760382,0.5639133503220469,179,179,1.0,1.213057519142472,1.793711581496792,0.6166125938894798,0.7071067811865476,-0.5,-0.12339523434638977,0.5,-0.15261594951152802,simulator_service,service_success,True,,0.0041,0.0,service_success,0.0,False,False
-22.141766,23,10434.662724,False,3.7616134739640943,False,True,0.46612662958006357,unsafe_low_altitude,True,0.043193853073500446,0.0,1.4624729930103657,1.863582854987734,1.4624729930103657,0.46612662958006357,23,23,1.0,1.3500047470699028,1.793711581496792,0.6600317068040564,0.7071067811865476,0.5,0.5,-0.5,-1.5707963705062866,simulator_service,service_success,True,,0.006,0.0,service_success,0.0,False,False
-18.418592,14,10462.45801,False,2.164088907045087,True,False,2.877166069361694,out_of_bounds,True,0.7789815880455931,0.0,1.3638860964764015,1.3806047512619564,1.3638860964764015,1.82629868051206,14,14,1.0,0.8580034235357964,1.074636542469932,0.6169604581307218,0.7071067811865476,-0.19236770272254944,-0.45511868596076965,0.22935429215431213,-0.4564681649208069,simulator_service,service_success,True,,0.0071,0.0,service_success,0.0,False,False
-49.26189,90,10510.192538,False,3.176205591240948,False,True,0.3039390995557194,unsafe_low_altitude,True,0.979361333879377,0.0,1.6858305793524335,10.740837577088625,2.6853362502504563,0.3039390995557194,90,90,1.0,1.5364431333100335,1.793711581496792,0.6399107638662543,0.7071067811865476,0.18235823512077332,0.5,-0.3379553556442261,-0.3165217638015747,simulator_service,service_success,True,,0.0059,0.0,service_success,0.0,False,False
-25.053246,24,10540.203272,False,4.514719423922615,True,False,3.034979601915713,out_of_bounds,True,0.421170184325038,0.0,1.6820063146562287,2.4449247869290667,1.6820063146562287,1.9231277696578377,24,24,1.0,1.6099599090822154,1.793711581496792,0.648688725412997,0.7071067811865476,-0.5,0.374641478061676,0.5,1.0755239725112915,simulator_service,service_success,True,,0.0071,0.0,service_success,0.0,False,False
-23.489109,34,10574.430155,False,3.849998324941287,True,False,3.1374617950599193,out_of_bounds,True,0.9187725389572258,0.0,1.8124699274381897,3.4619602902325624,1.8124699274381897,1.4345639378006816,34,34,1.0,1.080450885705024,1.732587009681,0.6156729144849473,0.7071067811865476,-0.1856246441602707,0.5,0.5,1.5707963705062866,simulator_service,service_success,True,,0.0058,0.0,service_success,0.0,False,False
-20.76279,14,10606.540865,False,4.568179841512002,False,True,0.444735674727775,unsafe_low_altitude,True,0.503885058705421,0.0,1.7709835825103322,1.8055703364729183,1.7709835825103322,0.444735674727775,14,14,1.0,1.7379915481885895,1.793711581496792,0.5947038926910974,0.7071067811865476,0.4204307496547699,-0.2363307923078537,-0.3605855703353882,-1.5707963705062866,simulator_service,service_success,True,,0.0039,0.0002,service_success,0.0,False,False
-25.35441,53,10642.857157,False,2.0063281849701378,True,False,0.0,out_of_bounds,True,0.6739482988031257,0.0,0.9957039093195047,6.030255635931724,1.584546220152301,0.0,53,53,1.0,1.4635541837875108,1.793711581496792,0.6866683200135298,0.7071067811865476,0.5,-0.5,-0.2090727984905243,0.09914160519838333,simulator_service,service_success,True,,0.0068,0.0,service_success,0.0,False,False
-34.168518,92,10687.153249,False,2.088715893163163,True,False,0.05405546011595948,out_of_bounds,True,0.6117414376359174,0.0,2.364192581192662,10.460524268376739,3.3103779251666063,0.05405546011595948,92,92,1.0,1.1721811686844712,1.793711581496792,0.6351132127497526,0.7071067811865476,0.5,-0.08581317216157913,-0.5,0.09884042292833328,simulator_service,service_success,True,,0.0059,0.0002,service_success,0.0,False,False
-46.51709,63,10725.577094,False,5.8302017877098,True,False,0.1338882110208688,out_of_bounds,True,0.5026735589293507,0.0,2.9223054541020805,6.127338344361411,2.9223054541020805,0.1338882110208688,63,63,1.0,1.3196465730144218,1.793711581496792,0.6647652826454308,0.7071067811865476,0.5,0.5,-0.5,1.5707963705062866,simulator_service,service_success,True,,0.0064,0.0004,service_success,0.0,False,False
-21.608253,14,10754.201609,False,3.645310402088982,True,False,2.6125870900180965,out_of_bounds,True,0.740868672315249,0.0,1.8195174975508213,1.8716750478098008,1.8195174975508213,1.2923357443456012,14,14,1.0,1.539833210918418,1.793711581496792,0.6221717307029294,0.7071067811865476,-0.5,-0.33041366934776306,0.5,-0.821185290813446,simulator_service,service_success,True,,0.0058,0.0,service_success,0.0,False,False
-30.233688,44,10790.793061,False,4.596841576224746,True,False,2.7984841681491774,out_of_bounds,True,0.5829775450046896,0.0,4.01052808505954,5.682605864690821,4.01052808505954,0.7736477138858828,44,44,1.0,1.1431385481152683,1.7406718005364268,0.6759618224148366,0.7071067811865476,0.5,0.2006467878818512,0.5,0.7535717487335205,simulator_service,service_success,True,,0.0057,0.0,service_success,0.0,False,False
-34.00405,54,10831.793237,False,2.2449689594585265,False,True,0.3373620072011384,unsafe_low_altitude,True,0.9252400311726572,0.0,2.92518933036523,6.194522800377974,2.92518933036523,0.3373620072011384,54,54,1.0,1.5511031255580772,1.793711581496792,0.6374045633617529,0.7071067811865476,0.5,0.5,-0.5,-1.5707963705062866,simulator_service,service_success,True,,0.0038,0.0,service_success,0.0,False,False
-24.708733,53,10868.642563,False,1.4558222477426164,True,False,3.160751379957335,out_of_bounds,True,0.4001913168505121,0.0,2.116616333039918,5.738266553200076,2.116616333039918,1.3963262128233926,53,53,1.0,0.8914844288336813,1.1174299763447813,0.6387375898660809,0.7071067811865476,0.424945205450058,0.49154382944107056,0.5,-0.018360301852226257,simulator_service,service_success,True,,0.0067,0.0,service_success,0.0,False,False
-26.195793,34,10903.756309,False,3.081984830833372,True,False,0.0,out_of_bounds,True,0.6588548705765561,0.0,1.9224840137666401,4.335380672036241,1.9224840137666401,0.0,34,34,1.0,1.2447164206789365,1.793711581496792,0.6486369383182624,0.7071067811865476,0.5,-0.5,-0.5,1.5707963705062866,simulator_service,service_success,True,,0.0056,0.0,service_success,0.0,False,False
-27.524368,34,10936.867187,False,4.025819638025649,True,False,2.819196196923523,out_of_bounds,True,0.9679396698080832,0.0,3.2457889895974805,3.82602428947553,3.2457889895974805,1.5528993190793743,34,34,1.0,1.1941600890336455,1.7080645055678993,0.6410455840158589,0.7071067811865476,0.5,0.5,0.5,0.019884996116161346,simulator_service,service_success,True,,0.0038,0.0002,service_success,0.0,False,False
-21.661947,15,10968.291815,False,3.735290725441703,True,False,0.0,out_of_bounds,True,0.8545517668721354,0.0,1.8268263759338619,1.836480144308139,1.8268263759338619,0.0,15,15,1.0,1.1001862703360321,1.1905001473623213,0.623608867731015,0.7071067811865476,-0.17022615671157837,0.5,-0.5,-0.9425039291381836,simulator_service,service_success,True,,0.0055,0.0,service_success,0.0,False,False
-17.603235,15,10992.426055,False,2.1962059711488138,True,False,0.21760790298781693,out_of_bounds,True,0.23346411280080373,0.0,1.7667698929384832,1.819916408049695,1.7667698929384832,0.21760790298781693,15,15,1.0,1.2504238585951684,1.4299430501613801,0.6009256234744879,0.7071067811865476,-0.5,-0.425089955329895,-0.5,0.8930800557136536,simulator_service,service_success,True,,0.0037,0.0,service_success,0.0,False,False
-19.480267,21,11022.668074,False,2.6103808359477787,True,False,2.5862632424507392,out_of_bounds,True,0.3033989316729084,0.0,1.8341549566467916,1.9863633523166742,1.8341549566467916,1.3216345344468632,21,21,1.0,1.402729943259531,1.7383272340816671,0.47442041596373086,0.7071067811865476,-0.5,0.5,-0.5,0.23693318665027618,simulator_service,service_success,True,,0.0036,0.0,service_success,0.0,False,False
-20.463394,24,11053.726864,False,2.6403555729358645,True,False,2.5976832132936605,out_of_bounds,True,0.2686408736383476,0.0,1.2908018333157496,2.7738684503770266,1.3614698681735347,1.323090900684288,24,24,1.0,1.1795781611499816,1.3786540588635943,0.5197010326503888,0.7071067811865476,0.016117379069328308,0.0432632714509964,-0.5,0.5025671720504761,simulator_service,service_success,True,,0.0054,0.0,service_success,0.0,False,False
-29.98156,56,11098.04457,False,1.6692032720199466,False,True,0.43472011699233326,unsafe_low_altitude,True,0.04052937626882495,0.0,3.6994552721031906,7.708933799640878,4.848020955207105,0.43472011699233326,56,56,1.0,1.3437994062107446,1.793711581496792,0.658448620499829,0.7071067811865476,0.23000594973564148,-0.5,-0.5,-0.9303375482559204,simulator_service,service_success,True,,0.0059,0.0,service_success,0.0,False,False
-21.417603,15,11124.615326,False,3.190215131216392,False,True,0.38474024248406896,unsafe_low_altitude,True,0.6670408781251923,0.0,1.5992467849600465,1.8682516589094542,1.5992467849600465,0.38474024248406896,15,15,1.0,1.4853448538141774,1.745027039119524,0.6085221296243922,0.7071067811865476,-0.5,0.07950887084007263,-0.04461884871125221,-0.4547486901283264,simulator_service,service_success,True,,0.0042,0.0,service_success,0.0,False,False
-21.093351,21,11157.569021,False,2.8051314530951634,True,False,2.58447358375437,out_of_bounds,True,0.8737341811539041,0.0,1.2821186560827076,2.4416334793731433,1.2821186560827076,1.5241278387704975,21,21,1.0,0.9383576806918728,1.1547196446745545,0.6402835932556619,0.7071067811865476,0.5,-0.5,0.5,0.7637915015220642,simulator_service,service_success,True,,0.0064,0.0,service_success,0.0,False,False
-61.266224,147,11214.67009,False,3.148337532314633,True,False,2.9517776444129895,out_of_bounds,True,0.24458838828078588,0.0,2.678665778917927,16.415885155402787,3.324675068814345,0.6153273320054453,147,147,1.0,1.3260239299096943,1.793711581496792,0.6492241914890143,0.7071067811865476,0.5,0.3173307180404663,-0.5,-1.104609489440918,simulator_service,service_success,True,,0.0035,0.0,service_success,0.0,False,False
-29.916138,46,11253.069209,False,3.086964709002973,True,False,0.13610656905478424,out_of_bounds,True,0.5749999167973063,0.0,3.0113984780476746,5.929288903898088,3.0113984780476746,0.13610656905478424,46,46,1.0,1.016088243898637,1.5065434921532868,0.650708227011071,0.7071067811865476,-0.5,-0.5,-0.5,-0.571994423866272,simulator_service,service_success,True,,0.0054,0.0,service_success,0.0,False,False
-24.233109,56,11284.131426,False,3.0146001515219325,True,False,0.0,out_of_bounds,True,0.054479205507725156,0.0,4.000504433977502,5.473687377481552,4.000504433977502,0.0,56,56,1.0,1.0796522708831324,1.7871946447984786,0.5900807890654054,0.7071067811865476,-0.4694821834564209,-0.5,-0.5,0.8946994543075562,simulator_service,service_success,True,,0.0035,0.0,service_success,0.0,False,False
-25.482378,72,11325.912142,False,1.6764926692637563,True,False,2.737201911750523,out_of_bounds,True,0.07969640371670957,0.0,2.1960455697019636,6.866208022156077,2.897733756836375,1.2898625663349716,72,72,1.0,1.3428847812292983,1.7554452852750846,0.6139105241088372,0.7071067811865476,0.5,-0.06595615297555923,0.5,0.665414035320282,simulator_service,service_success,True,,0.0054,0.0,service_success,0.0,False,False
-16.717579,15,11348.691936,False,1.785135688571136,True,False,0.13401341603969782,out_of_bounds,True,0.868152754547344,0.0,1.7477874643418518,1.7518511383558717,1.7477874643418518,0.13401341603969782,15,15,1.0,1.2341953916023085,1.606839165047902,0.5536353837376778,0.7071067811865476,-0.5,-0.5,-0.5,0.221074640750885,simulator_service,service_success,True,,0.0053,0.0,service_success,0.0,False,False
-20.373455,21,11372.525795,False,2.1236833731552953,True,False,2.657709280132701,out_of_bounds,True,0.48850976642115984,0.0,2.085606075356165,2.4309734255726623,2.085606075356165,0.9067368591986502,21,21,1.0,1.5007529431568287,1.731332009217379,0.6049652746401639,0.7071067811865476,-0.5,0.5,0.5,1.499169945716858,simulator_service,service_success,True,,0.0051,0.0,service_success,0.0,False,False
-57.027206,93,11411.467237,False,5.693911272123039,True,False,1.7595892704502356,out_of_bounds,True,0.5925097026135939,0.0,3.112257807051644,8.381070312834467,3.112257807051644,1.0931995493087472,93,93,1.0,1.5471589823867424,1.793711581496792,0.6247263874605395,0.7071067811865476,0.37708473205566406,-0.5,0.5,1.5707963705062866,simulator_service,service_success,True,,0.0052,0.0,service_success,0.0,False,False
-24.412552,32,11444.150245,False,3.0902036683959344,False,True,0.4352935634601492,unsafe_low_altitude,True,0.053076266560859515,0.0,1.8240983865278,2.9858208030934112,1.8240983865278,0.4352935634601492,32,32,1.0,1.329356928369158,1.7403404751223797,0.6254661044192862,0.7071067811865476,-0.24459820985794067,0.5,0.5,0.3486746549606323,simulator_service,service_success,True,,0.005,0.0,service_success,0.0,False,False
-27.008768,42,11479.407685,False,1.26433202614478,False,True,0.44990150441058846,unsafe_low_altitude,True,0.277705557842184,0.0,2.414883226088112,4.3337599728823015,2.414883226088112,0.44990150441058846,42,42,1.0,1.1271026524608458,1.738300143373042,0.5842491109895079,0.7071067811865476,-0.5,0.5,-0.18836301565170288,-1.1719062328338623,simulator_service,service_success,True,,0.004,0.0,service_success,0.0,False,False
-27.963217,32,11505.617036,False,4.499096575761911,True,False,2.62300269024932,out_of_bounds,True,0.2789997998182999,0.0,2.0407743380672034,2.5365868644355842,2.0407743380672034,1.081404532486269,32,32,1.0,1.265824325871261,1.7372787359501836,0.5657252631955195,0.7071067811865476,0.5,-0.5,-0.5,-0.1176077276468277,simulator_service,service_success,True,,0.0039,0.0,service_success,0.0,False,False
-30.064611,43,11536.41175,False,2.777405371874597,True,False,0.12148389756531801,out_of_bounds,True,0.008180615801489018,0.0,2.0879703832448078,3.176066151598789,2.0879703832448078,0.12148389756531801,43,43,1.0,1.4539520619850097,1.793711581496792,0.662828811964998,0.7071067811865476,-0.5,-0.5,-0.20308376848697662,-0.6743201017379761,simulator_service,service_success,True,,0.0051,0.0,service_success,0.0,False,False
-17.682627,11,11558.43158,False,3.2422338786267004,True,False,0.0,out_of_bounds,True,0.016393235818680293,0.0,1.168755238590437,1.168755238590437,1.168755238590437,0.0,11,11,1.0,1.5885027863731573,1.7280577022051602,0.5625462006019355,0.7071067811865476,0.37709301710128784,-0.5,-0.5,-0.4517674446105957,simulator_service,service_success,True,,0.0034,0.0,service_success,0.0,False,False
-33.956512,84,11598.080652,False,2.5828200612378236,True,False,2.5520367518642804,out_of_bounds,True,0.49405975487780546,0.0,4.770722778962458,10.51031804324861,4.770722778962458,0.7232308388890519,84,84,1.0,1.2611451089618395,1.793711581496792,0.6542998108565904,0.7071067811865476,-0.5,0.5,0.5,0.03418245166540146,simulator_service,service_success,True,,0.0056,0.0004,service_success,0.0,False,False
-44.08957,64,11633.289535,False,3.70137758837249,True,False,2.760984340245905,out_of_bounds,True,0.8258541341277001,0.0,2.107040520284762,7.510853941344906,2.107040520284762,0.9757738157701277,64,64,1.0,1.3916901350594868,1.793711581496792,0.6316030089918337,0.7071067811865476,-0.5,0.3374306559562683,0.5,-0.9175840020179749,simulator_service,service_success,True,,0.0032,0.0,service_success,0.0,False,False
-32.128456,43,11662.047563,False,3.987166069288765,True,False,2.5521197966905502,out_of_bounds,True,0.6712828406228333,0.0,2.1420106641240033,4.057946153571498,2.1420106641240033,0.6468640319615189,43,43,1.0,1.1507615370789652,1.793711581496792,0.6065794944534073,0.7071067811865476,-0.5,0.19771961867809296,0.5,1.5707963705062866,simulator_service,service_success,True,,0.0033,0.0,service_success,0.0,False,False
-21.77478,22,11686.595892,False,3.1555752739978544,True,False,0.0,out_of_bounds,True,0.7648934929071121,0.0,2.6453777931680134,2.7956546222467207,2.6453777931680134,0.0,22,22,1.0,1.5390241519732903,1.7537492105084582,0.600419436696434,0.7071067811865476,-0.22007204592227936,0.5,-0.5,-0.994784951210022,simulator_service,service_success,True,,0.0051,0.0,service_success,0.0,False,False
-18.46179,11,11711.050152,False,3.1551210372417384,True,False,0.16056062267071766,out_of_bounds,True,0.7847338360676164,0.0,1.3837465187270486,1.3837465187270486,1.3837465187270486,0.16056062267071766,11,11,1.0,1.3698180272328673,1.726228342203241,0.5972635841965883,0.7071067811865476,0.11163803935050964,0.5,-0.5,1.5707963705062866,simulator_service,service_success,True,,0.0053,0.0007,service_success,0.0,False,False
-22.79684,32,11737.828581,False,2.597149838112215,True,False,3.0722581085435827,out_of_bounds,True,0.08410791894291482,0.0,2.1619859194763342,4.285455713524695,2.1619859194763342,0.9114367011733041,32,32,1.0,1.4308165294959299,1.793711581496792,0.6941035493790187,0.7071067811865476,-0.5,0.5,0.5,-1.1487483978271484,simulator_service,service_success,True,,0.0032,0.0001,service_success,0.0,False,False
-37.904015,43,11768.858466,False,3.1455561108833225,True,False,0.012392351359355552,out_of_bounds,True,0.04617801714475403,0.0,2.7496824840611964,5.077608847011024,2.7496824840611964,0.012392351359355552,43,43,1.0,1.6187203837809092,1.793711581496792,0.6918101152579651,0.7071067811865476,0.5,0.5,-0.5,-1.2037882804870605,simulator_service,service_success,True,,0.005,0.0,service_success,0.0,False,False
-53.13516,118,11815.480089,False,2.48627194935587,True,False,2.6597011133881048,out_of_bounds,True,0.3953740606532848,0.0,2.587177381390199,13.88201417157019,2.8491838080679606,0.5143151582221241,118,118,1.0,1.3904096813268534,1.793711581496792,0.6552789329960343,0.7071067811865476,-0.5,-0.5,0.23754256963729858,1.5118045806884766,simulator_service,service_success,True,,0.0034,0.0002,service_success,0.0,False,False
-32.532806,32,11842.211225,False,4.465126192753357,True,False,0.05492335502932095,out_of_bounds,True,0.4324335122461195,0.0,2.1558279738899304,4.355511609422288,2.1558279738899304,0.05492335502932095,32,32,1.0,1.6026388291106153,1.793711581496792,0.6688228660375737,0.7071067811865476,0.5,0.5,-0.5,-1.4774160385131836,simulator_service,service_success,True,,0.0032,0.0,service_success,0.0,False,False
-29.804668,86,11882.48093,False,2.644969706806369,True,False,0.02817216029164265,out_of_bounds,True,0.09545020186226637,0.0,3.140711322888286,9.140811178904698,3.140711322888286,0.02817216029164265,86,86,1.0,1.030903037409162,1.5312523094654773,0.60736528625699,0.7071067811865476,-0.5,-0.5,-0.5,0.25724610686302185,simulator_service,service_success,True,,0.0057,0.0023,service_success,0.0,False,False
-19.310015,10,11907.118188,False,3.6455858167682265,True,False,2.5149034385535742,out_of_bounds,True,0.709899247755772,0.0,1.2461012112555352,1.2461012112555352,1.2461012112555352,1.6812248827978813,10,10,1.0,1.6311578426836797,1.7361668485863406,0.5424052001739119,0.544861531523838,0.5,-0.1834157109260559,0.08267853409051895,-1.0845916271209717,simulator_service,service_success,True,,0.0033,0.0,service_success,0.0,False,False
-34.11326,65,11940.682984,False,2.896151510965816,True,False,3.0280849994108165,out_of_bounds,True,0.5666672479267834,0.0,2.392799833981027,6.567523623257592,2.5397331860033936,1.2480977168985687,65,65,1.0,1.2425841996852451,1.793711581496792,0.5798863811319086,0.7071067811865476,0.5,-0.5,0.5,-1.5707963705062866,simulator_service,service_success,True,,0.0032,0.0,service_success,0.0,False,False
-19.49165,11,11965.560973,False,3.9814929722488435,True,False,2.728594519393335,out_of_bounds,True,0.19000197234834726,0.0,1.279383720721689,1.279383720721689,1.279383720721689,1.9071272358380902,11,11,1.0,1.773935735674916,1.793711581496792,0.7071067811865478,0.7071067811865476,0.5,0.5,0.34820953011512756,1.5707963705062866,simulator_service,service_success,True,,0.005,0.0,service_success,0.0,False,False
-17.740793,11,11990.339673,False,3.4974038547566004,True,False,0.2967302711231328,out_of_bounds,True,0.5238579565374224,0.0,1.431573535296499,1.431573535296499,1.431573535296499,0.2967302711231328,11,11,1.0,1.1955978274541545,1.2667966711564491,0.5351574733604995,0.7071067811865476,0.14331403374671936,-0.4016631841659546,0.5,-0.22291654348373413,simulator_service,service_success,True,,0.0031,0.0,service_success,0.0,False,False
-18.568142,11,12012.854088,False,3.045901500892401,True,False,2.961370440686515,out_of_bounds,True,0.9292583266892389,0.0,1.2003604120010933,1.2003604120010933,1.2003604120010933,2.0002415964362523,11,11,1.0,1.2685004523542112,1.4743923952026186,0.5926678294266837,0.7071067811865476,0.5,0.5,0.5,0.27351099252700806,simulator_service,service_success,True,,0.0029,0.0,service_success,0.0,False,False
-36.8252,54,12046.64937,False,4.1402458297733435,True,False,0.0,out_of_bounds,True,0.2506783420948166,0.0,2.8230471616266763,7.351969228587187,2.9609838093109753,0.0,54,54,1.0,1.3420849529720558,1.793711581496792,0.6747754491164826,0.7071067811865476,-0.5,-0.5,-0.5,1.101854920387268,simulator_service,service_success,True,,0.005,0.0,service_success,0.0,False,False
-19.664978,11,12073.921336,False,3.26138154878309,False,True,0.3631779708707971,unsafe_low_altitude,True,0.4737933016028067,0.0,1.5123462046028902,1.5123462046028902,1.5123462046028902,0.3631779708707971,11,11,1.0,1.4312903455630435,1.793711581496792,0.5944646374978216,0.7071067811865476,0.5,-0.5,-0.5,1.5707963705062866,simulator_service,service_success,True,,0.0033,0.0,service_success,0.0,False,False
-32.806686,32,12105.625865,False,5.48643415305075,False,True,0.3832090619315549,unsafe_low_altitude,True,0.7592094568587336,0.0,1.8576285816029507,3.914246672900881,1.8576285816029507,0.3832090619315549,32,32,1.0,1.5428977605677319,1.793711581496792,0.628997905218536,0.7071067811865476,-0.5,0.5,-0.5,1.5707963705062866,simulator_service,service_success,True,,0.0059,0.0,service_success,0.0,False,False
-37.37851,55,12137.377615,False,3.7051329837731317,True,False,0.1539656165161441,out_of_bounds,True,0.31706833776456805,0.0,3.2874694164422222,6.465909265262825,3.2874694164422222,0.1539656165161441,55,55,1.0,1.4908114934731966,1.793711581496792,0.6640274838215543,0.7071067811865476,-0.5,0.5,0.2488296627998352,-0.2844446897506714,simulator_service,service_success,True,,0.0058,0.0,service_success,0.0,False,False
-37.509506,54,12169.180083,False,3.9417202991827587,True,False,2.6639353419261154,out_of_bounds,True,0.5809280330547809,0.0,1.0136998595510665,5.7951742105305595,1.64016810999604,0.6562256201061014,54,54,1.0,1.5255500741363457,1.793711581496792,0.6801454821335786,0.7071067811865476,-0.5,-0.5,0.5,0.8842417597770691,simulator_service,service_success,True,,0.0048,0.0,service_success,0.0,False,False
-43.6204,87,12209.985968,False,2.853880873535395,True,False,2.728797543483637,out_of_bounds,True,0.0015519311175305071,0.0,2.536580871825996,9.785025850225594,2.7238923412357936,0.9871964167934565,87,87,1.0,1.459745052039331,1.793711581496792,0.6661889868688615,0.7071067811865476,0.5,0.5,0.5,-0.6770807504653931,simulator_service,service_success,True,,0.0048,0.0,service_success,0.0,False,False
-26.408493,22,12235.185831,False,4.52639514214409,True,False,3.0235735925558105,out_of_bounds,True,0.8433751349236009,0.0,3.053655580801242,3.1004613150560303,3.053655580801242,1.0426891956884428,22,22,1.0,1.69603418427776,1.793711581496792,0.5635169786501849,0.7071067811865476,0.45450758934020996,0.11130611598491669,0.5,-1.4403269290924072,simulator_service,service_success,True,,0.003,0.0,service_success,0.0,False,False
-70.02662,130,12285.222268,False,3.082018708748747,True,False,0.17811942290619842,out_of_bounds,True,0.42020961667140555,0.0,3.9800655391596855,14.86091268007643,3.9800655391596855,0.17811942290619842,130,130,1.0,1.5316418315789635,1.793711581496792,0.6673650812215466,0.7071067811865476,-0.5,-0.5,0.5,-0.7592167258262634,simulator_service,service_success,True,,0.0048,0.0,service_success,0.0,False,False
-22.42115,22,12312.817159,False,3.413875107721846,True,False,2.5283780869658496,out_of_bounds,True,0.18053152997692318,0.0,1.0148024985211532,1.9482432081952759,1.0148024985211532,1.3696273894342217,22,22,1.0,1.1231395522991787,1.5392809672707823,0.6447700690065743,0.7071067811865476,0.5,-0.5,0.5,0.7172538042068481,simulator_service,service_success,True,,0.0029,0.0,service_success,0.0,False,False
-32.912178,44,12344.789981,False,5.065245917405656,True,False,0.19004227183957903,out_of_bounds,True,0.06528119085175364,0.0,2.775220440872522,4.648007759971923,2.775220440872522,0.19004227183957903,44,44,1.0,1.3606503270036878,1.793711581496792,0.5693931121439322,0.7071067811865476,0.03203225135803223,-0.5,-0.5,-1.5707963705062866,simulator_service,service_success,True,,0.003,0.0,service_success,0.0,False,False
-37.540882,44,12374.863213,False,3.4195479822539383,True,False,2.963362167677999,out_of_bounds,True,0.9703222800527871,0.0,2.263385746750357,4.195523281789273,2.263385746750357,1.2810976939492178,44,44,1.0,1.3002611658277419,1.793711581496792,0.6208164452836394,0.7071067811865476,0.28903576731681824,0.1551247239112854,0.5,-0.3201972246170044,simulator_service,service_success,True,,0.003,0.0,service_success,0.0,False,False
-28.111881,44,12404.859808,False,2.4661501669735255,True,False,3.289804342072999,out_of_bounds,True,0.06421552954367174,0.0,2.1324503994919715,5.630035672027038,2.1324503994919715,1.469602217560249,44,44,1.0,1.3439562136385244,1.793711581496792,0.6972051323923034,0.7071067811865476,0.4165929853916168,-0.5,0.5,-0.5674569606781006,simulator_service,service_success,True,,0.0047,0.0,service_success,0.0,False,False
-16.488823,11,12430.38373,False,2.2536121322833305,True,False,2.933619431714279,out_of_bounds,True,0.14364960692450893,0.0,1.1858353372956278,1.1858353372956278,1.1858353372956278,2.0313834503050647,11,11,1.0,1.388081910287074,1.4748137192632071,0.6253541617197255,0.7071067811865476,-0.5,-0.24597135186195374,0.39373230934143066,1.3074970245361328,simulator_service,service_success,True,,0.0047,0.0,service_success,0.0,False,False
-27.373535,34,12460.58187,False,4.966168078840015,True,False,2.977018956155889,out_of_bounds,True,0.6270942011257183,0.0,2.820043507374016,3.481519122676511,2.820043507374016,0.9826961927275844,34,34,1.0,1.1273025340467513,1.793711581496792,0.5744615867075147,0.7071067811865476,-0.5,-0.5,0.5,-1.0633491277694702,simulator_service,service_success,True,,0.0029,0.0,service_success,0.0,False,False
-25.362587,34,12490.805955,False,2.9659644595473713,True,False,2.5431171584792462,out_of_bounds,True,0.5148767397380573,0.0,2.760826416323637,3.3692686563146914,2.760826416323637,0.6908117255726341,34,34,1.0,1.0441077203264133,1.7200062545233408,0.5538692068127038,0.7071067811865476,-0.5,0.5,-0.15292790532112122,0.8793716430664062,simulator_service,service_success,True,,0.0029,0.0,service_success,0.0,False,False
-20.648785,11,12521.102338,False,3.8707836924539167,False,True,0.440598400243848,unsafe_low_altitude,True,0.9510812411165936,0.0,1.5116461117766824,1.5116461117766824,1.5116461117766824,0.440598400243848,11,11,1.0,1.1422615011640078,1.1742214190260274,0.7071067811865478,0.7071067811865476,-0.5,-0.5,-0.5,-0.7929665446281433,simulator_service,service_success,True,,0.003,0.0001,service_success,0.0,False,False
-19.941156,11,12546.718426,False,3.330386118559111,True,False,3.0572992653541817,out_of_bounds,True,0.22204402530898754,0.0,1.728475974826784,1.728475974826784,1.728475974826784,2.0447491386394105,11,11,1.0,1.7937115814967926,1.793711581496792,0.7071067811865478,0.7071067811865476,-0.5,-0.5,0.5,-1.5707963705062866,simulator_service,service_success,True,,0.0035,0.0,service_success,0.0,False,False
-23.993185,22,12574.644126,False,5.173410626375261,True,False,2.6059213064244586,out_of_bounds,True,0.6681582110460508,0.0,1.9410669314911668,2.4871449689256595,1.9410669314911668,1.4643504402112837,22,22,1.0,1.5645180528358325,1.7705372859953552,0.5841813040615498,0.7071067811865476,0.4091467261314392,-0.5,0.5,-1.5707963705062866,simulator_service,service_success,True,,0.0029,0.0,service_success,0.0,False,False
-29.818714,34,12605.088256,False,3.288587822744936,True,False,2.8196997819650966,out_of_bounds,True,0.915705741151405,0.0,3.6863297386828657,4.724332552268881,3.6863297386828657,0.7502809613748167,34,34,1.0,1.307638408030463,1.793711581496792,0.6333089454421282,0.7071067811865476,-0.5,0.2,0.5,-0.18071165680885315,simulator_service,service_success,True,,0.0029,0.0,service_success,0.0,False,True
-17.48585,12,12630.845327,False,2.3062073921176527,True,False,2.8064439047694854,out_of_bounds,True,0.50774058611665,0.0,1.0505871129474478,1.0505871129474478,1.0505871129474478,1.7656092137783104,12,12,1.0,0.9498441558987948,0.9585445512054451,0.2622334063838319,0.5320707222381859,0.1819320023059845,-0.5,0.5,0.5799580812454224,simulator_service,service_success,True,,0.0028,0.0,service_success,0.0,False,False
-22.85486,23,12659.029064,False,2.4638268440587705,True,False,3.0924860326848935,out_of_bounds,True,0.6678150097882022,0.0,2.35289125166525,2.957721777380244,2.35289125166525,1.1179160992585953,23,23,1.0,1.2006459485109622,1.6102450091952327,0.7071067811865478,0.7071067811865476,-0.5,-0.5,-0.38017719984054565,-0.6702192425727844,simulator_service,service_success,True,,0.0029,0.0,service_success,0.0,False,False
-17.469082,11,12684.898602,False,1.9110324202833433,True,False,2.540305278324122,out_of_bounds,True,0.47932734241029623,0.0,1.2499261675620594,1.2499261675620594,1.2499261675620594,1.792439695389762,11,11,1.0,1.0544461040039135,1.2057554757015414,0.7071067811865478,0.7071067811865476,-0.5,0.5,0.5,0.8389554619789124,simulator_service,service_success,True,,0.0029,0.0,service_success,0.0,False,False
-23.145641,45,12717.683025,False,3.5322047244972907,True,False,2.1347724104980506,out_of_bounds,True,0.7708100566122172,0.0,2.76579912003109,5.162934810703847,2.76579912003109,1.2006162700464977,45,45,1.0,1.2664836105175836,1.793711581496792,0.6046630765478914,0.7071067811865476,-0.5,-0.5,0.5,-1.5707963705062866,simulator_service,service_success,True,,0.0028,0.0,service_success,0.0,False,False
-40.731384,122,12764.377931,False,2.990010429493265,True,False,0.2511370271101836,out_of_bounds,True,0.5968356110737759,0.0,3.9371445382604944,13.973688242824338,4.7191852919901685,0.2511370271101836,122,122,1.0,1.1986310236649447,1.793711581496792,0.6310690112259033,0.7071067811865476,-0.3187750279903412,-0.5,-0.5,-1.2606908082962036,simulator_service,service_success,True,,0.0029,0.0,service_success,0.0,False,False
-35.18599,56,12804.292093,False,4.919058251667192,False,True,0.4931270393316056,unsafe_low_altitude,True,0.5017584872239179,0.0,2.98147253235775,6.429896149830388,2.98147253235775,0.4931270393316056,56,56,1.0,1.5324399027967601,1.793711581496792,0.6512028764891707,0.7071067811865476,-0.5,0.5,-0.2053327113389969,0.677395761013031,simulator_service,service_success,True,,0.0046,0.0,service_success,0.0,False,False
-20.970516,12,12834.897338,False,4.494263724835982,False,True,0.4102337501294622,unsafe_low_altitude,True,0.3628280132280502,0.0,1.3175120344724445,1.3175120344724445,1.3175120344724445,0.4102337501294622,12,12,1.0,0.8987707658465623,1.6541553418237716,0.6662037508990261,0.7071067811865476,-0.5,-0.5,-0.5,1.4093366861343384,simulator_service,service_success,True,,0.0034,0.0,service_success,0.0,False,False
-39.498856,78,12872.447557,False,2.4399649156726033,True,False,2.7263867778230964,out_of_bounds,True,0.4748231656314732,0.0,2.4009794714223602,7.972746291664786,2.4009794714223602,0.7765938411118949,78,78,1.0,1.2491727002087925,1.743606768491527,0.6021641461963246,0.7071067811865476,0.10321387648582458,-0.5,0.5,-1.5707963705062866,simulator_service,service_success,True,,0.0034,0.0,service_success,0.0,False,False
-50.422665,68,12910.257022,False,5.5236990040913,True,False,0.14573417507300962,out_of_bounds,True,0.8364965408672469,0.0,4.139896760255252,7.416536361815945,4.139896760255252,0.14573417507300962,68,68,1.0,1.5300259883461194,1.793711581496792,0.6834850115671167,0.7071067811865476,-0.5,0.22765173017978668,-0.5,-0.062080562114715576,simulator_service,service_success,True,,0.0044,0.0,service_success,0.0,False,False
-20.069702,23,12938.884434,False,2.3863817543371315,True,False,2.7001536855345365,out_of_bounds,True,0.9346231058299518,0.0,0.9964764711645472,2.165591354400986,1.3306829649997467,2.091560669907933,23,23,1.0,1.1676038854022723,1.7337960151419656,0.6333807099339872,0.7071067811865476,-0.0015091747045516968,-0.5,-0.3347659707069397,-1.0174212455749512,simulator_service,service_success,True,,0.0028,0.0,service_success,0.0,False,False
-31.941885,101,12983.58664,False,1.5536056561914766,True,False,2.866679634451696,out_of_bounds,True,0.7509194616361736,0.0,2.9324708118954828,12.53322303993366,3.18149843707145,0.5641244220416288,101,101,1.0,1.3065840798303539,1.793711581496792,0.6317022986482594,0.7071067811865476,-0.5,0.5,0.5,1.5652458667755127,simulator_service,service_success,True,,0.0028,0.0,service_success,0.0,False,False
-22.433151,23,13009.807627,False,3.73668335469206,True,False,2.6866082152671904,out_of_bounds,True,0.5787664657889617,0.0,2.284013985812265,2.7452682591600794,2.284013985812265,0.9238710519320403,23,23,1.0,0.9199954731682433,1.793711581496792,0.6248674863752186,0.7071067811865476,0.23341993987560272,-0.4747876822948456,0.024961939081549644,-0.13727134466171265,simulator_service,service_success,True,,0.0028,0.0,service_success,0.0,False,False
-18.604856,12,13033.747635,False,2.4895871927694255,True,False,2.6948310555427883,out_of_bounds,True,0.46399093475076275,0.0,1.5230063161203484,1.5230063161203484,1.5230063161203484,1.8104986540012245,12,12,1.0,1.7452716657239524,1.7489928386312705,0.6019167834238344,0.7071067811865476,0.5,-0.26656362414360046,-0.5,1.5707963705062866,simulator_service,service_success,True,,0.0045,0.0,service_success,0.0,False,False
-18.970745,11,13064.813755,False,4.220230168909235,False,True,0.42351485472134415,unsafe_low_altitude,True,0.5528761777134943,0.0,1.3487015850116164,1.3487015850116164,1.3487015850116164,0.42351485472134415,11,11,1.0,1.7565937361853015,1.793711581496792,0.6455107621045484,0.7071067811865476,-0.5,-0.27698639035224915,-0.37013572454452515,1.5707963705062866,simulator_service,service_success,True,,0.0046,0.0003,service_success,0.0,False,False
-55.651352,158,13119.322544,False,2.566352918196791,True,False,2.7146856635514856,out_of_bounds,True,0.4804715318774529,0.0,1.5789440492569573,19.40049145775598,2.579264955523759,0.5415964864922792,158,158,1.0,1.3523567281479563,1.793711581496792,0.6452817890389789,0.7071067811865476,-0.021472617983818054,-0.5,0.5,-0.918145477771759,simulator_service,service_success,True,,0.0032,0.0,service_success,0.0,False,False
-34.739235,114,13167.053833,False,2.929834557492803,True,False,3.0275195703728928,out_of_bounds,True,0.4064505913095852,0.0,3.158124761437133,11.790893323728358,3.158124761437133,0.5795614477405105,114,114,1.0,1.1297037896422872,1.7389387334952788,0.6370096645528132,0.7071067811865476,0.5,0.5,0.5,0.1143568605184555,simulator_service,service_success,True,,0.0044,0.0,service_success,0.0,False,False
-29.559177,34,13195.870102,False,4.150136047581491,True,False,2.7116060057814892,out_of_bounds,True,0.35980527793785005,0.0,3.658276365879239,3.943511096390572,3.658276365879239,0.9595183197993303,34,34,1.0,1.5419465929322786,1.793711581496792,0.6662663692817362,0.7071067811865476,0.5,-0.5,0.5,-0.6080492734909058,simulator_service,service_success,True,,0.0027,0.0,service_success,0.0,False,False
-18.544548,12,13224.918178,False,2.2654490321028127,False,True,0.4666654489803848,unsafe_low_altitude,True,0.21600712088494195,0.0,1.3600231420249584,1.3600231420249584,1.3600231420249584,0.4666654489803848,12,12,1.0,1.3953118615528457,1.793711581496792,0.6517461265156002,0.7071067811865476,-0.5,-0.5,-0.5,1.5707963705062866,simulator_service,service_success,True,,0.0044,0.0,service_success,0.0,False,False
-47.969162,58,13260.959811,False,4.009705871367138,True,False,3.2357715726388876,out_of_bounds,True,0.8760723301064078,0.0,2.061040344557942,5.547001066279231,2.061040344557942,0.8774398963778762,58,58,1.0,1.3716348494557031,1.793711581496792,0.6594516898418138,0.7071067811865476,-0.5,-0.5,0.38314852118492126,-1.5707963705062866,simulator_service,service_success,True,,0.0051,0.0,service_success,0.0,False,False
-48.21966,70,13297.258171,False,3.6287374033960504,True,False,0.0975731393732077,out_of_bounds,True,0.44483439830205873,0.0,2.8959908992781505,7.076957100066169,2.8959908992781505,0.0975731393732077,70,70,1.0,1.5565867335977976,1.793711581496792,0.6302813169410719,0.7071067811865476,-0.5,0.5,-0.5,-1.076107144355774,simulator_service,service_success,True,,0.0027,0.0,service_success,0.0,False,False
-20.749321,23,13326.28133,False,2.4386626011540957,True,False,2.58124819623682,out_of_bounds,True,0.507251268958362,0.0,1.7597339361961288,2.5407222966856473,1.7597339361961288,1.6687393407578641,23,23,1.0,1.5534820716188653,1.793711581496792,0.6444492871307419,0.7071067811865476,-0.5,0.5,0.5,-1.5707963705062866,simulator_service,service_success,True,,0.0042,0.0,service_success,0.0,False,False
-34.68509,47,13357.916036,False,4.029089915684107,True,False,0.0,out_of_bounds,True,0.7377355264369446,0.0,4.205326217839186,6.441128013791187,4.205326217839186,0.0,47,47,1.0,1.5960359884596749,1.793711581496792,0.6413575214631873,0.7071067811865476,-0.5,-0.5,-0.5,-1.5677332878112793,simulator_service,service_success,True,,0.0026,0.0,service_success,0.0,False,False
-44.367947,81,13399.065381,False,3.732607257561072,True,False,2.7057153075656037,out_of_bounds,True,0.6285224993166741,0.0,4.486444854779898,8.90953793430797,4.486444854779898,0.7733306317220409,81,81,1.0,1.4216525279330767,1.793711581496792,0.5993143913429868,0.7071067811865476,-0.5,-0.5,-0.5,0.14897814393043518,simulator_service,service_success,True,,0.0045,0.0004,service_success,0.0,False,False
-31.661945,47,13433.210491,False,2.9119343378288556,True,False,2.8456719945612323,out_of_bounds,True,0.7165771255344566,0.0,2.386344229257791,4.641457870580089,2.386344229257791,1.7244993352584015,47,47,1.0,1.464908516884441,1.7592515741798032,0.6526275355922802,0.7071067811865476,-0.40224388241767883,0.5,0.5,0.2596187889575958,simulator_service,service_success,True,,0.0027,0.0001,service_success,0.0,False,False
-26.458511,23,13464.906363,False,6.450540975291882,False,True,0.4456336439006255,unsafe_low_altitude,True,0.20170442196406602,0.0,2.8131305822353343,3.3782314307286003,2.8131305822353343,0.4456336439006255,23,23,1.0,1.5243780897583883,1.793711581496792,0.6992788891010308,0.7071067811865476,0.5,0.5,0.06670768558979034,-0.7432711720466614,simulator_service,service_success,True,,0.0026,0.0,service_success,0.0,False,False
-19.793736,12,13494.154839,False,3.654089010396258,False,True,0.3793601275059148,unsafe_low_altitude,True,0.6202904609620816,0.0,1.4399104732371275,1.4399104732371275,1.4399104732371275,0.3793601275059148,12,12,1.0,1.6960675734909254,1.7834687946932617,0.6853337357128759,0.7071067811865476,0.402357280254364,0.5,0.5,-1.2854400873184204,simulator_service,service_success,True,,0.005,0.0,service_success,0.0,False,False
-57.49179,93,13535.548016,False,2.51735888007802,True,False,2.981426362294252,out_of_bounds,True,0.21651494617469833,0.0,2.8526941055721475,10.632539060834704,3.6853777221771,0.6688264158670413,93,93,1.0,1.359180788471283,1.793711581496792,0.6487435779116093,0.7071067811865476,0.5,-0.5,-0.5,-0.09055594354867935,simulator_service,service_success,True,,0.0051,0.0,service_success,0.0,False,False
-30.089222,47,13569.119386,False,4.132403222839803,True,False,2.871298294289367,out_of_bounds,True,0.8894094948439577,0.0,1.502222948745189,4.8712932578799215,1.502222948745189,1.0846084063634207,47,47,1.0,1.143987605186863,1.73281739599721,0.6339375419773841,0.7071067811865476,0.5,-0.5,0.34940803050994873,-0.24968278408050537,simulator_service,service_success,True,,0.0045,0.0001,service_success,0.0,False,False
-27.425022,68,13607.695977,False,1.8289463266104462,True,False,0.2217774271567079,out_of_bounds,True,0.9149234740622048,0.0,4.844488376105879,6.405053306849612,4.844488376105879,0.2217774271567079,68,68,1.0,1.1263006598060294,1.7696490537370193,0.6403084510922454,0.7071067811865476,-0.5,-0.5,0.3950299918651581,-1.164709448814392,simulator_service,service_success,True,,0.0026,0.0,service_success,0.0,False,False
-60.706745,198,13673.18058,False,1.9481384458885218,True,False,2.6154355597326546,out_of_bounds,True,0.9054972854110982,0.0,4.059235938246189,20.52763438032941,4.059235938246189,0.5066468998645913,198,198,1.0,1.311089472332308,1.793711581496792,0.6191285388989894,0.7071067811865476,-0.5,0.4280492067337036,-0.5,1.1497305631637573,simulator_service,service_success,True,,0.0026,0.0,service_success,0.0,False,False
-28.883389,81,13714.752985,False,3.2583343629023074,True,False,0.0,out_of_bounds,True,0.2794272877786676,0.0,2.0627818260307995,9.365261505142374,2.307096424834462,0.0,81,81,1.0,1.51522638553709,1.793711581496792,0.620884050772323,0.7071067811865476,-0.5,0.5,-0.5,-1.5514576435089111,simulator_service,service_success,True,,0.0026,0.0,service_success,0.0,False,False
-21.250496,47,13749.116898,False,1.7698500299748554,True,False,0.0,out_of_bounds,True,0.007987096841236555,0.0,2.876620486026946,4.892150739350834,2.876620486026946,0.0,47,47,1.0,0.9864156911685028,1.7857807437288356,0.5695918062174449,0.7071067811865476,0.5,-0.5,-0.25185808539390564,0.8245622515678406,simulator_service,service_success,True,,0.0027,0.0,service_success,0.0,False,False
-30.684082,70,13785.965269,False,2.870848016414155,True,False,2.763301002156029,out_of_bounds,True,0.10464363783115024,0.0,2.4695695769905694,7.5472018375023024,2.6815859923913905,0.9133254130961789,70,70,1.0,1.4278580690906195,1.793711581496792,0.6308355497657214,0.7071067811865476,-0.27618131041526794,0.5,0.5,1.5707963705062866,simulator_service,service_success,True,,0.0026,0.0001,service_success,0.0,False,False
-19.792103,12,13810.806225,False,3.9502091767816427,True,False,2.502656504210193,out_of_bounds,True,0.8570776842514869,0.0,1.3670415471500081,1.3670415471500081,1.3670415471500081,1.9452193171911059,12,12,1.0,1.7642040048971752,1.7875008952959606,0.7018047072030265,0.7071067811865476,-0.4772402048110962,-0.5,-0.5,1.5707963705062866,simulator_service,service_success,True,,0.0041,0.0,service_success,0.0,False,False
-19.356682,12,13838.199276,False,3.1161176654929323,True,False,0.26178460755845057,out_of_bounds,True,0.7765701864427993,0.0,1.393814058168858,1.393814058168858,1.393814058168858,0.26178460755845057,12,12,1.0,1.747109782871843,1.7482899576407926,0.578779512317677,0.5823371346496126,0.39577847719192505,-0.4198680818080902,-0.5,1.5707963705062866,simulator_service,service_success,True,,0.0041,0.0,service_success,0.0,False,False
-58.166916,70,13877.546015,False,8.342744530428567,True,False,0.0,out_of_bounds,True,0.5910589596024447,0.0,6.050319131714273,9.011514848016803,6.050319131714273,0.0,70,70,1.0,1.3585088507800045,1.7722667337937328,0.6901885168284181,0.7071067811865476,0.5,0.4039974808692932,-0.5,-1.5707963705062866,simulator_service,service_success,True,,0.0025,0.0,service_success,0.0,False,False
-21.68362,24,13907.469164,False,4.058078374481463,True,False,2.814396457940548,out_of_bounds,True,0.12310703067053828,0.0,2.0396056571486443,3.4890483847047453,2.0396056571486443,0.9062474878183288,24,24,1.0,1.3761014006521062,1.793711581496792,0.7071067811865478,0.7071067811865476,0.5,0.5,0.5,-0.21366259455680847,simulator_service,service_success,True,,0.0026,0.0001,service_success,0.0,False,False
-40.938137,59,13943.764646,False,5.0605359397680525,True,False,3.0584961642639032,out_of_bounds,True,0.13212644857100672,0.0,3.1692671697144807,6.424387758616275,3.1692671697144807,0.7709878442405257,59,59,1.0,1.3174209706761557,1.793711581496792,0.656037940544057,0.7071067811865476,0.5,0.5,-0.5,-1.5707963705062866,simulator_service,service_success,True,,0.0025,0.0,service_success,0.0,False,False
-66.95566,200,14086.409727,False,1.4126447908762378,False,False,1.66456226141691,max_steps,True,0.4979345593069402,0.0,3.373647689537402,20.296343594292267,5.502586940064834,1.126296084507144,200,200,1.0,1.4857223016811878,1.793711581496792,0.6561828150176509,0.7071067811865476,-0.5,-0.5,0.5,1.5707963705062866,simulator_service,service_success,True,,0.0026,0.0,service_success,0.0,False,False
-21.606043,13,14111.536442,False,5.454850392768187,True,False,2.9990722263866894,out_of_bounds,True,0.44877829519120593,0.0,1.6492270068791388,1.6492270068791388,1.6492270068791388,1.8823319463644022,13,13,1.0,1.5667219686309015,1.7887523265845406,0.5979781459255104,0.7071067811865476,-0.5,-0.5,0.4819062650203705,-1.5707963705062866,simulator_service,velocity_timeout_service_fallback,True,,0.006,0.0,service_success_after_velocity_timeout,0.0,False,False
-33.395615,36,14144.241928,False,5.569097133656111,True,False,0.06636943795631978,out_of_bounds,True,0.8410752619613243,0.0,2.5988330843757854,3.8521749913681353,2.5988330843757854,0.06636943795631978,36,36,1.0,1.6619267048176525,1.793711581496792,0.6629644462259281,0.7071067811865476,-0.5,-0.5,0.5,1.5707963705062866,simulator_service,service_success,True,,0.004,0.0,service_success,0.0,False,False
-25.484432,59,14186.819484,False,1.6458905305735043,False,True,0.4129268365179055,unsafe_low_altitude,True,0.6509874945804742,0.0,2.331686998855293,6.3914837229862425,3.2572496400912208,0.4129268365179055,59,59,1.0,1.4566119334943417,1.793711581496792,0.6289880962546252,0.7071067811865476,0.5,0.5,0.5,0.3480568826198578,simulator_service,service_success,True,,0.0024,0.0,service_success,0.0,False,False
-27.22971,48,14226.999747,False,3.256094345023334,False,True,0.4341032071531267,unsafe_low_altitude,True,0.7257029477073849,0.0,2.1813976840348817,5.458299652545527,2.1813976840348817,0.4341032071531267,48,48,1.0,1.1068744604411223,1.6624917600824134,0.6252638807123213,0.7071067811865476,-0.5,0.5,0.5,1.251968264579773,simulator_service,service_success,True,,0.0028,0.0,service_success,0.0,False,False
-20.703505,12,14254.90559,False,4.1700250938376495,True,False,2.9628271847529897,out_of_bounds,True,0.5044528549936886,0.0,1.5896875621389428,1.5896875621389428,1.5896875621389428,1.8678213104709038,12,12,1.0,1.1299404086034335,1.726054902476909,0.6841429581624281,0.7071067811865476,-0.5,0.10892331600189209,-0.5,-1.5707963705062866,simulator_service,service_success,True,,0.0028,0.0,service_success,0.0,False,False
-18.588768,12,14287.763617,False,2.447649563249951,False,True,0.3315432609298373,unsafe_low_altitude,True,0.4244695318837262,0.0,1.6103034812689352,1.6103034812689352,1.6103034812689352,0.3315432609298373,12,12,1.0,1.3899169581321138,1.780846727831189,0.6950454292278602,0.7071067811865476,0.5,0.4581488370895386,-0.5,0.010007701814174652,simulator_service,service_success,True,,0.0025,0.0,service_success,0.0,False,False
-16.998356,12,14315.789158,False,2.0183083152906427,True,False,0.005236715923442531,out_of_bounds,True,0.9243313178268437,0.0,1.643227995057859,1.643227995057859,1.643227995057859,0.005236715923442531,12,12,1.0,1.5671367358237587,1.793711581496792,0.7071067811865478,0.7071067811865476,-0.5,-0.5,0.5,0.16332896053791046,simulator_service,service_success,True,,0.0028,0.0,service_success,0.0,False,False
-17.973007,12,14341.217764,False,2.732054264564368,True,False,3.037677275443984,out_of_bounds,True,0.7077980536036969,0.0,1.2553675117823955,1.2553675117823955,1.2553675117823955,1.9323442256813872,12,12,1.0,1.2355806164474405,1.741001004854653,0.6035069418461331,0.634530232078436,0.2523554265499115,0.5,0.5,1.5707963705062866,simulator_service,service_success,True,,0.0023,0.0,service_success,0.0,False,False
-23.355072,24,14371.755471,False,3.449806161500407,True,False,3.3162623960121564,out_of_bounds,True,0.002807397602070967,0.0,1.889468460488618,2.6336522594115364,1.889468460488618,1.4327674195733646,24,24,1.0,1.3158663256354979,1.793711581496792,0.6569084423033033,0.7071067811865476,-0.5,-0.5,0.5,0.21988680958747864,simulator_service,service_success,True,,0.0039,0.0,service_success,0.0,False,False
-41.535053,49,14407.216522,False,7.677801735227827,True,False,2.1394655315889968,out_of_bounds,True,0.17165109822445893,0.0,3.670570541227522,6.2521016425868545,3.670570541227522,1.4829743745698987,49,49,1.0,1.324391681113151,1.793711581496792,0.7065115563638148,0.7071067811865476,0.5,0.5,-0.5,1.2142614126205444,simulator_service,service_success,True,,0.0024,0.0,service_success,0.0,False,False
-24.728107,37,14445.309137,False,2.0667014422556615,False,True,0.38434589546736914,unsafe_low_altitude,True,0.9178501696437181,0.0,1.6645179922609872,3.5298577912507514,1.8284054361338404,0.38434589546736914,37,37,1.0,1.543275776091092,1.7892109460264936,0.5881330178637695,0.7071067811865476,-0.5,-0.1705482453107834,-0.5,0.922959566116333,simulator_service,service_success,True,,0.0024,0.0,service_success,0.0,False,False
-20.930399,12,14473.346406,False,5.894969741492593,True,False,0.2818516306233918,out_of_bounds,True,0.40500193949630864,0.0,1.6233978695659883,1.6233978695659883,1.6233978695659883,0.2818516306233918,12,12,1.0,1.5679521063274173,1.793711581496792,0.7071067811865478,0.7071067811865476,0.5,0.5,-0.5,-1.5707963705062866,simulator_service,service_success,True,,0.0027,0.0,service_success,0.0,False,False
-29.202871,49,14509.07189,False,2.959973919915266,True,False,2.5038958308729473,out_of_bounds,True,0.5511132048400597,0.0,1.3265719465107824,5.647069984034875,2.367052497417984,0.6722670084696984,49,49,1.0,1.3182680073554884,1.793711581496792,0.6183653975448102,0.7071067811865476,0.5,0.5,0.5,1.5707963705062866,simulator_service,service_success,True,,0.0023,0.0,service_success,0.0,False,False
-30.397621,49,14544.794861,False,1.5665149803540335,True,False,3.040612616283851,out_of_bounds,True,0.8229258259303712,0.0,4.672955189826566,6.833190807729645,5.069831471116294,0.7374957856232723,49,49,1.0,1.3166841468030737,1.793711581496792,0.6782169339897814,0.7071067811865476,0.042786888778209686,0.5,-0.5,-1.3041050434112549,simulator_service,service_success,True,,0.0023,0.0,service_success,0.0,False,False
-26.574476,25,14580.399699,False,3.645396982310316,False,True,0.30214704454053626,unsafe_low_altitude,True,0.8343074109775983,0.0,2.1058089504408986,2.5547886084176294,2.1058089504408986,0.30214704454053626,25,25,1.0,1.4621159402651671,1.7689345549569104,0.5900505474147586,0.7071067811865476,0.5,0.2153327465057373,0.5,1.5707963705062866,simulator_service,service_success,True,,0.0025,0.0,service_success,0.0,False,False
-42.205044,97,14626.241363,False,2.5004754864035736,True,False,0.10359289510712524,out_of_bounds,True,0.31466168237224057,0.0,2.466859124158869,10.059996789207402,3.46140169513308,0.10359289510712524,97,97,1.0,1.3243465192480628,1.793711581496792,0.6637193576162385,0.7071067811865476,-0.5,-0.23908358812332153,0.5,-0.024156194180250168,simulator_service,service_success,True,,0.0028,0.0,service_success,0.0,False,False
-52.25067,73,14664.548753,False,4.807086069468922,True,False,2.6009319355103706,out_of_bounds,True,0.74335831485995,0.0,1.57249275500841,7.922350234949093,2.576664195672617,1.281054267548738,73,73,1.0,1.5919067982819084,1.793711581496792,0.6371917213631161,0.7071067811865476,0.5,0.5,0.5,1.5707963705062866,simulator_service,service_success,True,,0.0023,0.0,service_success,0.0,False,False
-46.90025,122,14715.40035,False,3.322540839025109,True,False,0.21150605103860223,out_of_bounds,True,0.4508602437169035,0.0,3.7406554452512535,12.348968060680885,4.590844986112746,0.21150605103860223,122,122,1.0,1.3716585658746943,1.793711581496792,0.6232228592801735,0.7071067811865476,0.5,0.5,-0.5,-0.42203620076179504,simulator_service,service_success,True,,0.0039,0.0,service_success,0.0,False,False
-16.868889,13,14743.892601,False,1.6574545601205093,True,False,0.0,out_of_bounds,True,0.19211362279267297,0.0,1.8383879371478726,1.8383879371478726,1.8383879371478726,0.0,13,13,1.0,1.4401946132909265,1.7095396675544463,0.7071067811865478,0.7071067811865476,0.5,-0.5,-0.5,0.5365568399429321,simulator_service,service_success,True,,0.0023,0.0,service_success,0.0,False,False
-80.504456,183,14807.460563,False,3.7889687721065,True,False,1.8046533861760001,out_of_bounds,True,0.5537390060561231,0.0,7.4474783717905115,20.938912133687552,7.4474783717905115,0.5620840405103719,183,183,1.0,1.3928891642600243,1.793711581496792,0.6310332360917702,0.7071067811865476,-0.33060330152511597,0.038466162979602814,0.1848088502883911,1.2119150161743164,simulator_service,service_success,True,,0.0023,0.0001,service_success,0.0,False,False
-33.196556,37,14841.039217,False,4.691253264911854,True,False,2.5094952466053004,out_of_bounds,True,0.545597772064414,0.0,1.4172813778825195,3.4056676878294168,1.4172813778825195,1.145713497399572,37,37,1.0,1.6043433659070805,1.793711581496792,0.6451393244998797,0.7071067811865476,0.5,0.5,0.5,1.5707963705062866,simulator_service,service_success,True,,0.0023,0.0,service_success,0.0,False,False
-19.531,12,14869.53812,False,3.915974218153973,True,False,2.7850799708575873,out_of_bounds,True,0.46293196501660144,0.0,1.4915724245141022,1.4915724245141022,1.4915724245141022,2.00386110545192,12,12,1.0,1.1712421040345606,1.793711581496792,0.6571419960752606,0.7071067811865476,0.4848463535308838,0.17254459857940674,-0.5,1.5707963705062866,simulator_service,service_success,True,,0.0023,0.0,service_success,0.0,False,False
-75.4738,86,14910.416678,False,7.606983308577109,True,False,0.0,out_of_bounds,True,0.9626913295109085,0.0,4.713317803083362,8.959078645070923,4.713317803083362,0.0,86,86,1.0,1.5229466959158708,1.793711581496792,0.6801745170628113,0.7071067811865476,-0.44598865509033203,0.5,-0.5,-1.5707963705062866,simulator_service,service_success,True,,0.0023,0.0,service_success,0.0,False,False
-27.976694,24,14946.171278,False,5.541624280849087,False,True,0.3029264160627996,unsafe_low_altitude,True,0.8703889983314308,0.0,2.5414722698187284,2.9942909646428637,2.5414722698187284,0.3029264160627996,24,24,1.0,1.7818555313422861,1.793711581496792,0.6752157966560187,0.7071067811865476,-0.5,-0.5,0.5,1.5707963705062866,simulator_service,service_success,True,,0.0038,0.0001,service_success,0.0,False,False
-37.747192,50,14982.488194,False,3.802641913256419,True,False,2.547609440620585,out_of_bounds,True,0.68667264673704,0.0,1.9194636623980954,5.52976807849691,2.6210130587331184,1.5710911397500773,50,50,1.0,1.490525143985779,1.793711581496792,0.6744312114591589,0.7071067811865476,0.5,0.5,-0.5,-0.60630202293396,simulator_service,service_success,True,,0.0026,0.0,service_success,0.0,False,False
-53.24036,86,15031.587044,False,5.1486178148010096,False,True,0.4608403314520326,unsafe_low_altitude,True,0.29440235772191115,0.0,3.001773154935263,8.794970052076513,3.001773154935263,0.4608403314520326,86,86,1.0,1.6204349423504378,1.793711581496792,0.6871340396324949,0.7071067811865476,0.5,0.5,0.5,-1.099717617034912,simulator_service,service_success,True,,0.0022,0.0,service_success,0.0,False,False
-27.765743,49,15065.37896,False,4.963987088720935,True,False,2.632967445877012,out_of_bounds,True,0.6202254116768493,0.0,3.589641372227531,6.9339702777799594,3.589641372227531,1.2957397125670471,49,49,1.0,1.4638469641750569,1.793711581496792,0.6412933174667808,0.7071067811865476,0.32350248098373413,-0.5,0.5,1.2060108184814453,simulator_service,service_success,True,,0.0026,0.0,service_success,0.0,False,False
-21.608276,13,15094.270875,False,5.014776538615227,True,False,2.6449698223069915,out_of_bounds,True,0.6328436382513772,0.0,1.1603765910418036,1.1603765910418036,1.1603765910418036,1.5138739935137724,13,13,1.0,1.7937115814967928,1.793711581496792,0.7071067811865478,0.7071067811865476,0.5,0.5,0.5,1.5707963705062866,simulator_service,service_success,True,,0.0037,0.0,service_success,0.0,False,False
-26.708904,37,15133.345053,False,2.6108555407587426,False,True,0.4135936070831558,unsafe_low_altitude,True,0.331573979034504,0.0,1.2089578547366786,4.31605021123381,1.2089578547366786,0.4135936070831558,37,37,1.0,1.746577898300661,1.793711581496792,0.674270170856788,0.7071067811865476,-0.5,0.5,-0.5,-1.5707963705062866,simulator_service,service_success,True,,0.0021,0.0,service_success,0.0,False,False
-45.017605,51,15170.124965,False,6.066189021804092,True,False,0.06509735913569545,out_of_bounds,True,0.00012568033308338626,0.0,3.07340327803071,5.5708552216112714,3.07340327803071,0.06509735913569545,51,51,1.0,1.4094777228357707,1.793711581496792,0.6012870736636918,0.7071067811865476,0.5,-0.005126953125,-0.5,0.3787153363227844,simulator_service,service_success,True,,0.0026,0.0,service_success,0.0,False,False
-28.849472,25,15201.801164,False,6.954914916006478,True,False,2.505727082268704,out_of_bounds,True,0.4818994191441114,0.0,3.330517015511462,3.710331448721993,3.330517015511462,1.3988747276076343,25,25,1.0,1.5855429485341552,1.793711581496792,0.7071067811865477,0.7071067811865476,0.5,0.5,0.5,0.8141866326332092,simulator_service,service_success,True,,0.0022,0.0,service_success,0.0,False,False
-28.670368,25,15233.426676,False,5.914156730974246,True,False,2.079474746950663,out_of_bounds,True,0.7154966054954541,0.0,3.3609288574330707,3.374957622074742,3.3609288574330707,1.2899558010051182,25,25,1.0,1.247960388793801,1.793711581496792,0.6726765889926967,0.7071067811865476,-0.5,-0.5,0.5,1.5707963705062866,simulator_service,service_success,True,,0.0022,0.0,service_success,0.0,False,False
-37.40755,50,15267.748035,False,2.7904132645735986,True,False,2.758138626277239,out_of_bounds,True,0.7988218818807757,0.0,4.735938813343698,6.926136008581066,4.735938813343698,0.6548425790787326,50,50,1.0,1.6128706954623684,1.793711581496792,0.6965341159347274,0.7071067811865476,0.5,0.5,0.5,-0.5344111919403076,simulator_service,service_success,True,,0.0021,0.0,service_success,0.0,False,False
-40.840137,50,15304.701597,False,7.071193307233154,True,False,2.7887780172582097,out_of_bounds,True,0.5054711614253805,0.0,3.680009986251712,5.297394623938014,3.680009986251712,0.7811478664724412,50,50,1.0,1.569060726660895,1.793711581496792,0.6446658300535685,0.7071067811865476,-0.5,0.5,-0.5,-0.9789094924926758,simulator_service,service_success,True,,0.0036,0.0,service_success,0.0,False,False
-46.3471,63,15344.377489,False,4.56792091367731,True,False,2.9578725677782765,out_of_bounds,True,0.24975817200593475,0.0,1.4655274355696506,6.673259185989324,1.619968757210916,0.7981953692644068,63,63,1.0,1.614975399916939,1.793711581496792,0.6361419519562006,0.7071067811865476,0.5,0.5,-0.5,1.5707963705062866,simulator_service,service_success,True,,0.0021,0.0,service_success,0.0,False,False
-20.54655,13,15373.585385,False,4.995536108880024,True,False,0.21660626886401335,out_of_bounds,True,0.4083862549231865,0.0,2.0053362319184083,2.0053362319184083,2.0053362319184083,0.21660626886401335,13,13,1.0,1.4317984102141172,1.793711581496792,0.6834560552989724,0.7071067811865476,-0.39448779821395874,-0.5,0.5,0.5064898729324341,simulator_service,service_success,True,,0.0021,0.0,service_success,0.0,False,False
-111.76714,163,15433.900501,False,8.357291325411737,True,False,0.20124275120950263,out_of_bounds,True,0.3549139181180732,0.0,5.165762529383804,17.48090822066152,5.2009871234246745,0.20124275120950263,163,163,1.0,1.373226657763278,1.793711581496792,0.6357891170925288,0.7071067811865476,-0.5,0.5,-0.5,1.5707963705062866,simulator_service,service_success,True,,0.002,0.0,service_success,0.0,False,False
-34.847935,126,15568.277026,True,0.3273237610028726,False,False,1.6541709168813032,success,True,0.8844166053752228,8.844166053752229,3.2703037980842735,12.356383877987136,3.2703037980842735,0.5156849813152458,126,126,1.0,1.4751337614812237,1.793711581496792,0.6592013564628926,0.7071067811865476,-0.16529113054275513,0.5,0.5,1.5707963705062866,simulator_service,service_success,True,,0.0021,0.0,service_success,0.0,False,False
-22.139055,38,15602.833901,False,3.1077630945166583,True,False,2.8592913476176283,out_of_bounds,True,0.6582764050190371,0.0,2.014030188774975,3.3527458987376395,2.014030188774975,1.0235720992404536,38,38,1.0,1.3436402114276078,1.6552971944714303,0.6672802979504303,0.7071067811865476,-0.5,-0.2052900493144989,0.5,1.2127258777618408,simulator_service,velocity_timeout_service_fallback,True,,0.0026,0.0,service_success_after_velocity_timeout,0.0,False,False
-40.678207,87,15647.838915,False,2.555346085279338,True,False,3.2257285492244647,out_of_bounds,True,0.9015664133860884,0.0,6.677331877532325,10.45644102638901,6.677331877532325,0.536927971804676,87,87,1.0,1.2013244240258971,1.793711581496792,0.6570778428129238,0.7071067811865476,0.5,-0.5,0.5,1.5707963705062866,simulator_service,service_success,True,,0.0021,0.0,service_success,0.0,False,False
-27.753902,51,15685.043993,False,1.9677959460172132,True,False,2.8699647263785892,out_of_bounds,True,0.48600751909936796,0.0,3.979145366952609,6.807831728056042,3.979145366952609,0.8336642436351088,51,51,1.0,1.5244131919295438,1.793711581496792,0.707106781186547,0.7071067811865476,0.5,-0.5,-0.5,1.5707963705062866,simulator_service,service_success,True,,0.0021,0.0,service_success,0.0,False,False
-16.601078,13,15719.780778,False,1.6336115721884177,False,True,0.4764994885763842,unsafe_low_altitude,True,0.29544195720906274,0.0,1.7525220694538457,1.7525220694538457,1.7525220694538457,0.4764994885763842,13,13,1.0,1.6408183199188213,1.7518538278578129,0.5771767278021572,0.592950753928476,0.5,-0.3187327980995178,-0.5,-1.5707963705062866,simulator_service,service_success,True,,0.0022,0.0001,service_success,0.0,False,False
-20.077917,26,15751.902827,False,2.4176682169525447,True,False,0.0,out_of_bounds,True,0.8306603542945531,0.0,2.0378350055428274,3.089011397570192,2.0378350055428274,0.0,26,26,1.0,1.164294620110949,1.7361676885106607,0.6699890380545356,0.7071067811865476,-0.5,0.5,0.21651098132133484,-1.5707963705062866,simulator_service,service_success,True,,0.0025,0.0,service_success,0.0,False,False
-30.385944,26,15784.329203,False,5.369865939409111,True,False,2.6514742156678026,out_of_bounds,True,0.3964706397934652,0.0,1.950642752680137,3.180175747768521,1.950642752680137,1.306483744613552,26,26,1.0,1.5334957591533245,1.793711581496792,0.6626109660910751,0.7071067811865476,0.5,0.5,0.5,-1.5707963705062866,simulator_service,service_success,True,,0.0021,0.0,service_success,0.0,False,False
-61.187466,114,15834.847783,False,3.6736760054673074,True,False,3.353441441061311,out_of_bounds,True,0.7351025986525138,0.0,2.000229483119937,11.768884467674418,2.1166493275588194,0.6933502942988045,114,114,1.0,1.4314450536367658,1.793711581496792,0.6062448356449684,0.7071067811865476,0.5,0.5,0.5,0.6158155798912048,simulator_service,service_success,True,,0.002,0.0,service_success,0.0,False,False
-20.519678,13,15864.539577,False,3.0343314037971734,True,False,0.15070316210558643,out_of_bounds,True,0.36938528391010667,0.0,1.511255107723887,1.511255107723887,1.511255107723887,0.15070316210558643,13,13,1.0,1.4798404755502805,1.793711581496792,0.7071067811865478,0.7071067811865476,0.5,0.5,0.5,-0.48232391476631165,simulator_service,service_success,True,,0.002,0.0,service_success,0.0,False,False
-20.353827,13,15894.306167,False,3.4302484971457172,True,False,2.848852352523963,out_of_bounds,True,0.4083002911159993,0.0,1.8391344478859408,1.8391344478859408,1.8391344478859408,1.6995656164854454,13,13,1.0,1.7607575536708235,1.7913707901868603,0.6244915467932729,0.7071067811865476,-0.5,-0.23782318830490112,0.5,1.5658836364746094,simulator_service,service_success,True,,0.002,0.0,service_success,0.0,False,False
-36.75434,89,15939.88431,False,1.95431841552565,True,False,2.620642657587033,out_of_bounds,True,0.2133822892596418,0.0,3.4864596632481093,9.063707547014427,3.4864596632481093,0.93631174762119,89,89,1.0,1.1990631259989013,1.793711581496792,0.6589057770054886,0.7071067811865476,0.5,-0.5,0.5,0.1103513240814209,simulator_service,service_success,True,,0.002,0.0,service_success,0.0,False,False
-61.472538,102,15993.374566,False,4.036747450920407,False,True,0.41494919365820754,unsafe_low_altitude,True,0.17447681679548604,0.0,1.680343297798824,12.08416439572132,2.1546239688101303,0.41494919365820754,102,102,1.0,1.4291540767201685,1.793711581496792,0.6636350136315244,0.7071067811865476,0.5,-0.5,-0.5,1.5707963705062866,simulator_service,service_success,True,,0.002,0.0,service_success,0.0,False,False
-17.865082,13,16023.402194,False,1.7017052552046952,True,False,0.0,out_of_bounds,True,0.6094933277348964,0.0,1.467611979772694,1.467611979772694,1.467611979772694,0.0,13,13,1.0,1.7732991446662776,1.793711581496792,0.6905597457578209,0.7071067811865476,0.3920930027961731,-0.5,-0.5,1.5013883113861084,simulator_service,service_success,True,,0.0024,0.0,service_success,0.0,False,False
-23.268167,26,16053.2627,False,3.4629800149043404,True,False,2.529149404668083,out_of_bounds,True,0.5603890093133829,0.0,1.3098600543415955,3.1110359509570973,1.6702155116429354,1.5055308941905314,26,26,1.0,1.6155955068334018,1.793711581496792,0.7070257577746324,0.7071067811865476,-0.5,-0.5,0.5,1.5707963705062866,simulator_service,service_success,True,,0.0021,0.0001,service_success,0.0,False,False
-51.767048,64,16099.384671,False,3.243549829366377,False,True,0.3922252338840878,unsafe_low_altitude,True,0.6835864683270638,0.0,1.188239395223663,7.131243322926798,2.1050805213131025,0.3922252338840878,64,64,1.0,1.4188312934328189,1.793711581496792,0.7056480696635871,0.7071067811865476,-0.5,0.5,-0.5,1.5707963705062866,simulator_service,service_success,True,,0.0034,0.0,service_success,0.0,False,False
-34.590042,52,16137.487298,False,2.5176564907311074,True,False,3.1234695007038766,out_of_bounds,True,0.664394640834731,0.0,2.6820689521428474,5.3086085247864006,2.6820689521428474,1.1017907671718747,52,52,1.0,1.388429831382657,1.793711581496792,0.6315609570242466,0.7071067811865476,0.5,-0.4588519334793091,0.5,0.41139641404151917,simulator_service,service_success,True,,0.0023,0.0,service_success,0.0,False,False
-42.54721,52,16175.50557,False,4.656115609704298,True,False,0.22522183063586398,out_of_bounds,True,0.7334534534397119,0.0,2.9695445210165583,6.346539242035808,2.9695445210165583,0.22522183063586398,52,52,1.0,1.678708779908497,1.793711581496792,0.6559540733334135,0.7071067811865476,-0.5,0.5,-0.38821664452552795,1.5707963705062866,simulator_service,service_success,True,,0.002,0.0,service_success,0.0,False,False
-28.279518,39,16211.196951,False,4.472872200881774,True,False,0.25180556326108944,out_of_bounds,True,0.7348208411878061,0.0,2.209222713084451,3.9847321767312236,2.209222713084451,0.25180556326108944,39,39,1.0,1.3469971184390002,1.7458199487782478,0.674034270983174,0.7071067811865476,-0.5,-0.5,-0.5,-1.147105097770691,simulator_service,service_success,True,,0.0019,0.0,service_success,0.0,False,False
-19.956808,13,16246.859426,False,3.6788238838120924,False,True,0.3213662459203505,unsafe_low_altitude,True,0.14421044773411196,0.0,0.9934947814366879,0.9934947814366879,0.9934947814366879,0.3213662459203505,13,13,1.0,1.7398365606705206,1.7498176801053607,0.6635236829192898,0.7071067811865476,-0.5,0.30734455585479736,0.5,1.5707963705062866,simulator_service,service_success,True,,0.0019,0.0,service_success,0.0,False,False
-26.603277,53,16285.258708,False,3.692950799587775,True,False,2.740433479990543,out_of_bounds,True,0.8017266465574444,0.0,3.888586512396386,5.430206445814054,3.888586512396386,1.1848940079824677,53,53,1.0,1.1815661860350488,1.793711581496792,0.6474145358494289,0.7071067811865476,0.5,-0.5,0.110963836312294,0.49269694089889526,simulator_service,service_success,True,,0.0023,0.0,service_success,0.0,False,False
-19.930586,13,16315.64814,False,3.1381458973653054,True,False,0.0,out_of_bounds,True,0.058011747874544446,0.0,1.5147308936143655,1.5147308936143655,1.5147308936143655,0.0,13,13,1.0,1.5422271026553078,1.7720615028135223,0.675882618009736,0.7071067811865476,0.5,0.5,-0.5,0.45767900347709656,simulator_service,service_success,True,,0.0019,0.0,service_success,0.0,False,False
-32.567757,40,16351.387847,False,3.724251974207416,True,False,2.633740003907695,out_of_bounds,True,0.6019040144846862,0.0,1.1030031246172378,4.435986581736987,1.7850035222311307,0.5457906522253809,40,40,1.0,1.648063580502972,1.793711581496792,0.7018706394429512,0.7071067811865476,-0.5,0.5,0.5,-1.5707963705062866,simulator_service,service_success,True,,0.0019,0.0,service_success,0.0,False,False
-26.217974,26,16389.889446,False,3.849304903425927,False,True,0.4496197493927594,unsafe_low_altitude,True,0.20792187819925276,0.0,1.4598050437299905,2.3751866289575436,1.4598050437299905,0.4496197493927594,26,26,1.0,1.5376468973378332,1.7090179147737437,0.6039642970570179,0.7071067811865476,-0.5,0.5,-0.43732962012290955,-0.48866355419158936,simulator_service,service_success,True,,0.0019,0.0,service_success,0.0,False,False
-21.020102,13,16420.310334,False,4.025962861926981,True,False,2.902303112845198,out_of_bounds,True,0.2649714920937543,0.0,1.037711173234342,1.037711173234342,1.037711173234342,2.054493935911905,13,13,1.0,1.498665726921409,1.7819206708780737,0.7024193965144604,0.7071067811865476,-0.4558947682380676,-0.5,0.5,1.5707963705062866,simulator_service,service_success,True,,0.0023,0.0,service_success,0.0,False,False
-20.976961,13,16450.755345,False,4.130432864188348,True,False,2.910575327212559,out_of_bounds,True,0.7495707346521834,0.0,1.663127905468212,1.663127905468212,1.663127905468212,1.7050448989099258,13,13,1.0,1.3374242405880317,1.793711581496792,0.6864366181230146,0.7071067811865476,0.5,-0.44405579566955566,0.5,0.4453510046005249,simulator_service,service_success,True,,0.0019,0.0,service_success,0.0,False,False
-18.721245,13,16486.685474,False,2.0690773582160924,False,True,0.33023733655900245,unsafe_low_altitude,True,0.7710988158551648,0.0,1.5106713554381244,1.5106713554381244,1.5106713554381244,0.33023733655900245,13,13,1.0,1.646213231820444,1.7372816783752976,0.5922234434258551,0.6207755149740606,0.20545735955238342,-0.5,-0.5,-1.496415615081787,simulator_service,service_success,True,,0.0019,0.0,service_success,0.0,False,False
-20.019836,13,16513.427809,False,3.7211949838849394,True,False,3.200560642455782,out_of_bounds,True,0.4783760918996244,0.0,1.6937653843932123,1.6937653843932123,1.6937653843932123,2.019536997609821,13,13,1.0,1.0659719479501744,1.759637696056757,0.700065312809701,0.7071067811865476,-0.5,0.35905930399894714,0.5,-1.5707963705062866,simulator_service,service_success,True,,0.0022,0.0,service_success,0.0,False,False
-21.064772,13,16540.143704,False,3.525956923677723,True,False,2.869575728677266,out_of_bounds,True,0.30643301828194425,0.0,1.6361981757064425,1.6361981757064425,1.6361981757064425,1.7395768688374558,13,13,1.0,1.3208012122875745,1.793711581496792,0.7071067811865478,0.7071067811865476,-0.5,0.5,0.5,-1.5707963705062866,simulator_service,service_success,True,,0.0035,0.0,service_success,0.0,False,False
-27.19101,66,16581.621623,False,2.1783647113333036,True,False,2.760491686022104,out_of_bounds,True,0.3839474334810608,0.0,2.2146719363458023,4.578028245728492,2.335086699468237,1.3548801506784072,66,66,1.0,1.3466240606710498,1.7326036246108825,0.6111575072486218,0.7071067811865476,0.5,0.5,-0.01686900109052658,-1.5707963705062866,simulator_service,service_success,True,,0.0036,0.0001,service_success,0.0,False,False
-16.767101,13,16612.219896,False,2.3914929213441614,True,False,3.2006019747320757,out_of_bounds,True,0.04378257288169262,0.0,1.7850634408720265,1.7850634408720265,1.7850634408720265,1.998209913870242,13,13,1.0,1.4457077925037365,1.7813940921709666,0.6948544895944846,0.7071067811865476,0.45383220911026,0.5,0.5,1.5707963705062866,simulator_service,service_success,True,,0.0019,0.0,service_success,0.0,False,False
-36.38181,65,16659.257568,False,0.9245184438782389,False,True,0.41046459331625423,unsafe_low_altitude,True,0.201783479615592,0.0,4.133147415370126,6.0226248184809394,4.133147415370126,0.41046459331625423,65,65,1.0,1.3467126451407425,1.793711581496792,0.643914802397486,0.7071067811865476,0.5,-0.5,-0.5,-1.016373634338379,simulator_service,service_success,True,,0.0019,0.0,service_success,0.0,False,False
-35.25609,40,16700.983807,False,3.281057965653126,False,True,0.43007988547347065,unsafe_low_altitude,True,0.3997183498143177,0.0,1.8069311013685312,2.8952309516331756,1.8069311013685312,0.43007988547347065,40,40,1.0,1.4108981685860393,1.7416662391842341,0.6041408503327873,0.7071067811865476,0.5,0.07702893018722534,0.5,0.7134811282157898,simulator_service,service_success,True,,0.0022,0.0,service_success,0.0,False,False
-20.736313,14,16731.810046,False,3.1632276524010616,True,False,0.18685535082940835,out_of_bounds,True,0.2459187974810598,0.0,1.3382303107673743,1.3382303107673743,1.3382303107673743,0.18685535082940835,14,14,1.0,1.5898656309011696,1.793711581496792,0.7071067811865478,0.7071067811865476,0.5,-0.5,0.5,-0.6560587882995605,simulator_service,service_success,True,,0.0022,0.0,service_success,0.0,False,False
-20.738176,13,16768.178275,False,4.902685742478948,False,True,0.3671110814560517,unsafe_low_altitude,True,0.5556223493904672,0.0,1.599120607330305,1.599120607330305,1.599120607330305,0.3671110814560517,13,13,1.0,0.8981046257994902,1.6989368038202144,0.627063734906111,0.7071067811865476,-0.5,0.5,0.5,1.4616382122039795,simulator_service,service_success,True,,0.0018,0.0,service_success,0.0,False,False
-27.023705,40,16801.792169,False,2.1195607641762533,True,False,2.8276668674652785,out_of_bounds,True,0.5248729457683694,0.0,2.825891841018193,4.391790695259163,2.825891841018193,1.4811775544257997,40,40,1.0,1.2704195114507935,1.7357243878944357,0.701825584237925,0.7071067811865476,0.5,0.5,0.0691484659910202,1.5707963705062866,simulator_service,service_success,True,,0.0022,0.0,service_success,0.0,False,False
-46.055984,105,16854.479378,False,0.9535432656629317,False,True,0.46849848182969134,unsafe_low_altitude,True,0.6305178179597893,0.0,1.3716058895713823,12.647416807920155,2.0992735829433613,0.46849848182969134,105,105,1.0,1.3420679915372051,1.793711581496792,0.6605270155648463,0.7071067811865476,-0.16092579066753387,0.5,0.5,1.4393978118896484,simulator_service,service_success,True,,0.0032,0.0,service_success,0.0,False,False
-21.730453,14,16890.938436,False,5.546752761052033,False,True,0.3738642195284271,unsafe_low_altitude,True,0.06777111100323266,0.0,1.6204580628131167,1.6204580628131167,1.6204580628131167,0.3738642195284271,14,14,1.0,1.5305160821191877,1.793711581496792,0.6215633555587429,0.7071067811865476,-0.2463761568069458,0.5,-0.5,-1.1029534339904785,simulator_service,service_success,True,,0.0038,0.0,service_success,0.0,False,False
-21.107618,54,16930.336347,False,2.0188804429541674,True,False,0.0,out_of_bounds,True,0.6477621605336799,0.0,2.2716449879428304,3.0863313038234166,2.2716449879428304,0.0,54,54,1.0,1.0827322059652789,1.7226339066286915,0.606747378995551,0.7071067811865476,-0.2508178949356079,-0.5,-0.5,0.4946475327014923,simulator_service,service_success,True,,0.0022,0.0,service_success,0.0,False,False
-56.63559,94,16978.063893,False,5.5868777196526285,True,False,0.2649476817233132,out_of_bounds,True,0.11317177056411475,0.0,2.3762100752887,10.024638842670473,2.3762100752887,0.2649476817233132,94,94,1.0,1.5052743471052932,1.793711581496792,0.6656327956715143,0.7071067811865476,-0.5,-0.19427154958248138,0.1098804920911789,1.5707963705062866,simulator_service,service_success,True,,0.0019,0.0,service_success,0.0,False,False
-20.18992,40,17014.728563,False,2.2427304750138237,True,False,3.0080033852555426,out_of_bounds,True,0.31162612996010375,0.0,2.2729217304574987,3.7705227461813235,2.2729217304574987,0.9689864571278077,40,40,1.0,1.3975816424540597,1.793711581496792,0.6443405183465175,0.7071067811865476,0.29979240894317627,-0.5,-0.017723556607961655,1.3426437377929688,simulator_service,service_success,True,,0.0018,0.0,service_success,0.0,False,False
-26.31675,27,17048.693416,False,5.478179055436133,True,False,2.6804807673824063,out_of_bounds,True,0.2948884107253835,0.0,3.307639480274883,3.75493947820427,3.307639480274883,1.3415074063624557,27,27,1.0,1.4306132010989319,1.793711581496792,0.6455720677199019,0.7071067811865476,0.1708788275718689,-0.5,0.5,1.1423354148864746,simulator_service,service_success,True,,0.0018,0.0,service_success,0.0,False,False
-36.757477,53,17088.378948,False,3.9478656724822,True,False,2.9343988297820665,out_of_bounds,True,0.7579448386682188,0.0,2.093034527756517,5.5013407386093425,2.093034527756517,0.6084690260674648,53,53,1.0,1.2622881931431975,1.793711581496792,0.6541963118693529,0.7071067811865476,0.5,0.48771578073501587,0.5,1.203338384628296,simulator_service,service_success,True,,0.0017,0.0,service_success,0.0,False,False
-21.87331,14,17119.82252,False,3.1020078967540066,True,False,2.7323552720973048,out_of_bounds,True,0.16919772333560468,0.0,2.169751071930434,2.169751071930434,2.169751071930434,1.4637094009572544,14,14,1.0,1.1950881318717177,1.7129393859646496,0.6860150901463085,0.7071067811865476,0.2510000467300415,-0.5,0.39212125539779663,1.5707963705062866,simulator_service,service_success,True,,0.0017,0.0,service_success,0.0,False,False
-30.489521,27,17153.946082,False,4.763948169506551,True,False,0.0,out_of_bounds,True,0.08420600940169132,0.0,1.5537067386226664,2.61608146252266,1.5537067386226664,0.0,27,27,1.0,1.7919499520586726,1.793711581496792,0.7025969393373314,0.7071067811865476,0.5,-0.5,-0.5,1.5707963705062866,simulator_service,service_success,True,,0.0017,0.0,service_success,0.0,False,False
-19.886654,14,17185.49988,False,4.58918335998738,True,False,3.093218971723447,out_of_bounds,True,0.2244979837635913,0.0,1.6784913781062571,1.6784913781062571,1.6784913781062571,2.0944655434961725,14,14,1.0,1.4138893876968766,1.793711581496792,0.6659263439133337,0.7071067811865476,-0.5,0.12310302257537842,-0.5,1.5707963705062866,simulator_service,service_success,True,,0.0019,0.0002,service_success,0.0,False,False
-26.32697,41,17222.461107,False,1.2688199187946094,True,False,2.790590297302634,out_of_bounds,True,0.3427670902816655,0.0,3.143922242814641,4.4349534681535925,3.143922242814641,1.7775440388167765,41,41,1.0,1.0908601247398348,1.793711581496792,0.6111019441806811,0.7071067811865476,-0.4891453981399536,-0.5,-0.410447895526886,-0.07149194180965424,simulator_service,service_success,True,,0.0017,0.0,service_success,0.0,False,False
-19.162495,28,17256.863426,False,1.4826603988515812,True,False,2.6125545920989057,out_of_bounds,True,0.7097687669663848,0.0,1.1659309028960403,1.6999107952976154,1.1659309028960403,1.5102375525105594,28,28,1.0,1.1135263920850447,1.496601379953088,0.44138853319029536,0.618796480446727,-0.36456698179244995,-0.5,0.5,-0.30026504397392273,simulator_service,service_success,True,,0.0017,0.0,service_success,0.0,False,False
-20.091013,14,17288.521899,False,2.8523028768164114,True,False,2.5268421603308164,out_of_bounds,True,0.16040026481274378,0.0,1.0522696879443545,1.0522696879443545,1.0522696879443545,1.714639052105123,14,14,1.0,1.609467726137238,1.7396967170828679,0.7071067811865478,0.7071067811865476,-0.5,-0.5,0.5,1.145253300666809,simulator_service,service_success,True,,0.0017,0.0,service_success,0.0,False,False
-31.907452,41,17325.615993,False,3.155677934008614,True,False,0.0,out_of_bounds,True,0.8445068166537709,0.0,2.878481349463857,3.9185564548982375,2.878481349463857,0.0,41,41,1.0,1.5458865004230509,1.793711581496792,0.5997510823729184,0.7071067811865476,-0.22639411687850952,0.2717442512512207,-0.5,-1.5707963705062866,simulator_service,service_success,True,,0.0017,0.0,service_success,0.0,False,False
-19.505491,14,17357.458454,False,2.6361235990366736,True,False,2.5416410220609285,out_of_bounds,True,0.025550304931862056,0.0,1.5378913439201367,1.5378913439201367,1.5378913439201367,1.5303182277941696,14,14,1.0,1.1377330697757972,1.7605174927974232,0.7007475935533607,0.7071067811865476,0.5,-0.5,0.5,-1.154663324356079,simulator_service,service_success,True,,0.0019,0.0,service_success,0.0,False,False
-22.842209,28,17391.920034,False,3.349549300864419,True,False,0.13336337256418027,out_of_bounds,True,0.5692376817652745,0.0,1.9907812431833398,2.503647109346037,1.9907812431833398,0.13336337256418027,28,28,1.0,1.1933391986683526,1.793711581496792,0.6430799325995109,0.7071067811865476,0.5,-0.5,-0.5,1.5707963705062866,simulator_service,service_success,True,,0.0017,0.0,service_success,0.0,False,False
-21.821426,14,17423.800789,False,6.531094603805654,True,False,0.26814109540134873,out_of_bounds,True,0.5667663763422318,0.0,2.273188831408668,2.273188831408668,2.273188831408668,0.26814109540134873,14,14,1.0,1.4766303567846344,1.793711581496792,0.7071067811865478,0.7071067811865476,0.5,-0.5,-0.5,-0.7710734009742737,simulator_service,service_success,True,,0.0017,0.0,service_success,0.0,False,False
-21.598186,14,17455.640949,False,4.545644193873918,True,False,0.0,out_of_bounds,True,0.675940770187895,0.0,1.2334948189770745,1.2334948189770745,1.2334948189770745,0.0,14,14,1.0,1.700270809929213,1.7536615245753338,0.5737392547275613,0.7071067811865476,0.5,-0.3285232186317444,-0.5,-1.5707963705062866,simulator_service,service_success,True,,0.0016,0.0,service_success,0.0,False,False
-20.9455,28,17490.179424,False,1.675075314417323,True,False,0.0,out_of_bounds,True,0.6620697637233031,0.0,1.7396979344421557,2.5861654548434325,1.7396979344421557,0.0,28,28,1.0,1.4656637456902732,1.7927785726527996,0.6919937152167793,0.7071067811865476,0.5,-0.5,0.5,0.4819048345088959,simulator_service,service_success,True,,0.0018,0.0001,service_success,0.0,False,False
-21.039938,14,17522.119553,False,3.844057784278912,True,False,2.780374468526772,out_of_bounds,True,0.655699671849035,0.0,1.307607770883502,1.307607770883502,1.307607770883502,1.5209045706653634,14,14,1.0,1.409724693205058,1.5761865734202967,0.7071067811865478,0.7071067811865476,0.5,0.5,0.5,-1.3169525861740112,simulator_service,service_success,True,,0.0016,0.0,service_success,0.0,False,False
-20.427153,14,17553.951015,False,4.460582064488352,True,False,3.122497605429367,out_of_bounds,True,0.6154031675498295,0.0,1.473255227257745,1.473255227257745,1.473255227257745,1.899538071691381,14,14,1.0,1.7591770967746345,1.793711581496792,0.7071067811865478,0.7071067811865476,-0.5,-0.5,0.5,-1.5707963705062866,simulator_service,service_success,True,,0.0017,0.0,service_success,0.0,False,False
-35.328102,41,17591.677119,False,3.9758658138578813,True,False,0.029714929741871027,out_of_bounds,True,0.6996695963277036,0.0,2.170227961803333,4.505422412822382,2.210408385229503,0.029714929741871027,41,41,1.0,1.503297761914501,1.793711581496792,0.6883616917821714,0.7071067811865476,0.5,0.5,-0.5,-0.7209180593490601,simulator_service,service_success,True,,0.0017,0.0,service_success,0.0,False,False
-21.167082,14,17623.66068,False,4.863238124190518,True,False,2.6758964675326404,out_of_bounds,True,0.7031844765007589,0.0,1.0404386070989358,1.0404386070989358,1.0404386070989358,1.8573460622658546,14,14,1.0,1.1350838393000393,1.793711581496792,0.5897757787317882,0.7071067811865476,0.5,-0.5,0.5,1.5707963705062866,simulator_service,service_success,True,,0.0018,0.0001,service_success,0.0,False,False
-92.46013,190,17692.424657,False,2.111439844260683,True,False,3.332038951778295,out_of_bounds,True,0.5644390322036689,0.0,3.756025154462337,19.518851294671062,4.406830683245175,0.5819204014200338,190,190,1.0,1.3496473658535324,1.793711581496792,0.6565799041877485,0.7071067811865476,-0.5,0.5,0.5,-1.5707963705062866,simulator_service,service_success,True,,0.0016,0.0,service_success,0.0,False,False
-71.090195,96,17741.466686,False,4.305116909972968,True,False,3.0779856970474753,out_of_bounds,True,0.16866771408329498,0.0,3.915437588155655,10.163501951098974,3.915437588155655,0.7589404013881691,96,96,1.0,1.6472632702026917,1.793711581496792,0.6188382303567125,0.7071067811865476,-0.5,-0.5,0.5,1.4467182159423828,simulator_service,service_success,True,,0.0016,0.0,service_success,0.0,False,False
-18.824844,14,17773.652774,False,2.7676088484531602,True,False,2.853490678994686,out_of_bounds,True,0.8128887031172888,0.0,1.9039288532223304,1.9039288532223304,1.9039288532223304,1.5548408796604345,14,14,1.0,1.6263100374454245,1.793711581496792,0.5926344522971864,0.7071067811865476,0.08262068033218384,0.5,0.5,1.3211551904678345,simulator_service,service_success,True,,0.0016,0.0,service_success,0.0,False,False
-33.655273,41,17808.641315,False,2.907619657300767,True,False,0.0023803181488210386,out_of_bounds,True,0.8461797302457743,0.0,2.3430281083225126,3.630349249539375,2.3430281083225126,0.0023803181488210386,41,41,1.0,1.551429393578742,1.793711581496792,0.6619058052670564,0.7071067811865476,0.05621063709259033,-0.5,0.5,-1.5707963705062866,simulator_service,service_success,True,,0.0016,0.0,service_success,0.0,False,False
-42.363052,110,17860.721109,False,2.1644723445923,True,False,2.8108750474060904,out_of_bounds,True,0.9805182251793553,0.0,2.6364844768596334,13.308063824994141,5.10802786416344,0.5136008450771848,110,110,1.0,1.282643563281138,1.793711581496792,0.6355171566639453,0.7071067811865476,-0.028906315565109253,0.5,0.26837897300720215,-0.33485084772109985,simulator_service,service_success,True,,0.0028,0.0,service_success,0.0,False,False
-20.42388,14,17893.019762,False,4.85734820265588,True,False,3.288022162527335,out_of_bounds,True,0.28936463274830154,0.0,1.6057758624035423,1.6057758624035423,1.6057758624035423,2.0396321536160134,14,14,1.0,1.5959475001844399,1.793711581496792,0.6875113785299617,0.7071067811865476,-0.5,-0.5,0.5,1.5707963705062866,simulator_service,service_success,True,,0.0016,0.0,service_success,0.0,False,False
-27.606041,28,17928.250613,False,3.9748694462492775,True,False,2.505837163024265,out_of_bounds,True,0.22066176534431634,0.0,2.9972669627428847,3.616900265899682,2.9972669627428847,1.1275661238983603,28,28,1.0,1.6343526279105907,1.793711581496792,0.6406484146468026,0.7071067811865476,0.5,-0.034586042165756226,0.5,1.5707963705062866,simulator_service,service_success,True,,0.0016,0.0,service_success,0.0,False,False
-44.463264,83,17974.933792,False,5.411186986694528,True,False,2.16438086924365,out_of_bounds,True,0.7948915592963042,0.0,8.343773700401615,11.039995582803677,8.343773700401615,0.758037948112094,83,83,1.0,1.1759638609896157,1.793711581496792,0.6688881777496083,0.7071067811865476,-0.5,0.5,0.5,1.5707963705062866,simulator_service,service_success,True,,0.0015,0.0,service_success,0.0,True,False
-62.918316,96,18030.373652,False,2.6306066957109215,False,True,0.49597666969780335,unsafe_low_altitude,True,0.6012564479379816,0.0,2.136331106974388,11.327670529517654,3.3474768992715584,0.49597666969780335,96,96,1.0,1.372093586911727,1.793711581496792,0.6759596167137198,0.7071067811865476,0.5,-0.16921956837177277,-0.5,-0.8442280888557434,simulator_service,service_success,True,,0.0016,0.0,service_success,0.0,False,False
-31.590223,125,18085.93259,False,2.0156317065210385,True,False,3.3993005871599578,out_of_bounds,True,0.38238877159417556,0.0,2.271287625858507,11.142044674648474,2.7516684183049867,0.7661245474136308,125,125,1.0,1.2279693852951514,1.793711581496792,0.5451047811708903,0.7071067811865476,-0.5,0.5,0.2998296618461609,0.8082282543182373,simulator_service,service_success,True,,0.0019,0.0,service_success,0.0,False,False
-28.242403,28,18118.35652,False,4.087245175728537,True,False,2.837063021234282,out_of_bounds,True,0.6591192775503232,0.0,2.337556256137548,2.899498553262601,2.337556256137548,1.918369455253502,28,28,1.0,1.095060729862047,1.793711581496792,0.6348439878739708,0.7071067811865476,0.5,0.31727537512779236,-0.5,0.2874089479446411,simulator_service,service_success,True,,0.0015,0.0,service_success,0.0,False,False
-58.337776,70,18162.598273,False,4.867197323492188,True,False,2.8286562161839557,out_of_bounds,True,0.1599121249664299,0.0,1.774484213868156,7.609510589557369,2.5051858460090144,0.567411800594203,70,70,1.0,1.614767509923733,1.793711581496792,0.6495652765415398,0.7071067811865476,-0.5,0.5,-0.5,0.1478271186351776,simulator_service,service_success,True,,0.0028,0.0,service_success,0.0,False,False
-26.23841,28,18195.329139,False,5.137511354559021,True,False,2.080542223193414,out_of_bounds,True,0.10914459500985244,0.0,2.4216769990111775,2.7667153970706377,2.4216769990111775,0.7234458972578858,28,28,1.0,1.2303638321796544,1.793711581496792,0.650928408723337,0.7071067811865476,-0.5,-0.5,0.5,0.4838237166404724,simulator_service,service_success,True,,0.0015,0.0,service_success,0.0,True,False
-40.712852,127,18251.389225,False,2.6479997214986057,True,False,3.6731272307910627,out_of_bounds,True,0.959478617143542,0.0,4.057773225884803,12.782983416617817,4.057773225884803,0.7078821117430013,127,127,1.0,1.400214977218936,1.793711581496792,0.6795050332811214,0.7071067811865476,-0.4026165306568146,-0.5,0.5,1.5707963705062866,simulator_service,service_success,True,,0.0028,0.0,service_success,0.0,False,False
-46.725006,99,18298.55192,False,5.11468348942176,True,False,0.0,out_of_bounds,True,0.4350467987812864,0.0,3.704595090688952,9.488818351182104,3.131369324295223,1.24502022198774,98,98,1.0,1.2667905834471103,1.793711581496792,0.6874182586957175,0.7071067811865476,0.5,-0.5,-0.5,0.27196285128593445,simulator_service,service_success,True,,0.0015,0.0,service_success,0.0,False,False
-30.319529,43,18337.235033,False,4.079231662094731,True,False,3.557688918320282,out_of_bounds,True,0.04477193292525485,0.0,2.6512535883304196,3.634232170832889,2.6512535883304196,0.9805287348896556,43,43,1.0,1.4826255359322353,1.793711581496792,0.6435419921058284,0.7071067811865476,0.5,0.5,0.5,-1.5707963705062866,simulator_service,service_success,True,,0.0029,0.0,service_success,0.0,False,False
-18.566307,15,18370.244302,False,3.4438533516807652,True,False,2.9221800526601887,out_of_bounds,True,0.48815449323410887,0.0,1.817843346033415,1.817843346033415,1.817843346033415,1.7696322188392204,15,15,1.0,1.388494236922219,1.793711581496792,0.7071067811865478,0.7071067811865476,0.5,0.5,-0.5,-0.04080352187156677,simulator_service,service_success,True,,0.0015,0.0,service_success,0.0,False,False
-22.51615,28,18411.618928,False,3.1464585741716333,False,True,0.3791102633759505,unsafe_low_altitude,True,0.026297866133271793,0.0,1.5262064451975228,1.816200372911976,1.5262064451975228,0.3791102633759505,28,28,1.0,1.1347893539652698,1.793711581496792,0.5951987647195705,0.7071067811865476,0.07355599850416183,-0.5,-0.12155378609895706,0.2857268452644348,simulator_service,service_success,True,,0.0015,0.0,service_success,0.0,False,False
-40.49933,57,18453.363314,False,4.292039722626028,True,False,0.2973245787076866,out_of_bounds,True,0.4764322452599213,0.0,4.538080367381627,7.471781342506883,4.538080367381627,0.2973245787076866,57,57,1.0,1.4824720849344402,1.793711581496792,0.6717084675183724,0.7071067811865476,-0.5,0.5,-0.5,1.5707963705062866,simulator_service,service_success,True,,0.0018,0.0,service_success,0.0,False,False
-28.374254,43,18495.112269,False,3.0227029467411146,False,True,0.4379990370273869,unsafe_low_altitude,True,0.23577414901322702,0.0,1.4846984295614836,4.276606465271085,1.6540889673401,0.4379990370273869,43,43,1.0,1.4186827538666384,1.793711581496792,0.5997810427892016,0.7071067811865476,0.30204981565475464,0.5,-0.5,-1.5707963705062866,simulator_service,service_success,True,,0.0015,0.0,service_success,0.0,False,False
-26.320023,57,18536.935154,False,1.568678660166951,True,False,2.827722849129816,out_of_bounds,True,0.2095684339319504,0.0,2.270892152613917,6.627136192496758,2.46604642687175,0.5694308618192514,57,57,1.0,1.2670637380534393,1.793711581496792,0.6420209032477344,0.7071067811865476,-0.5,0.5,0.5,-1.5707963705062866,simulator_service,service_success,True,,0.0032,0.0,service_success,0.0,False,False
-28.208626,28,18572.755007,False,5.876049167334017,True,False,0.7524730829021548,out_of_bounds,True,0.8201616452386308,0.0,2.1813548836740053,2.821978848684794,2.1813548836740053,0.7524730829021548,28,28,1.0,1.7896478952770656,1.793711581496792,0.6956662329771282,0.7071067811865476,0.5,0.5,0.5,1.5707963705062866,simulator_service,service_success,True,,0.0015,0.0,service_success,0.0,False,False
0.5501423,71,18700.671082,True,0.3958793429937144,False,False,1.304786018942042,success,True,0.15135615307271927,1.5135615307271926,2.878580158165474,7.2583170990646675,2.878580158165474,0.9435284469792099,71,71,1.0,1.2432642216797936,1.793711581496792,0.6685594655506669,0.7071067811865476,-0.5,-0.13891342282295227,-0.5,-0.27046728134155273,simulator_service,service_success,True,,0.0015,0.0,service_success,0.0,False,False
-21.61672,15,18730.923223,False,3.283940587345869,True,False,2.991259442321785,out_of_bounds,True,0.5429156973759084,0.0,2.12258228545911,2.12258228545911,2.12258228545911,1.6477124745218203,15,15,1.0,1.5241146270469685,1.793711581496792,0.6247687275311858,0.7071067811865476,-0.035542070865631104,0.5,0.5,-1.0584843158721924,simulator_service,velocity_timeout_service_fallback,True,,0.0023,0.0,service_success_after_velocity_timeout,0.0,False,False
-17.46232,14,18761.234004,False,1.6084561774861483,True,False,0.269609418047976,out_of_bounds,True,0.2630168764863983,0.0,1.4766030313245955,1.4766030313245955,1.4766030313245955,0.269609418047976,14,14,1.0,1.095195978824737,1.3176399415041609,0.5885144975276815,0.7071067811865476,0.5,0.5,-0.5,0.9930634498596191,simulator_service,service_success,True,,0.0026,0.0,service_success,0.0,False,False
-21.261177,14,18794.424102,False,3.1093307064351836,True,False,0.20678001980170546,out_of_bounds,True,0.1839495121255661,0.0,1.860030620292006,1.860030620292006,1.860030620292006,0.20678001980170546,14,14,1.0,1.7937115814967928,1.793711581496792,0.7071067811865478,0.7071067811865476,-0.5,0.5,0.5,-1.5707963705062866,simulator_service,service_success,True,,0.0026,0.0,service_success,0.0,False,False
-29.419125,71,18839.422986,False,3.473479114595591,True,False,0.0,out_of_bounds,True,0.8237842110572168,0.0,2.068334190463575,5.992344741049635,2.068334190463575,0.0,71,71,1.0,1.488443699232274,1.793711581496792,0.6875502227313284,0.7071067811865476,0.5,0.5,-0.5,1.2104485034942627,simulator_service,service_success,True,,0.0014,0.0,service_success,0.0,False,False
-40.452095,56,18881.519537,False,5.481254260956074,True,False,0.0,out_of_bounds,True,0.6003504121905433,0.0,4.813149793169568,4.541869005258911,4.1382877239836695,0.9497138272957556,55,55,1.0,1.4544883173278516,1.793711581496792,0.6481535628660501,0.7071067811865476,0.5,-0.5,-0.5,1.5707963705062866,simulator_service,service_success,True,,0.0016,0.0,service_success,0.0,False,False
-18.52908,14,18915.018417,False,2.214057151560235,True,False,0.0,out_of_bounds,True,0.5512284677129331,0.0,1.570483556781714,1.570483556781714,1.570483556781714,0.0,14,14,1.0,1.332636297818589,1.7930661981800442,0.7062874098840543,0.7071067811865476,0.5,-0.49767976999282837,-0.5,1.5707963705062866,simulator_service,service_success,True,,0.0014,0.0,service_success,0.0,False,False
-47.462868,71,18960.124978,False,2.995340262993868,True,False,2.6104778601155765,out_of_bounds,True,0.8679380351576779,0.0,2.5243590995415524,7.5361650715262005,2.8338615806722682,0.5135899800283565,71,71,1.0,1.489007711269613,1.793711581496792,0.6417675506317236,0.7071067811865476,-0.5,-0.3436751365661621,-0.017507843673229218,-1.5707963705062866,simulator_service,service_success,True,,0.0016,0.0,service_success,0.0,False,False
-20.018198,15,18993.727736,False,2.9373347556807197,True,False,2.7345884635373543,out_of_bounds,True,0.30144731604634833,0.0,1.4574598316057903,1.4574598316057903,1.4574598316057903,1.9057442726076657,15,15,1.0,1.38217176156881,1.793711581496792,0.7071067811865478,0.7071067811865476,0.5,-0.5,0.5,-0.2905617952346802,simulator_service,service_success,True,,0.0014,0.0,service_success,0.0,False,False
-20.508072,15,19027.342345,False,3.7292392420625653,True,False,0.292330344157228,out_of_bounds,True,0.0687621448268339,0.0,1.6897067012751663,0.0,0.0,1.1446634748227313,14,14,1.0,1.2395753798349567,1.793711581496792,0.6902007301539878,0.7071067811865476,0.5,0.5,0.5,1.5707963705062866,simulator_service,service_success,True,,0.0014,0.0,service_success,0.0,False,False
-42.564598,43,19066.862741,False,6.4305638857494625,True,False,0.18144901838901595,out_of_bounds,True,0.47158905966952813,0.0,2.8105876662170743,4.713692389445876,2.8105876662170743,0.18144901838901595,43,43,1.0,1.6232150543740933,1.793711581496792,0.6874964655067421,0.7071067811865476,0.5,0.5,-0.5,1.5707963705062866,simulator_service,service_success,True,,0.0014,0.0,service_success,0.0,False,False
-20.250221,43,19103.511272,False,1.4873533966030779,True,False,2.633739640202597,out_of_bounds,True,0.11813441207501338,0.0,1.3300049052942635,2.6645037540563563,1.542248183940165,1.5103654859207907,43,43,1.0,1.5710699543721622,1.793711581496792,0.6113066122257809,0.7071067811865476,0.5,0.5,-0.5,1.5707963705062866,simulator_service,service_success,True,,0.0014,0.0,service_success,0.0,False,False
-32.578785,72,19149.166306,False,2.6579544846424796,True,False,2.9253274779320018,out_of_bounds,True,0.7424747280376868,0.0,2.7396064354847276,5.128332116749462,2.7396064354847276,1.1489407475888072,72,72,1.0,1.4891427447873802,1.793711581496792,0.6892048391651523,0.7071067811865476,0.5,-0.41412895917892456,-0.5,0.6903924942016602,simulator_service,service_success,True,,0.0025,0.0,service_success,0.0,False,False
-92.43083,173,19215.782641,False,4.883638037136864,True,False,2.827850657953836,out_of_bounds,True,0.1437266340857842,0.0,2.2713271999791105,20.79225417634167,3.2080164968428826,0.7960071354110773,173,173,1.0,1.5457183513791712,1.793711581496792,0.677151412783527,0.7071067811865476,-0.5,-0.5,0.5,1.5707963705062866,simulator_service,service_success,True,,0.0014,0.0,service_success,0.0,False,False
-19.073605,15,19249.698175,False,3.1735204914221833,True,False,2.5287994700289222,out_of_bounds,True,0.3276900304850931,0.0,0.7825633302200645,0.7825633302200645,0.7825633302200645,1.9423523621665835,15,15,1.0,1.1553560139620394,1.7226157670438453,0.42289088214864085,0.6825299814163357,-0.24349460005760193,-0.13163909316062927,-0.03171967715024948,0.30019909143447876,simulator_service,service_success,True,,0.0014,0.0,service_success,0.0,False,False
-27.44107,44,19289.676785,False,3.0951790010527316,True,False,2.7677874075093736,out_of_bounds,True,0.07348991290102147,0.0,2.6413037762855023,4.505394962192651,2.884168179562215,1.5308284748587417,44,44,1.0,1.623761367253374,1.793711581496792,0.6781507044761957,0.7071067811865476,0.5,0.5,-0.24383096396923065,-1.5707963705062866,simulator_service,service_success,True,,0.0013,0.0,service_success,0.0,False,False
-36.17289,72,19332.536708,False,3.1796936440849435,True,False,2.97934236433626,out_of_bounds,True,0.5245977643834752,0.0,5.116758954889983,7.056852925470669,5.116758954889983,1.491522777222635,72,72,1.0,1.5270912326548245,1.793711581496792,0.6201943967404022,0.7071067811865476,0.5,-0.5,-0.5,-0.9839174747467041,simulator_service,service_success,True,,0.0014,0.0,service_success,0.0,False,False
-24.79699,30,19369.577875,False,3.2264135261172875,True,False,0.0,out_of_bounds,True,0.17193083928070677,0.0,2.1425232255908804,2.7675770523114895,2.1425232255908804,0.0,30,30,1.0,0.9024009000002,1.0402482998101426,0.6684755800958054,0.7071067811865476,-0.5,-0.5,-0.5,-0.06040436774492264,simulator_service,service_success,True,,0.0025,0.0,service_success,0.0,False,False
-36.07299,102,19421.683082,False,2.8186512552602903,True,False,3.251101437304796,out_of_bounds,True,0.5337837468630862,0.0,2.306538889663022,9.85060443130807,2.712429882839835,0.6448837896611297,102,102,1.0,1.333522366660136,1.793711581496792,0.625311772754189,0.7071067811865476,0.4402766823768616,-0.5,0.5,0.12306767702102661,simulator_service,service_success,True,,0.0015,0.0,service_success,0.0,False,False
-28.692474,59,19464.786869,False,1.1607350242267647,True,False,2.6255915173911304,out_of_bounds,True,0.6280395998265373,0.0,4.351105408350584,5.780916260474629,4.351105408350584,1.1922023590356858,59,59,1.0,1.290131802480689,1.793711581496792,0.6632159824524296,0.7071067811865476,0.09742993116378784,0.5,0.5,1.5707963705062866,simulator_service,service_success,True,,0.0013,0.0,service_success,0.0,False,False
-22.789906,15,19498.974478,False,3.68770015086276,True,False,2.5335478085237173,out_of_bounds,True,0.704124138677945,0.0,1.9257433747197699,1.9257433747197699,1.9257433747197699,1.1699916784230906,15,15,1.0,1.793711581496793,1.793711581496792,0.7071067811865478,0.7071067811865476,-0.5,-0.5,0.5,-1.5707963705062866,simulator_service,service_success,True,,0.0013,0.0,service_success,0.0,False,False
-76.05468,200,19651.5617,False,3.812584473105532,False,False,1.367616662272004,max_steps,True,0.1594063848507174,0.0,2.8205684333114323,19.089434901870277,3.6138866130623244,0.8524100838396802,200,200,1.0,1.3967731496966433,1.793711581496792,0.6247928398543283,0.7071067811865476,0.4802260398864746,-0.17641614377498627,0.5,-1.5707963705062866,simulator_service,service_success,True,,0.0013,0.0,service_success,0.0,False,False
-17.685934,15,19685.772849,False,1.6207957545116662,True,False,0.0,out_of_bounds,True,0.8149483722058036,0.0,1.311478482918585,1.311478482918585,1.311478482918585,0.0,15,15,1.0,1.4515592134460116,1.685462555837328,0.4248979584686262,0.5090569235831046,0.09559786319732666,-0.5,-0.5,0.9451391696929932,simulator_service,velocity_timeout_service_fallback,True,,0.0015,0.0,service_success_after_velocity_timeout,0.0,False,False
-22.876469,15,19720.167588,False,4.140126800372839,True,False,3.1373000901031523,out_of_bounds,True,0.8371058414885061,0.0,1.4843007225501086,1.4843007225501086,1.4843007225501086,2.044053689385383,15,15,1.0,1.5242145605275585,1.793711581496792,0.6440371251986294,0.7071067811865476,0.22776353359222412,0.5,0.5,0.8381255269050598,simulator_service,service_success,True,,0.0013,0.0,service_success,0.0,False,False
-32.78431,58,19763.644374,False,5.662526433118936,True,False,3.082707286078602,out_of_bounds,True,0.11915479337635955,0.0,4.717537834430636,6.534338696097944,4.717537834430636,1.1914105731388804,58,58,1.0,1.3587501160825861,1.793711581496792,0.6428365944437071,0.7071067811865476,-0.5,0.5,0.5,1.5707963705062866,simulator_service,service_success,True,,0.0013,0.0,service_success,0.0,False,False
-25.608297,30,19801.081316,False,3.356445217042672,True,False,3.0188616827804875,out_of_bounds,True,0.7956289815499288,0.0,1.5216239672569458,1.7248066392334729,1.5216239672569458,2.049488745207114,30,30,1.0,1.236371911113717,1.7279055524417564,0.632746968939941,0.7071067811865476,-0.5,0.1351161003112793,0.5,1.5707963705062866,simulator_service,service_success,True,,0.0013,0.0,service_success,0.0,False,False
-21.979284,30,19838.576299,False,2.3991566229531274,True,False,2.6654473926784594,out_of_bounds,True,0.8446743708302199,0.0,2.329495228248645,2.9143717029978506,2.329495228248645,1.9183078519769186,30,30,1.0,1.3624661326035472,1.7293993526511924,0.5672204957589808,0.7071067811865476,-0.1164197027683258,-0.31341519951820374,0.5,1.5707963705062866,simulator_service,service_success,True,,0.0013,0.0,service_success,0.0,False,False
-40.804306,59,19882.155052,False,2.3990726443392654,True,False,0.0,out_of_bounds,True,0.2279522728336108,0.0,2.923786472320793,6.212831402426479,2.923786472320793,0.0,59,59,1.0,1.5489474906569476,1.793711581496792,0.6617459893632488,0.7071067811865476,0.5,-0.5,-0.5,-1.1414027214050293,simulator_service,service_success,True,,0.0013,0.0,service_success,0.0,False,False
-21.66419,15,19916.842187,False,3.505177339849869,True,False,3.1304822789928903,out_of_bounds,True,0.2227658260684176,0.0,2.013008293803109,2.013008293803109,2.013008293803109,1.7449754052577688,15,15,1.0,1.1723936797765966,1.793711581496792,0.6631785710754923,0.7071067811865476,-0.5,-0.5,0.5,-0.7246357202529907,simulator_service,service_success,True,,0.0015,0.0,service_success,0.0,False,False
-32.946266,73,19963.271145,False,3.3008794434369384,True,False,0.6829094660004161,out_of_bounds,True,0.5760818857275277,0.0,3.996231490474207,7.804411817694705,3.996231490474207,0.6218936306456769,73,73,1.0,1.4224733893658308,1.793711581496792,0.6306655497447332,0.7071067811865476,-0.5,0.5,-0.5,0.9461086392402649,simulator_service,service_success,True,,0.0013,0.0,service_success,0.0,False,False
-52.53781,88,20013.024662,False,5.643986917879564,True,False,0.0,out_of_bounds,True,0.2386240798274551,0.0,3.425576135876193,8.976318891318412,3.425576135876193,0.0,88,88,1.0,1.4143117529454008,1.793711581496792,0.5987351357267325,0.7071067811865476,0.5,0.5,-0.5,-1.5707963705062866,simulator_service,service_success,True,,0.0013,0.0,service_success,0.0,False,False
-20.63254,15,20047.948357,False,2.747212157798114,True,False,3.06382028889914,out_of_bounds,True,0.46357421286244155,0.0,1.8563649160276816,1.8563649160276816,1.8563649160276816,1.9243195461049163,15,15,1.0,1.4751379642019105,1.793711581496792,0.5972755899157067,0.7071067811865476,-0.5,0.5,0.5,-0.6645538210868835,simulator_service,service_success,True,,0.0014,0.0001,service_success,0.0,False,False
-46.320213,59,20091.83316,False,5.354111160285584,True,False,3.2605369740275933,out_of_bounds,True,0.010331052524844295,0.0,2.5355319613507645,4.233489502784621,2.5355319613507645,1.424998094127518,59,59,1.0,1.537710656731681,1.793711581496792,0.6767285765789529,0.7071067811865476,0.45437711477279663,-0.2522704303264618,0.5,-1.5707963705062866,simulator_service,service_success,True,,0.0012,0.0,service_success,0.0,False,False
-19.858395,15,20126.573236,False,3.1745549425279345,True,False,3.2516084485805203,out_of_bounds,True,0.1894286844493389,0.0,1.4875141353632086,1.4875141353632086,1.4875141353632086,1.8840722314630134,15,15,1.0,1.3262186179447384,1.793711581496792,0.6108100464177579,0.7071067811865476,-0.5,0.5,0.5,1.5707963705062866,simulator_service,service_success,True,,0.0013,0.0,service_success,0.0,False,False
-18.168821,15,20158.343923,False,2.403027370367309,True,False,3.2765198533592583,out_of_bounds,True,0.4287983480996523,0.0,2.2104845861352453,2.2104845861352453,2.2104845861352453,1.8693929977235202,15,15,1.0,1.3636365231946075,1.7428507883332707,0.6317422185398344,0.7071067811865476,0.5,-0.5,0.5,0.3396510183811188,simulator_service,service_success,True,,0.0012,0.0,service_success,0.0,False,False
-74.18976,147,20220.767703,False,3.2446706712453204,True,False,0.2270481788251598,out_of_bounds,True,0.0122191582657136,0.0,6.805484031312839,16.52682650703511,6.805484031312839,0.2270481788251598,147,147,1.0,1.4163044619095473,1.793711581496792,0.6740284396761628,0.7071067811865476,-0.5,-0.5,0.0588240884244442,-0.8023961782455444,simulator_service,service_success,True,,0.0023,0.0,service_success,0.0,False,False
-28.84002,60,20268.096929,False,2.9253361416025982,False,True,0.4783605098482695,unsafe_low_altitude,True,0.9847526351434879,0.0,1.7662205900824979,6.10831490660567,1.9776582013262396,0.4783605098482695,60,60,1.0,1.4426873115877925,1.793711581496792,0.6541928030963654,0.7071067811865476,0.02115960419178009,-0.5,-0.2583261728286743,-1.5707963705062866,simulator_service,service_success,True,,0.0012,0.0,service_success,0.0,False,False
-20.449873,15,20303.139962,False,4.331648485693005,True,False,2.892895346453542,out_of_bounds,True,0.3628245575406072,0.0,1.478069706617453,1.478069706617453,1.478069706617453,1.7041644702269259,15,15,1.0,1.749310027462234,1.793711581496792,0.6366818764228556,0.7071067811865476,0.33196255564689636,0.5,0.24988245964050293,-1.5707963705062866,simulator_service,service_success,True,,0.0027,0.0,service_success,0.0,False,False
-36.875458,60,20347.401639,False,5.501245923408018,True,False,2.651468466107846,out_of_bounds,True,0.08794697125106707,0.0,4.282840726932839,5.819613965927504,4.282840726932839,1.2981490112561103,60,60,1.0,1.5255569328493117,1.793711581496792,0.6901884973294634,0.7071067811865476,-0.2835848331451416,-0.5,-0.5,-1.5707963705062866,simulator_service,service_success,True,,0.0012,0.0,service_success,0.0,False,False
-17.533615,15,20382.512685,False,1.5444199514247767,True,False,2.834865000100202,out_of_bounds,True,0.9898190252318783,0.0,2.419792966591257,2.419792966591257,2.419792966591257,1.4221032227188068,15,15,1.0,1.6246938707853749,1.793711581496792,0.7071067811865478,0.7071067811865476,0.5,-0.5,0.5,-1.5707963705062866,simulator_service,service_success,True,,0.0012,0.0,service_success,0.0,False,False
-18.363516,15,20414.456833,False,2.4672045777455818,True,False,2.596029464415812,out_of_bounds,True,0.8880534483732369,0.0,2.1035974433778337,2.1035974433778337,2.1035974433778337,1.166501808130799,15,15,1.0,1.2198766256053284,1.793711581496792,0.5967526418314701,0.7071067811865476,0.5,0.5,0.5,-1.5707963705062866,simulator_service,service_success,True,,0.0012,0.0,service_success,0.0,False,False
-39.048607,61,20458.977143,False,2.696706865448763,True,False,0.24391197208551718,out_of_bounds,True,0.6208858334981527,0.0,2.1637081389125536,5.19891757299445,2.1637081389125536,0.24391197208551718,61,61,1.0,1.421998577565557,1.793711581496792,0.6156602614084306,0.7071067811865476,0.5,0.19240882992744446,-0.5,1.5707963705062866,simulator_service,service_success,True,,0.0023,0.0,service_success,0.0,False,False
-20.003613,15,20494.150716,False,3.1705141632670215,True,False,0.17657025909101767,out_of_bounds,True,0.3699083748736004,0.0,1.0633384506608006,1.0633384506608006,1.0633384506608006,0.17657025909101767,15,15,1.0,1.793711581496793,1.793711581496792,0.7071067811865478,0.7071067811865476,-0.5,0.5,0.5,1.5707963705062866,simulator_service,service_success,True,,0.0012,0.0,service_success,0.0,False,False
-19.367226,15,20529.441972,False,2.5665478101159103,True,False,0.2524700139264063,out_of_bounds,True,0.9035907535047586,0.0,1.5911368232813121,1.5911368232813121,1.5911368232813121,0.2524700139264063,15,15,1.0,1.261479977468005,1.5496801679851726,0.6380969579019878,0.7071067811865476,0.5,0.5,-0.03926542401313782,0.4827675223350525,simulator_service,service_success,True,,0.0012,0.0,service_success,0.0,False,False
-18.45153,15,20571.039967,False,2.3996433318434356,False,True,0.3085431981906668,unsafe_low_altitude,True,0.007102186521091568,0.0,1.4812927026979865,1.4812927026979865,1.4812927026979865,0.3085431981906668,15,15,1.0,1.5248616514293232,1.793711581496792,0.7071067811865478,0.7071067811865476,0.5,0.5,-0.5,1.4777626991271973,simulator_service,service_success,True,,0.0012,0.0,service_success,0.0,False,False
-63.969013,150,20634.279855,False,6.231624060324319,True,False,2.673227706441112,out_of_bounds,True,0.354497540841004,0.0,3.8264575257599454,15.204041050040937,3.8264575257599454,0.5744091059027712,150,150,1.0,1.4249759963376734,1.793711581496792,0.6145366470118251,0.7071067811865476,0.5,0.5,0.5,1.5707963705062866,simulator_service,service_success,True,,0.0014,0.0,service_success,0.0,False,False
-20.81775,15,20669.698293,False,5.409290773477132,True,False,2.6516245795145195,out_of_bounds,True,0.3413444567142042,0.0,1.9022517437110285,0.0,0.0,1.6173982978195829,14,14,1.0,1.7683312138557896,1.793711581496792,0.7071067811865478,0.7071067811865476,0.5,-0.5,0.010483600199222565,1.5707963705062866,simulator_service,service_success,True,,0.0012,0.0,service_success,0.0,False,False
-48.799553,105,20729.939534,False,1.162136204073569,False,True,0.36779853152148784,unsafe_low_altitude,True,0.4700466233083016,0.0,3.4426092297630015,12.656265992475,4.2786944576870445,0.36779853152148784,105,105,1.0,1.3227255424488031,1.793711581496792,0.6741114998109344,0.7071067811865476,0.5,0.5,-0.34414443373680115,0.9365931749343872,simulator_service,service_success,True,,0.0012,0.0,service_success,0.0,False,False
-30.006159,31,20774.856857,False,3.966409730569876,False,True,0.47018927831450014,unsafe_low_altitude,True,0.6443351384662184,0.0,1.5076425408511935,3.045342002371438,1.5076425408511935,0.47018927831450014,31,31,1.0,1.2349438122734064,1.793711581496792,0.7004825757103822,0.7071067811865476,0.5,-0.5,-0.5,1.5707963705062866,simulator_service,service_success,True,,0.0014,0.0,service_success,0.0,False,False
-33.88406,61,20819.716082,False,3.2828302385688644,True,False,2.9000384643498944,out_of_bounds,True,0.8096971430048916,0.0,2.9865303715703573,7.166164239858889,3.2444537232516586,1.280021948073894,61,61,1.0,1.4457890349666924,1.793711581496792,0.6426498365081496,0.7071067811865476,-0.2,0.5,-0.5,1.5707963705062866,simulator_service,service_success,True,,0.0014,0.0,service_success,0.0,False,True
-39.01963,45,20861.516161,False,6.2055938822286745,True,False,3.230257745664791,out_of_bounds,True,0.0622283393492652,0.0,3.4205486167839214,4.1944857953191,3.4205486167839214,1.456731056740421,45,45,1.0,1.6459826015294223,1.793711581496792,0.707106781186547,0.7071067811865476,0.5,0.5,0.5,-1.5707963705062866,simulator_service,service_success,True,,0.0012,0.0,service_success,0.0,False,False
-30.218359,45,20903.357968,False,3.4955648321558996,True,False,2.9472208917610927,out_of_bounds,True,0.5987897261167902,0.0,1.4181571903271861,3.9460522173663115,2.1122680079690737,1.8089848125685366,45,45,1.0,1.6032882498220986,1.793711581496792,0.6609291896345475,0.7071067811865476,-0.5,-0.5,0.5,1.5707963705062866,simulator_service,service_success,True,,0.0011,0.0,service_success,0.0,False,False
-48.82744,91,20954.643433,False,2.243897383273319,True,False,3.1289136775762527,out_of_bounds,True,0.24092833553560458,0.0,2.8657267754301348,10.901093108369517,2.8657267754301348,0.782446023009136,91,91,1.0,1.5375236264976755,1.793711581496792,0.6440688738175739,0.7071067811865476,-0.5,0.5,0.5,0.4520602226257324,simulator_service,service_success,True,,0.0012,0.0,service_success,0.0,False,False
-41.357433,76,21002.717175,False,4.7613980067105395,True,False,0.0,out_of_bounds,True,0.24216806449542513,0.0,3.395977676255143,7.891554737335409,3.395977676255143,0.0,76,76,1.0,1.4806699247802244,1.793711581496792,0.6250819145538565,0.7071067811865476,0.40833041071891785,-0.5,-0.5,-0.6402686238288879,simulator_service,service_success,True,,0.0011,0.0,service_success,0.0,False,False
-21.47744,31,21038.501489,False,2.8416299639706617,True,False,0.07397328685920772,out_of_bounds,True,0.06344648065593755,0.0,2.021124688458579,2.924902819108161,2.021124688458579,0.07397328685920772,31,31,1.0,1.4614073988499765,1.793711581496792,0.4878316718958626,0.7071067811865476,-0.5,-0.5,-0.12554696202278137,1.2171474695205688,simulator_service,service_success,True,,0.0012,0.0,service_success,0.0,False,False
-22.836527,16,21074.349848,False,3.2667592637528644,True,False,0.11202177537544755,out_of_bounds,True,0.5888212674991361,0.0,2.250456751485155,2.250456751485155,2.250456751485155,0.11202177537544755,16,16,1.0,1.4909510953059324,1.793711581496792,0.612395387683648,0.7071067811865476,-0.5,-0.5,-0.5,-1.5707963705062866,simulator_service,service_success,True,,0.0022,0.0,service_success,0.0,False,False
-22.085772,15,21110.196649,False,2.8280560398838004,True,False,0.2367864121378249,out_of_bounds,True,0.5263817664880351,0.0,2.5451997750817847,2.5451997750817847,2.5451997750817847,0.2367864121378249,15,15,1.0,1.5519987892304594,1.793711581496792,0.7071067811865478,0.7071067811865476,0.5,-0.5,-0.5,1.5707963705062866,simulator_service,service_success,True,,0.0011,0.0,service_success,0.0,False,False
-23.278286,16,21146.164757,False,3.5297946109997667,True,False,0.019094040934357407,out_of_bounds,True,0.8283494948740495,0.0,1.8744439735807714,1.8744439735807714,1.8744439735807714,0.019094040934357407,16,16,1.0,1.4505469171191416,1.793711581496792,0.7071067811865478,0.7071067811865476,0.5,0.5,-0.5,-1.5707963705062866,simulator_service,service_success,True,,0.0011,0.0,service_success,0.0,False,False
-28.047981,31,21185.333952,False,4.7558339707095145,True,False,2.6107687397296857,out_of_bounds,True,0.6997907947411007,0.0,1.6238256311944723,4.0400454336189835,1.6238256311944723,1.0514589344617362,31,31,1.0,1.54866408006468,1.7494026433430807,0.6703378021299814,0.7071067811865476,-0.5,-0.5,-0.43620583415031433,0.5746471881866455,simulator_service,service_success,True,,0.0011,0.0,service_success,0.0,False,False
-27.801628,46,21224.403543,False,3.1507820994281195,True,False,3.3473067699926426,out_of_bounds,True,0.41747415499846724,0.0,2.951441551284406,5.72539868362168,3.1146675769536962,0.9303378616938301,46,46,1.0,1.590320001249383,1.793711581496792,0.6503233197092859,0.7071067811865476,0.5,-0.10809463262557983,0.5,1.5478132963180542,simulator_service,service_success,True,,0.0012,0.0,service_success,0.0,False,False
-35.050377,61,21269.960082,False,2.924357528982974,True,False,3.4103332848171526,out_of_bounds,True,0.8015081105326348,0.0,3.6401181837528194,7.323087752264557,3.6401181837528194,0.7396204991057105,61,61,1.0,1.2723350459627683,1.793711581496792,0.580826855711244,0.7071067811865476,-0.5,-0.08384906500577927,0.5,0.4842630624771118,simulator_service,service_success,True,,0.0021,0.0,service_success,0.0,False,False
-20.50556,16,21306.001894,False,3.0617155131162264,True,False,0.0,out_of_bounds,True,0.1882421499575296,0.0,1.5829986520626484,1.5829986520626484,1.5829986520626484,0.0,16,16,1.0,1.1922068444790217,1.5581580347255448,0.6818878244951952,0.7071067811865476,-0.5,-0.5,-0.5,1.047364592552185,simulator_service,service_success,True,,0.0011,0.0,service_success,0.0,False,False
-21.245228,31,21345.404945,False,2.7412257815763375,True,False,3.081333143212135,out_of_bounds,True,0.06077638068969782,0.0,1.8460699610017874,2.7747200574561552,1.8460699610017874,1.331212935889374,31,31,1.0,1.4302158505043379,1.793711581496792,0.5124468018259947,0.7071067811865476,0.5,-0.5,-0.5,-0.9629910588264465,simulator_service,service_success,True,,0.0012,0.0,service_success,0.0,False,False
-33.282997,47,21388.051719,False,6.11189309020969,True,False,2.0956386863527694,out_of_bounds,True,0.02758149764527713,0.0,3.4930652284282755,4.797832321594116,3.4930652284282755,0.6502910967771557,47,47,1.0,1.3611103499548476,1.793711581496792,0.6610307433183585,0.7071067811865476,-0.5,0.5,0.5,1.5707963705062866,simulator_service,service_success,True,,0.0011,0.0,service_success,0.0,False,False
-28.06938,31,21427.515212,False,3.681315950633766,True,False,2.896647371344668,out_of_bounds,True,0.4913315174240566,0.0,2.43677964636,3.401340939778521,2.43677964636,1.3182063335752414,31,31,1.0,1.380987458212585,1.793711581496792,0.6744313293347283,0.7071067811865476,-0.5,-0.38953709602355957,-0.5,1.5707963705062866,simulator_service,service_success,True,,0.0011,0.0,service_success,0.0,False,False
-23.390043,47,21466.980109,False,1.8946162794519998,True,False,0.18958031276251347,out_of_bounds,True,0.842589024269614,0.0,3.137007374408718,3.113552926224446,3.0013402899618913,0.8198421782349042,46,46,1.0,1.4484769597745513,1.793711581496792,0.6766554970130428,0.7071067811865476,0.5,-0.5,-0.5,0.6412663459777832,simulator_service,service_success,True,,0.0011,0.0,service_success,0.0,False,False
-20.609974,16,21503.240945,False,3.7080508810877078,True,False,3.0349014323340766,out_of_bounds,True,0.2676375433052282,0.0,1.4984621668412756,1.4984621668412756,1.4984621668412756,1.5888133306809176,16,16,1.0,1.3028238637412126,1.3650073224514858,0.7071067811865478,0.7071067811865476,0.5,0.5,0.5,-1.0551042556762695,simulator_service,service_success,True,,0.0021,0.0,service_success,0.0,False,False
-21.06453,16,21536.490076,False,2.907279060398089,True,False,2.6372470541635344,out_of_bounds,True,0.6138469326200765,0.0,1.7675515698439328,1.7675515698439328,1.7675515698439328,1.7488848132602766,16,16,1.0,1.5962248313953282,1.691857874816368,0.666457499074499,0.7071067811865476,0.5,0.3763454854488373,0.05784381181001663,1.5707963705062866,simulator_service,service_success,True,,0.0011,0.0,service_success,0.0,False,False
-17.574224,16,21569.707007,False,2.8806785537912964,True,False,2.966049161508762,out_of_bounds,True,0.0870250785042924,0.0,1.9203381812168305,1.9203381812168305,1.9203381812168305,1.7583435457626857,16,16,1.0,1.6560463325283725,1.7916164196483058,0.7044408930629728,0.7071067811865476,-0.5,0.4924308657646179,0.5,-1.5707963705062866,simulator_service,service_success,True,,0.002,0.0,service_success,0.0,False,False
-22.616295,31,21609.350462,False,3.293632617217424,True,False,2.628926056107858,out_of_bounds,True,0.7279454805576557,0.0,2.4316141591638387,3.741233936965055,2.4316141591638387,1.2459531538628439,31,31,1.0,1.4808763307243786,1.793711581496792,0.7023713369917716,0.7071067811865476,-0.5,0.5,0.5,-0.6577391028404236,simulator_service,service_success,True,,0.0021,0.0,service_success,0.0,False,False
-23.478104,47,21652.29815,False,3.072964884188447,True,False,3.6058003342631277,out_of_bounds,True,0.3189567861281731,0.0,2.731679059710459,4.454116915679468,2.731679059710459,1.0141133817981667,47,47,1.0,1.4184797356878758,1.793711581496792,0.630445026681232,0.7071067811865476,0.5,-0.5,0.5,0.8521218299865723,simulator_service,service_success,True,,0.0011,0.0,service_success,0.0,False,False
-18.27662,16,21688.927275,False,3.027494591226107,True,False,0.0,out_of_bounds,True,0.684871434132087,0.0,1.7641166721610169,1.7641166721610169,1.7641166721610169,0.0,16,16,1.0,1.3868194929650053,1.793711581496792,0.6174162931598354,0.7071067811865476,0.5,-0.5,-0.1660064458847046,-0.31691595911979675,simulator_service,service_success,True,,0.001,0.0,service_success,0.0,False,False
-20.579195,16,21725.518024,False,4.548745741886057,True,False,3.486181121692635,out_of_bounds,True,0.7017401265208066,0.0,1.7570826153554966,1.7570826153554966,1.7570826153554966,2.0616668695136076,16,16,1.0,1.1594148190135611,1.3501564156411914,0.7071067811865478,0.7071067811865476,0.5,0.5,0.5,1.03581964969635,simulator_service,service_success,True,,0.0011,0.0,service_success,0.0,False,False
-42.787285,46,21768.621482,False,5.43747231155337,True,False,1.6158634610938079,out_of_bounds,True,0.4105603888788595,0.0,2.340886998389516,5.117087123921107,2.8272681362162797,0.9052457913511257,46,46,1.0,1.5708808303567101,1.793711581496792,0.6660687472171467,0.7071067811865476,-0.5,-0.5,-0.5,-1.5707963705062866,simulator_service,service_success,True,,0.001,0.0,service_success,0.0,False,False
-19.855635,16,21805.40733,False,3.4640319716566106,True,False,0.22989874490661807,out_of_bounds,True,0.7423210467618742,0.0,1.89807409909789,1.89807409909789,1.89807409909789,0.22989874490661807,16,16,1.0,1.4891840521525317,1.7289920950050608,0.6143274436517911,0.7071067811865476,0.5,0.5,-0.5,0.4739065170288086,simulator_service,service_success,True,,0.0011,0.0,service_success,0.0,False,False
-37.638153,62,21858.285125,False,5.100729280985897,False,True,0.43231151476303553,unsafe_low_altitude,True,0.4796536294126049,0.0,3.3170482057390043,6.067025465738149,3.3170482057390043,0.43231151476303553,62,62,1.0,1.6387149365344038,1.793711581496792,0.6126842375312369,0.7071067811865476,0.5,0.5,-0.5,1.5707963705062866,simulator_service,service_success,True,,0.001,0.0,service_success,0.0,False,False
-19.888,16,21894.854257,False,3.371732612040628,True,False,3.0448630949152995,out_of_bounds,True,0.6490332764562199,0.0,1.426317991131816,1.426317991131816,1.426317991131816,1.6336820079720036,16,16,1.0,1.793711581496793,1.793711581496792,0.7071067811865478,0.7071067811865476,0.5,0.5,-0.5,1.5707963705062866,simulator_service,service_success,True,,0.0012,0.0,service_success,0.0,False,False
-22.7746,16,22056.578075,False,3.9196459275314197,True,False,0.012812996533114577,out_of_bounds,True,0.8548821233321091,0.0,1.426445733073962,1.426445733073962,1.426445733073962,0.012812996533114577,16,16,1.0,1.667662281364425,1.793711581496792,0.6882776775929113,0.7071067811865476,-0.5,0.24426063895225525,0.5,0.2388719618320465,simulator_service,service_success,True,,0.0011,0.0,service_success,0.0,False,False
