00:17:36 [INFO] train_ppo: === PPO infrastructure ready ===
00:17:36 [INFO] train_ppo: Config: /home/jordi/TFM/rl_uav_aerostack2/configs/train_ppo_phase1_exp010.yaml
00:17:36 [INFO] train_ppo: Run dir: /home/jordi/TFM/rl_uav_aerostack2/runs/ppo/ppo_phase1_exp010_tutor_reward_randomized_50k_20260704_001735
00:17:36 [INFO] train_ppo: Tensorboard dir: /home/jordi/TFM/rl_uav_aerostack2/runs/ppo/ppo_phase1_exp010_tutor_reward_randomized_50k_20260704_001735/tensorboard
00:17:36 [INFO] train_ppo: Monitor dir: /home/jordi/TFM/rl_uav_aerostack2/runs/ppo/ppo_phase1_exp010_tutor_reward_randomized_50k_20260704_001735/monitor
00:17:36 [INFO] train_ppo: Checkpoints dir: /home/jordi/TFM/rl_uav_aerostack2/runs/ppo/ppo_phase1_exp010_tutor_reward_randomized_50k_20260704_001735/checkpoints
00:17:36 [INFO] train_ppo: Num envs: 1
00:17:36 [INFO] train_ppo: Namespaces: ['drone0']
00:17:36 [INFO] train_ppo: Policy kwargs: {'activation_fn': 'ReLU', 'net_arch': {'pi': [128, 128], 'vf': [128, 128]}}
00:17:36 [INFO] train_ppo: Checkpoint callback: every 5000 steps
00:17:36 [INFO] train_ppo: Total timesteps: 50000
00:17:36 [INFO] train_ppo: Starting PPO learn() ...
00:17:36 [INFO] rl_uav.envs.as2_test_env: ROS2 initialized (process-wide)
[INFO] [1783117056.890714043] [drone0.drone0_interface]: Starting drone0
[INFO] [1783117057.418993675] [drone0.drone0_interface]: drone0 interface initialized
00:17:37 [INFO] rl_uav.envs.as2_test_env: Target marker publisher created on topic 'visualization_marker' frame 'earth'
00:17:37 [INFO] rl_uav.envs.as2_test_env: DroneInterface created for 'drone0'
00:17:37 [INFO] rl_uav.envs.as2_test_env: Arming drone...
00:17:37 [INFO] rl_uav.envs.as2_test_env:   Arm: OK
00:17:37 [INFO] rl_uav.envs.as2_test_env: Setting offboard mode...
00:17:37 [INFO] rl_uav.envs.as2_test_env:   Offboard: OK
00:17:37 [INFO] rl_uav.envs.as2_test_env: Taking off to 1.0m...
00:17:40 [INFO] rl_uav.envs.as2_test_env:   Takeoff: OK
[ERROR] [1783117060.316019360] [drone0.drone0_interface]: Service returned failure
[ERROR] [1783117060.347653227] [drone0.drone0_interface]: Service returned failure
00:17:44 [INFO] rl_uav.envs.as2_test_env: Reset complete. Initial obs: [-0.23917049 -0.13817884 -0.12789989  0.29932368]
Using cpu device
Logging to runs/ppo/ppo_phase1_exp010_tutor_reward_randomized_50k_20260704_001735/tensorboard/PPO_1
00:17:58 [INFO] rl_uav.envs.as2_test_env: Keeping drone airborne for velocity reset...
[ERROR] [1783117078.995753812] [drone0.drone0_interface]: Service returned failure
[ERROR] [1783117079.028070787] [drone0.drone0_interface]: Service returned failure
00:18:09 [INFO] rl_uav.envs.as2_test_env: Reset complete. Initial obs: [-0.813504    0.88724816  0.09349968 -0.14644444]
00:18:12 [WARNING] rl_uav.envs.as2_test_env: Skipping velocity reset; simulator service reset required (terminal_out_of_bounds)
[ERROR] [1783117092.221661052] [drone0.drone0_interface]: Service returned failure
[ERROR] [1783117092.263765980] [drone0.drone0_interface]: Service returned failure
00:18:16 [INFO] rl_uav.envs.as2_test_env: Reset complete. Initial obs: [ 0.8891159 -0.6497366 -0.0264786  0.9812766]
00:18:17 [WARNING] rl_uav.envs.as2_test_env: Skipping velocity reset; simulator service reset required (terminal_out_of_bounds)
[ERROR] [1783117097.639739777] [drone0.drone0_interface]: Service returned failure
[ERROR] [1783117097.710665915] [drone0.drone0_interface]: Service returned failure
00:18:21 [INFO] rl_uav.envs.as2_test_env: Reset complete. Initial obs: [-0.40817434 -1.         -0.1488231  -0.8323372 ]
00:18:25 [WARNING] rl_uav.envs.as2_test_env: Skipping velocity reset; simulator service reset required (terminal_out_of_bounds)
[ERROR] [1783117105.728794078] [drone0.drone0_interface]: Service returned failure
[ERROR] [1783117105.778015040] [drone0.drone0_interface]: Service returned failure
00:18:29 [INFO] rl_uav.envs.as2_test_env: Reset complete. Initial obs: [-0.19696367 -0.12867926  0.09550925 -0.78984386]
00:18:34 [WARNING] rl_uav.envs.as2_test_env: Skipping velocity reset; simulator service reset required (terminal_out_of_bounds)
[ERROR] [1783117114.942483856] [drone0.drone0_interface]: Service returned failure
[ERROR] [1783117115.037961536] [drone0.drone0_interface]: Service returned failure
00:18:38 [INFO] rl_uav.envs.as2_test_env: Reset complete. Initial obs: [-8.636784e-01 -1.000000e+00 -9.019071e-04 -9.131603e-01]
00:18:40 [WARNING] rl_uav.envs.as2_test_env: Skipping velocity reset; simulator service reset required (terminal_out_of_bounds)
[ERROR] [1783117120.433879637] [drone0.drone0_interface]: Service returned failure
[ERROR] [1783117120.542478216] [drone0.drone0_interface]: Service returned failure
00:18:44 [INFO] rl_uav.envs.as2_test_env: Reset complete. Initial obs: [-0.6146659  -0.8381308  -0.01889581 -0.22082055]
00:18:51 [WARNING] rl_uav.envs.as2_test_env: Skipping velocity reset; simulator service reset required (terminal_out_of_bounds)
[ERROR] [1783117131.944440009] [drone0.drone0_interface]: Service returned failure
[ERROR] [1783117132.064565792] [drone0.drone0_interface]: Service returned failure
00:18:56 [INFO] rl_uav.envs.as2_test_env: Reset complete. Initial obs: [ 0.22633293  0.17970702 -0.0696703   0.16128333]
00:19:13 [INFO] rl_uav.envs.as2_test_env: Keeping drone airborne for velocity reset...
[ERROR] [1783117153.965298984] [drone0.drone0_interface]: Service returned failure
[ERROR] [1783117154.095087389] [drone0.drone0_interface]: Service returned failure
00:19:22 [INFO] rl_uav.envs.as2_test_env: Reset complete. Initial obs: [-1.         -0.5346507  -0.06631532  0.49231383]
00:19:24 [WARNING] rl_uav.envs.as2_test_env: Skipping velocity reset; simulator service reset required (terminal_out_of_bounds)
[ERROR] [1783117164.978459312] [drone0.drone0_interface]: Service returned failure
[ERROR] [1783117165.119553226] [drone0.drone0_interface]: Service returned failure
00:19:29 [INFO] rl_uav.envs.as2_test_env: Reset complete. Initial obs: [ 1.         -1.         -0.08026535  0.5119324 ]
00:19:36 [WARNING] rl_uav.envs.as2_test_env: Skipping velocity reset; simulator service reset required (terminal_out_of_bounds)
[ERROR] [1783117176.700045634] [drone0.drone0_interface]: Service returned failure
[ERROR] [1783117176.847596873] [drone0.drone0_interface]: Service returned failure
00:19:40 [INFO] rl_uav.envs.as2_test_env: Reset complete. Initial obs: [-0.44135982  0.7470073  -0.03405701 -0.6790776 ]
00:19:47 [WARNING] rl_uav.envs.as2_test_env: Skipping velocity reset; simulator service reset required (terminal_out_of_bounds)
[ERROR] [1783117187.403271603] [drone0.drone0_interface]: Service returned failure
[ERROR] [1783117187.556524077] [drone0.drone0_interface]: Service returned failure
00:19:51 [INFO] rl_uav.envs.as2_test_env: Reset complete. Initial obs: [-1.          1.         -0.01170456  0.54925936]
00:19:53 [WARNING] rl_uav.envs.as2_test_env: Skipping velocity reset; simulator service reset required (terminal_out_of_bounds)
[ERROR] [1783117193.412984791] [drone0.drone0_interface]: Service returned failure
[ERROR] [1783117193.568363104] [drone0.drone0_interface]: Service returned failure
00:19:57 [INFO] rl_uav.envs.as2_test_env: Reset complete. Initial obs: [-0.83976877 -0.34534428 -0.01997479  0.12305163]
00:20:03 [WARNING] rl_uav.envs.as2_test_env: Skipping velocity reset; simulator service reset required (terminal_out_of_bounds)
[ERROR] [1783117203.424449787] [drone0.drone0_interface]: Service returned failure
[ERROR] [1783117203.588717028] [drone0.drone0_interface]: Service returned failure
00:20:07 [INFO] rl_uav.envs.as2_test_env: Reset complete. Initial obs: [-1.          0.7921922   0.02282668 -0.5480457 ]
00:20:09 [WARNING] rl_uav.envs.as2_test_env: Skipping velocity reset; simulator service reset required (terminal_out_of_bounds)
[ERROR] [1783117209.642157666] [drone0.drone0_interface]: Service returned failure
[ERROR] [1783117209.843846494] [drone0.drone0_interface]: Service returned failure
00:20:14 [INFO] rl_uav.envs.as2_test_env: Reset complete. Initial obs: [-0.75767344  0.16191928 -0.01904809 -0.12991926]
00:20:25 [WARNING] rl_uav.envs.as2_test_env: Skipping velocity reset; simulator service reset required (terminal_out_of_bounds)
[ERROR] [1783117226.148058178] [drone0.drone0_interface]: Service returned failure
[ERROR] [1783117226.362099973] [drone0.drone0_interface]: Service returned failure
00:20:30 [INFO] rl_uav.envs.as2_test_env: Reset complete. Initial obs: [-0.3255962   0.6176359   0.10000943 -0.96896744]
00:20:32 [WARNING] rl_uav.envs.as2_test_env: Skipping velocity reset; simulator service reset required (terminal_out_of_bounds)
[ERROR] [1783117232.765354274] [drone0.drone0_interface]: Service returned failure
[ERROR] [1783117232.989153435] [drone0.drone0_interface]: Service returned failure
00:20:37 [INFO] rl_uav.envs.as2_test_env: Reset complete. Initial obs: [ 0.5410451 -1.        -0.0155768  0.9539934]
00:20:49 [WARNING] rl_uav.envs.as2_test_env: Skipping velocity reset; simulator service reset required (terminal_out_of_bounds)
[ERROR] [1783117250.074950928] [drone0.drone0_interface]: Service returned failure
[ERROR] [1783117250.309170765] [drone0.drone0_interface]: Service returned failure
00:20:54 [INFO] rl_uav.envs.as2_test_env: Reset complete. Initial obs: [ 0.5870745  -0.5631552  -0.08244809  0.41241652]
---------------------------------
| rollout/           |          |
|    ep_len_mean     | 29.9     |
|    ep_rew_mean     | -25.3    |
|    success_rate    | 0.118    |
| time/              |          |
|    fps             | 2        |
|    iterations      | 1        |
|    time_elapsed    | 199      |
|    total_timesteps | 512      |
---------------------------------
00:20:58 [WARNING] rl_uav.envs.as2_test_env: Skipping velocity reset; simulator service reset required (terminal_out_of_bounds)
[ERROR] [1783117259.283823530] [drone0.drone0_interface]: Service returned failure
[ERROR] [1783117259.529755179] [drone0.drone0_interface]: Service returned failure
00:21:03 [INFO] rl_uav.envs.as2_test_env: Reset complete. Initial obs: [-1.         -0.09209212 -0.08795974 -0.8286357 ]
00:21:07 [WARNING] rl_uav.envs.as2_test_env: Skipping velocity reset; simulator service reset required (terminal_out_of_bounds)
[ERROR] [1783117267.810882464] [drone0.drone0_interface]: Service returned failure
[ERROR] [1783117268.067590217] [drone0.drone0_interface]: Service returned failure
00:21:12 [INFO] rl_uav.envs.as2_test_env: Reset complete. Initial obs: [-0.25808677 -1.         -0.04565767  0.38247007]
00:21:14 [WARNING] rl_uav.envs.as2_test_env: Skipping velocity reset; simulator service reset required (terminal_out_of_bounds)
[ERROR] [1783117274.710361297] [drone0.drone0_interface]: Service returned failure
[ERROR] [1783117274.982434217] [drone0.drone0_interface]: Service returned failure
00:21:19 [INFO] rl_uav.envs.as2_test_env: Reset complete. Initial obs: [-1.          0.6707331   0.03817408  0.73035127]
00:21:34 [WARNING] rl_uav.envs.as2_test_env: Skipping velocity reset; simulator service reset required (terminal_out_of_bounds)
[ERROR] [1783117295.124334905] [drone0.drone0_interface]: Service returned failure
[ERROR] [1783117295.405213160] [drone0.drone0_interface]: Service returned failure
00:21:39 [INFO] rl_uav.envs.as2_test_env: Reset complete. Initial obs: [-0.00239039  0.4196215   0.10357018  0.8867244 ]
00:21:57 [WARNING] rl_uav.envs.as2_test_env: Skipping velocity reset; simulator service reset required (terminal_out_of_bounds)
[ERROR] [1783117317.816260293] [drone0.drone0_interface]: Service returned failure
[ERROR] [1783117318.094670555] [drone0.drone0_interface]: Service returned failure
00:22:02 [INFO] rl_uav.envs.as2_test_env: Reset complete. Initial obs: [ 0.21864864 -1.          0.09098677  0.22226621]
00:22:04 [WARNING] rl_uav.envs.as2_test_env: Skipping velocity reset; simulator service reset required (terminal_out_of_bounds)
[ERROR] [1783117324.628725257] [drone0.drone0_interface]: Service returned failure
[ERROR] [1783117324.919288179] [drone0.drone0_interface]: Service returned failure
00:22:09 [INFO] rl_uav.envs.as2_test_env: Reset complete. Initial obs: [-1.         -0.02025152  0.05235368  0.5819003 ]
00:22:17 [WARNING] rl_uav.envs.as2_test_env: Skipping velocity reset; simulator service reset required (terminal_out_of_bounds)
[ERROR] [1783117337.753703648] [drone0.drone0_interface]: Service returned failure
[ERROR] [1783117338.065876711] [drone0.drone0_interface]: Service returned failure
00:22:22 [INFO] rl_uav.envs.as2_test_env: Reset complete. Initial obs: [ 0.5218805   0.0244147  -0.11893199 -0.38891822]
00:22:25 [WARNING] rl_uav.envs.as2_test_env: Skipping velocity reset; simulator service reset required (terminal_out_of_bounds)
[ERROR] [1783117346.362309433] [drone0.drone0_interface]: Service returned failure
[ERROR] [1783117346.685310719] [drone0.drone0_interface]: Service returned failure
00:22:31 [INFO] rl_uav.envs.as2_test_env: Reset complete. Initial obs: [-0.21544923 -0.26107594 -0.09647126 -0.7690004 ]
00:22:35 [WARNING] rl_uav.envs.as2_test_env: Skipping velocity reset; simulator service reset required (terminal_out_of_bounds)
[ERROR] [1783117355.970375653] [drone0.drone0_interface]: Service returned failure
[ERROR] [1783117356.292122154] [drone0.drone0_interface]: Service returned failure
00:22:41 [INFO] rl_uav.envs.as2_test_env: Reset complete. Initial obs: [ 0.82080203 -0.48722345 -0.11727917  0.01313997]
00:22:43 [WARNING] rl_uav.envs.as2_test_env: Skipping velocity reset; simulator service reset required (terminal_out_of_bounds)
[ERROR] [1783117364.087254597] [drone0.drone0_interface]: Service returned failure
[ERROR] [1783117364.435130468] [drone0.drone0_interface]: Service returned failure
00:22:49 [INFO] rl_uav.envs.as2_test_env: Reset complete. Initial obs: [-0.1401687   0.78271216  0.03947267  0.7233119 ]
00:22:51 [WARNING] rl_uav.envs.as2_test_env: Skipping velocity reset; simulator service reset required (terminal_out_of_bounds)
[ERROR] [1783117371.796263995] [drone0.drone0_interface]: Service returned failure
[ERROR] [1783117372.155494067] [drone0.drone0_interface]: Service returned failure
00:22:57 [INFO] rl_uav.envs.as2_test_env: Reset complete. Initial obs: [0.26926175 1.         0.06518628 0.7389335 ]
00:23:01 [WARNING] rl_uav.envs.as2_test_env: Skipping velocity reset; simulator service reset required (terminal_out_of_bounds)
[ERROR] [1783117381.606746976] [drone0.drone0_interface]: Service returned failure
[ERROR] [1783117381.965344286] [drone0.drone0_interface]: Service returned failure
00:23:07 [INFO] rl_uav.envs.as2_test_env: Reset complete. Initial obs: [-1.         -0.14429122  0.03574834  0.0641593 ]
00:23:08 [WARNING] rl_uav.envs.as2_test_env: Skipping velocity reset; simulator service reset required (terminal_out_of_bounds)
[ERROR] [1783117389.318322091] [drone0.drone0_interface]: Service returned failure
[ERROR] [1783117389.699934388] [drone0.drone0_interface]: Service returned failure
00:23:14 [INFO] rl_uav.envs.as2_test_env: Reset complete. Initial obs: [ 0.76755786  1.         -0.05163042 -0.10307062]
00:23:26 [WARNING] rl_uav.envs.as2_test_env: Skipping velocity reset; simulator service reset required (terminal_out_of_bounds)
[ERROR] [1783117407.129570327] [drone0.drone0_interface]: Service returned failure
[ERROR] [1783117407.522495505] [drone0.drone0_interface]: Service returned failure
00:23:32 [INFO] rl_uav.envs.as2_test_env: Reset complete. Initial obs: [-1.          0.5229554   0.00145283 -0.5775985 ]
00:23:45 [WARNING] rl_uav.envs.as2_test_env: Skipping velocity reset; simulator service reset required (terminal_out_of_bounds)
[ERROR] [1783117425.847065606] [drone0.drone0_interface]: Service returned failure
[ERROR] [1783117426.249582067] [drone0.drone0_interface]: Service returned failure
00:23:51 [INFO] rl_uav.envs.as2_test_env: Reset complete. Initial obs: [ 0.5072964   0.18807061 -0.00959847 -0.49082124]
00:24:01 [WARNING] rl_uav.envs.as2_test_env: Skipping velocity reset; simulator service reset required (terminal_out_of_bounds)
[ERROR] [1783117441.952350011] [drone0.drone0_interface]: Service returned failure
[ERROR] [1783117442.367213684] [drone0.drone0_interface]: Service returned failure
00:24:07 [INFO] rl_uav.envs.as2_test_env: Reset complete. Initial obs: [ 0.32028762 -0.9105785  -0.09487519  0.9239632 ]
------------------------------------------
| rollout/                |              |
|    ep_len_mean          | 30.7         |
|    ep_rew_mean          | -29.1        |
|    success_rate         | 0.0606       |
| time/                   |              |
|    fps                  | 2            |
|    iterations           | 2            |
|    time_elapsed         | 393          |
|    total_timesteps      | 1024         |
| train/                  |              |
|    approx_kl            | 0.0011453949 |
|    clip_fraction        | 0.00313      |
|    clip_range           | 0.2          |
|    entropy_loss         | -4.52        |
|    explained_variance   | -0.00809     |
|    learning_rate        | 3e-05        |
|    loss                 | 59.4         |
|    n_updates            | 5            |
|    policy_gradient_loss | 0.00215      |
|    std                  | 0.999        |
|    value_loss           | 133          |
------------------------------------------
00:24:12 [WARNING] rl_uav.envs.as2_test_env: Skipping velocity reset; simulator service reset required (terminal_out_of_bounds)
[ERROR] [1783117453.468634955] [drone0.drone0_interface]: Service returned failure
[ERROR] [1783117453.896876642] [drone0.drone0_interface]: Service returned failure
00:24:19 [INFO] rl_uav.envs.as2_test_env: Reset complete. Initial obs: [-0.33269203  0.38749817  0.03683288 -0.27769673]
00:24:27 [WARNING] rl_uav.envs.as2_test_env: Skipping velocity reset; simulator service reset required (terminal_out_of_bounds)
[ERROR] [1783117467.972693554] [drone0.drone0_interface]: Service returned failure
[ERROR] [1783117468.411459591] [drone0.drone0_interface]: Service returned failure
00:24:33 [INFO] rl_uav.envs.as2_test_env: Reset complete. Initial obs: [ 1.         -1.          0.00537974  0.8446325 ]
00:24:45 [WARNING] rl_uav.envs.as2_test_env: Skipping velocity reset; simulator service reset required (terminal_out_of_bounds)
[ERROR] [1783117486.288203407] [drone0.drone0_interface]: Service returned failure
[ERROR] [1783117486.737354512] [drone0.drone0_interface]: Service returned failure
00:24:52 [INFO] rl_uav.envs.as2_test_env: Reset complete. Initial obs: [1.         0.20328812 0.04930243 0.355471  ]
00:24:56 [WARNING] rl_uav.envs.as2_test_env: Skipping velocity reset; simulator service reset required (terminal_out_of_bounds)
[ERROR] [1783117496.897793701] [drone0.drone0_interface]: Service returned failure
[ERROR] [1783117497.356337935] [drone0.drone0_interface]: Service returned failure
00:25:02 [INFO] rl_uav.envs.as2_test_env: Reset complete. Initial obs: [ 0.44991547  0.29928666 -0.02542255  0.7886901 ]
00:25:24 [WARNING] rl_uav.envs.as2_test_env: Skipping velocity reset; simulator service reset required (terminal_out_of_bounds)
[ERROR] [1783117524.810289309] [drone0.drone0_interface]: Service returned failure
[ERROR] [1783117525.282890545] [drone0.drone0_interface]: Service returned failure
00:25:30 [INFO] rl_uav.envs.as2_test_env: Reset complete. Initial obs: [-0.6105774   0.06435009 -0.10081075 -0.2708656 ]
00:26:03 [WARNING] rl_uav.envs.as2_test_env: Skipping velocity reset; simulator service reset required (terminal_out_of_bounds)
[ERROR] [1783117564.118568887] [drone0.drone0_interface]: Service returned failure
[ERROR] [1783117564.599966665] [drone0.drone0_interface]: Service returned failure
00:26:10 [INFO] rl_uav.envs.as2_test_env: Reset complete. Initial obs: [-0.5992271  -0.5126444   0.05863201  0.8706923 ]
00:26:22 [WARNING] rl_uav.envs.as2_test_env: Skipping velocity reset; simulator service reset required (terminal_out_of_bounds)
[ERROR] [1783117583.132085778] [drone0.drone0_interface]: Service returned failure
[ERROR] [1783117583.625430700] [drone0.drone0_interface]: Service returned failure
00:26:29 [INFO] rl_uav.envs.as2_test_env: Reset complete. Initial obs: [-0.23820284  0.14424661  0.01618152  0.6879689 ]
00:26:34 [WARNING] rl_uav.envs.as2_test_env: Skipping velocity reset; simulator service reset required (terminal_out_of_bounds)
[ERROR] [1783117595.242271615] [drone0.drone0_interface]: Service returned failure
[ERROR] [1783117595.743653514] [drone0.drone0_interface]: Service returned failure
00:26:41 [INFO] rl_uav.envs.as2_test_env: Reset complete. Initial obs: [-1.          0.24485633 -0.08027422  0.73948675]
-------------------------------------------
| rollout/                |               |
|    ep_len_mean          | 36.9          |
|    ep_rew_mean          | -32.3         |
|    success_rate         | 0.0488        |
| time/                   |               |
|    fps                  | 2             |
|    iterations           | 3             |
|    time_elapsed         | 549           |
|    total_timesteps      | 1536          |
| train/                  |               |
|    approx_kl            | 0.00036297936 |
|    clip_fraction        | 0             |
|    clip_range           | 0.2           |
|    entropy_loss         | -5.69         |
|    explained_variance   | -0.0102       |
|    learning_rate        | 3e-05         |
|    loss                 | 72.4          |
|    n_updates            | 10            |
|    policy_gradient_loss | 0.000424      |
|    std                  | 0.999         |
|    value_loss           | 148           |
-------------------------------------------
00:26:47 [WARNING] rl_uav.envs.as2_test_env: Skipping velocity reset; simulator service reset required (terminal_out_of_bounds)
[ERROR] [1783117608.456781131] [drone0.drone0_interface]: Service returned failure
[ERROR] [1783117608.973826787] [drone0.drone0_interface]: Service returned failure
00:26:54 [INFO] rl_uav.envs.as2_test_env: Reset complete. Initial obs: [ 1.         -0.669524    0.0772486  -0.02417294]
00:26:56 [WARNING] rl_uav.envs.as2_test_env: Skipping velocity reset; simulator service reset required (terminal_out_of_bounds)
[ERROR] [1783117617.266516803] [drone0.drone0_interface]: Service returned failure
[ERROR] [1783117617.794023942] [drone0.drone0_interface]: Service returned failure
00:27:03 [INFO] rl_uav.envs.as2_test_env: Reset complete. Initial obs: [-0.6384539   0.06012952  0.03137646 -0.0135785 ]
00:27:20 [WARNING] rl_uav.envs.as2_test_env: Skipping velocity reset; simulator service reset required (terminal_out_of_bounds)
[ERROR] [1783117640.776460956] [drone0.drone0_interface]: Service returned failure
[ERROR] [1783117641.313119644] [drone0.drone0_interface]: Service returned failure
00:27:27 [INFO] rl_uav.envs.as2_test_env: Reset complete. Initial obs: [-5.5609256e-01 -1.0000000e+00 -4.5207047e-04 -3.7868306e-01]
00:27:28 [WARNING] rl_uav.envs.as2_test_env: Skipping velocity reset; simulator service reset required (terminal_out_of_bounds)
[ERROR] [1783117649.387024616] [drone0.drone0_interface]: Service returned failure
[ERROR] [1783117649.937319601] [drone0.drone0_interface]: Service returned failure
00:27:35 [INFO] rl_uav.envs.as2_test_env: Reset complete. Initial obs: [0.83553165 0.22241181 0.04096002 0.8702956 ]
00:27:41 [WARNING] rl_uav.envs.as2_test_env: Skipping velocity reset; simulator service reset required (terminal_out_of_bounds)
[ERROR] [1783117662.000780096] [drone0.drone0_interface]: Service returned failure
[ERROR] [1783117662.562617461] [drone0.drone0_interface]: Service returned failure
00:27:48 [INFO] rl_uav.envs.as2_test_env: Reset complete. Initial obs: [-1.         -0.10694827  0.01555012  0.9950859 ]
00:27:55 [WARNING] rl_uav.envs.as2_test_env: Skipping velocity reset; simulator service reset required (terminal_out_of_bounds)
[ERROR] [1783117676.409336582] [drone0.drone0_interface]: Service returned failure
[ERROR] [1783117676.979252528] [drone0.drone0_interface]: Service returned failure
00:28:02 [INFO] rl_uav.envs.as2_test_env: Reset complete. Initial obs: [-0.24003012  0.5830012   0.00136076  0.7790125 ]
00:28:06 [WARNING] rl_uav.envs.as2_test_env: Skipping velocity reset; simulator service reset required (terminal_out_of_bounds)
[ERROR] [1783117687.415607353] [drone0.drone0_interface]: Service returned failure
[ERROR] [1783117687.999373575] [drone0.drone0_interface]: Service returned failure
00:28:13 [INFO] rl_uav.envs.as2_test_env: Reset complete. Initial obs: [-0.5202937  -0.00537517  0.07118059 -0.19462588]
00:28:24 [WARNING] rl_uav.envs.as2_test_env: Skipping velocity reset; simulator service reset required (terminal_out_of_bounds)
[ERROR] [1783117705.532667700] [drone0.drone0_interface]: Service returned failure
[ERROR] [1783117706.125394036] [drone0.drone0_interface]: Service returned failure
00:28:32 [INFO] rl_uav.envs.as2_test_env: Reset complete. Initial obs: [-0.19421399 -0.3186031   0.03116683  0.76518136]
00:28:43 [WARNING] rl_uav.envs.as2_test_env: Reset started at valid low altitude z=0.993; climbing to hover 1.400m with bounded velocity recovery
00:28:45 [WARNING] rl_uav.envs.as2_test_env: Skipping velocity reset; simulator service reset required (terminal_out_of_bounds)
[ERROR] [1783117726.545362518] [drone0.drone0_interface]: Service returned failure
[ERROR] [1783117727.150293381] [drone0.drone0_interface]: Service returned failure
00:28:53 [INFO] rl_uav.envs.as2_test_env: Reset complete. Initial obs: [-0.42875496  1.         -0.02485175  0.21418804]
00:29:17 [WARNING] rl_uav.envs.as2_test_env: Skipping velocity reset; simulator service reset required (terminal_out_of_bounds)
[ERROR] [1783117758.052196439] [drone0.drone0_interface]: Service returned failure
[ERROR] [1783117758.669864159] [drone0.drone0_interface]: Service returned failure
00:29:24 [INFO] rl_uav.envs.as2_test_env: Reset complete. Initial obs: [0.31229517 1.         0.11110195 0.7317933 ]
00:29:37 [WARNING] rl_uav.envs.as2_test_env: Skipping velocity reset; simulator service reset required (terminal_out_of_bounds)
[ERROR] [1783117778.864734763] [drone0.drone0_interface]: Service returned failure
[ERROR] [1783117779.489981271] [drone0.drone0_interface]: Service returned failure
00:29:45 [INFO] rl_uav.envs.as2_test_env: Reset complete. Initial obs: [-1.         -0.15948159 -0.12641694 -0.39276946]
-------------------------------------------
| rollout/                |               |
|    ep_len_mean          | 38.9          |
|    ep_rew_mean          | -34.1         |
|    success_rate         | 0.0385        |
| time/                   |               |
|    fps                  | 2             |
|    iterations           | 4             |
|    time_elapsed         | 734           |
|    total_timesteps      | 2048          |
| train/                  |               |
|    approx_kl            | 0.00035292958 |
|    clip_fraction        | 0.000391      |
|    clip_range           | 0.2           |
|    entropy_loss         | -5.42         |
|    explained_variance   | 0.0146        |
|    learning_rate        | 3e-05         |
|    loss                 | 63.1          |
|    n_updates            | 15            |
|    policy_gradient_loss | -0.0035       |
|    std                  | 0.999         |
|    value_loss           | 108           |
-------------------------------------------
00:29:52 [WARNING] rl_uav.envs.as2_test_env: Skipping velocity reset; simulator service reset required (terminal_out_of_bounds)
[ERROR] [1783117793.674822963] [drone0.drone0_interface]: Service returned failure
[ERROR] [1783117794.315202653] [drone0.drone0_interface]: Service returned failure
00:30:00 [INFO] rl_uav.envs.as2_test_env: Reset complete. Initial obs: [-0.863972   -1.         -0.08851797 -0.27818984]
00:30:05 [WARNING] rl_uav.envs.as2_test_env: Reset started at valid low altitude z=0.963; climbing to hover 1.400m with bounded velocity recovery
00:30:07 [WARNING] rl_uav.envs.as2_test_env: Skipping velocity reset; simulator service reset required (terminal_out_of_bounds)
[ERROR] [1783117808.188546242] [drone0.drone0_interface]: Service returned failure
[ERROR] [1783117808.833879064] [drone0.drone0_interface]: Service returned failure
00:30:14 [INFO] rl_uav.envs.as2_test_env: Reset complete. Initial obs: [ 0.04165988 -1.         -0.05910913 -0.60730803]
00:30:17 [WARNING] rl_uav.envs.as2_test_env: Skipping velocity reset; simulator service reset required (terminal_out_of_bounds)
[ERROR] [1783117818.491445575] [drone0.drone0_interface]: Service returned failure
[ERROR] [1783117819.143399541] [drone0.drone0_interface]: Service returned failure
00:30:25 [INFO] rl_uav.envs.as2_test_env: Reset complete. Initial obs: [-0.23370363  1.          0.09706612  0.8771361 ]
00:30:27 [WARNING] rl_uav.envs.as2_test_env: Skipping velocity reset; simulator service reset required (terminal_out_of_bounds)
[ERROR] [1783117828.008207314] [drone0.drone0_interface]: Service returned failure
[ERROR] [1783117828.669910400] [drone0.drone0_interface]: Service returned failure
00:30:34 [INFO] rl_uav.envs.as2_test_env: Reset complete. Initial obs: [ 1.         -0.5902275   0.05120216 -0.95875955]
00:30:54 [WARNING] rl_uav.envs.as2_test_env: Skipping velocity reset; simulator service reset required (terminal_out_of_bounds)
[ERROR] [1783117855.222171651] [drone0.drone0_interface]: Service returned failure
[ERROR] [1783117855.905554146] [drone0.drone0_interface]: Service returned failure
00:31:02 [INFO] rl_uav.envs.as2_test_env: Reset complete. Initial obs: [ 0.25239134  1.         -0.05621811 -0.24210468]
00:31:09 [WARNING] rl_uav.envs.as2_test_env: Skipping velocity reset; simulator service reset required (terminal_out_of_bounds)
[ERROR] [1783117870.031150331] [drone0.drone0_interface]: Service returned failure
[ERROR] [1783117870.724792446] [drone0.drone0_interface]: Service returned failure
00:31:17 [INFO] rl_uav.envs.as2_test_env: Reset complete. Initial obs: [-0.61469424 -0.6154411   0.0053948  -0.02860695]
00:31:25 [WARNING] rl_uav.envs.as2_test_env: Skipping velocity reset; simulator service reset required (terminal_out_of_bounds)
[ERROR] [1783117886.242472129] [drone0.drone0_interface]: Service returned failure
[ERROR] [1783117886.945077216] [drone0.drone0_interface]: Service returned failure
00:31:33 [INFO] rl_uav.envs.as2_test_env: Reset complete. Initial obs: [ 0.32033923 -0.28294957 -0.03160641  0.38388848]
00:31:57 [WARNING] rl_uav.envs.as2_test_env: Skipping velocity reset; simulator service reset required (terminal_out_of_bounds)
[ERROR] [1783117918.532071790] [drone0.drone0_interface]: Service returned failure
[ERROR] [1783117919.221084680] [drone0.drone0_interface]: Service returned failure
00:32:05 [INFO] rl_uav.envs.as2_test_env: Reset complete. Initial obs: [ 0.71467113 -0.2687242   0.02115958  0.01299134]
00:32:07 [WARNING] rl_uav.envs.as2_test_env: Skipping velocity reset; simulator service reset required (terminal_out_of_bounds)
[ERROR] [1783117928.551425353] [drone0.drone0_interface]: Service returned failure
[ERROR] [1783117929.264127665] [drone0.drone0_interface]: Service returned failure
00:32:15 [INFO] rl_uav.envs.as2_test_env: Reset complete. Initial obs: [-0.9903185  -0.75558037  0.04437724 -0.3875674 ]
00:32:24 [WARNING] rl_uav.envs.as2_test_env: Skipping velocity reset; simulator service reset required (terminal_out_of_bounds)
[ERROR] [1783117945.977242709] [drone0.drone0_interface]: Service returned failure
[ERROR] [1783117946.713692602] [drone0.drone0_interface]: Service returned failure
00:32:33 [INFO] rl_uav.envs.as2_test_env: Reset complete. Initial obs: [ 0.3855931   1.         -0.05998552 -0.55924034]
00:32:35 [WARNING] rl_uav.envs.as2_test_env: Skipping velocity reset; simulator service reset required (terminal_out_of_bounds)
[ERROR] [1783117957.186012101] [drone0.drone0_interface]: Service returned failure
[ERROR] [1783117957.933097734] [drone0.drone0_interface]: Service returned failure
00:32:44 [INFO] rl_uav.envs.as2_test_env: Reset complete. Initial obs: [-0.7794305   0.29245597 -0.08968569 -0.45058447]
00:32:48 [WARNING] rl_uav.envs.as2_test_env: Reset started at valid low altitude z=0.958; climbing to hover 1.400m with bounded velocity recovery
00:32:50 [WARNING] rl_uav.envs.as2_test_env: Skipping velocity reset; simulator service reset required (terminal_out_of_bounds)
[ERROR] [1783117972.100985737] [drone0.drone0_interface]: Service returned failure
[ERROR] [1783117972.858981658] [drone0.drone0_interface]: Service returned failure
00:32:59 [INFO] rl_uav.envs.as2_test_env: Reset complete. Initial obs: [-0.38841668 -0.6810638  -0.15489723  0.96810097]
00:33:00 [WARNING] rl_uav.envs.as2_test_env: Reset started at valid low altitude z=0.894; climbing to hover 1.400m with bounded velocity recovery
00:33:03 [WARNING] rl_uav.envs.as2_test_env: Skipping velocity reset; simulator service reset required (terminal_out_of_bounds)
[ERROR] [1783117984.610058582] [drone0.drone0_interface]: Service returned failure
[ERROR] [1783117985.382319604] [drone0.drone0_interface]: Service returned failure
00:33:12 [INFO] rl_uav.envs.as2_test_env: Reset complete. Initial obs: [0.07830456 1.         0.03495894 0.9203999 ]
00:33:22 [WARNING] rl_uav.envs.as2_test_env: Skipping velocity reset; simulator service reset required (terminal_out_of_bounds)
[ERROR] [1783118003.722686689] [drone0.drone0_interface]: Service returned failure
[ERROR] [1783118004.500441984] [drone0.drone0_interface]: Service returned failure
00:33:31 [INFO] rl_uav.envs.as2_test_env: Reset complete. Initial obs: [-0.72689897 -0.01557519  0.00266221  0.7228432 ]
-----------------------------------------
| rollout/                |             |
|    ep_len_mean          | 38.5        |
|    ep_rew_mean          | -34.2       |
|    success_rate         | 0.0303      |
| time/                   |             |
|    fps                  | 2           |
|    iterations           | 5           |
|    time_elapsed         | 959         |
|    total_timesteps      | 2560        |
| train/                  |             |
|    approx_kl            | 0.010774652 |
|    clip_fraction        | 0.0324      |
|    clip_range           | 0.2         |
|    entropy_loss         | -5.22       |
|    explained_variance   | 0.00449     |
|    learning_rate        | 3e-05       |
|    loss                 | 68.8        |
|    n_updates            | 20          |
|    policy_gradient_loss | -6.38e-05   |
|    std                  | 0.999       |
|    value_loss           | 124         |
-----------------------------------------
00:33:39 [WARNING] rl_uav.envs.as2_test_env: Skipping velocity reset; simulator service reset required (terminal_out_of_bounds)
[ERROR] [1783118020.830876573] [drone0.drone0_interface]: Service returned failure
[ERROR] [1783118021.622725007] [drone0.drone0_interface]: Service returned failure
00:33:48 [INFO] rl_uav.envs.as2_test_env: Reset complete. Initial obs: [-0.07479612 -0.72001123  0.11156748 -0.6150442 ]
00:33:49 [WARNING] rl_uav.envs.as2_test_env: Skipping velocity reset; simulator service reset required (terminal_out_of_bounds)
[ERROR] [1783118030.930058768] [drone0.drone0_interface]: Service returned failure
[ERROR] [1783118031.719848689] [drone0.drone0_interface]: Service returned failure
00:33:58 [INFO] rl_uav.envs.as2_test_env: Reset complete. Initial obs: [-0.82731533 -0.6585887  -0.03328728  0.54939455]
00:34:09 [WARNING] rl_uav.envs.as2_test_env: Skipping velocity reset; simulator service reset required (terminal_out_of_bounds)
[ERROR] [1783118050.252210771] [drone0.drone0_interface]: Service returned failure
[ERROR] [1783118051.066384435] [drone0.drone0_interface]: Service returned failure
00:34:18 [INFO] rl_uav.envs.as2_test_env: Reset complete. Initial obs: [ 0.3137591  -0.23733988  0.10919286 -0.31767175]
00:34:21 [WARNING] rl_uav.envs.as2_test_env: Skipping velocity reset; simulator service reset required (terminal_out_of_bounds)
[ERROR] [1783118063.168319697] [drone0.drone0_interface]: Service returned failure
[ERROR] [1783118063.997312870] [drone0.drone0_interface]: Service returned failure
00:34:30 [INFO] rl_uav.envs.as2_test_env: Reset complete. Initial obs: [-0.7968839  -0.01707318 -0.00119034 -0.34762472]
00:34:38 [WARNING] rl_uav.envs.as2_test_env: Skipping velocity reset; simulator service reset required (terminal_out_of_bounds)
[ERROR] [1783118080.077319029] [drone0.drone0_interface]: Service returned failure
[ERROR] [1783118080.915659191] [drone0.drone0_interface]: Service returned failure
00:34:47 [INFO] rl_uav.envs.as2_test_env: Reset complete. Initial obs: [0.5975341  0.45501935 0.0208882  0.64672005]
00:34:52 [WARNING] rl_uav.envs.as2_test_env: Skipping velocity reset; simulator service reset required (terminal_out_of_bounds)
[ERROR] [1783118093.588718853] [drone0.drone0_interface]: Service returned failure
[ERROR] [1783118094.438961055] [drone0.drone0_interface]: Service returned failure
00:35:01 [INFO] rl_uav.envs.as2_test_env: Reset complete. Initial obs: [ 0.2973408  -1.         -0.04334519  0.57325727]
00:35:12 [WARNING] rl_uav.envs.as2_test_env: Reset started at valid low altitude z=0.943; climbing to hover 1.400m with bounded velocity recovery
00:35:14 [WARNING] rl_uav.envs.as2_test_env: Skipping velocity reset; simulator service reset required (terminal_out_of_bounds)
[ERROR] [1783118115.886607145] [drone0.drone0_interface]: Service returned failure
[ERROR] [1783118116.747289698] [drone0.drone0_interface]: Service returned failure
00:35:23 [INFO] rl_uav.envs.as2_test_env: Reset complete. Initial obs: [-1.         -1.          0.01777919 -0.5803767 ]
00:35:35 [WARNING] rl_uav.envs.as2_test_env: Skipping velocity reset; simulator service reset required (terminal_out_of_bounds)
[ERROR] [1783118137.005243694] [drone0.drone0_interface]: Service returned failure
[ERROR] [1783118137.875251657] [drone0.drone0_interface]: Service returned failure
00:35:45 [INFO] rl_uav.envs.as2_test_env: Reset complete. Initial obs: [ 0.21938798 -0.26612076  0.1557997  -0.5660276 ]
00:36:04 [INFO] rl_uav.envs.as2_test_env: Keeping drone airborne for velocity reset...
[ERROR] [1783118165.414430598] [drone0.drone0_interface]: Service returned failure
[ERROR] [1783118166.295126539] [drone0.drone0_interface]: Service returned failure
00:36:17 [INFO] rl_uav.envs.as2_test_env: Reset complete. Initial obs: [-0.8374502   0.7116218   0.04614823  0.45194432]
00:36:18 [WARNING] rl_uav.envs.as2_test_env: Skipping velocity reset; simulator service reset required (terminal_out_of_bounds)
[ERROR] [1783118180.235740229] [drone0.drone0_interface]: Service returned failure
[ERROR] [1783118181.131342375] [drone0.drone0_interface]: Service returned failure
00:36:28 [INFO] rl_uav.envs.as2_test_env: Reset complete. Initial obs: [-0.6759554 -1.         0.0590663  0.8079475]
00:36:31 [WARNING] rl_uav.envs.as2_test_env: Skipping velocity reset; simulator service reset required (terminal_out_of_bounds)
[ERROR] [1783118193.244511967] [drone0.drone0_interface]: Service returned failure
[ERROR] [1783118194.150813196] [drone0.drone0_interface]: Service returned failure
00:36:41 [INFO] rl_uav.envs.as2_test_env: Reset complete. Initial obs: [-0.01970383 -1.         -0.04536075 -0.8659631 ]
00:36:45 [WARNING] rl_uav.envs.as2_test_env: Skipping velocity reset; simulator service reset required (terminal_out_of_bounds)
[ERROR] [1783118206.955773350] [drone0.drone0_interface]: Service returned failure
[ERROR] [1783118207.874998810] [drone0.drone0_interface]: Service returned failure
00:36:55 [INFO] rl_uav.envs.as2_test_env: Reset complete. Initial obs: [-1.         -1.         -0.03153104 -0.67311966]
00:37:05 [WARNING] rl_uav.envs.as2_test_env: Skipping velocity reset; simulator service reset required (terminal_out_of_bounds)
[ERROR] [1783118227.368260199] [drone0.drone0_interface]: Service returned failure
[ERROR] [1783118228.298188386] [drone0.drone0_interface]: Service returned failure
00:37:15 [INFO] rl_uav.envs.as2_test_env: Reset complete. Initial obs: [-1.          0.44026     0.02205759 -0.121006  ]
00:37:17 [WARNING] rl_uav.envs.as2_test_env: Skipping velocity reset; simulator service reset required (terminal_out_of_bounds)
[ERROR] [1783118238.873355693] [drone0.drone0_interface]: Service returned failure
[ERROR] [1783118239.814282280] [drone0.drone0_interface]: Service returned failure
00:37:27 [INFO] rl_uav.envs.as2_test_env: Reset complete. Initial obs: [ 0.31337982  0.06961427  0.06100408 -0.7065024 ]
00:37:28 [WARNING] rl_uav.envs.as2_test_env: Skipping velocity reset; simulator service reset required (terminal_out_of_bounds)
[ERROR] [1783118250.383520901] [drone0.drone0_interface]: Service returned failure
[ERROR] [1783118251.332248827] [drone0.drone0_interface]: Service returned failure
00:37:38 [INFO] rl_uav.envs.as2_test_env: Reset complete. Initial obs: [-0.5643245   0.4032558   0.03697523 -0.89122057]
------------------------------------------
| rollout/                |              |
|    ep_len_mean          | 37.4         |
|    ep_rew_mean          | -33.7        |
|    success_rate         | 0.037        |
| time/                   |              |
|    fps                  | 2            |
|    iterations           | 6            |
|    time_elapsed         | 1210         |
|    total_timesteps      | 3072         |
| train/                  |              |
|    approx_kl            | 0.0033022687 |
|    clip_fraction        | 0.0184       |
|    clip_range           | 0.2          |
|    entropy_loss         | -5.62        |
|    explained_variance   | 0.0149       |
|    learning_rate        | 3e-05        |
|    loss                 | 77.5         |
|    n_updates            | 25           |
|    policy_gradient_loss | -0.00579     |
|    std                  | 0.999        |
|    value_loss           | 126          |
------------------------------------------
00:37:47 [WARNING] rl_uav.envs.as2_test_env: Skipping velocity reset; simulator service reset required (terminal_out_of_bounds)
[ERROR] [1783118269.301759785] [drone0.drone0_interface]: Service returned failure
[ERROR] [1783118270.265993480] [drone0.drone0_interface]: Service returned failure
00:37:57 [INFO] rl_uav.envs.as2_test_env: Reset complete. Initial obs: [ 0.7522327   1.         -0.04735695 -0.7499623 ]
00:38:00 [WARNING] rl_uav.envs.as2_test_env: Skipping velocity reset; simulator service reset required (terminal_out_of_bounds)
[ERROR] [1783118281.610809289] [drone0.drone0_interface]: Service returned failure
[ERROR] [1783118282.585007724] [drone0.drone0_interface]: Service returned failure
00:38:10 [INFO] rl_uav.envs.as2_test_env: Reset complete. Initial obs: [0.17746615 0.47517183 0.10177222 0.5916102 ]
00:38:13 [WARNING] rl_uav.envs.as2_test_env: Skipping velocity reset; simulator service reset required (terminal_out_of_bounds)
[ERROR] [1783118295.222779425] [drone0.drone0_interface]: Service returned failure
[ERROR] [1783118296.205434196] [drone0.drone0_interface]: Service returned failure
00:38:23 [INFO] rl_uav.envs.as2_test_env: Reset complete. Initial obs: [-0.60178304  0.0549321  -0.05559414 -0.2678385 ]
00:38:26 [WARNING] rl_uav.envs.as2_test_env: Skipping velocity reset; simulator service reset required (terminal_out_of_bounds)
[ERROR] [1783118308.436338898] [drone0.drone0_interface]: Service returned failure
[ERROR] [1783118309.433290193] [drone0.drone0_interface]: Service returned failure
00:38:36 [INFO] rl_uav.envs.as2_test_env: Reset complete. Initial obs: [ 0.61059606  0.27513248 -0.11110906  0.3019873 ]
00:38:40 [WARNING] rl_uav.envs.as2_test_env: Reset started at valid low altitude z=0.984; climbing to hover 1.400m with bounded velocity recovery
00:38:42 [WARNING] rl_uav.envs.as2_test_env: Skipping velocity reset; simulator service reset required (terminal_out_of_bounds)
[ERROR] [1783118323.944348636] [drone0.drone0_interface]: Service returned failure
[ERROR] [1783118324.953238748] [drone0.drone0_interface]: Service returned failure
00:38:52 [INFO] rl_uav.envs.as2_test_env: Reset complete. Initial obs: [ 0.5862233  -0.40627766 -0.03962157 -0.5546124 ]
00:38:57 [WARNING] rl_uav.envs.as2_test_env: Skipping velocity reset; simulator service reset required (terminal_out_of_bounds)
[ERROR] [1783118339.547515061] [drone0.drone0_interface]: Service returned failure
[ERROR] [1783118340.560456478] [drone0.drone0_interface]: Service returned failure
00:39:08 [INFO] rl_uav.envs.as2_test_env: Reset complete. Initial obs: [ 1.        -0.8677798 -0.0679523 -0.1758275]
00:39:26 [WARNING] rl_uav.envs.as2_test_env: Skipping velocity reset; simulator service reset required (terminal_out_of_bounds)
[ERROR] [1783118367.766164349] [drone0.drone0_interface]: Service returned failure
[ERROR] [1783118368.792713429] [drone0.drone0_interface]: Service returned failure
00:39:36 [INFO] rl_uav.envs.as2_test_env: Reset complete. Initial obs: [-0.00713099  1.          0.00983535  0.16003324]
00:39:46 [WARNING] rl_uav.envs.as2_test_env: Skipping velocity reset; simulator service reset required (terminal_out_of_bounds)
[ERROR] [1783118387.779537111] [drone0.drone0_interface]: Service returned failure
[ERROR] [1783118388.818419509] [drone0.drone0_interface]: Service returned failure
00:39:56 [INFO] rl_uav.envs.as2_test_env: Reset complete. Initial obs: [ 0.51930827 -0.8440624   0.00295673 -0.1881628 ]
00:40:16 [WARNING] rl_uav.envs.as2_test_env: Skipping velocity reset; simulator service reset required (terminal_out_of_bounds)
[ERROR] [1783118418.288337628] [drone0.drone0_interface]: Service returned failure
[ERROR] [1783118419.342256580] [drone0.drone0_interface]: Service returned failure
00:40:27 [INFO] rl_uav.envs.as2_test_env: Reset complete. Initial obs: [-0.96090865  0.33249918  0.08532197  0.03889594]
00:40:29 [WARNING] rl_uav.envs.as2_test_env: Skipping velocity reset; simulator service reset required (terminal_out_of_bounds)
[ERROR] [1783118430.799507575] [drone0.drone0_interface]: Service returned failure
[ERROR] [1783118431.862534852] [drone0.drone0_interface]: Service returned failure
00:40:40 [INFO] rl_uav.envs.as2_test_env: Reset complete. Initial obs: [-0.45230058  0.34027827 -0.02050775 -0.4733975 ]
00:40:45 [WARNING] rl_uav.envs.as2_test_env: Skipping velocity reset; simulator service reset required (terminal_out_of_bounds)
[ERROR] [1783118446.914870588] [drone0.drone0_interface]: Service returned failure
[ERROR] [1783118447.993486322] [drone0.drone0_interface]: Service returned failure
00:40:52 [INFO] rl_uav.envs.as2_test_env: Reset complete. Initial obs: [-1.         1.        -0.0449418  0.9808952]
00:41:02 [WARNING] rl_uav.envs.as2_test_env: Skipping velocity reset; simulator service reset required (terminal_out_of_bounds)
[ERROR] [1783118463.716873810] [drone0.drone0_interface]: Service returned failure
[ERROR] [1783118464.795915608] [drone0.drone0_interface]: Service returned failure
00:41:09 [INFO] rl_uav.envs.as2_test_env: Reset complete. Initial obs: [-0.27313337  0.7419699  -0.06040333  0.91264117]
00:41:13 [WARNING] rl_uav.envs.as2_test_env: Skipping velocity reset; simulator service reset required (terminal_out_of_bounds)
[ERROR] [1783118475.015712467] [drone0.drone0_interface]: Service returned failure
[ERROR] [1783118476.103342758] [drone0.drone0_interface]: Service returned failure
00:41:21 [INFO] rl_uav.envs.as2_test_env: Reset complete. Initial obs: [ 0.40667865  0.20127195  0.07177304 -0.7539146 ]
00:41:22 [WARNING] rl_uav.envs.as2_test_env: Skipping velocity reset; simulator service reset required (terminal_out_of_bounds)
[ERROR] [1783118484.215310613] [drone0.drone0_interface]: Service returned failure
[ERROR] [1783118485.296332198] [drone0.drone0_interface]: Service returned failure
00:41:33 [INFO] rl_uav.envs.as2_test_env: Reset complete. Initial obs: [-0.24311331 -0.7147227  -0.12112587  0.47713313]
00:41:35 [WARNING] rl_uav.envs.as2_test_env: Skipping velocity reset; simulator service reset required (terminal_out_of_bounds)
[ERROR] [1783118496.946247294] [drone0.drone0_interface]: Service returned failure
[ERROR] [1783118498.145205631] [drone0.drone0_interface]: Service returned failure
00:41:43 [INFO] rl_uav.envs.as2_test_env: Reset complete. Initial obs: [ 1.         -0.18447591 -0.00603485  0.8428075 ]
00:41:57 [WARNING] rl_uav.envs.as2_test_env: Skipping velocity reset; simulator service reset required (terminal_out_of_bounds)
[ERROR] [1783118519.652372102] [drone0.drone0_interface]: Service returned failure
[ERROR] [1783118520.755724493] [drone0.drone0_interface]: Service returned failure
00:42:09 [INFO] rl_uav.envs.as2_test_env: Reset complete. Initial obs: [-1.         -0.19522895  0.02013249 -0.9699952 ]
-----------------------------------------
| rollout/                |             |
|    ep_len_mean          | 36.9        |
|    ep_rew_mean          | -34.5       |
|    success_rate         | 0.0309      |
| time/                   |             |
|    fps                  | 2           |
|    iterations           | 7           |
|    time_elapsed         | 1472        |
|    total_timesteps      | 3584        |
| train/                  |             |
|    approx_kl            | 0.004095832 |
|    clip_fraction        | 0.0152      |
|    clip_range           | 0.2         |
|    entropy_loss         | -5.79       |
|    explained_variance   | 0.0173      |
|    learning_rate        | 3e-05       |
|    loss                 | 61.3        |
|    n_updates            | 30          |
|    policy_gradient_loss | 0.000872    |
|    std                  | 0.999       |
|    value_loss           | 137         |
-----------------------------------------
00:42:13 [WARNING] rl_uav.envs.as2_test_env: Skipping velocity reset; simulator service reset required (terminal_out_of_bounds)
[ERROR] [1783118535.364534630] [drone0.drone0_interface]: Service returned failure
[ERROR] [1783118536.492824162] [drone0.drone0_interface]: Service returned failure
00:42:21 [INFO] rl_uav.envs.as2_test_env: Reset complete. Initial obs: [ 0.64174944 -0.72576106  0.06011273 -0.36354312]
00:42:27 [WARNING] rl_uav.envs.as2_test_env: Reset started at valid low altitude z=0.880; climbing to hover 1.400m with bounded velocity recovery
00:42:30 [WARNING] rl_uav.envs.as2_test_env: Skipping velocity reset; simulator service reset required (terminal_out_of_bounds)
[ERROR] [1783118551.769179823] [drone0.drone0_interface]: Service returned failure
[ERROR] [1783118552.908757283] [drone0.drone0_interface]: Service returned failure
00:42:38 [INFO] rl_uav.envs.as2_test_env: Reset complete. Initial obs: [-0.49641633  0.2787353   0.04635759 -0.5630944 ]
00:42:40 [WARNING] rl_uav.envs.as2_test_env: Skipping velocity reset; simulator service reset required (terminal_out_of_bounds)
[ERROR] [1783118561.864118370] [drone0.drone0_interface]: Service returned failure
[ERROR] [1783118562.984493713] [drone0.drone0_interface]: Service returned failure
00:42:48 [INFO] rl_uav.envs.as2_test_env: Reset complete. Initial obs: [-0.6822509   0.02463675 -0.10348035  0.43291444]
00:43:07 [WARNING] rl_uav.envs.as2_test_env: Skipping velocity reset; simulator service reset required (terminal_out_of_bounds)
[ERROR] [1783118588.785473927] [drone0.drone0_interface]: Service returned failure
[ERROR] [1783118589.935692978] [drone0.drone0_interface]: Service returned failure
00:43:15 [INFO] rl_uav.envs.as2_test_env: Reset complete. Initial obs: [-1.         -0.02037593  0.07247754  0.3758252 ]
00:43:16 [WARNING] rl_uav.envs.as2_test_env: Skipping velocity reset; simulator service reset required (terminal_out_of_bounds)
[ERROR] [1783118598.275104223] [drone0.drone0_interface]: Service returned failure
[ERROR] [1783118599.420164775] [drone0.drone0_interface]: Service returned failure
00:43:27 [INFO] rl_uav.envs.as2_test_env: Reset complete. Initial obs: [-0.65125144 -0.5060384   0.03386097 -0.2911534 ]
00:43:29 [WARNING] rl_uav.envs.as2_test_env: Skipping velocity reset; simulator service reset required (terminal_out_of_bounds)
[ERROR] [1783118611.493843740] [drone0.drone0_interface]: Service returned failure
[ERROR] [1783118612.660936114] [drone0.drone0_interface]: Service returned failure
00:43:37 [INFO] rl_uav.envs.as2_test_env: Reset complete. Initial obs: [1.         0.1010358  0.01616473 0.40138713]
00:43:40 [WARNING] rl_uav.envs.as2_test_env: Reset started at valid low altitude z=0.992; climbing to hover 1.400m with bounded velocity recovery
00:43:42 [WARNING] rl_uav.envs.as2_test_env: Skipping velocity reset; simulator service reset required (terminal_out_of_bounds)
[ERROR] [1783118624.662150223] [drone0.drone0_interface]: Service returned failure
[ERROR] [1783118625.834519605] [drone0.drone0_interface]: Service returned failure
00:43:51 [INFO] rl_uav.envs.as2_test_env: Reset complete. Initial obs: [ 0.7408283   0.5209822  -0.03109779 -0.7958054 ]
00:43:53 [WARNING] rl_uav.envs.as2_test_env: Skipping velocity reset; simulator service reset required (terminal_out_of_bounds)
[ERROR] [1783118635.096315600] [drone0.drone0_interface]: Service returned failure
[ERROR] [1783118636.264181327] [drone0.drone0_interface]: Service returned failure
00:44:05 [INFO] rl_uav.envs.as2_test_env: Reset complete. Initial obs: [ 1.          0.14100263  0.01476562 -0.38670632]
00:44:07 [WARNING] rl_uav.envs.as2_test_env: Reset started at valid low altitude z=0.957; climbing to hover 1.400m with bounded velocity recovery
00:44:10 [WARNING] rl_uav.envs.as2_test_env: Skipping velocity reset; simulator service reset required (terminal_out_of_bounds)
[ERROR] [1783118651.932796157] [drone0.drone0_interface]: Service returned failure
[ERROR] [1783118653.122003398] [drone0.drone0_interface]: Service returned failure
00:44:18 [INFO] rl_uav.envs.as2_test_env: Reset complete. Initial obs: [ 0.45303002  0.3668509  -0.11236498  0.9564853 ]
00:44:20 [WARNING] rl_uav.envs.as2_test_env: Skipping velocity reset; simulator service reset required (terminal_out_of_bounds)
[ERROR] [1783118662.916678232] [drone0.drone0_interface]: Service returned failure
[ERROR] [1783118664.103793671] [drone0.drone0_interface]: Service returned failure
00:44:29 [INFO] rl_uav.envs.as2_test_env: Reset complete. Initial obs: [-1.4257392e-01  9.0719169e-01  4.1360895e-06  1.5199699e-01]
00:44:33 [WARNING] rl_uav.envs.as2_test_env: Reset started at valid low altitude z=0.964; climbing to hover 1.400m with bounded velocity recovery
00:44:36 [WARNING] rl_uav.envs.as2_test_env: Skipping velocity reset; simulator service reset required (terminal_out_of_bounds)
[ERROR] [1783118677.943303804] [drone0.drone0_interface]: Service returned failure
[ERROR] [1783118679.151596119] [drone0.drone0_interface]: Service returned failure
00:44:44 [INFO] rl_uav.envs.as2_test_env: Reset complete. Initial obs: [ 0.3662571  -1.         -0.11003749  0.613285  ]
00:44:49 [WARNING] rl_uav.envs.as2_test_env: Skipping velocity reset; simulator service reset required (terminal_out_of_bounds)
[ERROR] [1783118691.451994646] [drone0.drone0_interface]: Service returned failure
[ERROR] [1783118692.670348198] [drone0.drone0_interface]: Service returned failure
00:44:58 [INFO] rl_uav.envs.as2_test_env: Reset complete. Initial obs: [ 1.          1.         -0.0842794  -0.16627589]
00:45:10 [WARNING] rl_uav.envs.as2_test_env: Skipping velocity reset; simulator service reset required (terminal_out_of_bounds)
[ERROR] [1783118713.053215790] [drone0.drone0_interface]: Service returned failure
[ERROR] [1783118714.274074733] [drone0.drone0_interface]: Service returned failure
00:45:19 [INFO] rl_uav.envs.as2_test_env: Reset complete. Initial obs: [ 0.67291456  0.7130284  -0.12127221  0.50237983]
00:45:29 [WARNING] rl_uav.envs.as2_test_env: Skipping velocity reset; simulator service reset required (terminal_out_of_bounds)
[ERROR] [1783118731.367225238] [drone0.drone0_interface]: Service returned failure
[ERROR] [1783118732.595022374] [drone0.drone0_interface]: Service returned failure
00:45:40 [INFO] rl_uav.envs.as2_test_env: Reset complete. Initial obs: [-0.87474155 -0.76621705  0.03839543 -0.30391055]
00:45:43 [WARNING] rl_uav.envs.as2_test_env: Skipping velocity reset; simulator service reset required (terminal_out_of_bounds)
[ERROR] [1783118745.680080859] [drone0.drone0_interface]: Service returned failure
[ERROR] [1783118746.920226962] [drone0.drone0_interface]: Service returned failure
00:45:52 [INFO] rl_uav.envs.as2_test_env: Reset complete. Initial obs: [0.70344526 0.5928533  0.1150371  0.40935624]
00:45:54 [WARNING] rl_uav.envs.as2_test_env: Skipping velocity reset; simulator service reset required (terminal_out_of_bounds)
[ERROR] [1783118756.876922284] [drone0.drone0_interface]: Service returned failure
[ERROR] [1783118758.120498952] [drone0.drone0_interface]: Service returned failure
00:46:03 [INFO] rl_uav.envs.as2_test_env: Reset complete. Initial obs: [0.78400934 0.7410963  0.04689624 0.1672923 ]
00:46:06 [WARNING] rl_uav.envs.as2_test_env: Skipping velocity reset; simulator service reset required (terminal_out_of_bounds)
[ERROR] [1783118768.081852799] [drone0.drone0_interface]: Service returned failure
[ERROR] [1783118769.335370552] [drone0.drone0_interface]: Service returned failure
00:46:17 [INFO] rl_uav.envs.as2_test_env: Reset complete. Initial obs: [-0.64951074 -1.          0.14471696  0.20213959]
00:46:19 [WARNING] rl_uav.envs.as2_test_env: Skipping velocity reset; simulator service reset required (terminal_out_of_bounds)
[ERROR] [1783118781.804733151] [drone0.drone0_interface]: Service returned failure
[ERROR] [1783118783.068515898] [drone0.drone0_interface]: Service returned failure
00:46:27 [INFO] rl_uav.envs.as2_test_env: Reset complete. Initial obs: [-1.         -0.536725   -0.08598322  0.6931038 ]
00:46:31 [WARNING] rl_uav.envs.as2_test_env: Skipping velocity reset; simulator service reset required (terminal_out_of_bounds)
[ERROR] [1783118793.093930494] [drone0.drone0_interface]: Service returned failure
[ERROR] [1783118794.357520429] [drone0.drone0_interface]: Service returned failure
00:46:42 [INFO] rl_uav.envs.as2_test_env: Reset complete. Initial obs: [-0.5266523  -1.          0.09632386  0.12775277]
00:46:44 [WARNING] rl_uav.envs.as2_test_env: Skipping velocity reset; simulator service reset required (terminal_out_of_bounds)
[ERROR] [1783118806.120345077] [drone0.drone0_interface]: Service returned failure
[ERROR] [1783118807.407376691] [drone0.drone0_interface]: Service returned failure
00:46:53 [INFO] rl_uav.envs.as2_test_env: Reset complete. Initial obs: [-0.8451947  -1.         -0.0711774   0.46442738]
00:46:54 [WARNING] rl_uav.envs.as2_test_env: Reset started at valid low altitude z=0.916; climbing to hover 1.400m with bounded velocity recovery
00:46:57 [WARNING] rl_uav.envs.as2_test_env: Skipping velocity reset; simulator service reset required (terminal_out_of_bounds)
[ERROR] [1783118819.929030695] [drone0.drone0_interface]: Service returned failure
[ERROR] [1783118821.220736190] [drone0.drone0_interface]: Service returned failure
00:47:09 [INFO] rl_uav.envs.as2_test_env: Reset complete. Initial obs: [ 1.         -1.          0.06722946 -0.8379052 ]
00:47:11 [WARNING] rl_uav.envs.as2_test_env: Skipping velocity reset; simulator service reset required (terminal_out_of_bounds)
[ERROR] [1783118833.947356323] [drone0.drone0_interface]: Service returned failure
[ERROR] [1783118835.252567751] [drone0.drone0_interface]: Service returned failure
00:47:23 [INFO] rl_uav.envs.as2_test_env: Reset complete. Initial obs: [-0.49796078 -1.          0.05912695 -0.79332006]
00:47:25 [WARNING] rl_uav.envs.as2_test_env: Skipping velocity reset; simulator service reset required (terminal_out_of_bounds)
[ERROR] [1783118847.953780999] [drone0.drone0_interface]: Service returned failure
[ERROR] [1783118849.268386805] [drone0.drone0_interface]: Service returned failure
00:47:37 [INFO] rl_uav.envs.as2_test_env: Reset complete. Initial obs: [-0.5532091   0.49254426  0.05597937  0.5281521 ]
00:47:40 [WARNING] rl_uav.envs.as2_test_env: Skipping velocity reset; simulator service reset required (terminal_out_of_bounds)
[ERROR] [1783118862.066098654] [drone0.drone0_interface]: Service returned failure
[ERROR] [1783118863.389403999] [drone0.drone0_interface]: Service returned failure
00:47:52 [INFO] rl_uav.envs.as2_test_env: Reset complete. Initial obs: [-1.         -1.          0.0678262  -0.33456358]
00:47:54 [WARNING] rl_uav.envs.as2_test_env: Skipping velocity reset; simulator service reset required (terminal_out_of_bounds)
[ERROR] [1783118876.275322760] [drone0.drone0_interface]: Service returned failure
[ERROR] [1783118877.614373724] [drone0.drone0_interface]: Service returned failure
00:48:06 [INFO] rl_uav.envs.as2_test_env: Reset complete. Initial obs: [ 1.         -0.35597053  0.00618008  0.712932  ]
------------------------------------------
| rollout/                |              |
|    ep_len_mean          | 33.7         |
|    ep_rew_mean          | -34.4        |
|    success_rate         | 0.01         |
| time/                   |              |
|    fps                  | 2            |
|    iterations           | 8            |
|    time_elapsed         | 1832         |
|    total_timesteps      | 4096         |
| train/                  |              |
|    approx_kl            | 0.0006720285 |
|    clip_fraction        | 0            |
|    clip_range           | 0.2          |
|    entropy_loss         | -6.57        |
|    explained_variance   | 0.0748       |
|    learning_rate        | 3e-05        |
|    loss                 | 83           |
|    n_updates            | 35           |
|    policy_gradient_loss | -0.0017      |
|    std                  | 0.999        |
|    value_loss           | 182          |
------------------------------------------
00:48:09 [WARNING] rl_uav.envs.as2_test_env: Skipping velocity reset; simulator service reset required (terminal_out_of_bounds)
[ERROR] [1783118891.785732586] [drone0.drone0_interface]: Service returned failure
[ERROR] [1783118893.137134324] [drone0.drone0_interface]: Service returned failure
00:48:22 [INFO] rl_uav.envs.as2_test_env: Reset complete. Initial obs: [ 0.018626    0.37700975  0.04173709 -0.79737383]
00:48:28 [WARNING] rl_uav.envs.as2_test_env: Skipping velocity reset; simulator service reset required (terminal_out_of_bounds)
[ERROR] [1783118910.292686130] [drone0.drone0_interface]: Service returned failure
[ERROR] [1783118911.654278691] [drone0.drone0_interface]: Service returned failure
00:48:40 [INFO] rl_uav.envs.as2_test_env: Reset complete. Initial obs: [ 0.6094434   0.86625266 -0.13378926  0.84783775]
00:48:46 [WARNING] rl_uav.envs.as2_test_env: Reset started at valid low altitude z=0.894; climbing to hover 1.400m with bounded velocity recovery
00:48:50 [WARNING] rl_uav.envs.as2_test_env: Skipping velocity reset; simulator service reset required (terminal_out_of_bounds)
[ERROR] [1783118932.510785535] [drone0.drone0_interface]: Service returned failure
[ERROR] [1783118933.878079304] [drone0.drone0_interface]: Service returned failure
00:49:02 [INFO] rl_uav.envs.as2_test_env: Reset complete. Initial obs: [ 0.9827289  -0.28737628 -0.06922103 -0.77430975]
00:49:23 [WARNING] rl_uav.envs.as2_test_env: Skipping velocity reset; simulator service reset required (terminal_out_of_bounds)
[ERROR] [1783118965.615016639] [drone0.drone0_interface]: Service returned failure
[ERROR] [1783118966.998666622] [drone0.drone0_interface]: Service returned failure
00:49:36 [INFO] rl_uav.envs.as2_test_env: Reset complete. Initial obs: [-0.13627847  0.8302174   0.06179262 -0.5851882 ]
00:49:48 [WARNING] rl_uav.envs.as2_test_env: Skipping velocity reset; simulator service reset required (terminal_out_of_bounds)
[ERROR] [1783118990.732168178] [drone0.drone0_interface]: Service returned failure
[ERROR] [1783118992.124874497] [drone0.drone0_interface]: Service returned failure
00:50:01 [INFO] rl_uav.envs.as2_test_env: Reset complete. Initial obs: [ 0.00463663 -0.3675602  -0.10294392  0.68864095]
00:50:08 [WARNING] rl_uav.envs.as2_test_env: Skipping velocity reset; simulator service reset required (terminal_out_of_bounds)
[ERROR] [1783119010.541412243] [drone0.drone0_interface]: Service returned failure
[ERROR] [1783119011.941149307] [drone0.drone0_interface]: Service returned failure
00:50:21 [INFO] rl_uav.envs.as2_test_env: Reset complete. Initial obs: [ 0.6767392  -0.573178    0.04058138 -0.9819747 ]
00:50:23 [WARNING] rl_uav.envs.as2_test_env: Skipping velocity reset; simulator service reset required (terminal_out_of_bounds)
[ERROR] [1783119025.955248221] [drone0.drone0_interface]: Service returned failure
[ERROR] [1783119027.370394170] [drone0.drone0_interface]: Service returned failure
00:50:36 [INFO] rl_uav.envs.as2_test_env: Reset complete. Initial obs: [0.32512856 0.14244318 0.04149795 0.6649824 ]
00:50:39 [WARNING] rl_uav.envs.as2_test_env: Skipping velocity reset; simulator service reset required (terminal_out_of_bounds)
[ERROR] [1783119041.363126102] [drone0.drone0_interface]: Service returned failure
[ERROR] [1783119042.790048881] [drone0.drone0_interface]: Service returned failure
00:50:52 [INFO] rl_uav.envs.as2_test_env: Reset complete. Initial obs: [ 0.98365647 -1.         -0.14698578  0.8041071 ]
00:50:56 [WARNING] rl_uav.envs.as2_test_env: Skipping velocity reset; simulator service reset required (terminal_out_of_bounds)
[ERROR] [1783119058.680808162] [drone0.drone0_interface]: Service returned failure
[ERROR] [1783119060.210109499] [drone0.drone0_interface]: Service returned failure
00:51:09 [INFO] rl_uav.envs.as2_test_env: Reset complete. Initial obs: [-0.13863815  0.45478678  0.10629983  0.72705275]
00:51:22 [WARNING] rl_uav.envs.as2_test_env: Skipping velocity reset; simulator service reset required (terminal_out_of_bounds)
[ERROR] [1783119085.088386012] [drone0.drone0_interface]: Service returned failure
[ERROR] [1783119086.540784912] [drone0.drone0_interface]: Service returned failure
00:51:35 [INFO] rl_uav.envs.as2_test_env: Reset complete. Initial obs: [ 0.34521073 -0.37656352 -0.13171397 -0.62429243]
00:51:39 [WARNING] rl_uav.envs.as2_test_env: Skipping velocity reset; simulator service reset required (terminal_out_of_bounds)
[ERROR] [1783119101.699411789] [drone0.drone0_interface]: Service returned failure
[ERROR] [1783119103.160004298] [drone0.drone0_interface]: Service returned failure
00:51:52 [INFO] rl_uav.envs.as2_test_env: Reset complete. Initial obs: [ 0.52202797 -0.5985787  -0.04455087 -0.8989444 ]
00:51:58 [WARNING] rl_uav.envs.as2_test_env: Reset started at valid low altitude z=0.837; climbing to hover 1.400m with bounded velocity recovery
00:52:02 [WARNING] rl_uav.envs.as2_test_env: Skipping velocity reset; simulator service reset required (terminal_out_of_bounds)
[ERROR] [1783119124.711955116] [drone0.drone0_interface]: Service returned failure
[ERROR] [1783119126.180722655] [drone0.drone0_interface]: Service returned failure
00:52:15 [INFO] rl_uav.envs.as2_test_env: Reset complete. Initial obs: [ 0.49840873 -0.8656126  -0.03741667 -0.67658204]
00:52:23 [WARNING] rl_uav.envs.as2_test_env: Skipping velocity reset; simulator service reset required (terminal_out_of_bounds)
[ERROR] [1783119146.020487935] [drone0.drone0_interface]: Service returned failure
[ERROR] [1783119147.505382405] [drone0.drone0_interface]: Service returned failure
00:52:37 [INFO] rl_uav.envs.as2_test_env: Reset complete. Initial obs: [-1.         -0.2954607  -0.08149365  0.07057819]
00:52:39 [WARNING] rl_uav.envs.as2_test_env: Skipping velocity reset; simulator service reset required (terminal_out_of_bounds)
[ERROR] [1783119162.223182982] [drone0.drone0_interface]: Service returned failure
[ERROR] [1783119163.717346124] [drone0.drone0_interface]: Service returned failure
00:52:53 [INFO] rl_uav.envs.as2_test_env: Reset complete. Initial obs: [-0.26159602  1.         -0.0671306   0.18871966]
00:52:56 [WARNING] rl_uav.envs.as2_test_env: Skipping velocity reset; simulator service reset required (terminal_out_of_bounds)
[ERROR] [1783119178.640942753] [drone0.drone0_interface]: Service returned failure
[ERROR] [1783119180.140927047] [drone0.drone0_interface]: Service returned failure
00:53:10 [INFO] rl_uav.envs.as2_test_env: Reset complete. Initial obs: [ 1.         -0.69075245 -0.12725696 -0.11315623]
-----------------------------------------
| rollout/                |             |
|    ep_len_mean          | 34.1        |
|    ep_rew_mean          | -33.8       |
|    success_rate         | 0.01        |
| time/                   |             |
|    fps                  | 2           |
|    iterations           | 9           |
|    time_elapsed         | 2140        |
|    total_timesteps      | 4608        |
| train/                  |             |
|    approx_kl            | 0.000133252 |
|    clip_fraction        | 0           |
|    clip_range           | 0.2         |
|    entropy_loss         | -6.61       |
|    explained_variance   | 0.0278      |
|    learning_rate        | 3e-05       |
|    loss                 | 83.2        |
|    n_updates            | 40          |
|    policy_gradient_loss | -0.00219    |
|    std                  | 0.998       |
|    value_loss           | 165         |
-----------------------------------------
00:53:17 [WARNING] rl_uav.envs.as2_test_env: Reset started at valid low altitude z=0.966; climbing to hover 1.400m with bounded velocity recovery
00:53:20 [WARNING] rl_uav.envs.as2_test_env: Skipping velocity reset; simulator service reset required (terminal_out_of_bounds)
[ERROR] [1783119203.355591522] [drone0.drone0_interface]: Service returned failure
[ERROR] [1783119204.872978707] [drone0.drone0_interface]: Service returned failure
00:53:34 [INFO] rl_uav.envs.as2_test_env: Reset complete. Initial obs: [-0.08240433 -1.         -0.06793484  0.7671749 ]
00:53:38 [WARNING] rl_uav.envs.as2_test_env: Skipping velocity reset; simulator service reset required (terminal_out_of_bounds)
[ERROR] [1783119221.169263983] [drone0.drone0_interface]: Service returned failure
[ERROR] [1783119222.698243007] [drone0.drone0_interface]: Service returned failure
00:53:52 [INFO] rl_uav.envs.as2_test_env: Reset complete. Initial obs: [-0.66078186  0.44139054 -0.08605797 -0.5482283 ]
00:54:02 [WARNING] rl_uav.envs.as2_test_env: Skipping velocity reset; simulator service reset required (terminal_out_of_bounds)
[ERROR] [1783119245.079796215] [drone0.drone0_interface]: Service returned failure
[ERROR] [1783119246.614546781] [drone0.drone0_interface]: Service returned failure
00:54:16 [INFO] rl_uav.envs.as2_test_env: Reset complete. Initial obs: [0.19935414 0.23606506 0.10615483 0.19114172]
00:54:22 [WARNING] rl_uav.envs.as2_test_env: Skipping velocity reset; simulator service reset required (terminal_out_of_bounds)
[ERROR] [1783119265.090534255] [drone0.drone0_interface]: Service returned failure
[ERROR] [1783119266.640585828] [drone0.drone0_interface]: Service returned failure
00:54:36 [INFO] rl_uav.envs.as2_test_env: Reset complete. Initial obs: [-0.48302084  1.         -0.04337173  0.7036061 ]
00:54:38 [WARNING] rl_uav.envs.as2_test_env: Skipping velocity reset; simulator service reset required (terminal_out_of_bounds)
[ERROR] [1783119281.103928481] [drone0.drone0_interface]: Service returned failure
[ERROR] [1783119282.661743029] [drone0.drone0_interface]: Service returned failure
00:54:51 [INFO] rl_uav.envs.as2_test_env: Reset complete. Initial obs: [ 0.39973012 -0.17271923 -0.09001029 -0.20070668]
00:54:59 [WARNING] rl_uav.envs.as2_test_env: Skipping velocity reset; simulator service reset required (terminal_out_of_bounds)
[ERROR] [1783119302.224590678] [drone0.drone0_interface]: Service returned failure
[ERROR] [1783119303.794579424] [drone0.drone0_interface]: Service returned failure
00:55:14 [INFO] rl_uav.envs.as2_test_env: Reset complete. Initial obs: [ 1.          0.1934299  -0.08007982  0.02854621]
00:55:14 [WARNING] rl_uav.envs.as2_test_env: Reset started at valid low altitude z=0.980; climbing to hover 1.400m with bounded velocity recovery
00:55:18 [WARNING] rl_uav.envs.as2_test_env: Skipping velocity reset; simulator service reset required (terminal_out_of_bounds)
[ERROR] [1783119320.423042002] [drone0.drone0_interface]: Service returned failure
[ERROR] [1783119322.006731883] [drone0.drone0_interface]: Service returned failure
00:55:32 [INFO] rl_uav.envs.as2_test_env: Reset complete. Initial obs: [ 0.688594    1.          0.01010531 -0.31580383]
00:55:37 [WARNING] rl_uav.envs.as2_test_env: Skipping velocity reset; simulator service reset required (terminal_out_of_bounds)
[ERROR] [1783119339.636670632] [drone0.drone0_interface]: Service returned failure
[ERROR] [1783119341.234438039] [drone0.drone0_interface]: Service returned failure
00:55:50 [INFO] rl_uav.envs.as2_test_env: Reset complete. Initial obs: [ 0.8629437 -1.        -0.1136355 -0.5009019]
00:56:05 [WARNING] rl_uav.envs.as2_test_env: Skipping velocity reset; simulator service reset required (terminal_out_of_bounds)
[ERROR] [1783119368.040834624] [drone0.drone0_interface]: Service returned failure
[ERROR] [1783119369.644156663] [drone0.drone0_interface]: Service returned failure
00:56:19 [INFO] rl_uav.envs.as2_test_env: Reset complete. Initial obs: [0.76530415 0.5008693  0.06558902 0.56133336]
00:56:25 [WARNING] rl_uav.envs.as2_test_env: Skipping velocity reset; simulator service reset required (terminal_out_of_bounds)
[ERROR] [1783119387.559896177] [drone0.drone0_interface]: Service returned failure
[ERROR] [1783119389.175317541] [drone0.drone0_interface]: Service returned failure
00:56:39 [INFO] rl_uav.envs.as2_test_env: Reset complete. Initial obs: [-0.4019536  -0.13738093  0.01581576 -0.9695092 ]
00:56:58 [WARNING] rl_uav.envs.as2_test_env: Skipping velocity reset; simulator service reset required (terminal_out_of_bounds)
[ERROR] [1783119421.062478730] [drone0.drone0_interface]: Service returned failure
[ERROR] [1783119422.689028247] [drone0.drone0_interface]: Service returned failure
00:57:13 [INFO] rl_uav.envs.as2_test_env: Reset complete. Initial obs: [ 0.1860331  -1.          0.03000366 -0.9184437 ]
00:57:17 [WARNING] rl_uav.envs.as2_test_env: Skipping velocity reset; simulator service reset required (terminal_out_of_bounds)
[ERROR] [1783119439.966303212] [drone0.drone0_interface]: Service returned failure
[ERROR] [1783119441.601034502] [drone0.drone0_interface]: Service returned failure
00:57:27 [INFO] rl_uav.envs.as2_test_env: Reset complete. Initial obs: [-0.97349674 -0.01636476 -0.13051446 -0.08252818]
00:57:29 [WARNING] rl_uav.envs.as2_test_env: Reset started at valid low altitude z=0.941; climbing to hover 1.400m with bounded velocity recovery
00:57:33 [WARNING] rl_uav.envs.as2_test_env: Skipping velocity reset; simulator service reset required (terminal_out_of_bounds)
[ERROR] [1783119454.870218753] [drone0.drone0_interface]: Service returned failure
[ERROR] [1783119456.514413727] [drone0.drone0_interface]: Service returned failure
00:57:47 [INFO] rl_uav.envs.as2_test_env: Reset complete. Initial obs: [ 0.23590896  1.         -0.1597967  -0.13145697]
00:57:49 [WARNING] rl_uav.envs.as2_test_env: Skipping velocity reset; simulator service reset required (terminal_out_of_bounds)
[ERROR] [1783119471.997393899] [drone0.drone0_interface]: Service returned failure
[ERROR] [1783119473.655999271] [drone0.drone0_interface]: Service returned failure
00:58:00 [INFO] rl_uav.envs.as2_test_env: Reset complete. Initial obs: [-0.60380954  0.00308484  0.02339106 -0.45872515]
00:58:04 [WARNING] rl_uav.envs.as2_test_env: Skipping velocity reset; simulator service reset required (terminal_out_of_bounds)
[ERROR] [1783119487.103965869] [drone0.drone0_interface]: Service returned failure
[ERROR] [1783119488.758413635] [drone0.drone0_interface]: Service returned failure
00:58:15 [INFO] rl_uav.envs.as2_test_env: Reset complete. Initial obs: [ 0.05243241 -1.         -0.06915273 -0.37441707]
00:58:25 [WARNING] rl_uav.envs.as2_test_env: Skipping velocity reset; simulator service reset required (terminal_out_of_bounds)
[ERROR] [1783119507.811185081] [drone0.drone0_interface]: Service returned failure
[ERROR] [1783119509.485264290] [drone0.drone0_interface]: Service returned failure
00:58:36 [INFO] rl_uav.envs.as2_test_env: Reset complete. Initial obs: [-0.9524711   0.46148717  0.10969266 -0.10012223]
00:58:37 [WARNING] rl_uav.envs.as2_test_env: Skipping velocity reset; simulator service reset required (terminal_out_of_bounds)
[ERROR] [1783119519.808549108] [drone0.drone0_interface]: Service returned failure
[ERROR] [1783119521.485930839] [drone0.drone0_interface]: Service returned failure
00:58:47 [INFO] rl_uav.envs.as2_test_env: Reset complete. Initial obs: [ 0.27578774  0.58253276  0.03378641 -0.2337055 ]
00:58:51 [WARNING] rl_uav.envs.as2_test_env: Skipping velocity reset; simulator service reset required (terminal_out_of_bounds)
[ERROR] [1783119534.025122186] [drone0.drone0_interface]: Service returned failure
[ERROR] [1783119535.707671021] [drone0.drone0_interface]: Service returned failure
00:59:01 [INFO] rl_uav.envs.as2_test_env: Reset complete. Initial obs: [ 0.29002514 -0.69018745 -0.00577776 -0.1428377 ]
------------------------------------------
| rollout/                |              |
|    ep_len_mean          | 30.1         |
|    ep_rew_mean          | -31.8        |
|    success_rate         | 0.01         |
| time/                   |              |
|    fps                  | 2            |
|    iterations           | 10           |
|    time_elapsed         | 2487         |
|    total_timesteps      | 5120         |
| train/                  |              |
|    approx_kl            | 0.0024729203 |
|    clip_fraction        | 0.00625      |
|    clip_range           | 0.2          |
|    entropy_loss         | -6.11        |
|    explained_variance   | 0.0276       |
|    learning_rate        | 3e-05        |
|    loss                 | 61.5         |
|    n_updates            | 45           |
|    policy_gradient_loss | 0.0063       |
|    std                  | 0.998        |
|    value_loss           | 109          |
------------------------------------------
00:59:06 [WARNING] rl_uav.envs.as2_test_env: Skipping velocity reset; simulator service reset required (terminal_out_of_bounds)
[ERROR] [1783119549.533056340] [drone0.drone0_interface]: Service returned failure
[ERROR] [1783119551.224194666] [drone0.drone0_interface]: Service returned failure
00:59:17 [INFO] rl_uav.envs.as2_test_env: Reset complete. Initial obs: [-0.6591404   0.53127974 -0.15478337 -0.20137984]
00:59:24 [WARNING] rl_uav.envs.as2_test_env: Skipping velocity reset; simulator service reset required (terminal_out_of_bounds)
[ERROR] [1783119567.143860049] [drone0.drone0_interface]: Service returned failure
[ERROR] [1783119568.846510799] [drone0.drone0_interface]: Service returned failure
00:59:35 [INFO] rl_uav.envs.as2_test_env: Reset complete. Initial obs: [-1.          0.7727757  -0.04006138  0.06143789]
00:59:38 [WARNING] rl_uav.envs.as2_test_env: Skipping velocity reset; simulator service reset required (terminal_out_of_bounds)
[ERROR] [1783119581.448660192] [drone0.drone0_interface]: Service returned failure
[ERROR] [1783119583.162054401] [drone0.drone0_interface]: Service returned failure
00:59:49 [INFO] rl_uav.envs.as2_test_env: Reset complete. Initial obs: [-0.35019636 -0.8874128  -0.05535072  0.21942021]
00:59:57 [WARNING] rl_uav.envs.as2_test_env: Skipping velocity reset; simulator service reset required (terminal_out_of_bounds)
[ERROR] [1783119600.252106938] [drone0.drone0_interface]: Service returned failure
[ERROR] [1783119601.959914156] [drone0.drone0_interface]: Service returned failure
01:00:08 [INFO] rl_uav.envs.as2_test_env: Reset complete. Initial obs: [ 0.12811877 -0.18955863 -0.08132405 -0.8133153 ]
01:00:09 [WARNING] rl_uav.envs.as2_test_env: Reset started at valid low altitude z=0.938; climbing to hover 1.400m with bounded velocity recovery
01:00:12 [WARNING] rl_uav.envs.as2_test_env: Skipping velocity reset; simulator service reset required (terminal_out_of_bounds)
[ERROR] [1783119614.661399639] [drone0.drone0_interface]: Service returned failure
[ERROR] [1783119616.383220136] [drone0.drone0_interface]: Service returned failure
01:00:23 [INFO] rl_uav.envs.as2_test_env: Reset complete. Initial obs: [ 0.58810556 -0.7951591  -0.07318129  0.74976164]
01:00:26 [WARNING] rl_uav.envs.as2_test_env: Skipping velocity reset; simulator service reset required (terminal_out_of_bounds)
[ERROR] [1783119629.068245136] [drone0.drone0_interface]: Service returned failure
[ERROR] [1783119630.803491505] [drone0.drone0_interface]: Service returned failure
01:00:37 [INFO] rl_uav.envs.as2_test_env: Reset complete. Initial obs: [ 0.76357746 -1.          0.06632443 -0.03876518]
01:00:46 [WARNING] rl_uav.envs.as2_test_env: Skipping velocity reset; simulator service reset required (terminal_out_of_bounds)
[ERROR] [1783119649.077382513] [drone0.drone0_interface]: Service returned failure
[ERROR] [1783119650.814711851] [drone0.drone0_interface]: Service returned failure
01:00:57 [INFO] rl_uav.envs.as2_test_env: Reset complete. Initial obs: [ 0.17856117 -0.3157965   0.06003925  0.5831903 ]
01:01:11 [WARNING] rl_uav.envs.as2_test_env: Skipping velocity reset; simulator service reset required (terminal_out_of_bounds)
[ERROR] [1783119674.584435496] [drone0.drone0_interface]: Service returned failure
[ERROR] [1783119676.332892093] [drone0.drone0_interface]: Service returned failure
01:01:22 [INFO] rl_uav.envs.as2_test_env: Reset complete. Initial obs: [-1.         -0.06167634  0.06044093 -0.3116454 ]
01:01:30 [WARNING] rl_uav.envs.as2_test_env: Skipping velocity reset; simulator service reset required (terminal_out_of_bounds)
[ERROR] [1783119693.500505358] [drone0.drone0_interface]: Service returned failure
[ERROR] [1783119695.252875466] [drone0.drone0_interface]: Service returned failure
01:01:42 [INFO] rl_uav.envs.as2_test_env: Reset complete. Initial obs: [ 1.         -0.18710475 -0.0991906  -0.43946603]
01:01:48 [WARNING] rl_uav.envs.as2_test_env: Reset started at valid low altitude z=0.925; climbing to hover 1.400m with bounded velocity recovery
01:01:52 [WARNING] rl_uav.envs.as2_test_env: Skipping velocity reset; simulator service reset required (terminal_out_of_bounds)
[ERROR] [1783119714.701816562] [drone0.drone0_interface]: Service returned failure
[ERROR] [1783119716.457597263] [drone0.drone0_interface]: Service returned failure
01:02:03 [INFO] rl_uav.envs.as2_test_env: Reset complete. Initial obs: [ 1.         -1.          0.01425114 -0.1633812 ]
01:02:04 [WARNING] rl_uav.envs.as2_test_env: Skipping velocity reset; simulator service reset required (terminal_out_of_bounds)
[ERROR] [1783119727.185821293] [drone0.drone0_interface]: Service returned failure
[ERROR] [1783119728.951102587] [drone0.drone0_interface]: Service returned failure
01:02:15 [INFO] rl_uav.envs.as2_test_env: Reset complete. Initial obs: [-0.16090275 -0.7655261   0.0268486   0.11535592]
01:02:27 [WARNING] rl_uav.envs.as2_test_env: Skipping velocity reset; simulator service reset required (terminal_out_of_bounds)
[ERROR] [1783119750.613070958] [drone0.drone0_interface]: Service returned failure
[ERROR] [1783119752.389944971] [drone0.drone0_interface]: Service returned failure
01:02:39 [INFO] rl_uav.envs.as2_test_env: Reset complete. Initial obs: [ 1.         -1.          0.01914668  0.76390016]
01:02:40 [WARNING] rl_uav.envs.as2_test_env: Reset started at valid low altitude z=0.997; climbing to hover 1.400m with bounded velocity recovery
01:02:44 [WARNING] rl_uav.envs.as2_test_env: Skipping velocity reset; simulator service reset required (terminal_out_of_bounds)
[ERROR] [1783119766.421870606] [drone0.drone0_interface]: Service returned failure
[ERROR] [1783119768.203392188] [drone0.drone0_interface]: Service returned failure
01:02:55 [INFO] rl_uav.envs.as2_test_env: Reset complete. Initial obs: [-0.22486642  1.          0.01077883  0.31892854]
01:03:02 [WARNING] rl_uav.envs.as2_test_env: Reset started at valid low altitude z=0.912; climbing to hover 1.400m with bounded velocity recovery
01:03:06 [WARNING] rl_uav.envs.as2_test_env: Skipping velocity reset; simulator service reset required (terminal_out_of_bounds)
[ERROR] [1783119788.829711614] [drone0.drone0_interface]: Service returned failure
[ERROR] [1783119790.619135540] [drone0.drone0_interface]: Service returned failure
01:03:17 [INFO] rl_uav.envs.as2_test_env: Reset complete. Initial obs: [0.78269064 0.9567658  0.05976403 0.00435896]
01:03:19 [WARNING] rl_uav.envs.as2_test_env: Skipping velocity reset; simulator service reset required (terminal_out_of_bounds)
[ERROR] [1783119802.436004434] [drone0.drone0_interface]: Service returned failure
[ERROR] [1783119804.226602162] [drone0.drone0_interface]: Service returned failure
01:03:31 [INFO] rl_uav.envs.as2_test_env: Reset complete. Initial obs: [-0.6609978  -1.          0.03240184 -0.05979789]
01:03:34 [WARNING] rl_uav.envs.as2_test_env: Skipping velocity reset; simulator service reset required (terminal_out_of_bounds)
[ERROR] [1783119817.236840050] [drone0.drone0_interface]: Service returned failure
[ERROR] [1783119819.049830277] [drone0.drone0_interface]: Service returned failure
01:03:45 [INFO] rl_uav.envs.as2_test_env: Reset complete. Initial obs: [-0.57088953  0.07213094 -0.13470632 -0.24460395]
01:03:49 [WARNING] rl_uav.envs.as2_test_env: Skipping velocity reset; simulator service reset required (terminal_out_of_bounds)
[ERROR] [1783119832.139388427] [drone0.drone0_interface]: Service returned failure
[ERROR] [1783119833.948918311] [drone0.drone0_interface]: Service returned failure
01:04:00 [INFO] rl_uav.envs.as2_test_env: Reset complete. Initial obs: [-0.7755902  -1.         -0.05955368  0.37428495]
01:04:07 [WARNING] rl_uav.envs.as2_test_env: Skipping velocity reset; simulator service reset required (terminal_out_of_bounds)
[ERROR] [1783119850.449856493] [drone0.drone0_interface]: Service returned failure
[ERROR] [1783119852.272988884] [drone0.drone0_interface]: Service returned failure
01:04:19 [INFO] rl_uav.envs.as2_test_env: Reset complete. Initial obs: [-0.2861145   0.516806    0.14122197  0.84820676]
01:04:22 [WARNING] rl_uav.envs.as2_test_env: Skipping velocity reset; simulator service reset required (terminal_out_of_bounds)
[ERROR] [1783119865.370553917] [drone0.drone0_interface]: Service returned failure
[ERROR] [1783119867.198123255] [drone0.drone0_interface]: Service returned failure
01:04:34 [INFO] rl_uav.envs.as2_test_env: Reset complete. Initial obs: [ 0.7630675   0.35603857  0.08297078 -0.42388865]
------------------------------------------
| rollout/                |              |
|    ep_len_mean          | 28           |
|    ep_rew_mean          | -30.9        |
|    success_rate         | 0.01         |
| time/                   |              |
|    fps                  | 1            |
|    iterations           | 11           |
|    time_elapsed         | 2818         |
|    total_timesteps      | 5632         |
| train/                  |              |
|    approx_kl            | 0.0023394998 |
|    clip_fraction        | 0.00156      |
|    clip_range           | 0.2          |
|    entropy_loss         | -5.6         |
|    explained_variance   | 0.115        |
|    learning_rate        | 3e-05        |
|    loss                 | 62           |
|    n_updates            | 50           |
|    policy_gradient_loss | 0.00345      |
|    std                  | 0.998        |
|    value_loss           | 119          |
------------------------------------------
01:04:36 [WARNING] rl_uav.envs.as2_test_env: Skipping velocity reset; simulator service reset required (terminal_out_of_bounds)
[ERROR] [1783119879.360983974] [drone0.drone0_interface]: Service returned failure
[ERROR] [1783119881.193443215] [drone0.drone0_interface]: Service returned failure
01:04:48 [INFO] rl_uav.envs.as2_test_env: Reset complete. Initial obs: [ 0.5105226  -1.          0.09805404 -0.03931531]
01:04:50 [WARNING] rl_uav.envs.as2_test_env: Skipping velocity reset; simulator service reset required (terminal_out_of_bounds)
[ERROR] [1783119893.382403455] [drone0.drone0_interface]: Service returned failure
[ERROR] [1783119895.214706487] [drone0.drone0_interface]: Service returned failure
01:05:02 [INFO] rl_uav.envs.as2_test_env: Reset complete. Initial obs: [-0.90119535  0.05057737 -0.00539373 -0.7807803 ]
01:05:29 [WARNING] rl_uav.envs.as2_test_env: Reset started at valid low altitude z=0.917; climbing to hover 1.400m with bounded velocity recovery
01:05:32 [WARNING] rl_uav.envs.as2_test_env: Skipping velocity reset; simulator service reset required (terminal_out_of_bounds)
[ERROR] [1783119934.578831163] [drone0.drone0_interface]: Service returned failure
[ERROR] [1783119936.430082221] [drone0.drone0_interface]: Service returned failure
01:05:43 [INFO] rl_uav.envs.as2_test_env: Reset complete. Initial obs: [ 1.         -1.          0.03261025  0.70968676]
01:05:47 [WARNING] rl_uav.envs.as2_test_env: Skipping velocity reset; simulator service reset required (terminal_out_of_bounds)
[ERROR] [1783119949.997993712] [drone0.drone0_interface]: Service returned failure
[ERROR] [1783119951.856787419] [drone0.drone0_interface]: Service returned failure
01:05:58 [INFO] rl_uav.envs.as2_test_env: Reset complete. Initial obs: [-1.          0.7523301   0.00377429  0.8425052 ]
01:06:01 [WARNING] rl_uav.envs.as2_test_env: Skipping velocity reset; simulator service reset required (terminal_out_of_bounds)
[ERROR] [1783119964.191086525] [drone0.drone0_interface]: Service returned failure
[ERROR] [1783119966.054328273] [drone0.drone0_interface]: Service returned failure
01:06:13 [INFO] rl_uav.envs.as2_test_env: Reset complete. Initial obs: [-1.          0.5427083   0.04630964  0.4502055 ]
01:06:27 [WARNING] rl_uav.envs.as2_test_env: Skipping velocity reset; simulator service reset required (terminal_out_of_bounds)
[ERROR] [1783119990.514831868] [drone0.drone0_interface]: Service returned failure
[ERROR] [1783119992.389934524] [drone0.drone0_interface]: Service returned failure
01:06:39 [INFO] rl_uav.envs.as2_test_env: Reset complete. Initial obs: [-0.00545314  0.6133969   0.00491338  0.61240196]
01:06:46 [WARNING] rl_uav.envs.as2_test_env: Reset started at valid low altitude z=0.957; climbing to hover 1.400m with bounded velocity recovery
01:06:49 [WARNING] rl_uav.envs.as2_test_env: Skipping velocity reset; simulator service reset required (terminal_out_of_bounds)
[ERROR] [1783120012.232076716] [drone0.drone0_interface]: Service returned failure
[ERROR] [1783120014.116117967] [drone0.drone0_interface]: Service returned failure
01:07:01 [INFO] rl_uav.envs.as2_test_env: Reset complete. Initial obs: [-0.12379897  0.21415652 -0.01344845 -0.2408844 ]
01:07:06 [WARNING] rl_uav.envs.as2_test_env: Skipping velocity reset; simulator service reset required (terminal_out_of_bounds)
[ERROR] [1783120029.029030512] [drone0.drone0_interface]: Service returned failure
[ERROR] [1783120030.908674051] [drone0.drone0_interface]: Service returned failure
01:07:18 [INFO] rl_uav.envs.as2_test_env: Reset complete. Initial obs: [ 1.          0.7459066   0.0432399  -0.47599286]
01:07:30 [WARNING] rl_uav.envs.as2_test_env: Skipping velocity reset; simulator service reset required (terminal_out_of_bounds)
[ERROR] [1783120053.138780468] [drone0.drone0_interface]: Service returned failure
[ERROR] [1783120055.031270184] [drone0.drone0_interface]: Service returned failure
01:07:42 [INFO] rl_uav.envs.as2_test_env: Reset complete. Initial obs: [-0.75156146  0.11779638  0.01431886 -0.25230125]
01:07:51 [WARNING] rl_uav.envs.as2_test_env: Reset started at valid low altitude z=0.823; climbing to hover 1.400m with bounded velocity recovery
01:07:54 [WARNING] rl_uav.envs.as2_test_env: Skipping velocity reset; simulator service reset required (terminal_out_of_bounds)
[ERROR] [1783120077.236584066] [drone0.drone0_interface]: Service returned failure
[ERROR] [1783120079.142819437] [drone0.drone0_interface]: Service returned failure
01:08:06 [INFO] rl_uav.envs.as2_test_env: Reset complete. Initial obs: [1.         0.15327743 0.11817583 0.0687567 ]
01:08:08 [WARNING] rl_uav.envs.as2_test_env: Skipping velocity reset; simulator service reset required (terminal_out_of_bounds)
[ERROR] [1783120091.749413356] [drone0.drone0_interface]: Service returned failure
[ERROR] [1783120093.651592173] [drone0.drone0_interface]: Service returned failure
01:08:20 [INFO] rl_uav.envs.as2_test_env: Reset complete. Initial obs: [-0.05994369  1.         -0.02060852  0.15096088]
01:08:23 [WARNING] rl_uav.envs.as2_test_env: Skipping velocity reset; simulator service reset required (terminal_out_of_bounds)
[ERROR] [1783120106.256527342] [drone0.drone0_interface]: Service returned failure
[ERROR] [1783120108.172613416] [drone0.drone0_interface]: Service returned failure
01:08:35 [INFO] rl_uav.envs.as2_test_env: Reset complete. Initial obs: [-0.49176794  0.21450248  0.01317095 -0.13242659]
01:08:36 [WARNING] rl_uav.envs.as2_test_env: Skipping velocity reset; simulator service reset required (terminal_out_of_bounds)
[ERROR] [1783120119.663560365] [drone0.drone0_interface]: Service returned failure
[ERROR] [1783120121.588536654] [drone0.drone0_interface]: Service returned failure
01:08:48 [INFO] rl_uav.envs.as2_test_env: Reset complete. Initial obs: [0.7966641  1.         0.14147224 0.77023596]
01:08:51 [WARNING] rl_uav.envs.as2_test_env: Skipping velocity reset; simulator service reset required (terminal_out_of_bounds)
[ERROR] [1783120134.269712967] [drone0.drone0_interface]: Service returned failure
[ERROR] [1783120136.194811486] [drone0.drone0_interface]: Service returned failure
01:09:03 [INFO] rl_uav.envs.as2_test_env: Reset complete. Initial obs: [-0.8057139   0.8522687   0.06072457 -0.03409476]
01:09:05 [WARNING] rl_uav.envs.as2_test_env: Skipping velocity reset; simulator service reset required (terminal_out_of_bounds)
[ERROR] [1783120148.974264955] [drone0.drone0_interface]: Service returned failure
[ERROR] [1783120150.914570627] [drone0.drone0_interface]: Service returned failure
01:09:18 [INFO] rl_uav.envs.as2_test_env: Reset complete. Initial obs: [ 1.          0.8747273   0.11373332 -0.10935462]
01:09:20 [WARNING] rl_uav.envs.as2_test_env: Skipping velocity reset; simulator service reset required (terminal_out_of_bounds)
[ERROR] [1783120163.686641632] [drone0.drone0_interface]: Service returned failure
[ERROR] [1783120165.630855531] [drone0.drone0_interface]: Service returned failure
01:09:32 [INFO] rl_uav.envs.as2_test_env: Reset complete. Initial obs: [ 0.32647046  0.6688424   0.04477056 -0.66550034]
01:09:38 [WARNING] rl_uav.envs.as2_test_env: Skipping velocity reset; simulator service reset required (terminal_out_of_bounds)
[ERROR] [1783120181.992170412] [drone0.drone0_interface]: Service returned failure
[ERROR] [1783120183.944469659] [drone0.drone0_interface]: Service returned failure
01:09:51 [INFO] rl_uav.envs.as2_test_env: Reset complete. Initial obs: [ 1.         -0.2524573  -0.01125337 -0.9075673 ]
-------------------------------------------
| rollout/                |               |
|    ep_len_mean          | 27.3          |
|    ep_rew_mean          | -30.7         |
|    success_rate         | 0             |
| time/                   |               |
|    fps                  | 1             |
|    iterations           | 12            |
|    time_elapsed         | 3134          |
|    total_timesteps      | 6144          |
| train/                  |               |
|    approx_kl            | 2.8512557e-05 |
|    clip_fraction        | 0             |
|    clip_range           | 0.2           |
|    entropy_loss         | -6.39         |
|    explained_variance   | 0.0794        |
|    learning_rate        | 3e-05         |
|    loss                 | 66.4          |
|    n_updates            | 55            |
|    policy_gradient_loss | -0.00152      |
|    std                  | 0.998         |
|    value_loss           | 134           |
-------------------------------------------
01:09:58 [WARNING] rl_uav.envs.as2_test_env: Skipping velocity reset; simulator service reset required (terminal_out_of_bounds)
[ERROR] [1783120201.503898233] [drone0.drone0_interface]: Service returned failure
[ERROR] [1783120204.721732603] [drone0.drone0_interface]: Service returned failure
01:10:12 [INFO] rl_uav.envs.as2_test_env: Reset complete. Initial obs: [ 0.7434871  -0.28213528 -0.00389162 -0.4540087 ]
01:10:24 [WARNING] rl_uav.envs.as2_test_env: Skipping velocity reset; simulator service reset required (terminal_out_of_bounds)
[ERROR] [1783120227.109714004] [drone0.drone0_interface]: Service returned failure
[ERROR] [1783120229.076560183] [drone0.drone0_interface]: Service returned failure
01:10:36 [INFO] rl_uav.envs.as2_test_env: Reset complete. Initial obs: [-0.23412707 -0.10011405  0.1024399  -0.00498479]
01:10:40 [WARNING] rl_uav.envs.as2_test_env: Skipping velocity reset; simulator service reset required (terminal_out_of_bounds)
[ERROR] [1783120243.111364555] [drone0.drone0_interface]: Service returned failure
[ERROR] [1783120245.080247219] [drone0.drone0_interface]: Service returned failure
01:10:52 [INFO] rl_uav.envs.as2_test_env: Reset complete. Initial obs: [ 0.8862315  -1.          0.02326573  0.8666923 ]
01:10:58 [WARNING] rl_uav.envs.as2_test_env: Reset started at valid low altitude z=0.961; climbing to hover 1.400m with bounded velocity recovery
01:11:01 [WARNING] rl_uav.envs.as2_test_env: Skipping velocity reset; simulator service reset required (terminal_out_of_bounds)
[ERROR] [1783120264.024716355] [drone0.drone0_interface]: Service returned failure
[ERROR] [1783120266.010170123] [drone0.drone0_interface]: Service returned failure
01:11:13 [INFO] rl_uav.envs.as2_test_env: Reset complete. Initial obs: [-0.06967931 -0.5348796  -0.11774855 -0.7034382 ]
01:11:14 [WARNING] rl_uav.envs.as2_test_env: Reset started at valid low altitude z=0.985; climbing to hover 1.400m with bounded velocity recovery
01:11:18 [WARNING] rl_uav.envs.as2_test_env: Skipping velocity reset; simulator service reset required (terminal_out_of_bounds)
[ERROR] [1783120280.135523308] [drone0.drone0_interface]: Service returned failure
[ERROR] [1783120282.129688413] [drone0.drone0_interface]: Service returned failure
01:11:29 [INFO] rl_uav.envs.as2_test_env: Reset complete. Initial obs: [ 0.10052078  0.31339005 -0.05651727 -0.09591755]
01:11:33 [WARNING] rl_uav.envs.as2_test_env: Reset started at valid low altitude z=0.830; climbing to hover 1.400m with bounded velocity recovery
01:11:36 [WARNING] rl_uav.envs.as2_test_env: Skipping velocity reset; simulator service reset required (terminal_out_of_bounds)
[ERROR] [1783120298.639811114] [drone0.drone0_interface]: Service returned failure
[ERROR] [1783120300.639878145] [drone0.drone0_interface]: Service returned failure
01:11:48 [INFO] rl_uav.envs.as2_test_env: Reset complete. Initial obs: [ 0.02024542 -0.16587766 -0.10767316 -0.68637514]
01:11:49 [WARNING] rl_uav.envs.as2_test_env: Reset started at valid low altitude z=0.969; climbing to hover 1.400m with bounded velocity recovery
01:11:52 [WARNING] rl_uav.envs.as2_test_env: Skipping velocity reset; simulator service reset required (terminal_out_of_bounds)
[ERROR] [1783120314.948957742] [drone0.drone0_interface]: Service returned failure
[ERROR] [1783120316.956598778] [drone0.drone0_interface]: Service returned failure
01:12:04 [INFO] rl_uav.envs.as2_test_env: Reset complete. Initial obs: [ 0.25824642 -1.         -0.02441274  0.2093567 ]
01:12:09 [WARNING] rl_uav.envs.as2_test_env: Skipping velocity reset; simulator service reset required (terminal_out_of_bounds)
[ERROR] [1783120332.541098871] [drone0.drone0_interface]: Service returned failure
[ERROR] [1783120334.554261241] [drone0.drone0_interface]: Service returned failure
01:12:22 [INFO] rl_uav.envs.as2_test_env: Reset complete. Initial obs: [-0.4546396 -1.        -0.0070524  0.7557179]
01:12:25 [WARNING] rl_uav.envs.as2_test_env: Skipping velocity reset; simulator service reset required (terminal_out_of_bounds)
[ERROR] [1783120348.961899841] [drone0.drone0_interface]: Service returned failure
[ERROR] [1783120350.981270668] [drone0.drone0_interface]: Service returned failure
01:12:38 [INFO] rl_uav.envs.as2_test_env: Reset complete. Initial obs: [ 0.6301631   0.10712706  0.03792512 -0.7360814 ]
01:12:42 [WARNING] rl_uav.envs.as2_test_env: Skipping velocity reset; simulator service reset required (terminal_out_of_bounds)
[ERROR] [1783120365.554450362] [drone0.drone0_interface]: Service returned failure
[ERROR] [1783120367.588965185] [drone0.drone0_interface]: Service returned failure
01:12:55 [INFO] rl_uav.envs.as2_test_env: Reset complete. Initial obs: [ 0.9550855  -0.39351946 -0.06802355 -0.15186127]
01:13:20 [WARNING] rl_uav.envs.as2_test_env: Skipping velocity reset; simulator service reset required (terminal_out_of_bounds)
[ERROR] [1783120403.465274664] [drone0.drone0_interface]: Service returned failure
[ERROR] [1783120405.502923860] [drone0.drone0_interface]: Service returned failure
01:13:33 [INFO] rl_uav.envs.as2_test_env: Reset complete. Initial obs: [ 0.08494174  0.4348485  -0.04801933  0.3749761 ]
01:13:36 [WARNING] rl_uav.envs.as2_test_env: Skipping velocity reset; simulator service reset required (terminal_out_of_bounds)
[ERROR] [1783120420.172811754] [drone0.drone0_interface]: Service returned failure
[ERROR] [1783120422.218757112] [drone0.drone0_interface]: Service returned failure
01:13:49 [INFO] rl_uav.envs.as2_test_env: Reset complete. Initial obs: [-0.05573984  0.6929552   0.05206641  0.7868898 ]
01:13:52 [WARNING] rl_uav.envs.as2_test_env: Skipping velocity reset; simulator service reset required (terminal_out_of_bounds)
[ERROR] [1783120435.588388098] [drone0.drone0_interface]: Service returned failure
[ERROR] [1783120437.635322495] [drone0.drone0_interface]: Service returned failure
01:14:05 [INFO] rl_uav.envs.as2_test_env: Reset complete. Initial obs: [-0.3453406  -0.7066237   0.09026992  0.97446525]
01:14:06 [WARNING] rl_uav.envs.as2_test_env: Skipping velocity reset; simulator service reset required (terminal_out_of_bounds)
[ERROR] [1783120449.795199180] [drone0.drone0_interface]: Service returned failure
[ERROR] [1783120451.848781810] [drone0.drone0_interface]: Service returned failure
01:14:19 [INFO] rl_uav.envs.as2_test_env: Reset complete. Initial obs: [-0.58210844  0.21882209 -0.086957    0.19339663]
01:14:28 [WARNING] rl_uav.envs.as2_test_env: Reset started at valid low altitude z=0.920; climbing to hover 1.400m with bounded velocity recovery
01:14:31 [WARNING] rl_uav.envs.as2_test_env: Skipping velocity reset; simulator service reset required (terminal_out_of_bounds)
[ERROR] [1783120474.599685869] [drone0.drone0_interface]: Service returned failure
[ERROR] [1783120476.660324363] [drone0.drone0_interface]: Service returned failure
01:14:44 [INFO] rl_uav.envs.as2_test_env: Reset complete. Initial obs: [ 1.          0.4126646  -0.06451242 -0.39105445]
01:14:52 [WARNING] rl_uav.envs.as2_test_env: Skipping velocity reset; simulator service reset required (terminal_out_of_bounds)
[ERROR] [1783120495.411104911] [drone0.drone0_interface]: Service returned failure
[ERROR] [1783120497.482428266] [drone0.drone0_interface]: Service returned failure
01:15:05 [INFO] rl_uav.envs.as2_test_env: Reset complete. Initial obs: [ 1.        -1.         0.0023567 -0.7305303]
01:15:07 [WARNING] rl_uav.envs.as2_test_env: Skipping velocity reset; simulator service reset required (terminal_out_of_bounds)
[ERROR] [1783120511.119666721] [drone0.drone0_interface]: Service returned failure
[ERROR] [1783120513.199838604] [drone0.drone0_interface]: Service returned failure
01:15:20 [INFO] rl_uav.envs.as2_test_env: Reset complete. Initial obs: [ 0.55334616  1.         -0.12664996 -0.6608918 ]
-------------------------------------------
| rollout/                |               |
|    ep_len_mean          | 28.1          |
|    ep_rew_mean          | -31           |
|    success_rate         | 0             |
| time/                   |               |
|    fps                  | 1             |
|    iterations           | 13            |
|    time_elapsed         | 3469          |
|    total_timesteps      | 6656          |
| train/                  |               |
|    approx_kl            | 0.00034641637 |
|    clip_fraction        | 0             |
|    clip_range           | 0.2           |
|    entropy_loss         | -6.31         |
|    explained_variance   | 0.141         |
|    learning_rate        | 3e-05         |
|    loss                 | 69.2          |
|    n_updates            | 60            |
|    policy_gradient_loss | -0.00205      |
|    std                  | 0.997         |
|    value_loss           | 143           |
-------------------------------------------
01:15:27 [WARNING] rl_uav.envs.as2_test_env: Skipping velocity reset; simulator service reset required (terminal_out_of_bounds)
[ERROR] [1783120530.722099064] [drone0.drone0_interface]: Service returned failure
[ERROR] [1783120532.811338132] [drone0.drone0_interface]: Service returned failure
01:15:40 [INFO] rl_uav.envs.as2_test_env: Reset complete. Initial obs: [ 0.5449582  -0.21307673  0.05113463  0.1492973 ]
01:15:47 [WARNING] rl_uav.envs.as2_test_env: Reset started at valid low altitude z=0.894; climbing to hover 1.400m with bounded velocity recovery
01:15:50 [WARNING] rl_uav.envs.as2_test_env: Skipping velocity reset; simulator service reset required (terminal_out_of_bounds)
[ERROR] [1783120552.933547992] [drone0.drone0_interface]: Service returned failure
[ERROR] [1783120555.027500723] [drone0.drone0_interface]: Service returned failure
01:16:02 [INFO] rl_uav.envs.as2_test_env: Reset complete. Initial obs: [-1.         -0.6031014  -0.13851655  0.1522628 ]
01:16:04 [WARNING] rl_uav.envs.as2_test_env: Reset started at valid low altitude z=0.861; climbing to hover 1.400m with bounded velocity recovery
01:16:07 [WARNING] rl_uav.envs.as2_test_env: Skipping velocity reset; simulator service reset required (terminal_out_of_bounds)
[ERROR] [1783120570.041177303] [drone0.drone0_interface]: Service returned failure
[ERROR] [1783120572.144232948] [drone0.drone0_interface]: Service returned failure
01:16:19 [INFO] rl_uav.envs.as2_test_env: Reset complete. Initial obs: [ 0.27268136 -1.          0.01038553  0.3264247 ]
01:16:21 [WARNING] rl_uav.envs.as2_test_env: Reset started at valid low altitude z=0.841; climbing to hover 1.400m with bounded velocity recovery
01:16:24 [WARNING] rl_uav.envs.as2_test_env: Skipping velocity reset; simulator service reset required (terminal_out_of_bounds)
[ERROR] [1783120587.253936787] [drone0.drone0_interface]: Service returned failure
[ERROR] [1783120589.361568707] [drone0.drone0_interface]: Service returned failure
01:16:37 [INFO] rl_uav.envs.as2_test_env: Reset complete. Initial obs: [-0.5790975   0.26044032  0.02164626  0.6109338 ]
01:16:46 [WARNING] rl_uav.envs.as2_test_env: Skipping velocity reset; simulator service reset required (terminal_out_of_bounds)
[ERROR] [1783120609.557040333] [drone0.drone0_interface]: Service returned failure
[ERROR] [1783120611.673648422] [drone0.drone0_interface]: Service returned failure
01:16:59 [INFO] rl_uav.envs.as2_test_env: Reset complete. Initial obs: [-0.8348733  0.3929194  0.0045833  0.5313904]
01:17:00 [WARNING] rl_uav.envs.as2_test_env: Reset started at valid low altitude z=0.930; climbing to hover 1.400m with bounded velocity recovery
01:17:04 [WARNING] rl_uav.envs.as2_test_env: Skipping velocity reset; simulator service reset required (terminal_out_of_bounds)
[ERROR] [1783120626.761603616] [drone0.drone0_interface]: Service returned failure
[ERROR] [1783120628.890944544] [drone0.drone0_interface]: Service returned failure
01:17:16 [INFO] rl_uav.envs.as2_test_env: Reset complete. Initial obs: [ 0.48378092 -0.15682851  0.10078394  0.8079966 ]
01:17:18 [WARNING] rl_uav.envs.as2_test_env: Skipping velocity reset; simulator service reset required (terminal_out_of_bounds)
[ERROR] [1783120641.368733389] [drone0.drone0_interface]: Service returned failure
[ERROR] [1783120643.504529167] [drone0.drone0_interface]: Service returned failure
01:17:31 [INFO] rl_uav.envs.as2_test_env: Reset complete. Initial obs: [ 1.         -0.48117617 -0.00789344 -0.9452227 ]
01:17:37 [WARNING] rl_uav.envs.as2_test_env: Skipping velocity reset; simulator service reset required (terminal_out_of_bounds)
[ERROR] [1783120661.276903104] [drone0.drone0_interface]: Service returned failure
[ERROR] [1783120663.408004563] [drone0.drone0_interface]: Service returned failure
01:17:51 [INFO] rl_uav.envs.as2_test_env: Reset complete. Initial obs: [-1.          1.          0.04266366 -0.02615912]
01:18:06 [WARNING] rl_uav.envs.as2_test_env: Reset started at valid low altitude z=0.995; climbing to hover 1.400m with bounded velocity recovery
01:18:10 [WARNING] rl_uav.envs.as2_test_env: Skipping velocity reset; simulator service reset required (terminal_out_of_bounds)
[ERROR] [1783120692.884514754] [drone0.drone0_interface]: Service returned failure
[ERROR] [1783120695.138242860] [drone0.drone0_interface]: Service returned failure
01:18:23 [INFO] rl_uav.envs.as2_test_env: Reset complete. Initial obs: [-0.01767609 -0.7388527   0.03739613  0.6447998 ]
01:18:29 [WARNING] rl_uav.envs.as2_test_env: Reset started at valid low altitude z=0.964; climbing to hover 1.400m with bounded velocity recovery
01:18:32 [WARNING] rl_uav.envs.as2_test_env: Skipping velocity reset; simulator service reset required (terminal_out_of_bounds)
[ERROR] [1783120715.490407535] [drone0.drone0_interface]: Service returned failure
[ERROR] [1783120717.641846622] [drone0.drone0_interface]: Service returned failure
01:18:45 [INFO] rl_uav.envs.as2_test_env: Reset complete. Initial obs: [-0.40390858 -1.         -0.12993063  0.53974056]
01:18:49 [WARNING] rl_uav.envs.as2_test_env: Skipping velocity reset; simulator service reset required (terminal_out_of_bounds)
[ERROR] [1783120732.802433309] [drone0.drone0_interface]: Service returned failure
[ERROR] [1783120734.967047456] [drone0.drone0_interface]: Service returned failure
01:19:02 [INFO] rl_uav.envs.as2_test_env: Reset complete. Initial obs: [-0.87719625  1.         -0.08359418  0.925223  ]
01:19:05 [WARNING] rl_uav.envs.as2_test_env: Skipping velocity reset; simulator service reset required (terminal_out_of_bounds)
[ERROR] [1783120748.909808778] [drone0.drone0_interface]: Service returned failure
[ERROR] [1783120751.079393854] [drone0.drone0_interface]: Service returned failure
01:19:19 [INFO] rl_uav.envs.as2_test_env: Reset complete. Initial obs: [-0.9806987   0.09506232 -0.08809797 -0.69423115]
01:19:24 [WARNING] rl_uav.envs.as2_test_env: Skipping velocity reset; simulator service reset required (terminal_out_of_bounds)
[ERROR] [1783120767.613428646] [drone0.drone0_interface]: Service returned failure
[ERROR] [1783120769.782603150] [drone0.drone0_interface]: Service returned failure
01:19:37 [INFO] rl_uav.envs.as2_test_env: Reset complete. Initial obs: [-1.         -1.          0.01166586 -0.12523259]
01:19:56 [WARNING] rl_uav.envs.as2_test_env: Reset started at valid low altitude z=0.802; climbing to hover 1.400m with bounded velocity recovery
01:19:59 [WARNING] rl_uav.envs.as2_test_env: Skipping velocity reset; simulator service reset required (terminal_out_of_bounds)
[ERROR] [1783120802.114458359] [drone0.drone0_interface]: Service returned failure
[ERROR] [1783120804.298014235] [drone0.drone0_interface]: Service returned failure
01:20:12 [INFO] rl_uav.envs.as2_test_env: Reset complete. Initial obs: [ 0.18914025 -0.17437007  0.01795546 -0.4425277 ]
01:20:16 [WARNING] rl_uav.envs.as2_test_env: Skipping velocity reset; simulator service reset required (terminal_out_of_bounds)
[ERROR] [1783120819.715065265] [drone0.drone0_interface]: Service returned failure
[ERROR] [1783120821.902987989] [drone0.drone0_interface]: Service returned failure
01:20:29 [INFO] rl_uav.envs.as2_test_env: Reset complete. Initial obs: [ 1.          0.45983243 -0.05088956  0.00108545]
01:20:31 [WARNING] rl_uav.envs.as2_test_env: Reset started at valid low altitude z=0.976; climbing to hover 1.400m with bounded velocity recovery
01:20:34 [WARNING] rl_uav.envs.as2_test_env: Skipping velocity reset; simulator service reset required (terminal_out_of_bounds)
[ERROR] [1783120837.318764089] [drone0.drone0_interface]: Service returned failure
[ERROR] [1783120839.516762453] [drone0.drone0_interface]: Service returned failure
01:20:47 [INFO] rl_uav.envs.as2_test_env: Reset complete. Initial obs: [ 0.14099059  1.          0.02801651 -0.2628542 ]
01:20:54 [WARNING] rl_uav.envs.as2_test_env: Skipping velocity reset; simulator service reset required (terminal_out_of_bounds)
[ERROR] [1783120857.586435301] [drone0.drone0_interface]: Service returned failure
[ERROR] [1783120859.791940403] [drone0.drone0_interface]: Service returned failure
01:21:07 [INFO] rl_uav.envs.as2_test_env: Reset complete. Initial obs: [0.3906653  0.8202137  0.06945714 0.8091042 ]
01:21:10 [WARNING] rl_uav.envs.as2_test_env: Reset started at valid low altitude z=0.997; climbing to hover 1.400m with bounded velocity recovery
01:21:14 [WARNING] rl_uav.envs.as2_test_env: Skipping velocity reset; simulator service reset required (terminal_out_of_bounds)
[ERROR] [1783120876.652814334] [drone0.drone0_interface]: Service returned failure
[ERROR] [1783120878.865722362] [drone0.drone0_interface]: Service returned failure
01:21:26 [INFO] rl_uav.envs.as2_test_env: Reset complete. Initial obs: [ 0.07915766 -1.          0.07869467  0.7608986 ]
01:21:33 [WARNING] rl_uav.envs.as2_test_env: Skipping velocity reset; simulator service reset required (terminal_out_of_bounds)
[ERROR] [1783120897.244738210] [drone0.drone0_interface]: Service returned failure
[ERROR] [1783120899.468705518] [drone0.drone0_interface]: Service returned failure
01:21:47 [INFO] rl_uav.envs.as2_test_env: Reset complete. Initial obs: [-0.85229534  0.12526432  0.11388646  0.32355925]
------------------------------------------
| rollout/                |              |
|    ep_len_mean          | 28.5         |
|    ep_rew_mean          | -31.5        |
|    success_rate         | 0            |
| time/                   |              |
|    fps                  | 1            |
|    iterations           | 14           |
|    time_elapsed         | 3852         |
|    total_timesteps      | 7168         |
| train/                  |              |
|    approx_kl            | 0.0003066816 |
|    clip_fraction        | 0            |
|    clip_range           | 0.2          |
|    entropy_loss         | -6.15        |
|    explained_variance   | 0.203        |
|    learning_rate        | 3e-05        |
|    loss                 | 64.9         |
|    n_updates            | 65           |
|    policy_gradient_loss | -0.00435     |
|    std                  | 0.997        |
|    value_loss           | 128          |
------------------------------------------
01:21:50 [WARNING] rl_uav.envs.as2_test_env: Skipping velocity reset; simulator service reset required (terminal_out_of_bounds)
[ERROR] [1783120913.750132272] [drone0.drone0_interface]: Service returned failure
[ERROR] [1783120915.982902492] [drone0.drone0_interface]: Service returned failure
01:22:04 [INFO] rl_uav.envs.as2_test_env: Reset complete. Initial obs: [-1.         -0.7488101  -0.05122023  0.70829153]
01:22:12 [WARNING] rl_uav.envs.as2_test_env: Reset started at valid low altitude z=0.975; climbing to hover 1.400m with bounded velocity recovery
01:22:15 [WARNING] rl_uav.envs.as2_test_env: Skipping velocity reset; simulator service reset required (terminal_out_of_bounds)
[ERROR] [1783120938.573782023] [drone0.drone0_interface]: Service returned failure
[ERROR] [1783120940.812506913] [drone0.drone0_interface]: Service returned failure
01:22:28 [INFO] rl_uav.envs.as2_test_env: Reset complete. Initial obs: [ 0.81987184  0.02280781 -0.08575894  0.3868136 ]
01:22:33 [WARNING] rl_uav.envs.as2_test_env: Skipping velocity reset; simulator service reset required (terminal_out_of_bounds)
[ERROR] [1783120956.679968454] [drone0.drone0_interface]: Service returned failure
[ERROR] [1783120958.924403376] [drone0.drone0_interface]: Service returned failure
01:22:47 [INFO] rl_uav.envs.as2_test_env: Reset complete. Initial obs: [-0.32450476 -0.19539176  0.12282875 -0.8418709 ]
01:22:56 [WARNING] rl_uav.envs.as2_test_env: Skipping velocity reset; simulator service reset required (terminal_out_of_bounds)
[ERROR] [1783120980.480938429] [drone0.drone0_interface]: Service returned failure
[ERROR] [1783120982.730827890] [drone0.drone0_interface]: Service returned failure
01:23:10 [INFO] rl_uav.envs.as2_test_env: Reset complete. Initial obs: [-0.38554615 -0.6887363   0.00998228 -0.25751784]
01:23:13 [WARNING] rl_uav.envs.as2_test_env: Skipping velocity reset; simulator service reset required (terminal_out_of_bounds)
[ERROR] [1783120997.397957572] [drone0.drone0_interface]: Service returned failure
[ERROR] [1783120999.654751808] [drone0.drone0_interface]: Service returned failure
01:23:27 [INFO] rl_uav.envs.as2_test_env: Reset complete. Initial obs: [-1.         -0.05309563  0.00257664 -0.20242834]
01:23:29 [WARNING] rl_uav.envs.as2_test_env: Skipping velocity reset; simulator service reset required (terminal_out_of_bounds)
[ERROR] [1783121012.903074242] [drone0.drone0_interface]: Service returned failure
[ERROR] [1783121015.171370426] [drone0.drone0_interface]: Service returned failure
01:23:43 [INFO] rl_uav.envs.as2_test_env: Reset complete. Initial obs: [ 1.          0.21860577 -0.00988101 -0.41504875]
01:23:46 [WARNING] rl_uav.envs.as2_test_env: Skipping velocity reset; simulator service reset required (terminal_out_of_bounds)
[ERROR] [1783121029.815375409] [drone0.drone0_interface]: Service returned failure
[ERROR] [1783121032.089548403] [drone0.drone0_interface]: Service returned failure
01:24:00 [INFO] rl_uav.envs.as2_test_env: Reset complete. Initial obs: [ 0.92689335 -1.         -0.0181423   0.39480335]
01:24:10 [WARNING] rl_uav.envs.as2_test_env: Skipping velocity reset; simulator service reset required (terminal_out_of_bounds)
[ERROR] [1783121053.823356505] [drone0.drone0_interface]: Service returned failure
[ERROR] [1783121056.107703784] [drone0.drone0_interface]: Service returned failure
01:24:24 [INFO] rl_uav.envs.as2_test_env: Reset complete. Initial obs: [-0.11547706  1.          0.09396519 -0.07548016]
01:24:27 [WARNING] rl_uav.envs.as2_test_env: Skipping velocity reset; simulator service reset required (terminal_out_of_bounds)
[ERROR] [1783121070.828365796] [drone0.drone0_interface]: Service returned failure
[ERROR] [1783121073.111377375] [drone0.drone0_interface]: Service returned failure
01:24:41 [INFO] rl_uav.envs.as2_test_env: Reset complete. Initial obs: [ 0.6569362 -1.         0.1127447 -0.9577288]
01:24:55 [WARNING] rl_uav.envs.as2_test_env: Reset started at valid low altitude z=0.884; climbing to hover 1.400m with bounded velocity recovery
01:24:59 [WARNING] rl_uav.envs.as2_test_env: Skipping velocity reset; simulator service reset required (terminal_out_of_bounds)
[ERROR] [1783121101.931267866] [drone0.drone0_interface]: Service returned failure
[ERROR] [1783121104.224010678] [drone0.drone0_interface]: Service returned failure
01:25:12 [INFO] rl_uav.envs.as2_test_env: Reset complete. Initial obs: [ 0.20911573  1.          0.05826855 -0.6163322 ]
01:25:14 [WARNING] rl_uav.envs.as2_test_env: Skipping velocity reset; simulator service reset required (terminal_out_of_bounds)
[ERROR] [1783121117.642419606] [drone0.drone0_interface]: Service returned failure
[ERROR] [1783121119.944113836] [drone0.drone0_interface]: Service returned failure
01:25:28 [INFO] rl_uav.envs.as2_test_env: Reset complete. Initial obs: [ 0.25835872 -0.18373416 -0.0407634   0.5376416 ]
01:25:29 [WARNING] rl_uav.envs.as2_test_env: Reset started at valid low altitude z=0.937; climbing to hover 1.400m with bounded velocity recovery
01:25:33 [WARNING] rl_uav.envs.as2_test_env: Skipping velocity reset; simulator service reset required (terminal_out_of_bounds)
[ERROR] [1783121136.150899819] [drone0.drone0_interface]: Service returned failure
[ERROR] [1783121138.463687918] [drone0.drone0_interface]: Service returned failure
01:25:46 [INFO] rl_uav.envs.as2_test_env: Reset complete. Initial obs: [ 0.11603542  0.3073351  -0.00280796  0.791747  ]
01:25:51 [WARNING] rl_uav.envs.as2_test_env: Skipping velocity reset; simulator service reset required (terminal_out_of_bounds)
[ERROR] [1783121154.755703782] [drone0.drone0_interface]: Service returned failure
[ERROR] [1783121157.070206547] [drone0.drone0_interface]: Service returned failure
01:26:05 [INFO] rl_uav.envs.as2_test_env: Reset complete. Initial obs: [-0.7283889  -0.23733662 -0.06726693  0.93127716]
01:26:08 [WARNING] rl_uav.envs.as2_test_env: Reset started at valid low altitude z=0.989; climbing to hover 1.400m with bounded velocity recovery
01:26:11 [WARNING] rl_uav.envs.as2_test_env: Skipping velocity reset; simulator service reset required (terminal_out_of_bounds)
[ERROR] [1783121174.763334048] [drone0.drone0_interface]: Service returned failure
[ERROR] [1783121177.086751232] [drone0.drone0_interface]: Service returned failure
01:26:25 [INFO] rl_uav.envs.as2_test_env: Reset complete. Initial obs: [0.9391502  0.6794107  0.07440574 0.49455586]
01:26:28 [WARNING] rl_uav.envs.as2_test_env: Skipping velocity reset; simulator service reset required (terminal_out_of_bounds)
[ERROR] [1783121191.972715455] [drone0.drone0_interface]: Service returned failure
[ERROR] [1783121194.302273640] [drone0.drone0_interface]: Service returned failure
01:26:42 [INFO] rl_uav.envs.as2_test_env: Reset complete. Initial obs: [0.39683807 0.663723   0.00426153 0.12394981]
01:27:10 [WARNING] rl_uav.envs.as2_test_env: Skipping velocity reset; simulator service reset required (terminal_out_of_bounds)
[ERROR] [1783121234.479808519] [drone0.drone0_interface]: Service returned failure
[ERROR] [1783121236.814940778] [drone0.drone0_interface]: Service returned failure
01:27:25 [INFO] rl_uav.envs.as2_test_env: Reset complete. Initial obs: [ 0.15325037  0.3309495   0.03361803 -0.1529953 ]
01:27:26 [WARNING] rl_uav.envs.as2_test_env: Skipping velocity reset; simulator service reset required (terminal_out_of_bounds)
[ERROR] [1783121250.384667249] [drone0.drone0_interface]: Service returned failure
[ERROR] [1783121252.732597746] [drone0.drone0_interface]: Service returned failure
01:27:41 [INFO] rl_uav.envs.as2_test_env: Reset complete. Initial obs: [1.         0.9046144  0.07962231 0.99501145]
01:27:42 [WARNING] rl_uav.envs.as2_test_env: Skipping velocity reset; simulator service reset required (terminal_out_of_bounds)
[ERROR] [1783121266.289423263] [drone0.drone0_interface]: Service returned failure
[ERROR] [1783121268.644770942] [drone0.drone0_interface]: Service returned failure
01:27:57 [INFO] rl_uav.envs.as2_test_env: Reset complete. Initial obs: [ 0.26146752 -0.57338303 -0.00343209 -0.37867904]
-------------------------------------------
| rollout/                |               |
|    ep_len_mean          | 28.8          |
|    ep_rew_mean          | -32.5         |
|    success_rate         | 0             |
| time/                   |               |
|    fps                  | 1             |
|    iterations           | 15            |
|    time_elapsed         | 4224          |
|    total_timesteps      | 7680          |
| train/                  |               |
|    approx_kl            | 0.00080837065 |
|    clip_fraction        | 0.00234       |
|    clip_range           | 0.2           |
|    entropy_loss         | -6.62         |
|    explained_variance   | 0.153         |
|    learning_rate        | 3e-05         |
|    loss                 | 70.6          |
|    n_updates            | 70            |
|    policy_gradient_loss | -0.00155      |
|    std                  | 0.997         |
|    value_loss           | 155           |
-------------------------------------------
01:28:06 [WARNING] rl_uav.envs.as2_test_env: Skipping velocity reset; simulator service reset required (terminal_out_of_bounds)
[ERROR] [1783121290.598506324] [drone0.drone0_interface]: Service returned failure
[ERROR] [1783121292.957496020] [drone0.drone0_interface]: Service returned failure
01:28:21 [INFO] rl_uav.envs.as2_test_env: Reset complete. Initial obs: [-0.2424659  -0.84615105  0.15535322 -0.99444395]
01:28:24 [WARNING] rl_uav.envs.as2_test_env: Skipping velocity reset; simulator service reset required (terminal_out_of_bounds)
[ERROR] [1783121308.112187576] [drone0.drone0_interface]: Service returned failure
[ERROR] [1783121310.480929093] [drone0.drone0_interface]: Service returned failure
01:28:39 [INFO] rl_uav.envs.as2_test_env: Reset complete. Initial obs: [-0.00949381  0.19903322 -0.03264296  0.9870782 ]
01:28:47 [WARNING] rl_uav.envs.as2_test_env: Skipping velocity reset; simulator service reset required (terminal_out_of_bounds)
[ERROR] [1783121331.197848852] [drone0.drone0_interface]: Service returned failure
[ERROR] [1783121333.573149897] [drone0.drone0_interface]: Service returned failure
01:29:02 [INFO] rl_uav.envs.as2_test_env: Reset complete. Initial obs: [0.38638347 0.44254103 0.17163527 0.8488968 ]
01:29:03 [WARNING] rl_uav.envs.as2_test_env: Skipping velocity reset; simulator service reset required (terminal_out_of_bounds)
[ERROR] [1783121347.222913403] [drone0.drone0_interface]: Service returned failure
[ERROR] [1783121349.606413195] [drone0.drone0_interface]: Service returned failure
01:29:18 [INFO] rl_uav.envs.as2_test_env: Reset complete. Initial obs: [ 0.7715125  -0.324103    0.06015657  0.38258615]
01:29:22 [WARNING] rl_uav.envs.as2_test_env: Skipping velocity reset; simulator service reset required (terminal_out_of_bounds)
[ERROR] [1783121366.216804719] [drone0.drone0_interface]: Service returned failure
[ERROR] [1783121368.611486731] [drone0.drone0_interface]: Service returned failure
01:29:37 [INFO] rl_uav.envs.as2_test_env: Reset complete. Initial obs: [ 0.2749517  -0.10090496  0.04270574  0.50040007]
01:29:42 [WARNING] rl_uav.envs.as2_test_env: Skipping velocity reset; simulator service reset required (terminal_out_of_bounds)
[ERROR] [1783121386.622534060] [drone0.drone0_interface]: Service returned failure
[ERROR] [1783121389.024897965] [drone0.drone0_interface]: Service returned failure
01:29:57 [INFO] rl_uav.envs.as2_test_env: Reset complete. Initial obs: [-0.01121426 -1.         -0.03271789 -0.9118459 ]
01:30:04 [WARNING] rl_uav.envs.as2_test_env: Skipping velocity reset; simulator service reset required (terminal_out_of_bounds)
[ERROR] [1783121408.625477345] [drone0.drone0_interface]: Service returned failure
[ERROR] [1783121411.028358968] [drone0.drone0_interface]: Service returned failure
01:30:19 [INFO] rl_uav.envs.as2_test_env: Reset complete. Initial obs: [ 1.          0.8867663  -0.03307    -0.20698407]
01:30:21 [WARNING] rl_uav.envs.as2_test_env: Skipping velocity reset; simulator service reset required (terminal_out_of_bounds)
[ERROR] [1783121425.053025939] [drone0.drone0_interface]: Service returned failure
[ERROR] [1783121427.468468191] [drone0.drone0_interface]: Service returned failure
01:30:36 [INFO] rl_uav.envs.as2_test_env: Reset complete. Initial obs: [-0.04366923  1.          0.00580337 -0.87137914]
01:30:37 [WARNING] rl_uav.envs.as2_test_env: Skipping velocity reset; simulator service reset required (terminal_out_of_bounds)
[ERROR] [1783121441.455919280] [drone0.drone0_interface]: Service returned failure
[ERROR] [1783121443.875884835] [drone0.drone0_interface]: Service returned failure
01:30:52 [INFO] rl_uav.envs.as2_test_env: Reset complete. Initial obs: [-0.21013547 -0.278566    0.01056865  0.4825331 ]
01:31:04 [WARNING] rl_uav.envs.as2_test_env: Reset started at valid low altitude z=0.860; climbing to hover 1.400m with bounded velocity recovery
01:31:07 [WARNING] rl_uav.envs.as2_test_env: Skipping velocity reset; simulator service reset required (terminal_out_of_bounds)
[ERROR] [1783121470.956316182] [drone0.drone0_interface]: Service returned failure
[ERROR] [1783121473.385558531] [drone0.drone0_interface]: Service returned failure
01:31:22 [INFO] rl_uav.envs.as2_test_env: Reset complete. Initial obs: [-1.          0.46349093  0.08438598  0.12877798]
01:31:26 [WARNING] rl_uav.envs.as2_test_env: Skipping velocity reset; simulator service reset required (terminal_out_of_bounds)
[ERROR] [1783121490.464057388] [drone0.drone0_interface]: Service returned failure
[ERROR] [1783121492.901803033] [drone0.drone0_interface]: Service returned failure
01:31:41 [INFO] rl_uav.envs.as2_test_env: Reset complete. Initial obs: [ 0.6263829   0.1346695   0.01744122 -0.9188192 ]
01:31:44 [WARNING] rl_uav.envs.as2_test_env: Reset started at valid low altitude z=0.813; climbing to hover 1.400m with bounded velocity recovery
01:31:48 [WARNING] rl_uav.envs.as2_test_env: Skipping velocity reset; simulator service reset required (terminal_out_of_bounds)
[ERROR] [1783121511.584007700] [drone0.drone0_interface]: Service returned failure
[ERROR] [1783121514.031343620] [drone0.drone0_interface]: Service returned failure
01:32:02 [INFO] rl_uav.envs.as2_test_env: Reset complete. Initial obs: [0.01206427 0.628787   0.13414769 0.7574672 ]
01:32:11 [WARNING] rl_uav.envs.as2_test_env: Skipping velocity reset; simulator service reset required (terminal_out_of_bounds)
[ERROR] [1783121535.691472195] [drone0.drone0_interface]: Service returned failure
[ERROR] [1783121538.145265469] [drone0.drone0_interface]: Service returned failure
01:32:26 [INFO] rl_uav.envs.as2_test_env: Reset complete. Initial obs: [ 0.6025046   0.8277971   0.01137474 -0.05761726]
01:32:31 [WARNING] rl_uav.envs.as2_test_env: Skipping velocity reset; simulator service reset required (terminal_out_of_bounds)
[ERROR] [1783121555.397715902] [drone0.drone0_interface]: Service returned failure
[ERROR] [1783121557.862488916] [drone0.drone0_interface]: Service returned failure
01:32:46 [INFO] rl_uav.envs.as2_test_env: Reset complete. Initial obs: [ 0.21809047 -0.88216746  0.08301444  0.36526558]
01:32:48 [WARNING] rl_uav.envs.as2_test_env: Skipping velocity reset; simulator service reset required (terminal_out_of_bounds)
[ERROR] [1783121572.108824532] [drone0.drone0_interface]: Service returned failure
[ERROR] [1783121574.571059857] [drone0.drone0_interface]: Service returned failure
01:33:03 [INFO] rl_uav.envs.as2_test_env: Reset complete. Initial obs: [ 0.4972773  -0.1661611  -0.00997264 -0.34893653]
01:33:09 [WARNING] rl_uav.envs.as2_test_env: Skipping velocity reset; simulator service reset required (terminal_out_of_bounds)
[ERROR] [1783121593.313086508] [drone0.drone0_interface]: Service returned failure
[ERROR] [1783121595.783939372] [drone0.drone0_interface]: Service returned failure
01:33:24 [INFO] rl_uav.envs.as2_test_env: Reset complete. Initial obs: [-1.          0.23547605  0.11707233 -0.82033694]
01:33:27 [WARNING] rl_uav.envs.as2_test_env: Skipping velocity reset; simulator service reset required (terminal_out_of_bounds)
[ERROR] [1783121611.620280681] [drone0.drone0_interface]: Service returned failure
[ERROR] [1783121614.097149249] [drone0.drone0_interface]: Service returned failure
01:33:42 [INFO] rl_uav.envs.as2_test_env: Reset complete. Initial obs: [-0.20313506  0.892289   -0.05271476  0.7119227 ]
-------------------------------------------
| rollout/                |               |
|    ep_len_mean          | 28            |
|    ep_rew_mean          | -31.3         |
|    success_rate         | 0             |
| time/                   |               |
|    fps                  | 1             |
|    iterations           | 16            |
|    time_elapsed         | 4588          |
|    total_timesteps      | 8192          |
| train/                  |               |
|    approx_kl            | 0.00032861507 |
|    clip_fraction        | 0             |
|    clip_range           | 0.2           |
|    entropy_loss         | -6.43         |
|    explained_variance   | 0.2           |
|    learning_rate        | 3e-05         |
|    loss                 | 60.9          |
|    n_updates            | 75            |
|    policy_gradient_loss | -0.00291      |
|    std                  | 0.997         |
|    value_loss           | 127           |
-------------------------------------------
01:34:08 [WARNING] rl_uav.envs.as2_test_env: Reset started at valid low altitude z=0.925; climbing to hover 1.400m with bounded velocity recovery
01:34:12 [WARNING] rl_uav.envs.as2_test_env: Skipping velocity reset; simulator service reset required (terminal_out_of_bounds)
[ERROR] [1783121655.527691295] [drone0.drone0_interface]: Service returned failure
[ERROR] [1783121658.013981183] [drone0.drone0_interface]: Service returned failure
01:34:26 [INFO] rl_uav.envs.as2_test_env: Reset complete. Initial obs: [ 0.16610043  1.         -0.10548632 -0.67650074]
01:34:31 [WARNING] rl_uav.envs.as2_test_env: Reset started at valid low altitude z=0.917; climbing to hover 1.400m with bounded velocity recovery
01:34:35 [WARNING] rl_uav.envs.as2_test_env: Skipping velocity reset; simulator service reset required (terminal_out_of_bounds)
[ERROR] [1783121678.335935866] [drone0.drone0_interface]: Service returned failure
[ERROR] [1783121680.834694529] [drone0.drone0_interface]: Service returned failure
01:34:49 [INFO] rl_uav.envs.as2_test_env: Reset complete. Initial obs: [ 0.5650834  -0.9979979  -0.01982699  0.36429676]
01:35:00 [WARNING] rl_uav.envs.as2_test_env: Skipping velocity reset; simulator service reset required (terminal_out_of_bounds)
[ERROR] [1783121704.237406427] [drone0.drone0_interface]: Service returned failure
[ERROR] [1783121706.746826985] [drone0.drone0_interface]: Service returned failure
01:35:15 [INFO] rl_uav.envs.as2_test_env: Reset complete. Initial obs: [ 0.96227443 -0.8713284   0.1426163   0.10431936]
01:35:18 [WARNING] rl_uav.envs.as2_test_env: Skipping velocity reset; simulator service reset required (terminal_out_of_bounds)
[ERROR] [1783121722.649932781] [drone0.drone0_interface]: Service returned failure
[ERROR] [1783121725.165540364] [drone0.drone0_interface]: Service returned failure
01:35:34 [INFO] rl_uav.envs.as2_test_env: Reset complete. Initial obs: [ 0.9231542  -0.18086892  0.03103258  0.3686459 ]
01:35:37 [WARNING] rl_uav.envs.as2_test_env: Skipping velocity reset; simulator service reset required (terminal_out_of_bounds)
[ERROR] [1783121741.151824059] [drone0.drone0_interface]: Service returned failure
[ERROR] [1783121743.666668944] [drone0.drone0_interface]: Service returned failure
01:35:56 [INFO] rl_uav.envs.as2_test_env: Reset complete. Initial obs: [ 0.0885767  -0.49959734 -0.10942063 -0.7082246 ]
01:36:00 [WARNING] rl_uav.envs.as2_test_env: Skipping velocity reset; simulator service reset required (terminal_out_of_bounds)
[ERROR] [1783121764.265402595] [drone0.drone0_interface]: Service returned failure
[ERROR] [1783121766.794322543] [drone0.drone0_interface]: Service returned failure
01:36:15 [INFO] rl_uav.envs.as2_test_env: Reset complete. Initial obs: [ 0.80314714  0.94265574 -0.0707855   0.2872984 ]
01:36:18 [WARNING] rl_uav.envs.as2_test_env: Skipping velocity reset; simulator service reset required (terminal_out_of_bounds)
[ERROR] [1783121782.773437534] [drone0.drone0_interface]: Service returned failure
[ERROR] [1783121785.310498117] [drone0.drone0_interface]: Service returned failure
01:36:34 [INFO] rl_uav.envs.as2_test_env: Reset complete. Initial obs: [ 0.3183249  -0.00241943 -0.04187223  0.47234374]
01:36:40 [WARNING] rl_uav.envs.as2_test_env: Skipping velocity reset; simulator service reset required (terminal_out_of_bounds)
[ERROR] [1783121804.379835171] [drone0.drone0_interface]: Service returned failure
[ERROR] [1783121806.921358897] [drone0.drone0_interface]: Service returned failure
01:36:56 [INFO] rl_uav.envs.as2_test_env: Reset complete. Initial obs: [-0.10777397 -0.37591752 -0.02440247  0.08580852]
01:37:03 [WARNING] rl_uav.envs.as2_test_env: Skipping velocity reset; simulator service reset required (terminal_out_of_bounds)
[ERROR] [1783121827.486444940] [drone0.drone0_interface]: Service returned failure
[ERROR] [1783121830.032483147] [drone0.drone0_interface]: Service returned failure
01:37:19 [INFO] rl_uav.envs.as2_test_env: Reset complete. Initial obs: [-1.         -0.04607284  0.1103421   0.23178473]
01:37:20 [WARNING] rl_uav.envs.as2_test_env: Skipping velocity reset; simulator service reset required (terminal_out_of_bounds)
[ERROR] [1783121844.592294317] [drone0.drone0_interface]: Service returned failure
[ERROR] [1783121847.147148139] [drone0.drone0_interface]: Service returned failure
01:37:36 [INFO] rl_uav.envs.as2_test_env: Reset complete. Initial obs: [-0.20934087 -0.23054111  0.02133892  0.8719116 ]
01:37:45 [WARNING] rl_uav.envs.as2_test_env: Skipping velocity reset; simulator service reset required (terminal_out_of_bounds)
[ERROR] [1783121869.469180540] [drone0.drone0_interface]: Service returned failure
[ERROR] [1783121872.037839110] [drone0.drone0_interface]: Service returned failure
01:38:01 [INFO] rl_uav.envs.as2_test_env: Reset complete. Initial obs: [ 1.         -1.         -0.01526743 -0.17569745]
01:38:07 [WARNING] rl_uav.envs.as2_test_env: Skipping velocity reset; simulator service reset required (terminal_out_of_bounds)
[ERROR] [1783121891.292794165] [drone0.drone0_interface]: Service returned failure
[ERROR] [1783121893.864660699] [drone0.drone0_interface]: Service returned failure
01:38:23 [INFO] rl_uav.envs.as2_test_env: Reset complete. Initial obs: [ 0.45376718 -0.3366161  -0.09944656  0.4649703 ]
01:38:30 [WARNING] rl_uav.envs.as2_test_env: Reset started at valid low altitude z=0.809; climbing to hover 1.400m with bounded velocity recovery
01:38:34 [WARNING] rl_uav.envs.as2_test_env: Skipping velocity reset; simulator service reset required (terminal_out_of_bounds)
[ERROR] [1783121917.598786629] [drone0.drone0_interface]: Service returned failure
[ERROR] [1783121920.180150149] [drone0.drone0_interface]: Service returned failure
01:38:49 [INFO] rl_uav.envs.as2_test_env: Reset complete. Initial obs: [ 1.          0.77157843  0.10439132 -0.18476017]
01:38:55 [WARNING] rl_uav.envs.as2_test_env: Skipping velocity reset; simulator service reset required (terminal_out_of_bounds)
[ERROR] [1783121939.514463841] [drone0.drone0_interface]: Service returned failure
[ERROR] [1783121942.089668713] [drone0.drone0_interface]: Service returned failure
01:39:11 [INFO] rl_uav.envs.as2_test_env: Reset complete. Initial obs: [-1.          0.4745447   0.08477821 -0.6307472 ]
01:39:12 [WARNING] rl_uav.envs.as2_test_env: Skipping velocity reset; simulator service reset required (terminal_out_of_bounds)
[ERROR] [1783121957.117209294] [drone0.drone0_interface]: Service returned failure
[ERROR] [1783121959.715140172] [drone0.drone0_interface]: Service returned failure
01:39:28 [INFO] rl_uav.envs.as2_test_env: Reset complete. Initial obs: [-0.6953592  -1.          0.09478612  0.22184023]
01:39:32 [WARNING] rl_uav.envs.as2_test_env: Skipping velocity reset; simulator service reset required (terminal_out_of_bounds)
[ERROR] [1783121976.219032588] [drone0.drone0_interface]: Service returned failure
[ERROR] [1783121978.819572698] [drone0.drone0_interface]: Service returned failure
01:39:48 [INFO] rl_uav.envs.as2_test_env: Reset complete. Initial obs: [-0.7668583  -0.38270855 -0.13276546  0.40807953]
01:40:00 [WARNING] rl_uav.envs.as2_test_env: Skipping velocity reset; simulator service reset required (terminal_out_of_bounds)
[ERROR] [1783122004.627443067] [drone0.drone0_interface]: Service returned failure
[ERROR] [1783122007.239474772] [drone0.drone0_interface]: Service returned failure
01:40:16 [INFO] rl_uav.envs.as2_test_env: Reset complete. Initial obs: [-1.         -0.23252465  0.01291532 -0.06989417]
------------------------------------------
| rollout/                |              |
|    ep_len_mean          | 28.3         |
|    ep_rew_mean          | -30.7        |
|    success_rate         | 0            |
| time/                   |              |
|    fps                  | 1            |
|    iterations           | 17           |
|    time_elapsed         | 4972         |
|    total_timesteps      | 8704         |
| train/                  |              |
|    approx_kl            | 0.0018092184 |
|    clip_fraction        | 0.00547      |
|    clip_range           | 0.2          |
|    entropy_loss         | -5.56        |
|    explained_variance   | 0.133        |
|    learning_rate        | 3e-05        |
|    loss                 | 40.2         |
|    n_updates            | 80           |
|    policy_gradient_loss | 0.00433      |
|    std                  | 0.997        |
|    value_loss           | 75.2         |
------------------------------------------
01:40:33 [WARNING] rl_uav.envs.as2_test_env: Skipping velocity reset; simulator service reset required (terminal_out_of_bounds)
[ERROR] [1783122037.950298795] [drone0.drone0_interface]: Service returned failure
[ERROR] [1783122040.570814496] [drone0.drone0_interface]: Service returned failure
01:40:49 [INFO] rl_uav.envs.as2_test_env: Reset complete. Initial obs: [ 0.8421803  -0.10186471  0.02592977  0.15239671]
01:41:04 [WARNING] rl_uav.envs.as2_test_env: Skipping velocity reset; simulator service reset required (terminal_out_of_bounds)
[ERROR] [1783122068.361125925] [drone0.drone0_interface]: Service returned failure
[ERROR] [1783122070.984314622] [drone0.drone0_interface]: Service returned failure
01:41:20 [INFO] rl_uav.envs.as2_test_env: Reset complete. Initial obs: [ 0.9278528  -1.         -0.01992601  0.9970342 ]
01:41:23 [WARNING] rl_uav.envs.as2_test_env: Skipping velocity reset; simulator service reset required (terminal_out_of_bounds)
[ERROR] [1783122087.770886694] [drone0.drone0_interface]: Service returned failure
[ERROR] [1783122090.404682933] [drone0.drone0_interface]: Service returned failure
01:41:39 [INFO] rl_uav.envs.as2_test_env: Reset complete. Initial obs: [ 1.          1.         -0.13638628 -0.68464553]
01:41:42 [WARNING] rl_uav.envs.as2_test_env: Skipping velocity reset; simulator service reset required (terminal_out_of_bounds)
[ERROR] [1783122107.174583905] [drone0.drone0_interface]: Service returned failure
[ERROR] [1783122109.819770944] [drone0.drone0_interface]: Service returned failure
01:41:59 [INFO] rl_uav.envs.as2_test_env: Reset complete. Initial obs: [-0.14586928 -0.37486154  0.06221367 -0.6263306 ]
01:42:10 [WARNING] rl_uav.envs.as2_test_env: Skipping velocity reset; simulator service reset required (terminal_out_of_bounds)
[ERROR] [1783122134.588059759] [drone0.drone0_interface]: Service returned failure
[ERROR] [1783122137.240217231] [drone0.drone0_interface]: Service returned failure
01:42:26 [INFO] rl_uav.envs.as2_test_env: Reset complete. Initial obs: [-0.38747877  1.          0.04564528 -0.44092733]
01:42:36 [WARNING] rl_uav.envs.as2_test_env: Skipping velocity reset; simulator service reset required (terminal_out_of_bounds)
[ERROR] [1783122160.593222657] [drone0.drone0_interface]: Service returned failure
[ERROR] [1783122163.250638096] [drone0.drone0_interface]: Service returned failure
01:42:52 [INFO] rl_uav.envs.as2_test_env: Reset complete. Initial obs: [ 0.40954325 -0.07519666  0.02922036 -0.31084347]
01:43:00 [WARNING] rl_uav.envs.as2_test_env: Reset started at valid low altitude z=0.904; climbing to hover 1.400m with bounded velocity recovery
01:43:04 [WARNING] rl_uav.envs.as2_test_env: Skipping velocity reset; simulator service reset required (terminal_out_of_bounds)
[ERROR] [1783122188.101993985] [drone0.drone0_interface]: Service returned failure
[ERROR] [1783122190.768842258] [drone0.drone0_interface]: Service returned failure
01:43:20 [INFO] rl_uav.envs.as2_test_env: Reset complete. Initial obs: [-0.190793    1.          0.15253954  0.5409112 ]
01:43:23 [WARNING] rl_uav.envs.as2_test_env: Skipping velocity reset; simulator service reset required (terminal_out_of_bounds)
[ERROR] [1783122207.612502818] [drone0.drone0_interface]: Service returned failure
[ERROR] [1783122210.285300701] [drone0.drone0_interface]: Service returned failure
01:43:39 [INFO] rl_uav.envs.as2_test_env: Reset complete. Initial obs: [ 1.0000000e+00 -1.0000000e+00 -1.4376274e-04  5.7097715e-01]
01:43:47 [WARNING] rl_uav.envs.as2_test_env: Skipping velocity reset; simulator service reset required (terminal_out_of_bounds)
[ERROR] [1783122232.017875311] [drone0.drone0_interface]: Service returned failure
[ERROR] [1783122234.696287057] [drone0.drone0_interface]: Service returned failure
01:44:04 [INFO] rl_uav.envs.as2_test_env: Reset complete. Initial obs: [ 0.7529116   1.         -0.05233629  0.69644845]
01:44:05 [WARNING] rl_uav.envs.as2_test_env: Skipping velocity reset; simulator service reset required (terminal_out_of_bounds)
[ERROR] [1783122250.125396609] [drone0.drone0_interface]: Service returned failure
[ERROR] [1783122252.808884481] [drone0.drone0_interface]: Service returned failure
01:44:22 [INFO] rl_uav.envs.as2_test_env: Reset complete. Initial obs: [ 0.9435607   0.6229049   0.09275863 -0.39236534]
01:44:27 [WARNING] rl_uav.envs.as2_test_env: Skipping velocity reset; simulator service reset required (terminal_out_of_bounds)
[ERROR] [1783122271.335128082] [drone0.drone0_interface]: Service returned failure
[ERROR] [1783122275.673102871] [drone0.drone0_interface]: Service returned failure
01:44:45 [INFO] rl_uav.envs.as2_test_env: Reset complete. Initial obs: [0.2625237  0.90772617 0.05650345 0.7963192 ]
01:44:46 [WARNING] rl_uav.envs.as2_test_env: Reset started at valid low altitude z=0.960; climbing to hover 1.400m with bounded velocity recovery
01:44:50 [WARNING] rl_uav.envs.as2_test_env: Skipping velocity reset; simulator service reset required (terminal_out_of_bounds)
[ERROR] [1783122294.237474302] [drone0.drone0_interface]: Service returned failure
[ERROR] [1783122298.574752112] [drone0.drone0_interface]: Service returned failure
01:45:08 [INFO] rl_uav.envs.as2_test_env: Reset complete. Initial obs: [-0.23657641  0.3038688   0.00583925 -0.5829827 ]
01:45:11 [WARNING] rl_uav.envs.as2_test_env: Skipping velocity reset; simulator service reset required (terminal_out_of_bounds)
[ERROR] [1783122315.545899060] [drone0.drone0_interface]: Service returned failure
[ERROR] [1783122318.246208370] [drone0.drone0_interface]: Service returned failure
01:45:27 [INFO] rl_uav.envs.as2_test_env: Reset complete. Initial obs: [-1.         -0.25022992 -0.01437506  0.34830084]
01:45:34 [WARNING] rl_uav.envs.as2_test_env: Skipping velocity reset; simulator service reset required (terminal_out_of_bounds)
[ERROR] [1783122338.551783348] [drone0.drone0_interface]: Service returned failure
[ERROR] [1783122341.267212558] [drone0.drone0_interface]: Service returned failure
01:45:50 [INFO] rl_uav.envs.as2_test_env: Reset complete. Initial obs: [ 0.06706826  0.96624756 -0.02911354  0.5271772 ]
01:45:57 [WARNING] rl_uav.envs.as2_test_env: Skipping velocity reset; simulator service reset required (terminal_out_of_bounds)
[ERROR] [1783122361.556583280] [drone0.drone0_interface]: Service returned failure
[ERROR] [1783122364.270608155] [drone0.drone0_interface]: Service returned failure
01:46:18 [INFO] rl_uav.envs.as2_test_env: Reset complete. Initial obs: [-0.6819579   0.91920894  0.01538718 -0.32443902]
01:46:25 [WARNING] rl_uav.envs.as2_test_env: Skipping velocity reset; simulator service reset required (terminal_out_of_bounds)
[ERROR] [1783122389.371931234] [drone0.drone0_interface]: Service returned failure
[ERROR] [1783122392.107876803] [drone0.drone0_interface]: Service returned failure
01:46:46 [INFO] rl_uav.envs.as2_test_env: Reset complete. Initial obs: [-0.25143814  0.16719767  0.02023596 -0.00685785]
------------------------------------------
| rollout/                |              |
|    ep_len_mean          | 28.9         |
|    ep_rew_mean          | -30.6        |
|    success_rate         | 0            |
| time/                   |              |
|    fps                  | 1            |
|    iterations           | 18           |
|    time_elapsed         | 5357         |
|    total_timesteps      | 9216         |
| train/                  |              |
|    approx_kl            | 0.0010037991 |
|    clip_fraction        | 0            |
|    clip_range           | 0.2          |
|    entropy_loss         | -6.29        |
|    explained_variance   | 0.249        |
|    learning_rate        | 3e-05        |
|    loss                 | 54.1         |
|    n_updates            | 85           |
|    policy_gradient_loss | -0.00349     |
|    std                  | 0.997        |
|    value_loss           | 97.6         |
------------------------------------------
01:47:04 [WARNING] rl_uav.envs.as2_test_env: Skipping velocity reset; simulator service reset required (terminal_out_of_bounds)
[ERROR] [1783122428.486130112] [drone0.drone0_interface]: Service returned failure
[ERROR] [1783122431.232553544] [drone0.drone0_interface]: Service returned failure
01:47:25 [INFO] rl_uav.envs.as2_test_env: Reset complete. Initial obs: [-0.75094193  0.8238313   0.05199627 -0.98789495]
01:47:27 [WARNING] rl_uav.envs.as2_test_env: Skipping velocity reset; simulator service reset required (terminal_out_of_bounds)
[ERROR] [1783122451.878578349] [drone0.drone0_interface]: Service returned failure
[ERROR] [1783122454.634528717] [drone0.drone0_interface]: Service returned failure
01:47:48 [INFO] rl_uav.envs.as2_test_env: Reset complete. Initial obs: [ 0.9155385   0.26489186 -0.04762378  0.9759944 ]
01:47:50 [WARNING] rl_uav.envs.as2_test_env: Skipping velocity reset; simulator service reset required (terminal_out_of_bounds)
[ERROR] [1783122475.194032780] [drone0.drone0_interface]: Service returned failure
[ERROR] [1783122477.956195787] [drone0.drone0_interface]: Service returned failure
01:48:12 [INFO] rl_uav.envs.as2_test_env: Reset complete. Initial obs: [ 0.32848218 -0.595133   -0.14271267  0.4059981 ]
01:48:19 [WARNING] rl_uav.envs.as2_test_env: Skipping velocity reset; simulator service reset required (terminal_out_of_bounds)
[ERROR] [1783122503.718505450] [drone0.drone0_interface]: Service returned failure
[ERROR] [1783122506.501196142] [drone0.drone0_interface]: Service returned failure
01:48:40 [INFO] rl_uav.envs.as2_test_env: Reset complete. Initial obs: [-0.5104149  -0.81168914  0.00380472  0.5389801 ]
01:48:44 [WARNING] rl_uav.envs.as2_test_env: Skipping velocity reset; simulator service reset required (terminal_out_of_bounds)
[ERROR] [1783122529.107201564] [drone0.drone0_interface]: Service returned failure
[ERROR] [1783122531.895264521] [drone0.drone0_interface]: Service returned failure
01:49:06 [INFO] rl_uav.envs.as2_test_env: Reset complete. Initial obs: [ 0.05689945 -0.89858687 -0.08341562 -0.9942344 ]
01:49:11 [WARNING] rl_uav.envs.as2_test_env: Skipping velocity reset; simulator service reset required (terminal_out_of_bounds)
[ERROR] [1783122556.234373058] [drone0.drone0_interface]: Service returned failure
[ERROR] [1783122559.137267065] [drone0.drone0_interface]: Service returned failure
01:49:33 [INFO] rl_uav.envs.as2_test_env: Reset complete. Initial obs: [ 0.25966525 -0.8378351  -0.14173974  0.67878747]
01:49:39 [WARNING] rl_uav.envs.as2_test_env: Skipping velocity reset; simulator service reset required (terminal_out_of_bounds)
[ERROR] [1783122583.650052955] [drone0.drone0_interface]: Service returned failure
[ERROR] [1783122586.466571898] [drone0.drone0_interface]: Service returned failure
01:50:00 [INFO] rl_uav.envs.as2_test_env: Reset complete. Initial obs: [0.54796964 0.892634   0.02169418 0.44664094]
01:50:06 [WARNING] rl_uav.envs.as2_test_env: Skipping velocity reset; simulator service reset required (terminal_out_of_bounds)
[ERROR] [1783122611.055700666] [drone0.drone0_interface]: Service returned failure
[ERROR] [1783122613.879216229] [drone0.drone0_interface]: Service returned failure
01:50:28 [INFO] rl_uav.envs.as2_test_env: Reset complete. Initial obs: [ 0.02031478  0.53329533 -0.01104664  0.04583882]
01:50:32 [WARNING] rl_uav.envs.as2_test_env: Skipping velocity reset; simulator service reset required (terminal_out_of_bounds)
[ERROR] [1783122636.772168011] [drone0.drone0_interface]: Service returned failure
[ERROR] [1783122639.609946873] [drone0.drone0_interface]: Service returned failure
01:50:54 [INFO] rl_uav.envs.as2_test_env: Reset complete. Initial obs: [ 0.3973173  -0.5460185   0.00317269 -0.79797405]
01:51:01 [WARNING] rl_uav.envs.as2_test_env: Skipping velocity reset; simulator service reset required (terminal_out_of_bounds)
[ERROR] [1783122666.084648152] [drone0.drone0_interface]: Service returned failure
[ERROR] [1783122668.933217854] [drone0.drone0_interface]: Service returned failure
01:51:23 [INFO] rl_uav.envs.as2_test_env: Reset complete. Initial obs: [ 1.         -0.5933605   0.02029612  0.39341295]
01:51:25 [WARNING] rl_uav.envs.as2_test_env: Skipping velocity reset; simulator service reset required (terminal_out_of_bounds)
[ERROR] [1783122690.392478806] [drone0.drone0_interface]: Service returned failure
[ERROR] [1783122693.247750409] [drone0.drone0_interface]: Service returned failure
01:51:47 [INFO] rl_uav.envs.as2_test_env: Reset complete. Initial obs: [-0.7981208   0.3319855   0.04773479  0.8094129 ]
01:51:50 [WARNING] rl_uav.envs.as2_test_env: Skipping velocity reset; simulator service reset required (terminal_out_of_bounds)
[ERROR] [1783122714.710526269] [drone0.drone0_interface]: Service returned failure
[ERROR] [1783122717.581450010] [drone0.drone0_interface]: Service returned failure
01:52:12 [INFO] rl_uav.envs.as2_test_env: Reset complete. Initial obs: [ 1.         -0.69262844 -0.03092755  0.306614  ]
01:52:18 [WARNING] rl_uav.envs.as2_test_env: Skipping velocity reset; simulator service reset required (terminal_out_of_bounds)
[ERROR] [1783122742.520736411] [drone0.drone0_interface]: Service returned failure
[ERROR] [1783122747.158215697] [drone0.drone0_interface]: Service returned failure
01:52:42 [INFO] rl_uav.envs.as2_test_env: Reset complete. Initial obs: [ 4.3646604e-02  4.1828147e-01 -1.3505544e-04 -6.1510080e-01]
01:52:44 [WARNING] rl_uav.envs.as2_test_env: Skipping velocity reset; simulator service reset required (terminal_out_of_bounds)
[ERROR] [1783122768.824996409] [drone0.drone0_interface]: Service returned failure
[ERROR] [1783122771.715955794] [drone0.drone0_interface]: Service returned failure
01:53:06 [INFO] rl_uav.envs.as2_test_env: Reset complete. Initial obs: [ 0.64697963  0.89226323  0.09213383 -0.11881128]
01:53:15 [WARNING] rl_uav.envs.as2_test_env: Skipping velocity reset; simulator service reset required (terminal_out_of_bounds)
[ERROR] [1783122800.319310087] [drone0.drone0_interface]: Service returned failure
[ERROR] [1783122803.220587451] [drone0.drone0_interface]: Service returned failure
01:53:38 [INFO] rl_uav.envs.as2_test_env: Reset complete. Initial obs: [-1.          0.01349208  0.02498071 -0.68267304]
01:53:44 [WARNING] rl_uav.envs.as2_test_env: Skipping velocity reset; simulator service reset required (terminal_out_of_bounds)
[ERROR] [1783122828.639989522] [drone0.drone0_interface]: Service returned failure
[ERROR] [1783122831.653403379] [drone0.drone0_interface]: Service returned failure
01:54:06 [INFO] rl_uav.envs.as2_test_env: Reset complete. Initial obs: [-1.          1.         -0.0289965  -0.32526678]
01:54:10 [WARNING] rl_uav.envs.as2_test_env: Skipping velocity reset; simulator service reset required (terminal_out_of_bounds)
[ERROR] [1783122855.263938499] [drone0.drone0_interface]: Service returned failure
[ERROR] [1783122858.190529352] [drone0.drone0_interface]: Service returned failure
01:54:33 [INFO] rl_uav.envs.as2_test_env: Reset complete. Initial obs: [-0.11570826 -1.         -0.07819211 -0.8816914 ]
01:54:42 [WARNING] rl_uav.envs.as2_test_env: Reset started at valid low altitude z=0.981; climbing to hover 1.400m with bounded velocity recovery
01:54:47 [WARNING] rl_uav.envs.as2_test_env: Skipping velocity reset; simulator service reset required (terminal_out_of_bounds)
[ERROR] [1783122890.962885515] [drone0.drone0_interface]: Service returned failure
[ERROR] [1783122893.896611081] [drone0.drone0_interface]: Service returned failure
01:55:09 [INFO] rl_uav.envs.as2_test_env: Reset complete. Initial obs: [-0.2022517  -0.06481215 -0.15350781 -0.9452608 ]
01:55:16 [WARNING] rl_uav.envs.as2_test_env: Skipping velocity reset; simulator service reset required (terminal_out_of_bounds)
[ERROR] [1783122921.580395243] [drone0.drone0_interface]: Service returned failure
[ERROR] [1783122924.529682174] [drone0.drone0_interface]: Service returned failure
01:55:39 [INFO] rl_uav.envs.as2_test_env: Reset complete. Initial obs: [ 0.5845131   0.2737477  -0.03483461 -0.5097456 ]
-------------------------------------------
| rollout/                |               |
|    ep_len_mean          | 29.6          |
|    ep_rew_mean          | -30.7         |
|    success_rate         | 0             |
| time/                   |               |
|    fps                  | 1             |
|    iterations           | 19            |
|    time_elapsed         | 5883          |
|    total_timesteps      | 9728          |
| train/                  |               |
|    approx_kl            | 0.00023425778 |
|    clip_fraction        | 0             |
|    clip_range           | 0.2           |
|    entropy_loss         | -5.93         |
|    explained_variance   | 0.252         |
|    learning_rate        | 3e-05         |
|    loss                 | 40.6          |
|    n_updates            | 90            |
|    policy_gradient_loss | -0.00146      |
|    std                  | 0.997         |
|    value_loss           | 92.9          |
-------------------------------------------
01:55:43 [WARNING] rl_uav.envs.as2_test_env: Reset started at valid low altitude z=0.800; climbing to hover 1.400m with bounded velocity recovery
01:55:48 [WARNING] rl_uav.envs.as2_test_env: Skipping velocity reset; simulator service reset required (terminal_out_of_bounds)
[ERROR] [1783122952.295283809] [drone0.drone0_interface]: Service returned failure
[ERROR] [1783122955.256873261] [drone0.drone0_interface]: Service returned failure
01:56:10 [INFO] rl_uav.envs.as2_test_env: Reset complete. Initial obs: [0.20215172 1.         0.00133968 0.6321643 ]
01:56:23 [WARNING] rl_uav.envs.as2_test_env: Reset started at valid low altitude z=0.897; climbing to hover 1.400m with bounded velocity recovery
01:56:28 [WARNING] rl_uav.envs.as2_test_env: Skipping velocity reset; simulator service reset required (terminal_out_of_bounds)
[ERROR] [1783122992.005234842] [drone0.drone0_interface]: Service returned failure
[ERROR] [1783122995.072490073] [drone0.drone0_interface]: Service returned failure
01:56:50 [INFO] rl_uav.envs.as2_test_env: Reset complete. Initial obs: [-0.25765303  1.         -0.00821261  0.67191225]
01:56:52 [WARNING] rl_uav.envs.as2_test_env: Reset started at valid low altitude z=0.950; climbing to hover 1.400m with bounded velocity recovery
01:56:57 [WARNING] rl_uav.envs.as2_test_env: Skipping velocity reset; simulator service reset required (terminal_out_of_bounds)
[ERROR] [1783123021.113859879] [drone0.drone0_interface]: Service returned failure
[ERROR] [1783123024.095331541] [drone0.drone0_interface]: Service returned failure
01:57:19 [INFO] rl_uav.envs.as2_test_env: Reset complete. Initial obs: [ 0.6116991   0.48573005 -0.03584605  0.30005518]
01:57:34 [WARNING] rl_uav.envs.as2_test_env: Skipping velocity reset; simulator service reset required (terminal_out_of_bounds)
[ERROR] [1783123059.122306658] [drone0.drone0_interface]: Service returned failure
[ERROR] [1783123062.114091967] [drone0.drone0_interface]: Service returned failure
01:57:57 [INFO] rl_uav.envs.as2_test_env: Reset complete. Initial obs: [ 0.57836664 -0.7508045   0.04922035  0.5153491 ]
01:58:05 [WARNING] rl_uav.envs.as2_test_env: Skipping velocity reset; simulator service reset required (terminal_out_of_bounds)
[ERROR] [1783123090.130934004] [drone0.drone0_interface]: Service returned failure
[ERROR] [1783123093.132481436] [drone0.drone0_interface]: Service returned failure
01:58:28 [INFO] rl_uav.envs.as2_test_env: Reset complete. Initial obs: [-0.58894783  0.24966766 -0.09006044 -0.08516502]
01:58:31 [WARNING] rl_uav.envs.as2_test_env: Reset started at valid low altitude z=0.837; climbing to hover 1.400m with bounded velocity recovery
01:58:35 [WARNING] rl_uav.envs.as2_test_env: Skipping velocity reset; simulator service reset required (terminal_out_of_bounds)
[ERROR] [1783123119.456424576] [drone0.drone0_interface]: Service returned failure
[ERROR] [1783123122.469300475] [drone0.drone0_interface]: Service returned failure
01:58:58 [INFO] rl_uav.envs.as2_test_env: Reset complete. Initial obs: [ 0.4630291  -0.04987899 -0.01876711 -0.36613756]
01:59:00 [WARNING] rl_uav.envs.as2_test_env: Skipping velocity reset; simulator service reset required (terminal_out_of_bounds)
[ERROR] [1783123145.265421906] [drone0.drone0_interface]: Service returned failure
[ERROR] [1783123148.397981788] [drone0.drone0_interface]: Service returned failure
01:59:23 [INFO] rl_uav.envs.as2_test_env: Reset complete. Initial obs: [-0.5347139  -0.31228408  0.10833783 -0.34449154]
01:59:26 [WARNING] rl_uav.envs.as2_test_env: Skipping velocity reset; simulator service reset required (terminal_out_of_bounds)
[ERROR] [1783123171.173336246] [drone0.drone0_interface]: Service returned failure
[ERROR] [1783123174.214510760] [drone0.drone0_interface]: Service returned failure
01:59:49 [INFO] rl_uav.envs.as2_test_env: Reset complete. Initial obs: [ 0.79408485 -1.          0.02427308 -0.6261153 ]
01:59:52 [WARNING] rl_uav.envs.as2_test_env: Skipping velocity reset; simulator service reset required (terminal_out_of_bounds)
[ERROR] [1783123197.265993440] [drone0.drone0_interface]: Service returned failure
[ERROR] [1783123200.324077031] [drone0.drone0_interface]: Service returned failure
02:00:15 [INFO] rl_uav.envs.as2_test_env: Reset complete. Initial obs: [-0.45200768 -0.4514408   0.02482161 -0.14576021]
02:00:18 [WARNING] rl_uav.envs.as2_test_env: Skipping velocity reset; simulator service reset required (terminal_out_of_bounds)
[ERROR] [1783123223.389233105] [drone0.drone0_interface]: Service returned failure
[ERROR] [1783123226.549754180] [drone0.drone0_interface]: Service returned failure
02:00:42 [INFO] rl_uav.envs.as2_test_env: Reset complete. Initial obs: [-1.          0.64946914 -0.06824637 -0.10654645]
02:00:50 [WARNING] rl_uav.envs.as2_test_env: Reset started at valid low altitude z=0.844; climbing to hover 1.400m with bounded velocity recovery
02:00:55 [WARNING] rl_uav.envs.as2_test_env: Skipping velocity reset; simulator service reset required (terminal_out_of_bounds)
[ERROR] [1783123258.993803206] [drone0.drone0_interface]: Service returned failure
[ERROR] [1783123262.063101754] [drone0.drone0_interface]: Service returned failure
02:01:17 [INFO] rl_uav.envs.as2_test_env: Reset complete. Initial obs: [-0.08203155 -0.93468803  0.12932684 -0.50973725]
02:01:22 [WARNING] rl_uav.envs.as2_test_env: Skipping velocity reset; simulator service reset required (terminal_out_of_bounds)
[ERROR] [1783123287.227130686] [drone0.drone0_interface]: Service returned failure
[ERROR] [1783123290.308128640] [drone0.drone0_interface]: Service returned failure
02:01:46 [INFO] rl_uav.envs.as2_test_env: Reset complete. Initial obs: [-0.25001517  0.90787625 -0.02096115 -0.42690584]
02:02:00 [WARNING] rl_uav.envs.as2_test_env: Skipping velocity reset; simulator service reset required (terminal_out_of_bounds)
[ERROR] [1783123325.117822031] [drone0.drone0_interface]: Service returned failure
[ERROR] [1783123328.213522361] [drone0.drone0_interface]: Service returned failure
02:02:24 [INFO] rl_uav.envs.as2_test_env: Reset complete. Initial obs: [ 0.45809907 -1.         -0.01256532  0.48158675]
02:02:30 [WARNING] rl_uav.envs.as2_test_env: Skipping velocity reset; simulator service reset required (terminal_out_of_bounds)
[ERROR] [1783123355.650708780] [drone0.drone0_interface]: Service returned failure
[ERROR] [1783123358.758512494] [drone0.drone0_interface]: Service returned failure
02:02:54 [INFO] rl_uav.envs.as2_test_env: Reset complete. Initial obs: [-0.24843024  0.41464844 -0.00832926  0.2189938 ]
02:02:57 [WARNING] rl_uav.envs.as2_test_env: Skipping velocity reset; simulator service reset required (terminal_out_of_bounds)
[ERROR] [1783123382.458312873] [drone0.drone0_interface]: Service returned failure
[ERROR] [1783123385.573032576] [drone0.drone0_interface]: Service returned failure
02:03:21 [INFO] rl_uav.envs.as2_test_env: Reset complete. Initial obs: [-0.7143569  -0.71035635  0.00687664 -0.587737  ]
02:03:31 [WARNING] rl_uav.envs.as2_test_env: Skipping velocity reset; simulator service reset required (terminal_out_of_bounds)
[ERROR] [1783123416.867366860] [drone0.drone0_interface]: Service returned failure
[ERROR] [1783123419.992416738] [drone0.drone0_interface]: Service returned failure
02:03:56 [INFO] rl_uav.envs.as2_test_env: Reset complete. Initial obs: [-0.6128799   0.0568862   0.01833881  0.9996014 ]
------------------------------------------
| rollout/                |              |
|    ep_len_mean          | 29.9         |
|    ep_rew_mean          | -30.2        |
|    success_rate         | 0            |
| time/                   |              |
|    fps                  | 1            |
|    iterations           | 20           |
|    time_elapsed         | 6382         |
|    total_timesteps      | 10240        |
| train/                  |              |
|    approx_kl            | 0.0002916028 |
|    clip_fraction        | 0            |
|    clip_range           | 0.2          |
|    entropy_loss         | -6.3         |
|    explained_variance   | 0.205        |
|    learning_rate        | 3e-05        |
|    loss                 | 57           |
|    n_updates            | 95           |
|    policy_gradient_loss | -0.00044     |
|    std                  | 0.997        |
|    value_loss           | 97.3         |
------------------------------------------
02:04:00 [WARNING] rl_uav.envs.as2_test_env: Skipping velocity reset; simulator service reset required (terminal_out_of_bounds)
[ERROR] [1783123445.681943447] [drone0.drone0_interface]: Service returned failure
[ERROR] [1783123448.826510132] [drone0.drone0_interface]: Service returned failure
02:04:25 [INFO] rl_uav.envs.as2_test_env: Reset complete. Initial obs: [-0.26830593  0.7449405  -0.11966376 -0.6941585 ]
02:04:31 [WARNING] rl_uav.envs.as2_test_env: Skipping velocity reset; simulator service reset required (terminal_out_of_bounds)
[ERROR] [1783123476.588470242] [drone0.drone0_interface]: Service returned failure
[ERROR] [1783123479.742219261] [drone0.drone0_interface]: Service returned failure
02:04:55 [INFO] rl_uav.envs.as2_test_env: Reset complete. Initial obs: [ 0.33799726 -0.07285646 -0.03962069 -0.8469415 ]
02:05:04 [WARNING] rl_uav.envs.as2_test_env: Skipping velocity reset; simulator service reset required (terminal_out_of_bounds)
[ERROR] [1783123509.398997353] [drone0.drone0_interface]: Service returned failure
[ERROR] [1783123514.512402072] [drone0.drone0_interface]: Service returned failure
02:05:30 [INFO] rl_uav.envs.as2_test_env: Reset complete. Initial obs: [ 0.3352061   0.22514597  0.06281263 -0.48656905]
02:05:35 [WARNING] rl_uav.envs.as2_test_env: Skipping velocity reset; simulator service reset required (terminal_out_of_bounds)
[ERROR] [1783123540.612309836] [drone0.drone0_interface]: Service returned failure
[ERROR] [1783123543.790142869] [drone0.drone0_interface]: Service returned failure
02:06:00 [INFO] rl_uav.envs.as2_test_env: Reset complete. Initial obs: [-1.         -0.23721696 -0.10731789 -0.53074193]
02:06:10 [WARNING] rl_uav.envs.as2_test_env: Skipping velocity reset; simulator service reset required (terminal_out_of_bounds)
[ERROR] [1783123575.420774303] [drone0.drone0_interface]: Service returned failure
[ERROR] [1783123578.608607744] [drone0.drone0_interface]: Service returned failure
02:06:34 [INFO] rl_uav.envs.as2_test_env: Reset complete. Initial obs: [ 0.22331235  0.08039399  0.09711768 -0.30212373]
02:06:37 [WARNING] rl_uav.envs.as2_test_env: Skipping velocity reset; simulator service reset required (terminal_out_of_bounds)
[ERROR] [1783123602.715525085] [drone0.drone0_interface]: Service returned failure
[ERROR] [1783123605.909527849] [drone0.drone0_interface]: Service returned failure
02:07:02 [INFO] rl_uav.envs.as2_test_env: Reset complete. Initial obs: [ 0.29009283 -0.9331597  -0.040997    0.26656124]
02:07:05 [WARNING] rl_uav.envs.as2_test_env: Skipping velocity reset; simulator service reset required (terminal_out_of_bounds)
[ERROR] [1783123630.339142983] [drone0.drone0_interface]: Service returned failure
[ERROR] [1783123633.547120491] [drone0.drone0_interface]: Service returned failure
02:07:30 [INFO] rl_uav.envs.as2_test_env: Reset complete. Initial obs: [ 0.5545467  -0.555731    0.1559563  -0.95027614]
02:07:38 [WARNING] rl_uav.envs.as2_test_env: Skipping velocity reset; simulator service reset required (terminal_out_of_bounds)
[ERROR] [1783123663.846901841] [drone0.drone0_interface]: Service returned failure
[ERROR] [1783123667.064652614] [drone0.drone0_interface]: Service returned failure
02:08:03 [INFO] rl_uav.envs.as2_test_env: Reset complete. Initial obs: [ 0.9166496  -0.18167414 -0.02466885 -0.49934146]
02:08:14 [WARNING] rl_uav.envs.as2_test_env: Skipping velocity reset; simulator service reset required (terminal_out_of_bounds)
[ERROR] [1783123699.567367998] [drone0.drone0_interface]: Service returned failure
[ERROR] [1783123702.797343184] [drone0.drone0_interface]: Service returned failure
02:08:39 [INFO] rl_uav.envs.as2_test_env: Reset complete. Initial obs: [-0.33305773  0.5055009  -0.10897599 -0.9899691 ]
02:08:44 [WARNING] rl_uav.envs.as2_test_env: Skipping velocity reset; simulator service reset required (terminal_out_of_bounds)
[ERROR] [1783123729.470578899] [drone0.drone0_interface]: Service returned failure
[ERROR] [1783123732.712212990] [drone0.drone0_interface]: Service returned failure
02:09:09 [INFO] rl_uav.envs.as2_test_env: Reset complete. Initial obs: [0.01361145 1.         0.02543299 0.03349923]
02:09:14 [WARNING] rl_uav.envs.as2_test_env: Skipping velocity reset; simulator service reset required (terminal_out_of_bounds)
[ERROR] [1783123759.494561505] [drone0.drone0_interface]: Service returned failure
[ERROR] [1783123762.744897465] [drone0.drone0_interface]: Service returned failure
02:09:39 [INFO] rl_uav.envs.as2_test_env: Reset complete. Initial obs: [-0.4647105   1.         -0.11908815 -0.62578756]
02:09:42 [WARNING] rl_uav.envs.as2_test_env: Skipping velocity reset; simulator service reset required (terminal_out_of_bounds)
[ERROR] [1783123787.695584334] [drone0.drone0_interface]: Service returned failure
[ERROR] [1783123790.957537182] [drone0.drone0_interface]: Service returned failure
02:10:07 [INFO] rl_uav.envs.as2_test_env: Reset complete. Initial obs: [-0.50016993 -0.01111499  0.0661811   0.48568785]
02:10:10 [WARNING] rl_uav.envs.as2_test_env: Skipping velocity reset; simulator service reset required (terminal_out_of_bounds)
[ERROR] [1783123815.912611570] [drone0.drone0_interface]: Service returned failure
[ERROR] [1783123819.191302234] [drone0.drone0_interface]: Service returned failure
02:10:36 [INFO] rl_uav.envs.as2_test_env: Reset complete. Initial obs: [ 0.7786703   0.4981108   0.10990372 -0.72543585]
02:10:51 [WARNING] rl_uav.envs.as2_test_env: Skipping velocity reset; simulator service reset required (terminal_out_of_bounds)
[ERROR] [1783123856.226270018] [drone0.drone0_interface]: Service returned failure
[ERROR] [1783123859.509946519] [drone0.drone0_interface]: Service returned failure
02:11:16 [INFO] rl_uav.envs.as2_test_env: Reset complete. Initial obs: [-0.2908984   0.03136637  0.02729303  0.705301  ]
02:11:31 [WARNING] rl_uav.envs.as2_test_env: Skipping velocity reset; simulator service reset required (terminal_out_of_bounds)
[ERROR] [1783123896.535762684] [drone0.drone0_interface]: Service returned failure
[ERROR] [1783123901.878177795] [drone0.drone0_interface]: Service returned failure
02:11:59 [INFO] rl_uav.envs.as2_test_env: Reset complete. Initial obs: [ 0.12042621 -0.6226128  -0.02169598  0.7794698 ]
------------------------------------------
| rollout/                |              |
|    ep_len_mean          | 30.8         |
|    ep_rew_mean          | -30.2        |
|    success_rate         | 0            |
| time/                   |              |
|    fps                  | 1            |
|    iterations           | 21           |
|    time_elapsed         | 6864         |
|    total_timesteps      | 10752        |
| train/                  |              |
|    approx_kl            | 6.304728e-05 |
|    clip_fraction        | 0            |
|    clip_range           | 0.2          |
|    entropy_loss         | -6.51        |
|    explained_variance   | 0.257        |
|    learning_rate        | 3e-05        |
|    loss                 | 52.1         |
|    n_updates            | 100          |
|    policy_gradient_loss | -0.00101     |
|    std                  | 0.997        |
|    value_loss           | 103          |
------------------------------------------
02:12:01 [WARNING] rl_uav.envs.as2_test_env: Skipping velocity reset; simulator service reset required (terminal_out_of_bounds)
[ERROR] [1783123927.152209844] [drone0.drone0_interface]: Service returned failure
[ERROR] [1783123930.463263967] [drone0.drone0_interface]: Service returned failure
02:12:27 [INFO] rl_uav.envs.as2_test_env: Reset complete. Initial obs: [0.4082309  0.2706169  0.05698355 0.45808682]
02:12:30 [WARNING] rl_uav.envs.as2_test_env: Reset started at valid low altitude z=0.875; climbing to hover 1.400m with bounded velocity recovery
02:12:35 [WARNING] rl_uav.envs.as2_test_env: Skipping velocity reset; simulator service reset required (terminal_out_of_bounds)
[ERROR] [1783123959.657497831] [drone0.drone0_interface]: Service returned failure
[ERROR] [1783123962.978830042] [drone0.drone0_interface]: Service returned failure
02:13:00 [INFO] rl_uav.envs.as2_test_env: Reset complete. Initial obs: [ 0.70886517 -0.13241161  0.08650999  0.5845408 ]
02:13:03 [WARNING] rl_uav.envs.as2_test_env: Skipping velocity reset; simulator service reset required (terminal_out_of_bounds)
[ERROR] [1783123988.271524488] [drone0.drone0_interface]: Service returned failure
[ERROR] [1783123991.595242969] [drone0.drone0_interface]: Service returned failure
02:13:28 [INFO] rl_uav.envs.as2_test_env: Reset complete. Initial obs: [-0.5341536  -0.57493335  0.05041197 -0.45816135]
02:13:35 [WARNING] rl_uav.envs.as2_test_env: Skipping velocity reset; simulator service reset required (terminal_out_of_bounds)
[ERROR] [1783124021.162376130] [drone0.drone0_interface]: Service returned failure
[ERROR] [1783124024.501530977] [drone0.drone0_interface]: Service returned failure
02:14:01 [INFO] rl_uav.envs.as2_test_env: Reset complete. Initial obs: [ 0.6090131   0.58300954 -0.06962382  0.13470413]
02:14:04 [WARNING] rl_uav.envs.as2_test_env: Skipping velocity reset; simulator service reset required (terminal_out_of_bounds)
[ERROR] [1783124049.971932601] [drone0.drone0_interface]: Service returned failure
[ERROR] [1783124053.326944146] [drone0.drone0_interface]: Service returned failure
02:14:30 [INFO] rl_uav.envs.as2_test_env: Reset complete. Initial obs: [-0.87087715 -0.02247208  0.09636807 -0.03966453]
02:14:33 [WARNING] rl_uav.envs.as2_test_env: Skipping velocity reset; simulator service reset required (terminal_out_of_bounds)
[ERROR] [1783124079.005306506] [drone0.drone0_interface]: Service returned failure
[ERROR] [1783124084.560121666] [drone0.drone0_interface]: Service returned failure
02:15:01 [INFO] rl_uav.envs.as2_test_env: Reset complete. Initial obs: [-0.5796383   0.52132094 -0.10968474 -0.45807552]
02:15:13 [WARNING] rl_uav.envs.as2_test_env: Skipping velocity reset; simulator service reset required (terminal_out_of_bounds)
[ERROR] [1783124118.604054839] [drone0.drone0_interface]: Service returned failure
[ERROR] [1783124121.982536289] [drone0.drone0_interface]: Service returned failure
02:15:32 [INFO] rl_uav.envs.as2_test_env: Reset complete. Initial obs: [ 0.7481842  -1.          0.1401416  -0.53947175]
02:15:34 [WARNING] rl_uav.envs.as2_test_env: Skipping velocity reset; simulator service reset required (terminal_out_of_bounds)
[ERROR] [1783124139.623531599] [drone0.drone0_interface]: Service returned failure
[ERROR] [1783124143.009081367] [drone0.drone0_interface]: Service returned failure
02:16:00 [INFO] rl_uav.envs.as2_test_env: Reset complete. Initial obs: [-0.7460608   0.23863597 -0.08255441 -0.28227228]
02:16:14 [WARNING] rl_uav.envs.as2_test_env: Skipping velocity reset; simulator service reset required (terminal_out_of_bounds)
[ERROR] [1783124179.434792578] [drone0.drone0_interface]: Service returned failure
[ERROR] [1783124184.935567899] [drone0.drone0_interface]: Service returned failure
02:16:42 [INFO] rl_uav.envs.as2_test_env: Reset complete. Initial obs: [-0.7969823  -0.02688401 -0.09440999 -0.01341052]
02:16:43 [WARNING] rl_uav.envs.as2_test_env: Reset started at valid low altitude z=0.954; climbing to hover 1.400m with bounded velocity recovery
02:16:48 [WARNING] rl_uav.envs.as2_test_env: Skipping velocity reset; simulator service reset required (terminal_out_of_bounds)
[ERROR] [1783124213.143618240] [drone0.drone0_interface]: Service returned failure
[ERROR] [1783124216.545940593] [drone0.drone0_interface]: Service returned failure
02:17:14 [INFO] rl_uav.envs.as2_test_env: Reset complete. Initial obs: [-0.5408289  -0.8509742   0.01773041 -0.66144025]
02:17:17 [WARNING] rl_uav.envs.as2_test_env: Skipping velocity reset; simulator service reset required (terminal_out_of_bounds)
[ERROR] [1783124242.759427620] [drone0.drone0_interface]: Service returned failure
[ERROR] [1783124246.183955364] [drone0.drone0_interface]: Service returned failure
02:17:43 [INFO] rl_uav.envs.as2_test_env: Reset complete. Initial obs: [ 0.05007364 -1.          0.14828978  0.47310132]
02:17:46 [WARNING] rl_uav.envs.as2_test_env: Skipping velocity reset; simulator service reset required (terminal_out_of_bounds)
[ERROR] [1783124272.366769058] [drone0.drone0_interface]: Service returned failure
[ERROR] [1783124275.799190087] [drone0.drone0_interface]: Service returned failure
02:18:13 [INFO] rl_uav.envs.as2_test_env: Reset complete. Initial obs: [-1.          1.          0.03360176 -0.27110875]
02:18:20 [WARNING] rl_uav.envs.as2_test_env: Skipping velocity reset; simulator service reset required (terminal_out_of_bounds)
[ERROR] [1783124306.285162908] [drone0.drone0_interface]: Service returned failure
[ERROR] [1783124309.730876449] [drone0.drone0_interface]: Service returned failure
02:18:47 [INFO] rl_uav.envs.as2_test_env: Reset complete. Initial obs: [ 0.962192    0.16073427 -0.13521911  0.47000226]
02:19:01 [WARNING] rl_uav.envs.as2_test_env: Skipping velocity reset; simulator service reset required (terminal_out_of_bounds)
[ERROR] [1783124346.587457076] [drone0.drone0_interface]: Service returned failure
[ERROR] [1783124350.038679460] [drone0.drone0_interface]: Service returned failure
02:19:27 [INFO] rl_uav.envs.as2_test_env: Reset complete. Initial obs: [-0.83432883  0.49911648 -0.00366116 -0.34267452]
02:19:35 [WARNING] rl_uav.envs.as2_test_env: Skipping velocity reset; simulator service reset required (terminal_out_of_bounds)
[ERROR] [1783124380.795955019] [drone0.drone0_interface]: Service returned failure
[ERROR] [1783124386.414096088] [drone0.drone0_interface]: Service returned failure
02:20:04 [INFO] rl_uav.envs.as2_test_env: Reset complete. Initial obs: [-0.8648427   0.26075765 -0.12380041  0.7797597 ]
02:20:13 [WARNING] rl_uav.envs.as2_test_env: Skipping velocity reset; simulator service reset required (terminal_out_of_bounds)
[ERROR] [1783124419.223999905] [drone0.drone0_interface]: Service returned failure
[ERROR] [1783124422.701569254] [drone0.drone0_interface]: Service returned failure
02:20:40 [INFO] rl_uav.envs.as2_test_env: Reset complete. Initial obs: [ 0.8294556   1.          0.00237429 -0.11436214]
02:20:45 [WARNING] rl_uav.envs.as2_test_env: Skipping velocity reset; simulator service reset required (terminal_out_of_bounds)
[ERROR] [1783124451.427522824] [drone0.drone0_interface]: Service returned failure
[ERROR] [1783124454.918209086] [drone0.drone0_interface]: Service returned failure
02:21:12 [INFO] rl_uav.envs.as2_test_env: Reset complete. Initial obs: [-1.         -0.46600404 -0.11803863 -0.3496954 ]
02:21:15 [WARNING] rl_uav.envs.as2_test_env: Skipping velocity reset; simulator service reset required (terminal_out_of_bounds)
[ERROR] [1783124481.516864657] [drone0.drone0_interface]: Service returned failure
[ERROR] [1783124487.192333375] [drone0.drone0_interface]: Service returned failure
02:21:37 [INFO] rl_uav.envs.as2_test_env: Reset complete. Initial obs: [ 0.665257   -0.94012547  0.1007644  -0.4786929 ]
-------------------------------------------
| rollout/                |               |
|    ep_len_mean          | 30.4          |
|    ep_rew_mean          | -31           |
|    success_rate         | 0             |
| time/                   |               |
|    fps                  | 1             |
|    iterations           | 22            |
|    time_elapsed         | 7445          |
|    total_timesteps      | 11264         |
| train/                  |               |
|    approx_kl            | 0.00018518872 |
|    clip_fraction        | 0             |
|    clip_range           | 0.2           |
|    entropy_loss         | -6.09         |
|    explained_variance   | 0.165         |
|    learning_rate        | 3e-05         |
|    loss                 | 43.9          |
|    n_updates            | 105           |
|    policy_gradient_loss | 0.000667      |
|    std                  | 0.997         |
|    value_loss           | 92.8          |
-------------------------------------------
02:21:42 [WARNING] rl_uav.envs.as2_test_env: Skipping velocity reset; simulator service reset required (terminal_out_of_bounds)
[ERROR] [1783124507.620857292] [drone0.drone0_interface]: Service returned failure
[ERROR] [1783124511.121528145] [drone0.drone0_interface]: Service returned failure
02:22:09 [INFO] rl_uav.envs.as2_test_env: Reset complete. Initial obs: [-0.997365    0.30467063 -0.00367606  0.47198   ]
02:22:29 [WARNING] rl_uav.envs.as2_test_env: Skipping velocity reset; simulator service reset required (terminal_out_of_bounds)
[ERROR] [1783124555.227292381] [drone0.drone0_interface]: Service returned failure
[ERROR] [1783124560.934179257] [drone0.drone0_interface]: Service returned failure
02:22:51 [INFO] rl_uav.envs.as2_test_env: Reset complete. Initial obs: [-0.7514559   1.          0.01003775  0.65757376]
02:23:04 [WARNING] rl_uav.envs.as2_test_env: Skipping velocity reset; simulator service reset required (terminal_out_of_bounds)
[ERROR] [1783124590.051399481] [drone0.drone0_interface]: Service returned failure
[ERROR] [1783124593.577059853] [drone0.drone0_interface]: Service returned failure
02:23:24 [INFO] rl_uav.envs.as2_test_env: Reset complete. Initial obs: [-0.7704021  -0.44898623 -0.03108081 -0.287031  ]
02:23:28 [WARNING] rl_uav.envs.as2_test_env: Skipping velocity reset; simulator service reset required (terminal_out_of_bounds)
[ERROR] [1783124614.169219670] [drone0.drone0_interface]: Service returned failure
[ERROR] [1783124619.904153171] [drone0.drone0_interface]: Service returned failure
02:23:50 [INFO] rl_uav.envs.as2_test_env: Reset complete. Initial obs: [-0.19920339  0.12341081  0.09731139  0.345495  ]
02:23:54 [WARNING] rl_uav.envs.as2_test_env: Skipping velocity reset; simulator service reset required (terminal_out_of_bounds)
[ERROR] [1783124640.568957238] [drone0.drone0_interface]: Service returned failure
[ERROR] [1783124646.306555122] [drone0.drone0_interface]: Service returned failure
02:24:16 [INFO] rl_uav.envs.as2_test_env: Reset complete. Initial obs: [ 1.          0.9826278  -0.00271948  0.04750999]
02:24:19 [WARNING] rl_uav.envs.as2_test_env: Skipping velocity reset; simulator service reset required (terminal_out_of_bounds)
[ERROR] [1783124664.863275541] [drone0.drone0_interface]: Service returned failure
[ERROR] [1783124668.414063950] [drone0.drone0_interface]: Service returned failure
02:24:39 [INFO] rl_uav.envs.as2_test_env: Reset complete. Initial obs: [-0.4076013  -0.02955574  0.02009479  0.91071063]
02:24:41 [WARNING] rl_uav.envs.as2_test_env: Skipping velocity reset; simulator service reset required (terminal_out_of_bounds)
[ERROR] [1783124686.993886946] [drone0.drone0_interface]: Service returned failure
[ERROR] [1783124692.750296970] [drone0.drone0_interface]: Service returned failure
02:25:03 [INFO] rl_uav.envs.as2_test_env: Reset complete. Initial obs: [ 0.19794965 -0.96006054  0.02798549 -0.65987724]
02:25:07 [WARNING] rl_uav.envs.as2_test_env: Skipping velocity reset; simulator service reset required (terminal_out_of_bounds)
[ERROR] [1783124713.697208918] [drone0.drone0_interface]: Service returned failure
[ERROR] [1783124717.260709223] [drone0.drone0_interface]: Service returned failure
02:25:28 [INFO] rl_uav.envs.as2_test_env: Reset complete. Initial obs: [-0.41508693  0.05410868 -0.05049587  0.9314614 ]
02:25:30 [WARNING] rl_uav.envs.as2_test_env: Reset started at valid low altitude z=0.843; climbing to hover 1.400m with bounded velocity recovery
02:25:35 [WARNING] rl_uav.envs.as2_test_env: Skipping velocity reset; simulator service reset required (terminal_out_of_bounds)
[ERROR] [1783124740.308796747] [drone0.drone0_interface]: Service returned failure
[ERROR] [1783124743.882854766] [drone0.drone0_interface]: Service returned failure
02:25:54 [INFO] rl_uav.envs.as2_test_env: Reset complete. Initial obs: [-0.06726859  0.32234877 -0.04082799 -0.14413837]
02:26:10 [WARNING] rl_uav.envs.as2_test_env: Skipping velocity reset; simulator service reset required (terminal_out_of_bounds)
[ERROR] [1783124775.712075722] [drone0.drone0_interface]: Service returned failure
[ERROR] [1783124779.299486311] [drone0.drone0_interface]: Service returned failure
02:26:30 [INFO] rl_uav.envs.as2_test_env: Reset complete. Initial obs: [0.47998255 0.54900664 0.01345691 0.18468013]
02:26:45 [WARNING] rl_uav.envs.as2_test_env: Skipping velocity reset; simulator service reset required (terminal_out_of_bounds)
[ERROR] [1783124811.316412752] [drone0.drone0_interface]: Service returned failure
[ERROR] [1783124814.911364281] [drone0.drone0_interface]: Service returned failure
02:27:05 [INFO] rl_uav.envs.as2_test_env: Reset complete. Initial obs: [0.64161867 1.         0.0561371  0.21612369]
02:27:16 [WARNING] rl_uav.envs.as2_test_env: Reset started at valid low altitude z=0.970; climbing to hover 1.400m with bounded velocity recovery
02:27:21 [WARNING] rl_uav.envs.as2_test_env: Skipping velocity reset; simulator service reset required (terminal_out_of_bounds)
[ERROR] [1783124846.829302076] [drone0.drone0_interface]: Service returned failure
[ERROR] [1783124850.422184609] [drone0.drone0_interface]: Service returned failure
02:27:41 [INFO] rl_uav.envs.as2_test_env: Reset complete. Initial obs: [-0.1764289   0.8372744   0.14550215 -0.74477375]
02:27:43 [WARNING] rl_uav.envs.as2_test_env: Skipping velocity reset; simulator service reset required (terminal_out_of_bounds)
[ERROR] [1783124869.341218875] [drone0.drone0_interface]: Service returned failure
[ERROR] [1783124872.942411109] [drone0.drone0_interface]: Service returned failure
02:28:03 [INFO] rl_uav.envs.as2_test_env: Reset complete. Initial obs: [ 0.12852898 -1.          0.03543369 -0.61335456]
-------------------------------------------
| rollout/                |               |
|    ep_len_mean          | 31.8          |
|    ep_rew_mean          | -31.9         |
|    success_rate         | 0             |
| time/                   |               |
|    fps                  | 1             |
|    iterations           | 23            |
|    time_elapsed         | 7834          |
|    total_timesteps      | 11776         |
| train/                  |               |
|    approx_kl            | 0.00015538803 |
|    clip_fraction        | 0             |
|    clip_range           | 0.2           |
|    entropy_loss         | -6.53         |
|    explained_variance   | 0.138         |
|    learning_rate        | 3e-05         |
|    loss                 | 47.4          |
|    n_updates            | 110           |
|    policy_gradient_loss | -0.00139      |
|    std                  | 0.997         |
|    value_loss           | 92.3          |
-------------------------------------------
02:28:14 [WARNING] rl_uav.envs.as2_test_env: Skipping velocity reset; simulator service reset required (terminal_out_of_bounds)
[ERROR] [1783124900.545192316] [drone0.drone0_interface]: Service returned failure
[ERROR] [1783124904.158239461] [drone0.drone0_interface]: Service returned failure
02:28:35 [INFO] rl_uav.envs.as2_test_env: Reset complete. Initial obs: [-1.          0.65910506 -0.01151705 -0.07024795]
02:28:37 [WARNING] rl_uav.envs.as2_test_env: Skipping velocity reset; simulator service reset required (terminal_out_of_bounds)
[ERROR] [1783124922.953907092] [drone0.drone0_interface]: Service returned failure
[ERROR] [1783124926.574664880] [drone0.drone0_interface]: Service returned failure
02:28:57 [INFO] rl_uav.envs.as2_test_env: Reset complete. Initial obs: [-0.40712816  0.6732506  -0.01959898  0.10930031]
02:29:04 [WARNING] rl_uav.envs.as2_test_env: Reset started at valid low altitude z=0.890; climbing to hover 1.400m with bounded velocity recovery
02:29:09 [WARNING] rl_uav.envs.as2_test_env: Skipping velocity reset; simulator service reset required (terminal_out_of_bounds)
[ERROR] [1783124954.257804304] [drone0.drone0_interface]: Service returned failure
[ERROR] [1783124957.880735001] [drone0.drone0_interface]: Service returned failure
02:29:28 [INFO] rl_uav.envs.as2_test_env: Reset complete. Initial obs: [ 0.27065733 -0.17038882  0.01205934 -0.3403815 ]
02:29:35 [WARNING] rl_uav.envs.as2_test_env: Skipping velocity reset; simulator service reset required (terminal_out_of_bounds)
[ERROR] [1783124981.170662544] [drone0.drone0_interface]: Service returned failure
[ERROR] [1783124984.804007305] [drone0.drone0_interface]: Service returned failure
02:29:55 [INFO] rl_uav.envs.as2_test_env: Reset complete. Initial obs: [ 0.71494824  0.32765207 -0.11847976 -0.5100413 ]
02:29:57 [WARNING] rl_uav.envs.as2_test_env: Skipping velocity reset; simulator service reset required (terminal_out_of_bounds)
[ERROR] [1783125003.783645492] [drone0.drone0_interface]: Service returned failure
[ERROR] [1783125007.424295044] [drone0.drone0_interface]: Service returned failure
02:30:18 [INFO] rl_uav.envs.as2_test_env: Reset complete. Initial obs: [ 1.         -1.          0.04390261 -0.42762542]
02:30:27 [WARNING] rl_uav.envs.as2_test_env: Skipping velocity reset; simulator service reset required (terminal_out_of_bounds)
[ERROR] [1783125032.880466327] [drone0.drone0_interface]: Service returned failure
[ERROR] [1783125036.517590917] [drone0.drone0_interface]: Service returned failure
02:30:47 [INFO] rl_uav.envs.as2_test_env: Reset complete. Initial obs: [1.         1.         0.0475696  0.37491128]
02:30:54 [WARNING] rl_uav.envs.as2_test_env: Skipping velocity reset; simulator service reset required (terminal_out_of_bounds)
[ERROR] [1783125059.889166413] [drone0.drone0_interface]: Service returned failure
[ERROR] [1783125063.537211974] [drone0.drone0_interface]: Service returned failure
02:31:14 [INFO] rl_uav.envs.as2_test_env: Reset complete. Initial obs: [ 0.2428593  -1.         -0.04275008  0.460176  ]
02:31:19 [WARNING] rl_uav.envs.as2_test_env: Skipping velocity reset; simulator service reset required (terminal_out_of_bounds)
[ERROR] [1783125084.795063042] [drone0.drone0_interface]: Service returned failure
[ERROR] [1783125090.708299319] [drone0.drone0_interface]: Service returned failure
02:31:41 [INFO] rl_uav.envs.as2_test_env: Reset complete. Initial obs: [-1.          1.          0.07464568  0.03581889]
02:31:43 [WARNING] rl_uav.envs.as2_test_env: Skipping velocity reset; simulator service reset required (terminal_out_of_bounds)
[ERROR] [1783125109.681110513] [drone0.drone0_interface]: Service returned failure
[ERROR] [1783125113.347966463] [drone0.drone0_interface]: Service returned failure
02:32:04 [INFO] rl_uav.envs.as2_test_env: Reset complete. Initial obs: [-0.46495393  0.02317355  0.13814697 -0.99541706]
02:32:06 [WARNING] rl_uav.envs.as2_test_env: Skipping velocity reset; simulator service reset required (terminal_out_of_bounds)
[ERROR] [1783125132.388552480] [drone0.drone0_interface]: Service returned failure
[ERROR] [1783125138.440971941] [drone0.drone0_interface]: Service returned failure
02:32:29 [INFO] rl_uav.envs.as2_test_env: Reset complete. Initial obs: [ 0.81504196  1.          0.0213239  -0.04575668]
02:32:31 [WARNING] rl_uav.envs.as2_test_env: Skipping velocity reset; simulator service reset required (terminal_out_of_bounds)
[ERROR] [1783125157.599251283] [drone0.drone0_interface]: Service returned failure
[ERROR] [1783125161.278900680] [drone0.drone0_interface]: Service returned failure
02:32:52 [INFO] rl_uav.envs.as2_test_env: Reset complete. Initial obs: [ 1.          0.43362874 -0.06708802 -0.29298866]
02:32:54 [WARNING] rl_uav.envs.as2_test_env: Skipping velocity reset; simulator service reset required (terminal_out_of_bounds)
[ERROR] [1783125180.399169674] [drone0.drone0_interface]: Service returned failure
[ERROR] [1783125186.360756731] [drone0.drone0_interface]: Service returned failure
02:33:17 [INFO] rl_uav.envs.as2_test_env: Reset complete. Initial obs: [ 0.92953753  1.          0.1562065  -0.32243374]
02:33:21 [WARNING] rl_uav.envs.as2_test_env: Skipping velocity reset; simulator service reset required (terminal_out_of_bounds)
[ERROR] [1783125207.728355003] [drone0.drone0_interface]: Service returned failure
[ERROR] [1783125211.524024005] [drone0.drone0_interface]: Service returned failure
02:33:42 [INFO] rl_uav.envs.as2_test_env: Reset complete. Initial obs: [-0.4472692   1.          0.00839793  0.02825317]
02:33:44 [WARNING] rl_uav.envs.as2_test_env: Skipping velocity reset; simulator service reset required (terminal_out_of_bounds)
[ERROR] [1783125230.740732222] [drone0.drone0_interface]: Service returned failure
[ERROR] [1783125234.442351601] [drone0.drone0_interface]: Service returned failure
02:34:05 [INFO] rl_uav.envs.as2_test_env: Reset complete. Initial obs: [-0.9882666  -0.81340975 -0.07511135  0.68359214]
02:34:07 [WARNING] rl_uav.envs.as2_test_env: Reset started at valid low altitude z=0.954; climbing to hover 1.400m with bounded velocity recovery
02:34:13 [WARNING] rl_uav.envs.as2_test_env: Skipping velocity reset; simulator service reset required (terminal_out_of_bounds)
[ERROR] [1783125258.145592211] [drone0.drone0_interface]: Service returned failure
[ERROR] [1783125261.859266772] [drone0.drone0_interface]: Service returned failure
02:34:33 [INFO] rl_uav.envs.as2_test_env: Reset complete. Initial obs: [ 0.36674175 -0.44858226  0.09735869  0.66215193]
02:34:35 [WARNING] rl_uav.envs.as2_test_env: Skipping velocity reset; simulator service reset required (terminal_out_of_bounds)
[ERROR] [1783125281.256124793] [drone0.drone0_interface]: Service returned failure
[ERROR] [1783125287.282536205] [drone0.drone0_interface]: Service returned failure
02:34:58 [INFO] rl_uav.envs.as2_test_env: Reset complete. Initial obs: [-0.21804935 -0.410241    0.11412527  0.83677405]
02:35:02 [WARNING] rl_uav.envs.as2_test_env: Skipping velocity reset; simulator service reset required (terminal_out_of_bounds)
[ERROR] [1783125308.861805576] [drone0.drone0_interface]: Service returned failure
[ERROR] [1783125312.589309243] [drone0.drone0_interface]: Service returned failure
02:35:23 [INFO] rl_uav.envs.as2_test_env: Reset complete. Initial obs: [ 0.67023736 -0.08469234 -0.12298942  0.6705665 ]
02:35:28 [WARNING] rl_uav.envs.as2_test_env: Skipping velocity reset; simulator service reset required (terminal_out_of_bounds)
[ERROR] [1783125334.267452191] [drone0.drone0_interface]: Service returned failure
[ERROR] [1783125340.406811315] [drone0.drone0_interface]: Service returned failure
02:35:51 [INFO] rl_uav.envs.as2_test_env: Reset complete. Initial obs: [ 0.8960783   0.96411365 -0.09566094  0.8136957 ]
02:35:53 [WARNING] rl_uav.envs.as2_test_env: Reset started at valid low altitude z=0.987; climbing to hover 1.400m with bounded velocity recovery
02:35:59 [WARNING] rl_uav.envs.as2_test_env: Skipping velocity reset; simulator service reset required (terminal_out_of_bounds)
[ERROR] [1783125364.366613152] [drone0.drone0_interface]: Service returned failure
[ERROR] [1783125368.110409692] [drone0.drone0_interface]: Service returned failure
02:36:19 [INFO] rl_uav.envs.as2_test_env: Reset complete. Initial obs: [-0.25800866 -0.05505101 -0.07073689 -0.41461998]
02:36:21 [WARNING] rl_uav.envs.as2_test_env: Skipping velocity reset; simulator service reset required (terminal_out_of_bounds)
[ERROR] [1783125387.585348470] [drone0.drone0_interface]: Service returned failure
[ERROR] [1783125391.335708332] [drone0.drone0_interface]: Service returned failure
02:36:42 [INFO] rl_uav.envs.as2_test_env: Reset complete. Initial obs: [ 0.09839777 -0.37856266  0.0649033   0.22124526]
02:36:44 [WARNING] rl_uav.envs.as2_test_env: Skipping velocity reset; simulator service reset required (terminal_out_of_bounds)
[ERROR] [1783125410.895440321] [drone0.drone0_interface]: Service returned failure
[ERROR] [1783125414.650826197] [drone0.drone0_interface]: Service returned failure
02:37:05 [INFO] rl_uav.envs.as2_test_env: Reset complete. Initial obs: [ 0.30923963  0.93537456  0.0687627  -0.13652922]
02:37:10 [WARNING] rl_uav.envs.as2_test_env: Skipping velocity reset; simulator service reset required (terminal_out_of_bounds)
[ERROR] [1783125436.502270103] [drone0.drone0_interface]: Service returned failure
[ERROR] [1783125442.585788895] [drone0.drone0_interface]: Service returned failure
02:37:33 [INFO] rl_uav.envs.as2_test_env: Reset complete. Initial obs: [-0.6736632  -0.99640137 -0.0411842  -0.7379174 ]
02:37:38 [WARNING] rl_uav.envs.as2_test_env: Skipping velocity reset; simulator service reset required (terminal_out_of_bounds)
[ERROR] [1783125464.506395811] [drone0.drone0_interface]: Service returned failure
[ERROR] [1783125470.598130266] [drone0.drone0_interface]: Service returned failure
02:38:01 [INFO] rl_uav.envs.as2_test_env: Reset complete. Initial obs: [-0.24967086  0.4352999  -0.06939584 -0.6864537 ]
02:38:06 [WARNING] rl_uav.envs.as2_test_env: Skipping velocity reset; simulator service reset required (terminal_out_of_bounds)
[ERROR] [1783125492.413402858] [drone0.drone0_interface]: Service returned failure
[ERROR] [1783125498.519164472] [drone0.drone0_interface]: Service returned failure
02:38:29 [INFO] rl_uav.envs.as2_test_env: Reset complete. Initial obs: [ 0.30121252 -0.41939032 -0.00993689  0.51863444]
02:38:32 [WARNING] rl_uav.envs.as2_test_env: Skipping velocity reset; simulator service reset required (terminal_out_of_bounds)
[ERROR] [1783125517.803570382] [drone0.drone0_interface]: Service returned failure
[ERROR] [1783125521.532682354] [drone0.drone0_interface]: Service returned failure
02:38:52 [INFO] rl_uav.envs.as2_test_env: Reset complete. Initial obs: [-0.00944033 -1.         -0.05999996 -0.6573833 ]
02:38:57 [WARNING] rl_uav.envs.as2_test_env: Skipping velocity reset; simulator service reset required (terminal_out_of_bounds)
[ERROR] [1783125543.419929436] [drone0.drone0_interface]: Service returned failure
[ERROR] [1783125549.533100853] [drone0.drone0_interface]: Service returned failure
02:39:20 [INFO] rl_uav.envs.as2_test_env: Reset complete. Initial obs: [ 0.35435915 -0.02858529  0.07706051 -0.14117347]
02:39:22 [WARNING] rl_uav.envs.as2_test_env: Reset started at valid low altitude z=0.910; climbing to hover 1.400m with bounded velocity recovery
02:39:28 [WARNING] rl_uav.envs.as2_test_env: Skipping velocity reset; simulator service reset required (terminal_out_of_bounds)
[ERROR] [1783125573.132510076] [drone0.drone0_interface]: Service returned failure
[ERROR] [1783125576.817467351] [drone0.drone0_interface]: Service returned failure
02:39:47 [INFO] rl_uav.envs.as2_test_env: Reset complete. Initial obs: [-0.26942784  0.73316914 -0.04309225 -0.84317744]
02:39:50 [WARNING] rl_uav.envs.as2_test_env: Reset started at valid low altitude z=0.969; climbing to hover 1.400m with bounded velocity recovery
02:39:55 [WARNING] rl_uav.envs.as2_test_env: Skipping velocity reset; simulator service reset required (terminal_out_of_bounds)
[ERROR] [1783125600.949398335] [drone0.drone0_interface]: Service returned failure
[ERROR] [1783125604.751069378] [drone0.drone0_interface]: Service returned failure
02:40:16 [INFO] rl_uav.envs.as2_test_env: Reset complete. Initial obs: [ 1.         -0.16289368 -0.05767808  0.56696016]
-------------------------------------------
| rollout/                |               |
|    ep_len_mean          | 28.3          |
|    ep_rew_mean          | -30.4         |
|    success_rate         | 0             |
| time/                   |               |
|    fps                  | 1             |
|    iterations           | 24            |
|    time_elapsed         | 8561          |
|    total_timesteps      | 12288         |
| train/                  |               |
|    approx_kl            | 0.00092894875 |
|    clip_fraction        | 0.00469       |
|    clip_range           | 0.2           |
|    entropy_loss         | -6.1          |
|    explained_variance   | 0.232         |
|    learning_rate        | 3e-05         |
|    loss                 | 35.7          |
|    n_updates            | 115           |
|    policy_gradient_loss | -0.00313      |
|    std                  | 0.997         |
|    value_loss           | 84.7          |
-------------------------------------------
02:40:18 [WARNING] rl_uav.envs.as2_test_env: Skipping velocity reset; simulator service reset required (terminal_out_of_bounds)
[ERROR] [1783125624.456324635] [drone0.drone0_interface]: Service returned failure
[ERROR] [1783125628.271242571] [drone0.drone0_interface]: Service returned failure
02:40:39 [INFO] rl_uav.envs.as2_test_env: Reset complete. Initial obs: [-0.9989733   0.6714878   0.04323231 -0.7169839 ]
02:40:46 [WARNING] rl_uav.envs.as2_test_env: Skipping velocity reset; simulator service reset required (terminal_out_of_bounds)
[ERROR] [1783125652.733209986] [drone0.drone0_interface]: Service returned failure
[ERROR] [1783125658.895562469] [drone0.drone0_interface]: Service returned failure
02:41:10 [INFO] rl_uav.envs.as2_test_env: Reset complete. Initial obs: [ 0.75801677  1.          0.11867649 -0.33777916]
02:41:19 [WARNING] rl_uav.envs.as2_test_env: Skipping velocity reset; simulator service reset required (terminal_out_of_bounds)
[ERROR] [1783125685.476739127] [drone0.drone0_interface]: Service returned failure
[ERROR] [1783125689.309461663] [drone0.drone0_interface]: Service returned failure
02:41:40 [INFO] rl_uav.envs.as2_test_env: Reset complete. Initial obs: [ 0.02438039 -0.6159489  -0.01852274 -0.5805214 ]
02:41:43 [WARNING] rl_uav.envs.as2_test_env: Skipping velocity reset; simulator service reset required (terminal_out_of_bounds)
[ERROR] [1783125709.076579715] [drone0.drone0_interface]: Service returned failure
[ERROR] [1783125713.022067678] [drone0.drone0_interface]: Service returned failure
02:42:04 [INFO] rl_uav.envs.as2_test_env: Reset complete. Initial obs: [ 0.4699686  -0.17639942 -0.05927834 -0.05638624]
02:42:06 [WARNING] rl_uav.envs.as2_test_env: Skipping velocity reset; simulator service reset required (terminal_out_of_bounds)
[ERROR] [1783125732.863563780] [drone0.drone0_interface]: Service returned failure
[ERROR] [1783125738.945958606] [drone0.drone0_interface]: Service returned failure
02:42:30 [INFO] rl_uav.envs.as2_test_env: Reset complete. Initial obs: [ 1.         -0.87654746  0.07784168 -0.6119953 ]
02:42:32 [WARNING] rl_uav.envs.as2_test_env: Skipping velocity reset; simulator service reset required (terminal_out_of_bounds)
[ERROR] [1783125758.525402865] [drone0.drone0_interface]: Service returned failure
[ERROR] [1783125762.254360609] [drone0.drone0_interface]: Service returned failure
02:42:53 [INFO] rl_uav.envs.as2_test_env: Reset complete. Initial obs: [-0.7797834   0.05006376 -0.04797067  0.18932195]
02:42:58 [WARNING] rl_uav.envs.as2_test_env: Skipping velocity reset; simulator service reset required (terminal_out_of_bounds)
[ERROR] [1783125784.260586003] [drone0.drone0_interface]: Service returned failure
[ERROR] [1783125790.461120404] [drone0.drone0_interface]: Service returned failure
02:43:21 [INFO] rl_uav.envs.as2_test_env: Reset complete. Initial obs: [ 0.53895843  1.         -0.04642452 -0.9650576 ]
02:43:24 [WARNING] rl_uav.envs.as2_test_env: Skipping velocity reset; simulator service reset required (terminal_out_of_bounds)
[ERROR] [1783125810.310699816] [drone0.drone0_interface]: Service returned failure
[ERROR] [1783125814.169351541] [drone0.drone0_interface]: Service returned failure
02:43:45 [INFO] rl_uav.envs.as2_test_env: Reset complete. Initial obs: [ 1.          0.43139228 -0.10250223 -0.10844689]
02:44:04 [WARNING] rl_uav.envs.as2_test_env: Skipping velocity reset; simulator service reset required (terminal_out_of_bounds)
[ERROR] [1783125850.283044183] [drone0.drone0_interface]: Service returned failure
[ERROR] [1783125854.159422621] [drone0.drone0_interface]: Service returned failure
02:44:25 [INFO] rl_uav.envs.as2_test_env: Reset complete. Initial obs: [-0.5538357   0.7302373   0.11332104  0.4687811 ]
02:44:32 [WARNING] rl_uav.envs.as2_test_env: Skipping velocity reset; simulator service reset required (terminal_out_of_bounds)
[ERROR] [1783125878.706645587] [drone0.drone0_interface]: Service returned failure
[ERROR] [1783125882.474411367] [drone0.drone0_interface]: Service returned failure
02:44:53 [INFO] rl_uav.envs.as2_test_env: Reset complete. Initial obs: [ 1.         -0.30048272  0.05086097  0.8102636 ]
02:44:56 [WARNING] rl_uav.envs.as2_test_env: Skipping velocity reset; simulator service reset required (terminal_out_of_bounds)
[ERROR] [1783125902.284529161] [drone0.drone0_interface]: Service returned failure
[ERROR] [1783125906.011259583] [drone0.drone0_interface]: Service returned failure
02:45:17 [INFO] rl_uav.envs.as2_test_env: Reset complete. Initial obs: [-0.535799    0.34739998  0.08319078 -0.33362713]
02:45:19 [WARNING] rl_uav.envs.as2_test_env: Skipping velocity reset; simulator service reset required (terminal_out_of_bounds)
[ERROR] [1783125925.288299774] [drone0.drone0_interface]: Service returned failure
[ERROR] [1783125929.070183229] [drone0.drone0_interface]: Service returned failure
02:45:40 [INFO] rl_uav.envs.as2_test_env: Reset complete. Initial obs: [-1.          0.58642554  0.06666157 -0.7490079 ]
02:45:45 [WARNING] rl_uav.envs.as2_test_env: Skipping velocity reset; simulator service reset required (terminal_out_of_bounds)
[ERROR] [1783125951.423106828] [drone0.drone0_interface]: Service returned failure
[ERROR] [1783125955.227300514] [drone0.drone0_interface]: Service returned failure
02:46:06 [INFO] rl_uav.envs.as2_test_env: Reset complete. Initial obs: [-0.45161164  1.         -0.04753852 -0.526652  ]
02:46:23 [WARNING] rl_uav.envs.as2_test_env: Skipping velocity reset; simulator service reset required (terminal_out_of_bounds)
[ERROR] [1783125989.355508201] [drone0.drone0_interface]: Service returned failure
[ERROR] [1783125993.272295023] [drone0.drone0_interface]: Service returned failure
02:46:44 [INFO] rl_uav.envs.as2_test_env: Reset complete. Initial obs: [-0.54972386 -0.6007654   0.02260826  0.15205307]
02:46:47 [WARNING] rl_uav.envs.as2_test_env: Reset started at valid low altitude z=0.963; climbing to hover 1.400m with bounded velocity recovery
02:46:52 [WARNING] rl_uav.envs.as2_test_env: Skipping velocity reset; simulator service reset required (terminal_out_of_bounds)
[ERROR] [1783126018.238790556] [drone0.drone0_interface]: Service returned failure
[ERROR] [1783126024.556206504] [drone0.drone0_interface]: Service returned failure
02:47:16 [INFO] rl_uav.envs.as2_test_env: Reset complete. Initial obs: [ 1.         -0.80715215 -0.14033672 -0.987989  ]
02:47:23 [WARNING] rl_uav.envs.as2_test_env: Skipping velocity reset; simulator service reset required (terminal_out_of_bounds)
[ERROR] [1783126049.173709183] [drone0.drone0_interface]: Service returned failure
[ERROR] [1783126053.095552163] [drone0.drone0_interface]: Service returned failure
02:47:44 [INFO] rl_uav.envs.as2_test_env: Reset complete. Initial obs: [-1.          1.          0.02994588  0.07062229]
02:47:47 [WARNING] rl_uav.envs.as2_test_env: Skipping velocity reset; simulator service reset required (terminal_out_of_bounds)
[ERROR] [1783126073.095534497] [drone0.drone0_interface]: Service returned failure
[ERROR] [1783126076.872894228] [drone0.drone0_interface]: Service returned failure
02:48:08 [INFO] rl_uav.envs.as2_test_env: Reset complete. Initial obs: [-0.6464466  -0.26975852 -0.02394152 -0.08334526]
02:48:12 [WARNING] rl_uav.envs.as2_test_env: Skipping velocity reset; simulator service reset required (terminal_out_of_bounds)
[ERROR] [1783126099.009315581] [drone0.drone0_interface]: Service returned failure
[ERROR] [1783126102.927611400] [drone0.drone0_interface]: Service returned failure
02:48:34 [INFO] rl_uav.envs.as2_test_env: Reset complete. Initial obs: [-0.65806645 -0.9393723   0.04780829  0.28570417]
02:48:39 [WARNING] rl_uav.envs.as2_test_env: Skipping velocity reset; simulator service reset required (terminal_out_of_bounds)
[ERROR] [1783126125.378395481] [drone0.drone0_interface]: Service returned failure
[ERROR] [1783126129.283737556] [drone0.drone0_interface]: Service returned failure
02:49:00 [INFO] rl_uav.envs.as2_test_env: Reset complete. Initial obs: [ 0.16877991 -0.2015819  -0.00772942 -0.5261655 ]
-------------------------------------------
| rollout/                |               |
|    ep_len_mean          | 28.1          |
|    ep_rew_mean          | -30.7         |
|    success_rate         | 0             |
| time/                   |               |
|    fps                  | 1             |
|    iterations           | 25            |
|    time_elapsed         | 9085          |
|    total_timesteps      | 12800         |
| train/                  |               |
|    approx_kl            | 0.00012100255 |
|    clip_fraction        | 0             |
|    clip_range           | 0.2           |
|    entropy_loss         | -6.34         |
|    explained_variance   | 0.44          |
|    learning_rate        | 3e-05         |
|    loss                 | 36.4          |
|    n_updates            | 120           |
|    policy_gradient_loss | 0.00125       |
|    std                  | 0.997         |
|    value_loss           | 84.5          |
-------------------------------------------
02:49:05 [WARNING] rl_uav.envs.as2_test_env: Skipping velocity reset; simulator service reset required (terminal_out_of_bounds)
[ERROR] [1783126151.629145760] [drone0.drone0_interface]: Service returned failure
[ERROR] [1783126155.581748608] [drone0.drone0_interface]: Service returned failure
02:49:27 [INFO] rl_uav.envs.as2_test_env: Reset complete. Initial obs: [-0.03814469 -0.22663052  0.00775796 -0.5794559 ]
02:49:29 [WARNING] rl_uav.envs.as2_test_env: Skipping velocity reset; simulator service reset required (terminal_out_of_bounds)
[ERROR] [1783126175.300552642] [drone0.drone0_interface]: Service returned failure
[ERROR] [1783126179.058018062] [drone0.drone0_interface]: Service returned failure
02:49:50 [INFO] rl_uav.envs.as2_test_env: Reset complete. Initial obs: [-0.33218643  1.         -0.04086503 -0.08256496]
02:49:52 [WARNING] rl_uav.envs.as2_test_env: Skipping velocity reset; simulator service reset required (terminal_out_of_bounds)
[ERROR] [1783126199.036916293] [drone0.drone0_interface]: Service returned failure
[ERROR] [1783126205.425651554] [drone0.drone0_interface]: Service returned failure
02:50:16 [INFO] rl_uav.envs.as2_test_env: Reset complete. Initial obs: [ 0.41181087 -0.2919893  -0.00440883  0.30212122]
02:50:19 [WARNING] rl_uav.envs.as2_test_env: Reset started at valid low altitude z=0.880; climbing to hover 1.400m with bounded velocity recovery
02:50:24 [WARNING] rl_uav.envs.as2_test_env: Skipping velocity reset; simulator service reset required (terminal_out_of_bounds)
[ERROR] [1783126230.200026489] [drone0.drone0_interface]: Service returned failure
[ERROR] [1783126234.184521267] [drone0.drone0_interface]: Service returned failure
02:50:45 [INFO] rl_uav.envs.as2_test_env: Reset complete. Initial obs: [ 1.          0.4021167  -0.02731344  0.03338461]
02:50:50 [WARNING] rl_uav.envs.as2_test_env: Skipping velocity reset; simulator service reset required (terminal_out_of_bounds)
[ERROR] [1783126256.504814336] [drone0.drone0_interface]: Service returned failure
[ERROR] [1783126260.349689451] [drone0.drone0_interface]: Service returned failure
[ERROR] [1783126275.668452574] [drone0.drone0_interface]: Service returned failure
[ERROR] [1783126279.651648420] [drone0.drone0_interface]: Service returned failure
02:51:28 [INFO] rl_uav.envs.as2_test_env: Closing environment...
02:51:33 [INFO] rl_uav.envs.as2_test_env: DroneInterface shut down
02:51:33 [INFO] rl_uav.envs.as2_test_env: Environment closed
Traceback (most recent call last):
  File "/home/jordi/TFM/rl_uav_aerostack2/scripts/train_ppo.py", line 115, in <module>
    raise SystemExit(main())
  File "/home/jordi/TFM/rl_uav_aerostack2/scripts/train_ppo.py", line 101, in main
    model.learn(
  File "/home/jordi/miniconda3/envs/rl_uav/lib/python3.10/site-packages/stable_baselines3/ppo/ppo.py", line 311, in learn
    return super().learn(
  File "/home/jordi/miniconda3/envs/rl_uav/lib/python3.10/site-packages/stable_baselines3/common/on_policy_algorithm.py", line 324, in learn
    continue_training = self.collect_rollouts(self.env, callback, self.rollout_buffer, n_rollout_steps=self.n_steps)
  File "/home/jordi/miniconda3/envs/rl_uav/lib/python3.10/site-packages/stable_baselines3/common/on_policy_algorithm.py", line 218, in collect_rollouts
    new_obs, rewards, dones, infos = env.step(clipped_actions)
  File "/home/jordi/miniconda3/envs/rl_uav/lib/python3.10/site-packages/stable_baselines3/common/vec_env/base_vec_env.py", line 222, in step
    return self.step_wait()
  File "/home/jordi/miniconda3/envs/rl_uav/lib/python3.10/site-packages/stable_baselines3/common/vec_env/vec_monitor.py", line 75, in step_wait
    obs, rewards, dones, infos = self.venv.step_wait()
  File "/home/jordi/miniconda3/envs/rl_uav/lib/python3.10/site-packages/stable_baselines3/common/vec_env/dummy_vec_env.py", line 71, in step_wait
    obs, self.reset_infos[env_idx] = self.envs[env_idx].reset()
  File "/home/jordi/miniconda3/envs/rl_uav/lib/python3.10/site-packages/gymnasium/wrappers/common.py", line 400, in reset
    return super().reset(seed=seed, options=options)
  File "/home/jordi/miniconda3/envs/rl_uav/lib/python3.10/site-packages/gymnasium/core.py", line 333, in reset
    return self.env.reset(seed=seed, options=options)
  File "/home/jordi/miniconda3/envs/rl_uav/lib/python3.10/site-packages/gymnasium/wrappers/common.py", line 295, in reset
    return self.env.reset(seed=seed, options=options)
  File "/home/jordi/TFM/rl_uav_aerostack2/rl_uav/envs/as2_test_env.py", line 3014, in reset
    self._raise_required_service_reset_failure(required_service_reset_reason)
  File "/home/jordi/TFM/rl_uav_aerostack2/rl_uav/envs/as2_test_env.py", line 2837, in _raise_required_service_reset_failure
    raise RuntimeError(
RuntimeError: Simulator service reset is required after unsafe/out-of-bounds state; refusing velocity reset flyback. required_reason=terminal_out_of_bounds. Reset diagnostics: reason=service_post_reset_command_path_failed, failure_class=post_reset_command_path_failed, elapsed=1.203, reset_phase=hold, phase=hold, settle_elapsed=0.2, target_pose=[-3.6692345475980366, -1.1191607283428398, 1.7553679767342916, 0.13104939312833652], final_pose=[-3.669210195541382, -1.1192314624786377, 1.7593777179718018, 0.13103047084439784], position_error=0.004, yaw_error=0.0, service_name=/drone0/platform/reset_simulator_state, message=reset state applied, post_reset_platform_reassertion_attempted=False, post_reset_platform_fsm_ready=True, post_reset_platform_state={'connected': True, 'armed': True, 'offboard': True, 'state': 3, 'control_mode': 2}, post_reset_platform_control_mode=2, post_reset_takeoff_ready=True, post_reset_offboard_ready=True, post_reset_controller_ready=True, post_reset_controller_hold_ready=True, post_reset_pose_ready=True, post_reset_pose_observed=True, post_reset_observed_pose=[-3.669210195541382, -1.1192314624786377, 1.7593777179718018, 0.13103047084439784], post_reset_observed_position_error=0.004, post_reset_actionability_ready=False, post_reset_actionability_recovered=False, post_reset_actionability={'first_probe': {'accepted': True, 'stop_accepted': True, 'actionable': False, 'reason': 'probe_motion_not_confirmed', 'probe_twist': [0.035922419279813766, 0.09332513064146042, 0.0], 'twist_frame_id': 'earth', 'position_before': [-3.6692102507516586, -1.1192314432174928, 1.7593776728], 'position_after': [-3.6692102507516586, -1.1192314432174928, 1.7593776728], 'position_after_command': [-3.6692102507516586, -1.1192314432174928, 1.7593776728], 'position_after_stop': [-3.6692102507516586, -1.1192314432174928, 1.7593776728], 'position_delta': [0.0, 0.0, 0.0], 'forward_delta': 0.0, 'delta_norm': 0.0, 'min_forward_delta': 0.012, 'probe_iterations': 12, 'stop_iterations': 4, 'observation_samples': 25, 'observation_timeout': 1.25}, 'recovery_attempted': True, 'recovery_ready': True, 'second_probe': {'accepted': True, 'stop_accepted': True, 'actionable': False, 'reason': 'probe_motion_not_confirmed', 'probe_twist': [0.035922419279813766, 0.09332513064146042, 0.0], 'twist_frame_id': 'earth', 'position_before': [-3.6475872451673905, -1.063207343586759, 1.7602932807722407], 'position_after': [-3.6476015265285344, -1.063245809621527, 1.7603538770026967], 'position_after_command': [-3.6476015265285344, -1.063245809621527, 1.7603538770026967], 'position_after_stop': [-3.6476015265285344, -1.063245809621527, 1.7603538770026967], 'position_delta': [-1.430511474609375e-05, -3.838539123535156e-05, 6.0677528381347656e-05], 'forward_delta': -4e-05, 'delta_norm': 7e-05, 'min_forward_delta': 0.012, 'probe_iterations': 12, 'stop_iterations': 4, 'observation_samples': 25, 'observation_timeout': 1.25}}, last_command=[0.0, 0.0, 0.0, 0.0]
ERROR conda.cli.main_run:execute(142): `conda run python scripts/train_ppo.py --config configs/train_ppo_phase1_exp010.yaml` failed. (See above for error)
