Using cpu device
04:10:30 [INFO] train_ppo: === PPO infrastructure ready ===
04:10:30 [INFO] train_ppo: Config: /home/jordi/TFM/rl_uav_aerostack2/configs/train_ppo_phase1_exp011.yaml
04:10:30 [INFO] train_ppo: Run dir: /home/jordi/TFM/rl_uav_aerostack2/runs/ppo/ppo_phase1_exp011_safe_area_randomized_50k_20260704_041029
04:10:30 [INFO] train_ppo: Tensorboard dir: /home/jordi/TFM/rl_uav_aerostack2/runs/ppo/ppo_phase1_exp011_safe_area_randomized_50k_20260704_041029/tensorboard
04:10:30 [INFO] train_ppo: Monitor dir: /home/jordi/TFM/rl_uav_aerostack2/runs/ppo/ppo_phase1_exp011_safe_area_randomized_50k_20260704_041029/monitor
04:10:30 [INFO] train_ppo: Checkpoints dir: /home/jordi/TFM/rl_uav_aerostack2/runs/ppo/ppo_phase1_exp011_safe_area_randomized_50k_20260704_041029/checkpoints
04:10:30 [INFO] train_ppo: Num envs: 1
04:10:30 [INFO] train_ppo: Namespaces: ['drone0']
04:10:30 [INFO] train_ppo: Policy kwargs: {'activation_fn': 'ReLU', 'net_arch': {'pi': [128, 128], 'vf': [128, 128]}}
04:10:30 [INFO] train_ppo: Checkpoint callback: every 5000 steps
04:10:30 [INFO] train_ppo: Total timesteps: 50000
04:10:30 [INFO] train_ppo: Starting PPO learn() ...
04:10:30 [INFO] rl_uav.envs.as2_test_env: ROS2 initialized (process-wide)
[INFO] [1783131031.064158605] [drone0.drone0_interface]: Starting drone0
[INFO] [1783131031.593990376] [drone0.drone0_interface]: drone0 interface initialized
04:10:32 [INFO] rl_uav.envs.as2_test_env: Target marker publisher created on topic 'visualization_marker' frame 'earth'
04:10:32 [INFO] rl_uav.envs.as2_test_env: DroneInterface created for 'drone0'
04:10:32 [INFO] rl_uav.envs.as2_test_env: Arming drone...
04:10:32 [INFO] rl_uav.envs.as2_test_env:   Arm: OK
04:10:32 [INFO] rl_uav.envs.as2_test_env: Setting offboard mode...
04:10:32 [INFO] rl_uav.envs.as2_test_env:   Offboard: OK
04:10:32 [INFO] rl_uav.envs.as2_test_env: Taking off to 1.0m...
04:10:34 [INFO] rl_uav.envs.as2_test_env:   Takeoff: OK
[ERROR] [1783131034.814208381] [drone0.drone0_interface]: Service returned failure
[ERROR] [1783131034.850898346] [drone0.drone0_interface]: Service returned failure
04:10:38 [INFO] rl_uav.envs.as2_test_env: Reset complete. Initial obs: [-0.180725   -0.10672854 -0.10590374  0.2741488 ]
Logging to runs/ppo/ppo_phase1_exp011_safe_area_randomized_50k_20260704_041029/tensorboard/PPO_1
04:10:46 [WARNING] rl_uav.envs.as2_test_env: Skipping velocity reset; simulator service reset required (terminal_out_of_bounds)
[ERROR] [1783131046.965972519] [drone0.drone0_interface]: Service returned failure
[ERROR] [1783131046.998348778] [drone0.drone0_interface]: Service returned failure
04:10:50 [INFO] rl_uav.envs.as2_test_env: Reset complete. Initial obs: [-0.6208317   0.6734286   0.05562977 -0.64333296]
04:11:00 [WARNING] rl_uav.envs.as2_test_env: Skipping velocity reset; simulator service reset required (terminal_out_of_bounds)
[ERROR] [1783131060.781403946] [drone0.drone0_interface]: Service returned failure
[ERROR] [1783131060.816765324] [drone0.drone0_interface]: Service returned failure
04:11:04 [INFO] rl_uav.envs.as2_test_env: Reset complete. Initial obs: [ 0.6620275  -0.48692137 -0.02135775  0.98058724]
04:11:09 [WARNING] rl_uav.envs.as2_test_env: Skipping velocity reset; simulator service reset required (terminal_out_of_bounds)
[ERROR] [1783131070.074875603] [drone0.drone0_interface]: Service returned failure
[ERROR] [1783131070.117643862] [drone0.drone0_interface]: Service returned failure
04:11:14 [INFO] rl_uav.envs.as2_test_env: Reset complete. Initial obs: [-0.46076855 -0.6187882  -0.01591862 -0.21947171]
04:11:19 [WARNING] rl_uav.envs.as2_test_env: Skipping velocity reset; simulator service reset required (terminal_out_of_bounds)
[ERROR] [1783131079.221737669] [drone0.drone0_interface]: Service returned failure
[ERROR] [1783131079.306412309] [drone0.drone0_interface]: Service returned failure
04:11:23 [INFO] rl_uav.envs.as2_test_env: Reset complete. Initial obs: [ 0.16752669  0.13683912 -0.0551685   0.16086471]
04:11:28 [WARNING] rl_uav.envs.as2_test_env: Skipping velocity reset; simulator service reset required (terminal_out_of_bounds)
[ERROR] [1783131088.309203344] [drone0.drone0_interface]: Service returned failure
[ERROR] [1783131088.405261556] [drone0.drone0_interface]: Service returned failure
04:11:32 [INFO] rl_uav.envs.as2_test_env: Reset complete. Initial obs: [-0.83271694 -0.38809168 -0.07059571 -0.7626268 ]
04:11:34 [WARNING] rl_uav.envs.as2_test_env: Skipping velocity reset; simulator service reset required (terminal_out_of_bounds)
[ERROR] [1783131094.632140245] [drone0.drone0_interface]: Service returned failure
[ERROR] [1783131094.737345489] [drone0.drone0_interface]: Service returned failure
04:11:38 [INFO] rl_uav.envs.as2_test_env: Reset complete. Initial obs: [-0.3080599   0.5494126  -0.02783133 -0.67869824]
04:11:40 [WARNING] rl_uav.envs.as2_test_env: Skipping velocity reset; simulator service reset required (terminal_out_of_bounds)
[ERROR] [1783131100.747448626] [drone0.drone0_interface]: Service returned failure
[ERROR] [1783131100.868917863] [drone0.drone0_interface]: Service returned failure
04:11:44 [INFO] rl_uav.envs.as2_test_env: Reset complete. Initial obs: [-0.6458137  -0.25211507 -0.01649863  0.12236767]
04:11:59 [WARNING] rl_uav.envs.as2_test_env: Skipping velocity reset; simulator service reset required (terminal_out_of_bounds)
[ERROR] [1783131119.937012527] [drone0.drone0_interface]: Service returned failure
[ERROR] [1783131120.073063937] [drone0.drone0_interface]: Service returned failure
04:12:04 [INFO] rl_uav.envs.as2_test_env: Reset complete. Initial obs: [-0.7487886   0.5882769   0.01719548 -0.5481188 ]
04:12:24 [WARNING] rl_uav.envs.as2_test_env: Skipping velocity reset; simulator service reset required (terminal_out_of_bounds)
[ERROR] [1783131144.350767530] [drone0.drone0_interface]: Service returned failure
[ERROR] [1783131144.497563872] [drone0.drone0_interface]: Service returned failure
04:12:28 [INFO] rl_uav.envs.as2_test_env: Reset complete. Initial obs: [-0.5611535   0.12060601 -0.01552117 -0.13086227]
04:12:33 [WARNING] rl_uav.envs.as2_test_env: Skipping velocity reset; simulator service reset required (terminal_out_of_bounds)
[ERROR] [1783131153.964330241] [drone0.drone0_interface]: Service returned failure
[ERROR] [1783131154.111734470] [drone0.drone0_interface]: Service returned failure
04:12:38 [INFO] rl_uav.envs.as2_test_env: Reset complete. Initial obs: [-0.24079841  0.45684516  0.07720497 -0.96892166]
04:12:41 [WARNING] rl_uav.envs.as2_test_env: Skipping velocity reset; simulator service reset required (terminal_out_of_bounds)
[ERROR] [1783131161.371796046] [drone0.drone0_interface]: Service returned failure
[ERROR] [1783131161.527203297] [drone0.drone0_interface]: Service returned failure
04:12:45 [INFO] rl_uav.envs.as2_test_env: Reset complete. Initial obs: [ 0.43656355 -0.41586518 -0.06482709  0.41290742]
04:12:47 [WARNING] rl_uav.envs.as2_test_env: Skipping velocity reset; simulator service reset required (terminal_out_of_bounds)
[ERROR] [1783131167.883214644] [drone0.drone0_interface]: Service returned failure
[ERROR] [1783131168.039711350] [drone0.drone0_interface]: Service returned failure
04:12:52 [INFO] rl_uav.envs.as2_test_env: Reset complete. Initial obs: [-0.7774108  -0.06571014 -0.06921019 -0.82833713]
04:12:59 [WARNING] rl_uav.envs.as2_test_env: Skipping velocity reset; simulator service reset required (terminal_out_of_bounds)
[ERROR] [1783131180.198252848] [drone0.drone0_interface]: Service returned failure
[ERROR] [1783131180.353892774] [drone0.drone0_interface]: Service returned failure
04:13:04 [INFO] rl_uav.envs.as2_test_env: Reset complete. Initial obs: [-0.01483392  0.32049638  0.07967895  0.88397634]
04:13:06 [WARNING] rl_uav.envs.as2_test_env: Skipping velocity reset; simulator service reset required (terminal_out_of_bounds)
[ERROR] [1783131186.610567274] [drone0.drone0_interface]: Service returned failure
[ERROR] [1783131186.813571161] [drone0.drone0_interface]: Service returned failure
04:13:11 [INFO] rl_uav.envs.as2_test_env: Reset complete. Initial obs: [ 0.38852587  0.02550704 -0.09344377 -0.38726422]
04:13:18 [WARNING] rl_uav.envs.as2_test_env: Skipping velocity reset; simulator service reset required (terminal_out_of_bounds)
[ERROR] [1783131199.219493328] [drone0.drone0_interface]: Service returned failure
[ERROR] [1783131199.430323101] [drone0.drone0_interface]: Service returned failure
04:13:23 [INFO] rl_uav.envs.as2_test_env: Reset complete. Initial obs: [-0.16252203 -0.19648454 -0.07587828 -0.76937807]
04:13:28 [WARNING] rl_uav.envs.as2_test_env: Skipping velocity reset; simulator service reset required (terminal_out_of_bounds)
[ERROR] [1783131208.831272531] [drone0.drone0_interface]: Service returned failure
[ERROR] [1783131209.053025600] [drone0.drone0_interface]: Service returned failure
04:13:33 [INFO] rl_uav.envs.as2_test_env: Reset complete. Initial obs: [ 0.61004066 -0.35976163 -0.09187995  0.01323454]
---------------------------------
| rollout/           |          |
|    ep_len_mean     | 31.7     |
|    ep_rew_mean     | -26.8    |
|    success_rate    | 0        |
| time/              |          |
|    fps             | 2        |
|    iterations      | 1        |
|    time_elapsed    | 184      |
|    total_timesteps | 512      |
---------------------------------
04:13:39 [WARNING] rl_uav.envs.as2_test_env: Skipping velocity reset; simulator service reset required (terminal_out_of_bounds)
[ERROR] [1783131220.037366014] [drone0.drone0_interface]: Service returned failure
[ERROR] [1783131220.273289526] [drone0.drone0_interface]: Service returned failure
04:13:44 [INFO] rl_uav.envs.as2_test_env: Reset complete. Initial obs: [-0.10143515  0.58359087  0.02986679  0.7232993 ]
04:13:46 [WARNING] rl_uav.envs.as2_test_env: Skipping velocity reset; simulator service reset required (terminal_out_of_bounds)
[ERROR] [1783131226.650148961] [drone0.drone0_interface]: Service returned failure
[ERROR] [1783131226.897431711] [drone0.drone0_interface]: Service returned failure
04:13:51 [INFO] rl_uav.envs.as2_test_env: Reset complete. Initial obs: [-0.89292455 -0.11294369  0.02693973  0.06682868]
04:13:53 [WARNING] rl_uav.envs.as2_test_env: Skipping velocity reset; simulator service reset required (terminal_out_of_bounds)
[ERROR] [1783131233.575977731] [drone0.drone0_interface]: Service returned failure
[ERROR] [1783131233.834577543] [drone0.drone0_interface]: Service returned failure
04:13:58 [INFO] rl_uav.envs.as2_test_env: Reset complete. Initial obs: [ 0.3786856   0.1449159  -0.00834642 -0.48928183]
04:14:06 [WARNING] rl_uav.envs.as2_test_env: Skipping velocity reset; simulator service reset required (terminal_out_of_bounds)
[ERROR] [1783131246.968956923] [drone0.drone0_interface]: Service returned failure
[ERROR] [1783131247.234633481] [drone0.drone0_interface]: Service returned failure
04:14:11 [INFO] rl_uav.envs.as2_test_env: Reset complete. Initial obs: [ 0.23602866 -0.67946947 -0.07443332  0.9239067 ]
04:14:32 [WARNING] rl_uav.envs.as2_test_env: Skipping velocity reset; simulator service reset required (terminal_out_of_bounds)
[ERROR] [1783131272.785839219] [drone0.drone0_interface]: Service returned failure
[ERROR] [1783131273.066792849] [drone0.drone0_interface]: Service returned failure
04:14:37 [INFO] rl_uav.envs.as2_test_env: Reset complete. Initial obs: [-0.24642992  0.29158086  0.02804909 -0.2776691 ]
04:14:39 [WARNING] rl_uav.envs.as2_test_env: Skipping velocity reset; simulator service reset required (terminal_out_of_bounds)
[ERROR] [1783131280.494445849] [drone0.drone0_interface]: Service returned failure
[ERROR] [1783131280.783608876] [drone0.drone0_interface]: Service returned failure
04:14:45 [INFO] rl_uav.envs.as2_test_env: Reset complete. Initial obs: [0.89655286 0.13861887 0.03772115 0.35399708]
04:14:52 [WARNING] rl_uav.envs.as2_test_env: Skipping velocity reset; simulator service reset required (terminal_out_of_bounds)
[ERROR] [1783131292.705672600] [drone0.drone0_interface]: Service returned failure
[ERROR] [1783131293.208244200] [drone0.drone0_interface]: Service returned failure
04:14:57 [INFO] rl_uav.envs.as2_test_env: Reset complete. Initial obs: [ 0.33219516  0.22171004 -0.02013721  0.7887333 ]
04:15:03 [WARNING] rl_uav.envs.as2_test_env: Skipping velocity reset; simulator service reset required (terminal_out_of_bounds)
[ERROR] [1783131304.020069084] [drone0.drone0_interface]: Service returned failure
[ERROR] [1783131304.516189525] [drone0.drone0_interface]: Service returned failure
04:15:09 [INFO] rl_uav.envs.as2_test_env: Reset complete. Initial obs: [-0.4573639   0.0496904  -0.07871607 -0.27121934]
04:15:11 [WARNING] rl_uav.envs.as2_test_env: Skipping velocity reset; simulator service reset required (terminal_out_of_bounds)
[ERROR] [1783131312.027513074] [drone0.drone0_interface]: Service returned failure
[ERROR] [1783131312.352173472] [drone0.drone0_interface]: Service returned failure
04:15:17 [INFO] rl_uav.envs.as2_test_env: Reset complete. Initial obs: [-0.44377992 -0.3832745   0.04472275  0.87113035]
04:15:18 [WARNING] rl_uav.envs.as2_test_env: Skipping velocity reset; simulator service reset required (terminal_out_of_bounds)
[ERROR] [1783131319.041050521] [drone0.drone0_interface]: Service returned failure
[ERROR] [1783131319.375877350] [drone0.drone0_interface]: Service returned failure
04:15:24 [INFO] rl_uav.envs.as2_test_env: Reset complete. Initial obs: [-0.17796455  0.11061354  0.01191407  0.68747705]
04:15:34 [WARNING] rl_uav.envs.as2_test_env: Skipping velocity reset; simulator service reset required (terminal_out_of_bounds)
[ERROR] [1783131335.155414144] [drone0.drone0_interface]: Service returned failure
[ERROR] [1783131335.503284796] [drone0.drone0_interface]: Service returned failure
04:15:40 [INFO] rl_uav.envs.as2_test_env: Reset complete. Initial obs: [-0.45771396  0.03389408  0.02430782 -0.01369666]
04:15:51 [WARNING] rl_uav.envs.as2_test_env: Skipping velocity reset; simulator service reset required (terminal_out_of_bounds)
[ERROR] [1783131351.959049835] [drone0.drone0_interface]: Service returned failure
[ERROR] [1783131352.312340314] [drone0.drone0_interface]: Service returned failure
04:15:57 [INFO] rl_uav.envs.as2_test_env: Reset complete. Initial obs: [0.62933517 0.17015816 0.03115712 0.8720769 ]
04:16:05 [WARNING] rl_uav.envs.as2_test_env: Skipping velocity reset; simulator service reset required (terminal_out_of_bounds)
[ERROR] [1783131366.071925510] [drone0.drone0_interface]: Service returned failure
[ERROR] [1783131366.443368974] [drone0.drone0_interface]: Service returned failure
04:16:11 [INFO] rl_uav.envs.as2_test_env: Reset complete. Initial obs: [-0.77546155 -0.08352083  0.01114845  0.9976016 ]
04:16:23 [WARNING] rl_uav.envs.as2_test_env: Skipping velocity reset; simulator service reset required (terminal_out_of_bounds)
[ERROR] [1783131383.884141147] [drone0.drone0_interface]: Service returned failure
[ERROR] [1783131384.265065840] [drone0.drone0_interface]: Service returned failure
04:16:29 [INFO] rl_uav.envs.as2_test_env: Reset complete. Initial obs: [-1.7605466e-01  4.3209422e-01  3.8731034e-04  7.7905303e-01]
04:16:35 [WARNING] rl_uav.envs.as2_test_env: Skipping velocity reset; simulator service reset required (terminal_out_of_bounds)
[ERROR] [1783131395.898365289] [drone0.drone0_interface]: Service returned failure
[ERROR] [1783131396.292977477] [drone0.drone0_interface]: Service returned failure
04:16:41 [INFO] rl_uav.envs.as2_test_env: Reset complete. Initial obs: [-0.38405642 -0.00325     0.0546305  -0.19452785]
------------------------------------------
| rollout/                |              |
|    ep_len_mean          | 32.8         |
|    ep_rew_mean          | -28          |
|    success_rate         | 0            |
| time/                   |              |
|    fps                  | 2            |
|    iterations           | 2            |
|    time_elapsed         | 372          |
|    total_timesteps      | 1024         |
| train/                  |              |
|    approx_kl            | 0.0022769216 |
|    clip_fraction        | 0.00234      |
|    clip_range           | 0.2          |
|    entropy_loss         | -4.41        |
|    explained_variance   | -0.0127      |
|    learning_rate        | 3e-05        |
|    loss                 | 52.7         |
|    n_updates            | 5            |
|    policy_gradient_loss | -0.00551     |
|    std                  | 1            |
|    value_loss           | 106          |
------------------------------------------
04:16:46 [INFO] rl_uav.envs.as2_test_env: Keeping drone airborne for velocity reset...
[ERROR] [1783131407.008691724] [drone0.drone0_interface]: Service returned failure
[ERROR] [1783131407.412042035] [drone0.drone0_interface]: Service returned failure
04:16:58 [INFO] rl_uav.envs.as2_test_env: Reset complete. Initial obs: [-0.14367391 -0.22085088  0.0164449   0.92336875]
04:17:35 [WARNING] rl_uav.envs.as2_test_env: Skipping velocity reset; simulator service reset required (terminal_out_of_bounds)
[ERROR] [1783131456.220831573] [drone0.drone0_interface]: Service returned failure
[ERROR] [1783131456.633709377] [drone0.drone0_interface]: Service returned failure
04:17:41 [INFO] rl_uav.envs.as2_test_env: Reset complete. Initial obs: [-0.31769744  0.8589509  -0.01992778  0.21416508]
04:17:59 [WARNING] rl_uav.envs.as2_test_env: Skipping velocity reset; simulator service reset required (terminal_out_of_bounds)
[ERROR] [1783131480.031839554] [drone0.drone0_interface]: Service returned failure
[ERROR] [1783131480.455620383] [drone0.drone0_interface]: Service returned failure
04:18:05 [INFO] rl_uav.envs.as2_test_env: Reset complete. Initial obs: [-0.7795748  -0.11948445 -0.09892228 -0.39109737]
04:18:40 [WARNING] rl_uav.envs.as2_test_env: Skipping velocity reset; simulator service reset required (terminal_out_of_bounds)
[ERROR] [1783131521.336539621] [drone0.drone0_interface]: Service returned failure
[ERROR] [1783131521.772775455] [drone0.drone0_interface]: Service returned failure
04:18:47 [INFO] rl_uav.envs.as2_test_env: Reset complete. Initial obs: [ 0.89524055 -0.42110685  0.03977273 -0.95683646]
04:18:51 [WARNING] rl_uav.envs.as2_test_env: Reset started at valid low altitude z=0.990; climbing to hover 1.400m with bounded velocity recovery
04:18:53 [WARNING] rl_uav.envs.as2_test_env: Skipping velocity reset; simulator service reset required (terminal_out_of_bounds)
[ERROR] [1783131534.250209307] [drone0.drone0_interface]: Service returned failure
[ERROR] [1783131534.696912586] [drone0.drone0_interface]: Service returned failure
04:18:59 [INFO] rl_uav.envs.as2_test_env: Reset complete. Initial obs: [ 0.18471329  0.75131756 -0.04394558 -0.24199869]
------------------------------------------
| rollout/                |              |
|    ep_len_mean          | 41.6         |
|    ep_rew_mean          | -30.2        |
|    success_rate         | 0.0278       |
| time/                   |              |
|    fps                  | 2            |
|    iterations           | 3            |
|    time_elapsed         | 517          |
|    total_timesteps      | 1536         |
| train/                  |              |
|    approx_kl            | 0.0022942927 |
|    clip_fraction        | 0.00937      |
|    clip_range           | 0.2          |
|    entropy_loss         | -5.19        |
|    explained_variance   | 0.00622      |
|    learning_rate        | 3e-05        |
|    loss                 | 58.3         |
|    n_updates            | 10           |
|    policy_gradient_loss | 8.2e-05      |
|    std                  | 1            |
|    value_loss           | 117          |
------------------------------------------
04:19:08 [WARNING] rl_uav.envs.as2_test_env: Skipping velocity reset; simulator service reset required (terminal_out_of_bounds)
[ERROR] [1783131549.664762111] [drone0.drone0_interface]: Service returned failure
[ERROR] [1783131550.123522937] [drone0.drone0_interface]: Service returned failure
04:19:15 [INFO] rl_uav.envs.as2_test_env: Reset complete. Initial obs: [-0.45465258 -0.4570186   0.00383402 -0.02866299]
04:19:35 [WARNING] rl_uav.envs.as2_test_env: Skipping velocity reset; simulator service reset required (terminal_out_of_bounds)
[ERROR] [1783131576.075438396] [drone0.drone0_interface]: Service returned failure
[ERROR] [1783131576.547142607] [drone0.drone0_interface]: Service returned failure
04:19:41 [INFO] rl_uav.envs.as2_test_env: Reset complete. Initial obs: [ 0.23874152 -0.20760277 -0.02489304  0.3837836 ]
04:19:54 [WARNING] rl_uav.envs.as2_test_env: Skipping velocity reset; simulator service reset required (terminal_out_of_bounds)
[ERROR] [1783131595.285088796] [drone0.drone0_interface]: Service returned failure
[ERROR] [1783131595.761456387] [drone0.drone0_interface]: Service returned failure
04:20:01 [INFO] rl_uav.envs.as2_test_env: Reset complete. Initial obs: [ 0.5295682  -0.20175283  0.01616875  0.01304473]
04:20:03 [WARNING] rl_uav.envs.as2_test_env: Skipping velocity reset; simulator service reset required (terminal_out_of_bounds)
[ERROR] [1783131604.099055373] [drone0.drone0_interface]: Service returned failure
[ERROR] [1783131604.585818371] [drone0.drone0_interface]: Service returned failure
04:20:10 [INFO] rl_uav.envs.as2_test_env: Reset complete. Initial obs: [-0.73809737 -0.5593842   0.03437047 -0.38762817]
04:20:11 [WARNING] rl_uav.envs.as2_test_env: Skipping velocity reset; simulator service reset required (terminal_out_of_bounds)
[ERROR] [1783131612.310780886] [drone0.drone0_interface]: Service returned failure
[ERROR] [1783131612.812983380] [drone0.drone0_interface]: Service returned failure
04:20:18 [INFO] rl_uav.envs.as2_test_env: Reset complete. Initial obs: [-0.56457293  0.23169255 -0.07008392 -0.45174387]
04:20:27 [WARNING] rl_uav.envs.as2_test_env: Skipping velocity reset; simulator service reset required (terminal_out_of_bounds)
[ERROR] [1783131627.920226292] [drone0.drone0_interface]: Service returned failure
[ERROR] [1783131628.720244214] [drone0.drone0_interface]: Service returned failure
04:20:34 [INFO] rl_uav.envs.as2_test_env: Reset complete. Initial obs: [-0.28688362 -0.50949883 -0.1204915   0.96816564]
04:20:41 [WARNING] rl_uav.envs.as2_test_env: Skipping velocity reset; simulator service reset required (terminal_out_of_bounds)
[ERROR] [1783131642.333861224] [drone0.drone0_interface]: Service returned failure
[ERROR] [1783131642.859941150] [drone0.drone0_interface]: Service returned failure
04:20:48 [INFO] rl_uav.envs.as2_test_env: Reset complete. Initial obs: [0.05577042 0.98014414 0.02687611 0.92061734]
04:20:50 [WARNING] rl_uav.envs.as2_test_env: Skipping velocity reset; simulator service reset required (terminal_out_of_bounds)
[ERROR] [1783131651.143003397] [drone0.drone0_interface]: Service returned failure
[ERROR] [1783131651.680175769] [drone0.drone0_interface]: Service returned failure
04:20:57 [INFO] rl_uav.envs.as2_test_env: Reset complete. Initial obs: [-0.5397855  -0.01415194  0.00194846  0.7229033 ]
04:21:38 [INFO] rl_uav.envs.as2_test_env: Keeping drone airborne for velocity reset...
[ERROR] [1783131699.350687491] [drone0.drone0_interface]: Service returned failure
[ERROR] [1783131700.250346948] [drone0.drone0_interface]: Service returned failure
04:21:53 [INFO] rl_uav.envs.as2_test_env: Reset complete. Initial obs: [-0.06762029 -0.5194423   0.09897471  0.8850992 ]
04:21:54 [WARNING] rl_uav.envs.as2_test_env: Skipping velocity reset; simulator service reset required (terminal_out_of_bounds)
[ERROR] [1783131715.264095217] [drone0.drone0_interface]: Service returned failure
[ERROR] [1783131715.819571703] [drone0.drone0_interface]: Service returned failure
04:22:01 [INFO] rl_uav.envs.as2_test_env: Reset complete. Initial obs: [-0.61318487 -0.4885634  -0.02615092  0.5493491 ]
04:22:04 [WARNING] rl_uav.envs.as2_test_env: Skipping velocity reset; simulator service reset required (terminal_out_of_bounds)
[ERROR] [1783131724.959480819] [drone0.drone0_interface]: Service returned failure
[ERROR] [1783131725.519209578] [drone0.drone0_interface]: Service returned failure
04:22:11 [INFO] rl_uav.envs.as2_test_env: Reset complete. Initial obs: [ 0.23045498 -0.17738028  0.08485931 -0.3177543 ]
04:22:15 [WARNING] rl_uav.envs.as2_test_env: Skipping velocity reset; simulator service reset required (terminal_out_of_bounds)
[ERROR] [1783131735.985617753] [drone0.drone0_interface]: Service returned failure
[ERROR] [1783131736.886441721] [drone0.drone0_interface]: Service returned failure
04:22:22 [INFO] rl_uav.envs.as2_test_env: Reset complete. Initial obs: [-0.59011865 -0.0135469  -0.00065877 -0.34765616]
--------------------------------------
| rollout/                |          |
|    ep_len_mean          | 42.6     |
|    ep_rew_mean          | -29.1    |
|    success_rate         | 0.0208   |
| time/                   |          |
|    fps                  | 2        |
|    iterations           | 4        |
|    time_elapsed         | 712      |
|    total_timesteps      | 2048     |
| train/                  |          |
|    approx_kl            | 0.00547  |
|    clip_fraction        | 0.0262   |
|    clip_range           | 0.2      |
|    entropy_loss         | -3.93    |
|    explained_variance   | 0.00386  |
|    learning_rate        | 3e-05    |
|    loss                 | 25.4     |
|    n_updates            | 15       |
|    policy_gradient_loss | 0.00147  |
|    std                  | 1        |
|    value_loss           | 70.2     |
--------------------------------------
04:22:25 [WARNING] rl_uav.envs.as2_test_env: Skipping velocity reset; simulator service reset required (terminal_out_of_bounds)
[ERROR] [1783131746.171045828] [drone0.drone0_interface]: Service returned failure
[ERROR] [1783131746.749975534] [drone0.drone0_interface]: Service returned failure
04:22:32 [INFO] rl_uav.envs.as2_test_env: Reset complete. Initial obs: [0.44443437 0.34200838 0.01633673 0.64702374]
04:22:38 [WARNING] rl_uav.envs.as2_test_env: Skipping velocity reset; simulator service reset required (terminal_out_of_bounds)
[ERROR] [1783131759.506246147] [drone0.drone0_interface]: Service returned failure
[ERROR] [1783131760.109684850] [drone0.drone0_interface]: Service returned failure
04:22:45 [INFO] rl_uav.envs.as2_test_env: Reset complete. Initial obs: [ 0.22392923 -0.830793   -0.03379605  0.5732641 ]
04:22:48 [WARNING] rl_uav.envs.as2_test_env: Skipping velocity reset; simulator service reset required (terminal_out_of_bounds)
[ERROR] [1783131769.011444814] [drone0.drone0_interface]: Service returned failure
[ERROR] [1783131769.605312468] [drone0.drone0_interface]: Service returned failure
04:22:55 [INFO] rl_uav.envs.as2_test_env: Reset complete. Initial obs: [ 0.15799934 -0.2017461   0.1211094  -0.5675731 ]
04:23:15 [WARNING] rl_uav.envs.as2_test_env: Skipping velocity reset; simulator service reset required (terminal_out_of_bounds)
[ERROR] [1783131796.529591223] [drone0.drone0_interface]: Service returned failure
[ERROR] [1783131797.149973996] [drone0.drone0_interface]: Service returned failure
04:23:23 [INFO] rl_uav.envs.as2_test_env: Reset complete. Initial obs: [-0.5949185   0.5206766   0.03528931  0.58637315]
04:23:27 [WARNING] rl_uav.envs.as2_test_env: Skipping velocity reset; simulator service reset required (terminal_out_of_bounds)
[ERROR] [1783131808.542288689] [drone0.drone0_interface]: Service returned failure
[ERROR] [1783131809.172466362] [drone0.drone0_interface]: Service returned failure
04:23:35 [INFO] rl_uav.envs.as2_test_env: Reset complete. Initial obs: [ 0.2378543   0.05095078  0.04759723 -0.7057519 ]
04:23:37 [WARNING] rl_uav.envs.as2_test_env: Skipping velocity reset; simulator service reset required (terminal_out_of_bounds)
[ERROR] [1783131818.634743202] [drone0.drone0_interface]: Service returned failure
[ERROR] [1783131819.265327525] [drone0.drone0_interface]: Service returned failure
04:23:45 [INFO] rl_uav.envs.as2_test_env: Reset complete. Initial obs: [-0.42239153  0.30296758  0.02894327 -0.8912224 ]
04:24:06 [WARNING] rl_uav.envs.as2_test_env: Skipping velocity reset; simulator service reset required (terminal_out_of_bounds)
[ERROR] [1783131847.654933353] [drone0.drone0_interface]: Service returned failure
[ERROR] [1783131848.314230295] [drone0.drone0_interface]: Service returned failure
04:24:14 [INFO] rl_uav.envs.as2_test_env: Reset complete. Initial obs: [0.14764103 0.3541116  0.07936592 0.59497744]
04:24:39 [WARNING] rl_uav.envs.as2_test_env: Skipping velocity reset; simulator service reset required (terminal_out_of_bounds)
[ERROR] [1783131880.773211260] [drone0.drone0_interface]: Service returned failure
[ERROR] [1783131881.442473385] [drone0.drone0_interface]: Service returned failure
04:24:47 [INFO] rl_uav.envs.as2_test_env: Reset complete. Initial obs: [-0.4455386   0.03916783 -0.04303963 -0.26799008]
04:25:00 [WARNING] rl_uav.envs.as2_test_env: Reset started at valid low altitude z=0.987; climbing to hover 1.400m with bounded velocity recovery
04:25:02 [WARNING] rl_uav.envs.as2_test_env: Skipping velocity reset; simulator service reset required (terminal_out_of_bounds)
[ERROR] [1783131903.583052708] [drone0.drone0_interface]: Service returned failure
[ERROR] [1783131904.260763269] [drone0.drone0_interface]: Service returned failure
04:25:10 [INFO] rl_uav.envs.as2_test_env: Reset complete. Initial obs: [ 0.45151505  0.20610993 -0.08619446  0.3019846 ]
04:25:12 [WARNING] rl_uav.envs.as2_test_env: Skipping velocity reset; simulator service reset required (terminal_out_of_bounds)
[ERROR] [1783131913.579570129] [drone0.drone0_interface]: Service returned failure
[ERROR] [1783131914.259711641] [drone0.drone0_interface]: Service returned failure
04:25:20 [INFO] rl_uav.envs.as2_test_env: Reset complete. Initial obs: [ 0.43458083 -0.30517948 -0.03074259 -0.5546498 ]
04:25:23 [WARNING] rl_uav.envs.as2_test_env: Reset started at valid low altitude z=0.902; climbing to hover 1.400m with bounded velocity recovery
04:25:25 [WARNING] rl_uav.envs.as2_test_env: Skipping velocity reset; simulator service reset required (terminal_out_of_bounds)
[ERROR] [1783131926.510101052] [drone0.drone0_interface]: Service returned failure
[ERROR] [1783131927.208175837] [drone0.drone0_interface]: Service returned failure
04:25:33 [INFO] rl_uav.envs.as2_test_env: Reset complete. Initial obs: [0.00482795 1.         0.00778394 0.15952237]
----------------------------------------
| rollout/                |            |
|    ep_len_mean          | 43.2       |
|    ep_rew_mean          | -29.3      |
|    success_rate         | 0.0169     |
| time/                   |            |
|    fps                  | 2          |
|    iterations           | 5          |
|    time_elapsed         | 905        |
|    total_timesteps      | 2560       |
| train/                  |            |
|    approx_kl            | 0.01224017 |
|    clip_fraction        | 0.0422     |
|    clip_range           | 0.2        |
|    entropy_loss         | -3.77      |
|    explained_variance   | 0.00679    |
|    learning_rate        | 3e-05      |
|    loss                 | 19.2       |
|    n_updates            | 20         |
|    policy_gradient_loss | -0.00023   |
|    std                  | 1          |
|    value_loss           | 56.9       |
----------------------------------------
04:25:40 [WARNING] rl_uav.envs.as2_test_env: Skipping velocity reset; simulator service reset required (terminal_out_of_bounds)
[ERROR] [1783131941.618497876] [drone0.drone0_interface]: Service returned failure
[ERROR] [1783131942.327996348] [drone0.drone0_interface]: Service returned failure
04:25:48 [INFO] rl_uav.envs.as2_test_env: Reset complete. Initial obs: [ 0.38382584 -0.6300513   0.00258619 -0.1883888 ]
04:26:00 [WARNING] rl_uav.envs.as2_test_env: Skipping velocity reset; simulator service reset required (terminal_out_of_bounds)
[ERROR] [1783131961.522640551] [drone0.drone0_interface]: Service returned failure
[ERROR] [1783131962.246302754] [drone0.drone0_interface]: Service returned failure
04:26:08 [INFO] rl_uav.envs.as2_test_env: Reset complete. Initial obs: [-0.71692044  0.25018287  0.06672434  0.03863613]
04:26:15 [WARNING] rl_uav.envs.as2_test_env: Skipping velocity reset; simulator service reset required (terminal_out_of_bounds)
[ERROR] [1783131976.242442025] [drone0.drone0_interface]: Service returned failure
[ERROR] [1783131976.974222270] [drone0.drone0_interface]: Service returned failure
04:26:23 [INFO] rl_uav.envs.as2_test_env: Reset complete. Initial obs: [-0.33382124  0.2540214  -0.01558892 -0.473844  ]
04:26:31 [WARNING] rl_uav.envs.as2_test_env: Skipping velocity reset; simulator service reset required (terminal_out_of_bounds)
[ERROR] [1783131992.455404781] [drone0.drone0_interface]: Service returned failure
[ERROR] [1783131993.654606941] [drone0.drone0_interface]: Service returned failure
04:26:40 [INFO] rl_uav.envs.as2_test_env: Reset complete. Initial obs: [-0.20192422  0.5494609  -0.04617488  0.910654  ]
04:27:12 [WARNING] rl_uav.envs.as2_test_env: Skipping velocity reset; simulator service reset required (terminal_out_of_bounds)
[ERROR] [1783132033.861578043] [drone0.drone0_interface]: Service returned failure
[ERROR] [1783132034.622464461] [drone0.drone0_interface]: Service returned failure
04:27:21 [INFO] rl_uav.envs.as2_test_env: Reset complete. Initial obs: [ 0.30506366  0.15268897  0.05662962 -0.75540835]
04:27:23 [WARNING] rl_uav.envs.as2_test_env: Skipping velocity reset; simulator service reset required (terminal_out_of_bounds)
[ERROR] [1783132044.359696578] [drone0.drone0_interface]: Service returned failure
[ERROR] [1783132045.116146138] [drone0.drone0_interface]: Service returned failure
04:27:31 [INFO] rl_uav.envs.as2_test_env: Reset complete. Initial obs: [-0.17778017 -0.5329506  -0.09376149  0.4771294 ]
04:27:33 [WARNING] rl_uav.envs.as2_test_env: Reset started at valid low altitude z=0.898; climbing to hover 1.400m with bounded velocity recovery
04:27:35 [WARNING] rl_uav.envs.as2_test_env: Skipping velocity reset; simulator service reset required (terminal_out_of_bounds)
[ERROR] [1783132056.885996622] [drone0.drone0_interface]: Service returned failure
[ERROR] [1783132057.663925363] [drone0.drone0_interface]: Service returned failure
04:27:44 [INFO] rl_uav.envs.as2_test_env: Reset complete. Initial obs: [-0.8101156  -0.14232068  0.0161599  -0.9699856 ]
04:27:48 [WARNING] rl_uav.envs.as2_test_env: Skipping velocity reset; simulator service reset required (terminal_out_of_bounds)
[ERROR] [1783132069.495825806] [drone0.drone0_interface]: Service returned failure
[ERROR] [1783132070.284447902] [drone0.drone0_interface]: Service returned failure
04:27:57 [INFO] rl_uav.envs.as2_test_env: Reset complete. Initial obs: [ 0.47746292 -0.5436834   0.04757151 -0.36206168]
04:28:21 [WARNING] rl_uav.envs.as2_test_env: Skipping velocity reset; simulator service reset required (terminal_out_of_bounds)
[ERROR] [1783132102.607379341] [drone0.drone0_interface]: Service returned failure
[ERROR] [1783132103.406143417] [drone0.drone0_interface]: Service returned failure
04:28:30 [INFO] rl_uav.envs.as2_test_env: Reset complete. Initial obs: [-0.37310675  0.20787619  0.03692128 -0.5647961 ]
04:28:36 [WARNING] rl_uav.envs.as2_test_env: Reset started at valid low altitude z=0.952; climbing to hover 1.400m with bounded velocity recovery
04:28:38 [WARNING] rl_uav.envs.as2_test_env: Skipping velocity reset; simulator service reset required (terminal_out_of_bounds)
[ERROR] [1783132119.920444533] [drone0.drone0_interface]: Service returned failure
[ERROR] [1783132120.726304735] [drone0.drone0_interface]: Service returned failure
04:28:47 [INFO] rl_uav.envs.as2_test_env: Reset complete. Initial obs: [-0.5049882   0.01843683 -0.07958404  0.43308976]
-----------------------------------------
| rollout/                |             |
|    ep_len_mean          | 44.2        |
|    ep_rew_mean          | -30         |
|    success_rate         | 0.0145      |
| time/                   |             |
|    fps                  | 2           |
|    iterations           | 6           |
|    time_elapsed         | 1101        |
|    total_timesteps      | 3072        |
| train/                  |             |
|    approx_kl            | 0.019885153 |
|    clip_fraction        | 0.0703      |
|    clip_range           | 0.2         |
|    entropy_loss         | -4.63       |
|    explained_variance   | 0.0137      |
|    learning_rate        | 3e-05       |
|    loss                 | 47.2        |
|    n_updates            | 25          |
|    policy_gradient_loss | -0.00858    |
|    std                  | 1           |
|    value_loss           | 77.7        |
-----------------------------------------
04:29:05 [WARNING] rl_uav.envs.as2_test_env: Reset started at valid low altitude z=0.992; climbing to hover 1.400m with bounded velocity recovery
04:29:07 [WARNING] rl_uav.envs.as2_test_env: Skipping velocity reset; simulator service reset required (terminal_out_of_bounds)
[ERROR] [1783132148.230377372] [drone0.drone0_interface]: Service returned failure
[ERROR] [1783132149.058392470] [drone0.drone0_interface]: Service returned failure
04:29:15 [INFO] rl_uav.envs.as2_test_env: Reset complete. Initial obs: [-0.4808624  -0.37523654  0.02676668 -0.29026896]
04:29:36 [WARNING] rl_uav.envs.as2_test_env: Reset started at valid low altitude z=0.931; climbing to hover 1.400m with bounded velocity recovery
04:29:39 [WARNING] rl_uav.envs.as2_test_env: Skipping velocity reset; simulator service reset required (terminal_out_of_bounds)
[ERROR] [1783132180.639002010] [drone0.drone0_interface]: Service returned failure
[ERROR] [1783132181.476274126] [drone0.drone0_interface]: Service returned failure
04:29:48 [INFO] rl_uav.envs.as2_test_env: Reset complete. Initial obs: [0.9135476  0.07493262 0.013589   0.4030133 ]
04:29:49 [WARNING] rl_uav.envs.as2_test_env: Reset started at valid low altitude z=0.955; climbing to hover 1.400m with bounded velocity recovery
04:29:52 [WARNING] rl_uav.envs.as2_test_env: Skipping velocity reset; simulator service reset required (terminal_out_of_bounds)
[ERROR] [1783132193.653909804] [drone0.drone0_interface]: Service returned failure
[ERROR] [1783132194.498327108] [drone0.drone0_interface]: Service returned failure
04:30:01 [INFO] rl_uav.envs.as2_test_env: Reset complete. Initial obs: [ 0.5485121   0.38708597 -0.02321833 -0.79726315]
04:30:16 [WARNING] rl_uav.envs.as2_test_env: Skipping velocity reset; simulator service reset required (terminal_out_of_bounds)
[ERROR] [1783132217.264318491] [drone0.drone0_interface]: Service returned failure
[ERROR] [1783132218.126040605] [drone0.drone0_interface]: Service returned failure
04:30:25 [INFO] rl_uav.envs.as2_test_env: Reset complete. Initial obs: [ 0.7693617   0.10570114  0.01208282 -0.38664338]
04:30:35 [WARNING] rl_uav.envs.as2_test_env: Reset started at valid low altitude z=0.925; climbing to hover 1.400m with bounded velocity recovery
04:30:37 [WARNING] rl_uav.envs.as2_test_env: Skipping velocity reset; simulator service reset required (terminal_out_of_bounds)
[ERROR] [1783132238.969587107] [drone0.drone0_interface]: Service returned failure
[ERROR] [1783132239.841721071] [drone0.drone0_interface]: Service returned failure
04:30:47 [INFO] rl_uav.envs.as2_test_env: Reset complete. Initial obs: [ 0.33759305  0.26978657 -0.08629102  0.9546666 ]
04:30:52 [WARNING] rl_uav.envs.as2_test_env: Skipping velocity reset; simulator service reset required (terminal_out_of_bounds)
[ERROR] [1783132254.280589364] [drone0.drone0_interface]: Service returned failure
[ERROR] [1783132255.159656381] [drone0.drone0_interface]: Service returned failure
04:31:02 [INFO] rl_uav.envs.as2_test_env: Reset complete. Initial obs: [-0.10749101  0.6791938   0.0009827   0.15093654]
04:31:05 [WARNING] rl_uav.envs.as2_test_env: Skipping velocity reset; simulator service reset required (terminal_out_of_bounds)
[ERROR] [1783132266.488724498] [drone0.drone0_interface]: Service returned failure
[ERROR] [1783132267.373188111] [drone0.drone0_interface]: Service returned failure
04:31:14 [INFO] rl_uav.envs.as2_test_env: Reset complete. Initial obs: [ 0.26909384 -0.9190691  -0.08454307  0.61182714]
04:31:18 [WARNING] rl_uav.envs.as2_test_env: Skipping velocity reset; simulator service reset required (terminal_out_of_bounds)
[ERROR] [1783132280.104211409] [drone0.drone0_interface]: Service returned failure
[ERROR] [1783132281.008325184] [drone0.drone0_interface]: Service returned failure
04:31:28 [INFO] rl_uav.envs.as2_test_env: Reset complete. Initial obs: [ 0.4988663   0.5418356  -0.09340464  0.5034941 ]
04:31:30 [WARNING] rl_uav.envs.as2_test_env: Skipping velocity reset; simulator service reset required (terminal_out_of_bounds)
[ERROR] [1783132292.014195006] [drone0.drone0_interface]: Service returned failure
[ERROR] [1783132293.519457106] [drone0.drone0_interface]: Service returned failure
04:31:40 [INFO] rl_uav.envs.as2_test_env: Reset complete. Initial obs: [-0.6520148  -0.5736235   0.03032504 -0.3036326 ]
04:31:42 [WARNING] rl_uav.envs.as2_test_env: Skipping velocity reset; simulator service reset required (terminal_out_of_bounds)
[ERROR] [1783132304.009343443] [drone0.drone0_interface]: Service returned failure
[ERROR] [1783132304.930579234] [drone0.drone0_interface]: Service returned failure
04:31:52 [INFO] rl_uav.envs.as2_test_env: Reset complete. Initial obs: [0.52623016 0.43840486 0.09060554 0.41014832]
04:31:57 [WARNING] rl_uav.envs.as2_test_env: Skipping velocity reset; simulator service reset required (terminal_out_of_bounds)
[ERROR] [1783132319.037315498] [drone0.drone0_interface]: Service returned failure
[ERROR] [1783132319.968527405] [drone0.drone0_interface]: Service returned failure
04:32:07 [INFO] rl_uav.envs.as2_test_env: Reset complete. Initial obs: [0.58050495 0.54994756 0.03739854 0.16890782]
------------------------------------------
| rollout/                |              |
|    ep_len_mean          | 43.5         |
|    ep_rew_mean          | -30.1        |
|    success_rate         | 0.0125       |
| time/                   |              |
|    fps                  | 2            |
|    iterations           | 7            |
|    time_elapsed         | 1319         |
|    total_timesteps      | 3584         |
| train/                  |              |
|    approx_kl            | 0.0049362076 |
|    clip_fraction        | 0.0227       |
|    clip_range           | 0.2          |
|    entropy_loss         | -5.31        |
|    explained_variance   | 0.0138       |
|    learning_rate        | 3e-05        |
|    loss                 | 44.4         |
|    n_updates            | 30           |
|    policy_gradient_loss | -0.00503     |
|    std                  | 1            |
|    value_loss           | 78.9         |
------------------------------------------
04:32:29 [WARNING] rl_uav.envs.as2_test_env: Skipping velocity reset; simulator service reset required (terminal_out_of_bounds)
[ERROR] [1783132350.953041391] [drone0.drone0_interface]: Service returned failure
[ERROR] [1783132351.902489847] [drone0.drone0_interface]: Service returned failure
04:32:39 [INFO] rl_uav.envs.as2_test_env: Reset complete. Initial obs: [-0.40157765 -0.763758    0.07556116  0.1300878 ]
04:32:49 [WARNING] rl_uav.envs.as2_test_env: Skipping velocity reset; simulator service reset required (terminal_out_of_bounds)
[ERROR] [1783132370.657778911] [drone0.drone0_interface]: Service returned failure
[ERROR] [1783132371.607345791] [drone0.drone0_interface]: Service returned failure
04:32:58 [INFO] rl_uav.envs.as2_test_env: Reset complete. Initial obs: [-0.39710873  0.36793837  0.04416492  0.5318894 ]
04:33:08 [WARNING] rl_uav.envs.as2_test_env: Skipping velocity reset; simulator service reset required (terminal_out_of_bounds)
[ERROR] [1783132390.171725839] [drone0.drone0_interface]: Service returned failure
[ERROR] [1783132391.136055600] [drone0.drone0_interface]: Service returned failure
04:33:18 [INFO] rl_uav.envs.as2_test_env: Reset complete. Initial obs: [ 0.7633762  -0.28603086  0.00547934  0.71350116]
04:33:21 [WARNING] rl_uav.envs.as2_test_env: Skipping velocity reset; simulator service reset required (terminal_out_of_bounds)
[ERROR] [1783132403.188530365] [drone0.drone0_interface]: Service returned failure
[ERROR] [1783132404.165766530] [drone0.drone0_interface]: Service returned failure
04:33:31 [INFO] rl_uav.envs.as2_test_env: Reset complete. Initial obs: [ 0.01337013  0.27774525  0.03317442 -0.79716694]
04:33:43 [WARNING] rl_uav.envs.as2_test_env: Skipping velocity reset; simulator service reset required (terminal_out_of_bounds)
[ERROR] [1783132425.197649673] [drone0.drone0_interface]: Service returned failure
[ERROR] [1783132426.192741119] [drone0.drone0_interface]: Service returned failure
04:33:53 [INFO] rl_uav.envs.as2_test_env: Reset complete. Initial obs: [ 0.45129898  0.64276797 -0.10337692  0.8479354 ]
04:33:56 [WARNING] rl_uav.envs.as2_test_env: Skipping velocity reset; simulator service reset required (terminal_out_of_bounds)
[ERROR] [1783132437.709419279] [drone0.drone0_interface]: Service returned failure
[ERROR] [1783132438.705290614] [drone0.drone0_interface]: Service returned failure
04:34:06 [INFO] rl_uav.envs.as2_test_env: Reset complete. Initial obs: [ 0.7285355  -0.21329132 -0.05310341 -0.7739675 ]
04:34:08 [WARNING] rl_uav.envs.as2_test_env: Skipping velocity reset; simulator service reset required (terminal_out_of_bounds)
[ERROR] [1783132450.420257211] [drone0.drone0_interface]: Service returned failure
[ERROR] [1783132451.424531140] [drone0.drone0_interface]: Service returned failure
04:34:19 [INFO] rl_uav.envs.as2_test_env: Reset complete. Initial obs: [-0.10364628  0.61602473  0.0487241  -0.5850991 ]
04:34:20 [WARNING] rl_uav.envs.as2_test_env: Skipping velocity reset; simulator service reset required (terminal_out_of_bounds)
[ERROR] [1783132462.229898403] [drone0.drone0_interface]: Service returned failure
[ERROR] [1783132463.257210962] [drone0.drone0_interface]: Service returned failure
04:34:31 [INFO] rl_uav.envs.as2_test_env: Reset complete. Initial obs: [ 0.00489897 -0.27672932 -0.07929553  0.6886859 ]
04:34:45 [WARNING] rl_uav.envs.as2_test_env: Skipping velocity reset; simulator service reset required (terminal_out_of_bounds)
[ERROR] [1783132487.637764685] [drone0.drone0_interface]: Service returned failure
[ERROR] [1783132488.674007982] [drone0.drone0_interface]: Service returned failure
04:34:56 [INFO] rl_uav.envs.as2_test_env: Reset complete. Initial obs: [ 0.5019452  -0.42433175  0.03231054 -0.9820737 ]
04:35:07 [WARNING] rl_uav.envs.as2_test_env: Skipping velocity reset; simulator service reset required (terminal_out_of_bounds)
[ERROR] [1783132508.951741646] [drone0.drone0_interface]: Service returned failure
[ERROR] [1783132509.993894055] [drone0.drone0_interface]: Service returned failure
04:35:18 [INFO] rl_uav.envs.as2_test_env: Reset complete. Initial obs: [0.2395461  0.10476688 0.03312816 0.6646521 ]
04:35:23 [WARNING] rl_uav.envs.as2_test_env: Skipping velocity reset; simulator service reset required (terminal_out_of_bounds)
[ERROR] [1783132525.564041793] [drone0.drone0_interface]: Service returned failure
[ERROR] [1783132526.624206441] [drone0.drone0_interface]: Service returned failure
04:35:31 [INFO] rl_uav.envs.as2_test_env: Reset complete. Initial obs: [-0.09735125  0.3366407   0.0830345   0.7280671 ]
04:35:35 [WARNING] rl_uav.envs.as2_test_env: Skipping velocity reset; simulator service reset required (terminal_out_of_bounds)
[ERROR] [1783132537.461286070] [drone0.drone0_interface]: Service returned failure
[ERROR] [1783132538.518282453] [drone0.drone0_interface]: Service returned failure
04:35:46 [INFO] rl_uav.envs.as2_test_env: Reset complete. Initial obs: [ 0.25375676 -0.2800686  -0.1016539  -0.624357  ]
04:35:49 [WARNING] rl_uav.envs.as2_test_env: Skipping velocity reset; simulator service reset required (terminal_out_of_bounds)
[ERROR] [1783132551.479731764] [drone0.drone0_interface]: Service returned failure
[ERROR] [1783132552.556062658] [drone0.drone0_interface]: Service returned failure
04:36:00 [INFO] rl_uav.envs.as2_test_env: Reset complete. Initial obs: [ 0.3875309  -0.4430013  -0.03386942 -0.8986647 ]
04:36:07 [WARNING] rl_uav.envs.as2_test_env: Skipping velocity reset; simulator service reset required (terminal_out_of_bounds)
[ERROR] [1783132569.094413150] [drone0.drone0_interface]: Service returned failure
[ERROR] [1783132570.179586109] [drone0.drone0_interface]: Service returned failure
04:36:15 [INFO] rl_uav.envs.as2_test_env: Reset complete. Initial obs: [ 0.36832708 -0.6446645  -0.02881557 -0.67845297]
04:36:20 [WARNING] rl_uav.envs.as2_test_env: Skipping velocity reset; simulator service reset required (terminal_out_of_bounds)
[ERROR] [1783132581.803538949] [drone0.drone0_interface]: Service returned failure
[ERROR] [1783132582.896205939] [drone0.drone0_interface]: Service returned failure
04:36:31 [INFO] rl_uav.envs.as2_test_env: Reset complete. Initial obs: [-0.20337437  0.93265134 -0.05139743  0.19225092]
04:36:36 [WARNING] rl_uav.envs.as2_test_env: Skipping velocity reset; simulator service reset required (terminal_out_of_bounds)
[ERROR] [1783132598.005184011] [drone0.drone0_interface]: Service returned failure
[ERROR] [1783132599.107063503] [drone0.drone0_interface]: Service returned failure
04:36:44 [INFO] rl_uav.envs.as2_test_env: Reset complete. Initial obs: [ 0.75859886 -0.51380134 -0.09862426 -0.11473229]
-----------------------------------------
| rollout/                |             |
|    ep_len_mean          | 42.3        |
|    ep_rew_mean          | -29.3       |
|    success_rate         | 0.0104      |
| time/                   |             |
|    fps                  | 2           |
|    iterations           | 8           |
|    time_elapsed         | 1581        |
|    total_timesteps      | 4096        |
| train/                  |             |
|    approx_kl            | 0.008582061 |
|    clip_fraction        | 0.0301      |
|    clip_range           | 0.2         |
|    entropy_loss         | -5.41       |
|    explained_variance   | 0.0124      |
|    learning_rate        | 3e-05       |
|    loss                 | 36.5        |
|    n_updates            | 35          |
|    policy_gradient_loss | -0.00861    |
|    std                  | 1           |
|    value_loss           | 77.9        |
-----------------------------------------
04:36:53 [WARNING] rl_uav.envs.as2_test_env: Skipping velocity reset; simulator service reset required (terminal_out_of_bounds)
[ERROR] [1783132615.018954911] [drone0.drone0_interface]: Service returned failure
[ERROR] [1783132616.129266757] [drone0.drone0_interface]: Service returned failure
04:37:01 [INFO] rl_uav.envs.as2_test_env: Reset complete. Initial obs: [-0.06409746 -0.9134594  -0.05244826  0.76526386]
04:37:06 [WARNING] rl_uav.envs.as2_test_env: Skipping velocity reset; simulator service reset required (terminal_out_of_bounds)
[ERROR] [1783132627.822024391] [drone0.drone0_interface]: Service returned failure
[ERROR] [1783132628.940403328] [drone0.drone0_interface]: Service returned failure
04:37:14 [INFO] rl_uav.envs.as2_test_env: Reset complete. Initial obs: [-0.4887172   0.32928148 -0.0665651  -0.54721296]
04:37:30 [WARNING] rl_uav.envs.as2_test_env: Reset started at valid low altitude z=0.976; climbing to hover 1.400m with bounded velocity recovery
04:37:33 [WARNING] rl_uav.envs.as2_test_env: Skipping velocity reset; simulator service reset required (terminal_out_of_bounds)
[ERROR] [1783132654.732150013] [drone0.drone0_interface]: Service returned failure
[ERROR] [1783132655.863586156] [drone0.drone0_interface]: Service returned failure
04:37:40 [INFO] rl_uav.envs.as2_test_env: Reset complete. Initial obs: [0.15122712 0.17737144 0.0830094  0.19326675]
04:37:43 [WARNING] rl_uav.envs.as2_test_env: Skipping velocity reset; simulator service reset required (terminal_out_of_bounds)
[ERROR] [1783132665.523182061] [drone0.drone0_interface]: Service returned failure
[ERROR] [1783132666.653492140] [drone0.drone0_interface]: Service returned failure
04:37:51 [INFO] rl_uav.envs.as2_test_env: Reset complete. Initial obs: [-0.36059475  0.7465723  -0.03334263  0.7045073 ]
04:37:58 [WARNING] rl_uav.envs.as2_test_env: Skipping velocity reset; simulator service reset required (terminal_out_of_bounds)
[ERROR] [1783132679.852360360] [drone0.drone0_interface]: Service returned failure
[ERROR] [1783132680.997380068] [drone0.drone0_interface]: Service returned failure
04:38:06 [INFO] rl_uav.envs.as2_test_env: Reset complete. Initial obs: [ 0.29541647 -0.1260486  -0.06950948 -0.2009981 ]
04:38:20 [WARNING] rl_uav.envs.as2_test_env: Skipping velocity reset; simulator service reset required (terminal_out_of_bounds)
[ERROR] [1783132701.958053583] [drone0.drone0_interface]: Service returned failure
[ERROR] [1783132703.111000698] [drone0.drone0_interface]: Service returned failure
04:38:28 [INFO] rl_uav.envs.as2_test_env: Reset complete. Initial obs: [ 0.51919895  0.76643014  0.00796012 -0.31702152]
04:38:33 [WARNING] rl_uav.envs.as2_test_env: Skipping velocity reset; simulator service reset required (terminal_out_of_bounds)
[ERROR] [1783132714.961500411] [drone0.drone0_interface]: Service returned failure
[ERROR] [1783132716.124109317] [drone0.drone0_interface]: Service returned failure
04:38:41 [INFO] rl_uav.envs.as2_test_env: Reset complete. Initial obs: [0.56995976 0.3538843  0.05141278 0.5633337 ]
04:38:44 [WARNING] rl_uav.envs.as2_test_env: Skipping velocity reset; simulator service reset required (terminal_out_of_bounds)
[ERROR] [1783132726.547543269] [drone0.drone0_interface]: Service returned failure
[ERROR] [1783132727.710591880] [drone0.drone0_interface]: Service returned failure
04:38:52 [INFO] rl_uav.envs.as2_test_env: Reset complete. Initial obs: [-0.3020217  -0.10030685  0.01254287 -0.96811765]
04:38:55 [WARNING] rl_uav.envs.as2_test_env: Skipping velocity reset; simulator service reset required (terminal_out_of_bounds)
[ERROR] [1783132737.460132753] [drone0.drone0_interface]: Service returned failure
[ERROR] [1783132738.616822705] [drone0.drone0_interface]: Service returned failure
04:39:03 [INFO] rl_uav.envs.as2_test_env: Reset complete. Initial obs: [ 0.1398292  -0.766577    0.02370021 -0.9202601 ]
04:39:06 [WARNING] rl_uav.envs.as2_test_env: Skipping velocity reset; simulator service reset required (terminal_out_of_bounds)
[ERROR] [1783132747.860434411] [drone0.drone0_interface]: Service returned failure
[ERROR] [1783132749.023954978] [drone0.drone0_interface]: Service returned failure
04:39:14 [INFO] rl_uav.envs.as2_test_env: Reset complete. Initial obs: [-0.7239587  -0.00903227 -0.10082413 -0.08254712]
04:39:18 [WARNING] rl_uav.envs.as2_test_env: Reset started at valid low altitude z=0.950; climbing to hover 1.400m with bounded velocity recovery
04:39:21 [WARNING] rl_uav.envs.as2_test_env: Skipping velocity reset; simulator service reset required (terminal_out_of_bounds)
[ERROR] [1783132762.885465520] [drone0.drone0_interface]: Service returned failure
[ERROR] [1783132764.078235201] [drone0.drone0_interface]: Service returned failure
04:39:29 [INFO] rl_uav.envs.as2_test_env: Reset complete. Initial obs: [ 0.17595172  0.9302288  -0.12425043 -0.13111244]
04:39:34 [WARNING] rl_uav.envs.as2_test_env: Reset started at valid low altitude z=0.984; climbing to hover 1.400m with bounded velocity recovery
04:39:37 [WARNING] rl_uav.envs.as2_test_env: Skipping velocity reset; simulator service reset required (terminal_out_of_bounds)
[ERROR] [1783132779.704667687] [drone0.drone0_interface]: Service returned failure
[ERROR] [1783132780.898822265] [drone0.drone0_interface]: Service returned failure
04:39:46 [INFO] rl_uav.envs.as2_test_env: Reset complete. Initial obs: [-4.4873518e-01 -2.7772339e-04  1.8897953e-02 -4.5869729e-01]
04:39:50 [INFO] rl_uav.envs.as2_test_env: Keeping drone airborne for velocity reset...
[ERROR] [1783132792.505248220] [drone0.drone0_interface]: Service returned failure
[ERROR] [1783132793.703174097] [drone0.drone0_interface]: Service returned failure
04:40:09 [INFO] rl_uav.envs.as2_test_env: Reset complete. Initial obs: [ 0.00658929 -0.7704171  -0.04443312  0.13542977]
04:40:29 [WARNING] rl_uav.envs.as2_test_env: Skipping velocity reset; simulator service reset required (terminal_out_of_bounds)
[ERROR] [1783132831.519460910] [drone0.drone0_interface]: Service returned failure
[ERROR] [1783132832.732482176] [drone0.drone0_interface]: Service returned failure
04:40:38 [INFO] rl_uav.envs.as2_test_env: Reset complete. Initial obs: [-0.71112454  0.34504262  0.08596306 -0.10021538]
04:40:39 [WARNING] rl_uav.envs.as2_test_env: Skipping velocity reset; simulator service reset required (terminal_out_of_bounds)
[ERROR] [1783132841.696345414] [drone0.drone0_interface]: Service returned failure
[ERROR] [1783132842.894837696] [drone0.drone0_interface]: Service returned failure
04:40:48 [INFO] rl_uav.envs.as2_test_env: Reset complete. Initial obs: [ 0.20742324  0.43263188  0.02699414 -0.23362024]
04:40:52 [WARNING] rl_uav.envs.as2_test_env: Skipping velocity reset; simulator service reset required (terminal_out_of_bounds)
[ERROR] [1783132854.424440143] [drone0.drone0_interface]: Service returned failure
[ERROR] [1783132855.651125671] [drone0.drone0_interface]: Service returned failure
04:41:01 [INFO] rl_uav.envs.as2_test_env: Reset complete. Initial obs: [ 0.21299013 -0.5142633  -0.00369251 -0.14265178]
04:41:02 [WARNING] rl_uav.envs.as2_test_env: Reset started at valid low altitude z=0.953; climbing to hover 1.400m with bounded velocity recovery
04:41:05 [WARNING] rl_uav.envs.as2_test_env: Skipping velocity reset; simulator service reset required (terminal_out_of_bounds)
[ERROR] [1783132867.933438235] [drone0.drone0_interface]: Service returned failure
[ERROR] [1783132869.167814596] [drone0.drone0_interface]: Service returned failure
04:41:14 [INFO] rl_uav.envs.as2_test_env: Reset complete. Initial obs: [-0.491605    0.39758667 -0.11965112 -0.20135953]
-----------------------------------------
| rollout/                |             |
|    ep_len_mean          | 41.4        |
|    ep_rew_mean          | -28.9       |
|    success_rate         | 0.02        |
| time/                   |             |
|    fps                  | 2           |
|    iterations           | 9           |
|    time_elapsed         | 1849        |
|    total_timesteps      | 4608        |
| train/                  |             |
|    approx_kl            | 0.007153296 |
|    clip_fraction        | 0.0395      |
|    clip_range           | 0.2         |
|    entropy_loss         | -5.53       |
|    explained_variance   | -0.00107    |
|    learning_rate        | 3e-05       |
|    loss                 | 33.5        |
|    n_updates            | 40          |
|    policy_gradient_loss | -0.00544    |
|    std                  | 1           |
|    value_loss           | 82          |
-----------------------------------------
04:41:22 [WARNING] rl_uav.envs.as2_test_env: Reset started at valid low altitude z=0.996; climbing to hover 1.400m with bounded velocity recovery
04:41:25 [WARNING] rl_uav.envs.as2_test_env: Skipping velocity reset; simulator service reset required (terminal_out_of_bounds)
[ERROR] [1783132887.950010744] [drone0.drone0_interface]: Service returned failure
[ERROR] [1783132889.187269887] [drone0.drone0_interface]: Service returned failure
04:41:34 [INFO] rl_uav.envs.as2_test_env: Reset complete. Initial obs: [-0.25682217 -0.6598226  -0.04234329  0.21919413]
04:41:46 [WARNING] rl_uav.envs.as2_test_env: Skipping velocity reset; simulator service reset required (terminal_out_of_bounds)
[ERROR] [1783132908.755177175] [drone0.drone0_interface]: Service returned failure
[ERROR] [1783132910.007361249] [drone0.drone0_interface]: Service returned failure
04:41:58 [INFO] rl_uav.envs.as2_test_env: Reset complete. Initial obs: [ 0.43746257 -0.5856302  -0.05605175  0.74800634]
04:42:03 [WARNING] rl_uav.envs.as2_test_env: Skipping velocity reset; simulator service reset required (terminal_out_of_bounds)
[ERROR] [1783132925.666483758] [drone0.drone0_interface]: Service returned failure
[ERROR] [1783132926.931763647] [drone0.drone0_interface]: Service returned failure
04:42:15 [INFO] rl_uav.envs.as2_test_env: Reset complete. Initial obs: [ 0.12820497 -0.23356652  0.04781241  0.58124375]
04:42:17 [WARNING] rl_uav.envs.as2_test_env: Skipping velocity reset; simulator service reset required (terminal_out_of_bounds)
[ERROR] [1783132939.374663368] [drone0.drone0_interface]: Service returned failure
[ERROR] [1783132940.645873586] [drone0.drone0_interface]: Service returned failure
04:42:29 [INFO] rl_uav.envs.as2_test_env: Reset complete. Initial obs: [-0.9908806  -0.04850297  0.04815747 -0.31323358]
04:42:31 [WARNING] rl_uav.envs.as2_test_env: Skipping velocity reset; simulator service reset required (terminal_out_of_bounds)
[ERROR] [1783132953.330784059] [drone0.drone0_interface]: Service returned failure
[ERROR] [1783132954.612292086] [drone0.drone0_interface]: Service returned failure
04:42:43 [INFO] rl_uav.envs.as2_test_env: Reset complete. Initial obs: [ 0.84141153 -0.13619791 -0.07603382 -0.4405684 ]
04:42:45 [WARNING] rl_uav.envs.as2_test_env: Reset started at valid low altitude z=0.998; climbing to hover 1.400m with bounded velocity recovery
04:42:48 [WARNING] rl_uav.envs.as2_test_env: Skipping velocity reset; simulator service reset required (terminal_out_of_bounds)
[ERROR] [1783132970.401164169] [drone0.drone0_interface]: Service returned failure
[ERROR] [1783132971.696099831] [drone0.drone0_interface]: Service returned failure
04:43:00 [INFO] rl_uav.envs.as2_test_env: Reset complete. Initial obs: [-0.12450635 -0.5711238   0.0220584   0.11675999]
04:43:08 [WARNING] rl_uav.envs.as2_test_env: Skipping velocity reset; simulator service reset required (terminal_out_of_bounds)
[ERROR] [1783132990.002705741] [drone0.drone0_interface]: Service returned failure
[ERROR] [1783132991.308002069] [drone0.drone0_interface]: Service returned failure
04:43:19 [INFO] rl_uav.envs.as2_test_env: Reset complete. Initial obs: [0.5829433  0.7091702  0.0473661  0.00332531]
04:43:22 [WARNING] rl_uav.envs.as2_test_env: Skipping velocity reset; simulator service reset required (terminal_out_of_bounds)
[ERROR] [1783133004.126381902] [drone0.drone0_interface]: Service returned failure
[ERROR] [1783133005.442459645] [drone0.drone0_interface]: Service returned failure
04:43:34 [INFO] rl_uav.envs.as2_test_env: Reset complete. Initial obs: [-0.42804134  0.04440799 -0.10341702 -0.24362065]
04:43:37 [WARNING] rl_uav.envs.as2_test_env: Skipping velocity reset; simulator service reset required (terminal_out_of_bounds)
[ERROR] [1783133019.833432555] [drone0.drone0_interface]: Service returned failure
[ERROR] [1783133021.159735347] [drone0.drone0_interface]: Service returned failure
04:43:49 [INFO] rl_uav.envs.as2_test_env: Reset complete. Initial obs: [-0.21571562  0.38695943  0.11109128  0.84799397]
04:43:52 [WARNING] rl_uav.envs.as2_test_env: Skipping velocity reset; simulator service reset required (terminal_out_of_bounds)
[ERROR] [1783133034.846496135] [drone0.drone0_interface]: Service returned failure
[ERROR] [1783133036.188384670] [drone0.drone0_interface]: Service returned failure
04:44:05 [INFO] rl_uav.envs.as2_test_env: Reset complete. Initial obs: [ 0.56857455  0.26139233  0.06576901 -0.4249018 ]
04:44:13 [WARNING] rl_uav.envs.as2_test_env: Skipping velocity reset; simulator service reset required (terminal_out_of_bounds)
[ERROR] [1783133056.049699425] [drone0.drone0_interface]: Service returned failure
[ERROR] [1783133057.400271365] [drone0.drone0_interface]: Service returned failure
04:44:26 [INFO] rl_uav.envs.as2_test_env: Reset complete. Initial obs: [-0.6645986   0.01835177 -0.00305294 -0.7828147 ]
04:44:29 [WARNING] rl_uav.envs.as2_test_env: Skipping velocity reset; simulator service reset required (terminal_out_of_bounds)
[ERROR] [1783133071.767850120] [drone0.drone0_interface]: Service returned failure
[ERROR] [1783133073.130779366] [drone0.drone0_interface]: Service returned failure
04:44:42 [INFO] rl_uav.envs.as2_test_env: Reset complete. Initial obs: [-0.8461159   0.40498182  0.03725854  0.44818762]
04:44:44 [WARNING] rl_uav.envs.as2_test_env: Reset started at valid low altitude z=0.976; climbing to hover 1.400m with bounded velocity recovery
04:44:48 [WARNING] rl_uav.envs.as2_test_env: Skipping velocity reset; simulator service reset required (terminal_out_of_bounds)
[ERROR] [1783133090.477740700] [drone0.drone0_interface]: Service returned failure
[ERROR] [1783133091.849983376] [drone0.drone0_interface]: Service returned failure
04:45:00 [INFO] rl_uav.envs.as2_test_env: Reset complete. Initial obs: [-0.0007478   0.45547938  0.00509047  0.6105929 ]
04:45:02 [WARNING] rl_uav.envs.as2_test_env: Reset started at valid low altitude z=0.887; climbing to hover 1.400m with bounded velocity recovery
04:45:06 [WARNING] rl_uav.envs.as2_test_env: Skipping velocity reset; simulator service reset required (terminal_out_of_bounds)
[ERROR] [1783133108.275645789] [drone0.drone0_interface]: Service returned failure
[ERROR] [1783133109.653462246] [drone0.drone0_interface]: Service returned failure
04:45:18 [INFO] rl_uav.envs.as2_test_env: Reset complete. Initial obs: [-0.5429826   0.08039295  0.0123802  -0.24984382]
04:45:23 [WARNING] rl_uav.envs.as2_test_env: Reset started at valid low altitude z=0.932; climbing to hover 1.400m with bounded velocity recovery
04:45:27 [WARNING] rl_uav.envs.as2_test_env: Skipping velocity reset; simulator service reset required (terminal_out_of_bounds)
[ERROR] [1783133129.699035517] [drone0.drone0_interface]: Service returned failure
[ERROR] [1783133131.195710482] [drone0.drone0_interface]: Service returned failure
04:45:40 [INFO] rl_uav.envs.as2_test_env: Reset complete. Initial obs: [0.80058366 0.1104965  0.09284782 0.07031096]
04:45:42 [WARNING] rl_uav.envs.as2_test_env: Reset started at valid low altitude z=0.839; climbing to hover 1.400m with bounded velocity recovery
04:45:46 [WARNING] rl_uav.envs.as2_test_env: Skipping velocity reset; simulator service reset required (terminal_out_of_bounds)
[ERROR] [1783133148.611886892] [drone0.drone0_interface]: Service returned failure
[ERROR] [1783133150.012425182] [drone0.drone0_interface]: Service returned failure
04:45:59 [INFO] rl_uav.envs.as2_test_env: Reset complete. Initial obs: [-0.04463408  0.85684025 -0.01477798  0.15174495]
04:46:06 [WARNING] rl_uav.envs.as2_test_env: Skipping velocity reset; simulator service reset required (terminal_out_of_bounds)
[ERROR] [1783133168.518025291] [drone0.drone0_interface]: Service returned failure
[ERROR] [1783133169.927531520] [drone0.drone0_interface]: Service returned failure
04:46:19 [INFO] rl_uav.envs.as2_test_env: Reset complete. Initial obs: [-0.36616537  0.15596864  0.0115389  -0.1314506 ]
04:46:37 [WARNING] rl_uav.envs.as2_test_env: Reset started at valid low altitude z=0.978; climbing to hover 1.400m with bounded velocity recovery
04:46:40 [WARNING] rl_uav.envs.as2_test_env: Skipping velocity reset; simulator service reset required (terminal_out_of_bounds)
[ERROR] [1783133202.834193330] [drone0.drone0_interface]: Service returned failure
[ERROR] [1783133204.263097717] [drone0.drone0_interface]: Service returned failure
04:46:53 [INFO] rl_uav.envs.as2_test_env: Reset complete. Initial obs: [-0.59139     0.6512134   0.04850076 -0.03649221]
04:46:56 [WARNING] rl_uav.envs.as2_test_env: Reset started at valid low altitude z=0.966; climbing to hover 1.400m with bounded velocity recovery
04:46:59 [WARNING] rl_uav.envs.as2_test_env: Skipping velocity reset; simulator service reset required (terminal_out_of_bounds)
[ERROR] [1783133221.946548776] [drone0.drone0_interface]: Service returned failure
[ERROR] [1783133224.341151299] [drone0.drone0_interface]: Service returned failure
04:47:13 [INFO] rl_uav.envs.as2_test_env: Reset complete. Initial obs: [ 0.2540973   0.49804893  0.03560952 -0.66424245]
04:47:19 [WARNING] rl_uav.envs.as2_test_env: Skipping velocity reset; simulator service reset required (terminal_out_of_bounds)
[ERROR] [1783133242.059603016] [drone0.drone0_interface]: Service returned failure
[ERROR] [1783133243.512374395] [drone0.drone0_interface]: Service returned failure
04:47:32 [INFO] rl_uav.envs.as2_test_env: Reset complete. Initial obs: [ 0.9119873  -0.19021137 -0.00749634 -0.9094352 ]
-----------------------------------------
| rollout/                |             |
|    ep_len_mean          | 38.8        |
|    ep_rew_mean          | -28.5       |
|    success_rate         | 0.01        |
| time/                   |             |
|    fps                  | 2           |
|    iterations           | 10          |
|    time_elapsed         | 2226        |
|    total_timesteps      | 5120        |
| train/                  |             |
|    approx_kl            | 0.011580136 |
|    clip_fraction        | 0.0648      |
|    clip_range           | 0.2         |
|    entropy_loss         | -5.8        |
|    explained_variance   | 0.0353      |
|    learning_rate        | 3e-05       |
|    loss                 | 50.1        |
|    n_updates            | 45          |
|    policy_gradient_loss | -0.000252   |
|    std                  | 1           |
|    value_loss           | 102         |
-----------------------------------------
04:47:39 [WARNING] rl_uav.envs.as2_test_env: Skipping velocity reset; simulator service reset required (terminal_out_of_bounds)
[ERROR] [1783133261.362252485] [drone0.drone0_interface]: Service returned failure
[ERROR] [1783133262.819402963] [drone0.drone0_interface]: Service returned failure
04:47:52 [INFO] rl_uav.envs.as2_test_env: Reset complete. Initial obs: [ 0.54970247 -0.21010219 -0.00138685 -0.45559815]
04:48:08 [WARNING] rl_uav.envs.as2_test_env: Skipping velocity reset; simulator service reset required (terminal_out_of_bounds)
[ERROR] [1783133290.776562728] [drone0.drone0_interface]: Service returned failure
[ERROR] [1783133292.242967285] [drone0.drone0_interface]: Service returned failure
04:48:21 [INFO] rl_uav.envs.as2_test_env: Reset complete. Initial obs: [-0.17388685 -0.07077111  0.08089471 -0.00379175]
04:48:29 [WARNING] rl_uav.envs.as2_test_env: Skipping velocity reset; simulator service reset required (terminal_out_of_bounds)
[ERROR] [1783133312.277577623] [drone0.drone0_interface]: Service returned failure
[ERROR] [1783133313.762465632] [drone0.drone0_interface]: Service returned failure
04:48:43 [INFO] rl_uav.envs.as2_test_env: Reset complete. Initial obs: [-0.05377063 -0.3944401  -0.0905923  -0.70140076]
04:48:49 [WARNING] rl_uav.envs.as2_test_env: Skipping velocity reset; simulator service reset required (terminal_out_of_bounds)
[ERROR] [1783133331.403575063] [drone0.drone0_interface]: Service returned failure
[ERROR] [1783133332.899177504] [drone0.drone0_interface]: Service returned failure
04:49:02 [INFO] rl_uav.envs.as2_test_env: Reset complete. Initial obs: [ 0.07139162  0.23378332 -0.04299634 -0.09425816]
04:49:12 [WARNING] rl_uav.envs.as2_test_env: Skipping velocity reset; simulator service reset required (terminal_out_of_bounds)
[ERROR] [1783133354.803559986] [drone0.drone0_interface]: Service returned failure
[ERROR] [1783133356.312616064] [drone0.drone0_interface]: Service returned failure
04:49:26 [INFO] rl_uav.envs.as2_test_env: Reset complete. Initial obs: [ 0.19580275 -0.93808955 -0.01801481  0.20764667]
04:49:28 [WARNING] rl_uav.envs.as2_test_env: Reset started at valid low altitude z=0.959; climbing to hover 1.400m with bounded velocity recovery
04:49:31 [WARNING] rl_uav.envs.as2_test_env: Skipping velocity reset; simulator service reset required (terminal_out_of_bounds)
[ERROR] [1783133373.521809516] [drone0.drone0_interface]: Service returned failure
[ERROR] [1783133375.040445371] [drone0.drone0_interface]: Service returned failure
04:49:45 [INFO] rl_uav.envs.as2_test_env: Reset complete. Initial obs: [ 0.46328676  0.08666724  0.03117322 -0.7369727 ]
04:49:48 [WARNING] rl_uav.envs.as2_test_env: Skipping velocity reset; simulator service reset required (terminal_out_of_bounds)
[ERROR] [1783133391.337059405] [drone0.drone0_interface]: Service returned failure
[ERROR] [1783133392.861493572] [drone0.drone0_interface]: Service returned failure
04:50:02 [INFO] rl_uav.envs.as2_test_env: Reset complete. Initial obs: [ 0.709764   -0.2902475  -0.05160104 -0.15342242]
04:50:05 [WARNING] rl_uav.envs.as2_test_env: Reset started at valid low altitude z=0.810; climbing to hover 1.400m with bounded velocity recovery
04:50:09 [WARNING] rl_uav.envs.as2_test_env: Skipping velocity reset; simulator service reset required (terminal_out_of_bounds)
[ERROR] [1783133411.144595896] [drone0.drone0_interface]: Service returned failure
[ERROR] [1783133412.687475572] [drone0.drone0_interface]: Service returned failure
04:50:22 [INFO] rl_uav.envs.as2_test_env: Reset complete. Initial obs: [ 0.06060107  0.32183862 -0.0356538   0.37449202]
04:50:30 [WARNING] rl_uav.envs.as2_test_env: Skipping velocity reset; simulator service reset required (terminal_out_of_bounds)
[ERROR] [1783133433.063513016] [drone0.drone0_interface]: Service returned failure
[ERROR] [1783133434.616798097] [drone0.drone0_interface]: Service returned failure
04:50:44 [INFO] rl_uav.envs.as2_test_env: Reset complete. Initial obs: [-0.04496876  0.5152979   0.04186296  0.78881687]
04:51:00 [WARNING] rl_uav.envs.as2_test_env: Reset started at valid low altitude z=0.941; climbing to hover 1.400m with bounded velocity recovery
04:51:03 [WARNING] rl_uav.envs.as2_test_env: Skipping velocity reset; simulator service reset required (terminal_out_of_bounds)
[ERROR] [1783133465.164352915] [drone0.drone0_interface]: Service returned failure
[ERROR] [1783133466.731060297] [drone0.drone0_interface]: Service returned failure
04:51:17 [INFO] rl_uav.envs.as2_test_env: Reset complete. Initial obs: [-0.25380558 -0.5264315   0.0720055   0.97411263]
04:51:28 [WARNING] rl_uav.envs.as2_test_env: Skipping velocity reset; simulator service reset required (terminal_out_of_bounds)
[ERROR] [1783133491.383223297] [drone0.drone0_interface]: Service returned failure
[ERROR] [1783133492.955698229] [drone0.drone0_interface]: Service returned failure
04:51:43 [INFO] rl_uav.envs.as2_test_env: Reset complete. Initial obs: [-0.43568143  0.16524239 -0.06613725  0.19549558]
04:51:46 [WARNING] rl_uav.envs.as2_test_env: Skipping velocity reset; simulator service reset required (terminal_out_of_bounds)
[ERROR] [1783133508.588891349] [drone0.drone0_interface]: Service returned failure
[ERROR] [1783133510.168273201] [drone0.drone0_interface]: Service returned failure
04:52:00 [INFO] rl_uav.envs.as2_test_env: Reset complete. Initial obs: [ 0.91051066  0.309343   -0.04910128 -0.3892633 ]
04:52:02 [WARNING] rl_uav.envs.as2_test_env: Reset started at valid low altitude z=0.922; climbing to hover 1.400m with bounded velocity recovery
04:52:05 [WARNING] rl_uav.envs.as2_test_env: Skipping velocity reset; simulator service reset required (terminal_out_of_bounds)
[ERROR] [1783133527.788053512] [drone0.drone0_interface]: Service returned failure
[ERROR] [1783133529.385876488] [drone0.drone0_interface]: Service returned failure
04:52:19 [INFO] rl_uav.envs.as2_test_env: Reset complete. Initial obs: [ 0.40030217 -0.15554059  0.04107312  0.15100372]
04:52:27 [WARNING] rl_uav.envs.as2_test_env: Reset started at valid low altitude z=0.985; climbing to hover 1.400m with bounded velocity recovery
04:52:30 [WARNING] rl_uav.envs.as2_test_env: Skipping velocity reset; simulator service reset required (terminal_out_of_bounds)
[ERROR] [1783133552.217898140] [drone0.drone0_interface]: Service returned failure
[ERROR] [1783133553.815554501] [drone0.drone0_interface]: Service returned failure
04:52:44 [INFO] rl_uav.envs.as2_test_env: Reset complete. Initial obs: [-0.8613781  -0.4474909  -0.10630106  0.15118425]
-------------------------------------------
| rollout/                |               |
|    ep_len_mean          | 35.7          |
|    ep_rew_mean          | -27.3         |
|    success_rate         | 0.01          |
| time/                   |               |
|    fps                  | 2             |
|    iterations           | 11            |
|    time_elapsed         | 2540          |
|    total_timesteps      | 5632          |
| train/                  |               |
|    approx_kl            | 0.00057485513 |
|    clip_fraction        | 0             |
|    clip_range           | 0.2           |
|    entropy_loss         | -6.01         |
|    explained_variance   | 0.0347        |
|    learning_rate        | 3e-05         |
|    loss                 | 62.4          |
|    n_updates            | 50            |
|    policy_gradient_loss | 0.00153       |
|    std                  | 1             |
|    value_loss           | 100           |
-------------------------------------------
04:52:53 [WARNING] rl_uav.envs.as2_test_env: Skipping velocity reset; simulator service reset required (terminal_out_of_bounds)
[ERROR] [1783133575.629315135] [drone0.drone0_interface]: Service returned failure
[ERROR] [1783133577.242594259] [drone0.drone0_interface]: Service returned failure
04:53:07 [INFO] rl_uav.envs.as2_test_env: Reset complete. Initial obs: [-0.41116655  0.19410878  0.01786521  0.61259323]
04:53:30 [WARNING] rl_uav.envs.as2_test_env: Skipping velocity reset; simulator service reset required (terminal_out_of_bounds)
[ERROR] [1783133613.527298732] [drone0.drone0_interface]: Service returned failure
[ERROR] [1783133615.159264837] [drone0.drone0_interface]: Service returned failure
04:53:45 [INFO] rl_uav.envs.as2_test_env: Reset complete. Initial obs: [-0.6189466   0.29351097  0.00479516  0.53283656]
04:53:47 [WARNING] rl_uav.envs.as2_test_env: Reset started at valid low altitude z=0.927; climbing to hover 1.400m with bounded velocity recovery
04:53:51 [WARNING] rl_uav.envs.as2_test_env: Skipping velocity reset; simulator service reset required (terminal_out_of_bounds)
[ERROR] [1783133633.530409398] [drone0.drone0_interface]: Service returned failure
[ERROR] [1783133635.176525792] [drone0.drone0_interface]: Service returned failure
04:54:05 [INFO] rl_uav.envs.as2_test_env: Reset complete. Initial obs: [ 0.3625698  -0.11889195  0.07984158  0.8060646 ]
04:54:29 [WARNING] rl_uav.envs.as2_test_env: Skipping velocity reset; simulator service reset required (terminal_out_of_bounds)
[ERROR] [1783133672.248288769] [drone0.drone0_interface]: Service returned failure
[ERROR] [1783133673.898532498] [drone0.drone0_interface]: Service returned failure
04:54:40 [INFO] rl_uav.envs.as2_test_env: Reset complete. Initial obs: [ 0.85751903 -0.35712954 -0.00525216 -0.9449162 ]
04:54:42 [WARNING] rl_uav.envs.as2_test_env: Skipping velocity reset; simulator service reset required (terminal_out_of_bounds)
[ERROR] [1783133685.053569534] [drone0.drone0_interface]: Service returned failure
[ERROR] [1783133686.710576933] [drone0.drone0_interface]: Service returned failure
04:54:53 [INFO] rl_uav.envs.as2_test_env: Reset complete. Initial obs: [-0.01448361 -0.53403544  0.02978214  0.6446904 ]
04:54:56 [WARNING] rl_uav.envs.as2_test_env: Reset started at valid low altitude z=0.935; climbing to hover 1.400m with bounded velocity recovery
04:55:00 [WARNING] rl_uav.envs.as2_test_env: Skipping velocity reset; simulator service reset required (terminal_out_of_bounds)
[ERROR] [1783133702.259874606] [drone0.drone0_interface]: Service returned failure
[ERROR] [1783133703.924625531] [drone0.drone0_interface]: Service returned failure
04:55:14 [INFO] rl_uav.envs.as2_test_env: Reset complete. Initial obs: [-0.3007022  -0.93131876 -0.0996665   0.54073006]
04:55:15 [WARNING] rl_uav.envs.as2_test_env: Reset started at valid low altitude z=0.991; climbing to hover 1.400m with bounded velocity recovery
04:55:19 [WARNING] rl_uav.envs.as2_test_env: Skipping velocity reset; simulator service reset required (terminal_out_of_bounds)
[ERROR] [1783133721.779572587] [drone0.drone0_interface]: Service returned failure
[ERROR] [1783133723.455597677] [drone0.drone0_interface]: Service returned failure
04:55:29 [INFO] rl_uav.envs.as2_test_env: Reset complete. Initial obs: [-0.7253637   0.07155198 -0.06727921 -0.6947433 ]
04:55:36 [WARNING] rl_uav.envs.as2_test_env: Skipping velocity reset; simulator service reset required (terminal_out_of_bounds)
[ERROR] [1783133739.289030770] [drone0.drone0_interface]: Service returned failure
[ERROR] [1783133740.971618485] [drone0.drone0_interface]: Service returned failure
04:55:51 [INFO] rl_uav.envs.as2_test_env: Reset complete. Initial obs: [ 0.807663    0.35562995 -0.03826704  0.00227379]
04:55:56 [WARNING] rl_uav.envs.as2_test_env: Skipping velocity reset; simulator service reset required (terminal_out_of_bounds)
[ERROR] [1783133758.888941718] [drone0.drone0_interface]: Service returned failure
[ERROR] [1783133760.587674154] [drone0.drone0_interface]: Service returned failure
04:56:07 [INFO] rl_uav.envs.as2_test_env: Reset complete. Initial obs: [ 0.10368212  0.8591403   0.02239968 -0.26262707]
04:56:17 [WARNING] rl_uav.envs.as2_test_env: Reset started at valid low altitude z=0.948; climbing to hover 1.400m with bounded velocity recovery
04:56:21 [WARNING] rl_uav.envs.as2_test_env: Skipping velocity reset; simulator service reset required (terminal_out_of_bounds)
[ERROR] [1783133783.106302189] [drone0.drone0_interface]: Service returned failure
[ERROR] [1783133784.803658692] [drone0.drone0_interface]: Service returned failure
04:56:31 [INFO] rl_uav.envs.as2_test_env: Reset complete. Initial obs: [0.2913765  0.60800356 0.05530177 0.8087089 ]
04:56:36 [WARNING] rl_uav.envs.as2_test_env: Skipping velocity reset; simulator service reset required (terminal_out_of_bounds)
[ERROR] [1783133799.616968654] [drone0.drone0_interface]: Service returned failure
[ERROR] [1783133801.328720107] [drone0.drone0_interface]: Service returned failure
04:56:47 [INFO] rl_uav.envs.as2_test_env: Reset complete. Initial obs: [-0.64103484  0.09132968  0.08946145  0.32389772]
04:56:52 [WARNING] rl_uav.envs.as2_test_env: Skipping velocity reset; simulator service reset required (terminal_out_of_bounds)
[ERROR] [1783133815.217607552] [drone0.drone0_interface]: Service returned failure
[ERROR] [1783133816.927967312] [drone0.drone0_interface]: Service returned failure
04:57:03 [INFO] rl_uav.envs.as2_test_env: Reset complete. Initial obs: [-0.7928708  -0.55834794 -0.03897624  0.70875   ]
04:57:05 [WARNING] rl_uav.envs.as2_test_env: Skipping velocity reset; simulator service reset required (terminal_out_of_bounds)
[ERROR] [1783133828.520730732] [drone0.drone0_interface]: Service returned failure
[ERROR] [1783133830.240251686] [drone0.drone0_interface]: Service returned failure
04:57:16 [INFO] rl_uav.envs.as2_test_env: Reset complete. Initial obs: [ 0.6125135   0.01894409 -0.06606981  0.38736165]
04:57:20 [WARNING] rl_uav.envs.as2_test_env: Skipping velocity reset; simulator service reset required (terminal_out_of_bounds)
[ERROR] [1783133842.938845416] [drone0.drone0_interface]: Service returned failure
[ERROR] [1783133844.672028057] [drone0.drone0_interface]: Service returned failure
04:57:31 [INFO] rl_uav.envs.as2_test_env: Reset complete. Initial obs: [-0.24441282 -0.1467202   0.0964021  -0.8414703 ]
04:57:39 [WARNING] rl_uav.envs.as2_test_env: Skipping velocity reset; simulator service reset required (terminal_out_of_bounds)
[ERROR] [1783133861.844786648] [drone0.drone0_interface]: Service returned failure
[ERROR] [1783133863.586816380] [drone0.drone0_interface]: Service returned failure
04:57:50 [INFO] rl_uav.envs.as2_test_env: Reset complete. Initial obs: [-0.28492853 -0.5102676   0.00865576 -0.25694436]
------------------------------------------
| rollout/                |              |
|    ep_len_mean          | 34.6         |
|    ep_rew_mean          | -27.4        |
|    success_rate         | 0.01         |
| time/                   |              |
|    fps                  | 2            |
|    iterations           | 12           |
|    time_elapsed         | 2842         |
|    total_timesteps      | 6144         |
| train/                  |              |
|    approx_kl            | 0.0052373046 |
|    clip_fraction        | 0.0211       |
|    clip_range           | 0.2          |
|    entropy_loss         | -5.67        |
|    explained_variance   | 0.0676       |
|    learning_rate        | 3e-05        |
|    loss                 | 36.1         |
|    n_updates            | 55           |
|    policy_gradient_loss | -0.00145     |
|    std                  | 0.999        |
|    value_loss           | 77.1         |
------------------------------------------
04:57:54 [WARNING] rl_uav.envs.as2_test_env: Skipping velocity reset; simulator service reset required (terminal_out_of_bounds)
[ERROR] [1783133877.443749062] [drone0.drone0_interface]: Service returned failure
[ERROR] [1783133879.186624853] [drone0.drone0_interface]: Service returned failure
04:58:05 [INFO] rl_uav.envs.as2_test_env: Reset complete. Initial obs: [ 0.15726392  0.83635503  0.04593127 -0.61607623]
04:58:23 [WARNING] rl_uav.envs.as2_test_env: Skipping velocity reset; simulator service reset required (terminal_out_of_bounds)
[ERROR] [1783133906.263641910] [drone0.drone0_interface]: Service returned failure
[ERROR] [1783133908.024514972] [drone0.drone0_interface]: Service returned failure
04:58:34 [INFO] rl_uav.envs.as2_test_env: Reset complete. Initial obs: [ 0.19108877 -0.13954669 -0.03082564  0.5369147 ]
04:58:38 [WARNING] rl_uav.envs.as2_test_env: Skipping velocity reset; simulator service reset required (terminal_out_of_bounds)
[ERROR] [1783133920.869530676] [drone0.drone0_interface]: Service returned failure
[ERROR] [1783133922.633666797] [drone0.drone0_interface]: Service returned failure
04:58:49 [INFO] rl_uav.envs.as2_test_env: Reset complete. Initial obs: [ 0.08324298  0.22986665 -0.00153788  0.7925976 ]
04:59:01 [WARNING] rl_uav.envs.as2_test_env: Skipping velocity reset; simulator service reset required (terminal_out_of_bounds)
[ERROR] [1783133944.278903902] [drone0.drone0_interface]: Service returned failure
[ERROR] [1783133946.039249886] [drone0.drone0_interface]: Service returned failure
04:59:12 [INFO] rl_uav.envs.as2_test_env: Reset complete. Initial obs: [-0.5391296  -0.17591815 -0.05141416  0.9304392 ]
04:59:18 [WARNING] rl_uav.envs.as2_test_env: Skipping velocity reset; simulator service reset required (terminal_out_of_bounds)
[ERROR] [1783133961.082251372] [drone0.drone0_interface]: Service returned failure
[ERROR] [1783133962.864577286] [drone0.drone0_interface]: Service returned failure
04:59:29 [INFO] rl_uav.envs.as2_test_env: Reset complete. Initial obs: [0.69616574 0.5067015  0.05845788 0.49515498]
04:59:37 [WARNING] rl_uav.envs.as2_test_env: Skipping velocity reset; simulator service reset required (terminal_out_of_bounds)
[ERROR] [1783133980.190638763] [drone0.drone0_interface]: Service returned failure
[ERROR] [1783133981.977703325] [drone0.drone0_interface]: Service returned failure
04:59:48 [INFO] rl_uav.envs.as2_test_env: Reset complete. Initial obs: [0.2928103  0.49289796 0.0043072  0.12532379]
05:00:02 [WARNING] rl_uav.envs.as2_test_env: Reset started at valid low altitude z=0.903; climbing to hover 1.400m with bounded velocity recovery
05:00:06 [WARNING] rl_uav.envs.as2_test_env: Skipping velocity reset; simulator service reset required (terminal_out_of_bounds)
[ERROR] [1783134008.293974510] [drone0.drone0_interface]: Service returned failure
[ERROR] [1783134010.078818792] [drone0.drone0_interface]: Service returned failure
05:00:16 [INFO] rl_uav.envs.as2_test_env: Reset complete. Initial obs: [ 0.11593323  0.24368295  0.02742448 -0.15289515]
05:00:25 [INFO] rl_uav.envs.as2_test_env: Keeping drone airborne for velocity reset...
[ERROR] [1783134028.504355262] [drone0.drone0_interface]: Service returned failure
[ERROR] [1783134030.291424534] [drone0.drone0_interface]: Service returned failure
05:00:55 [INFO] rl_uav.envs.as2_test_env: Reset complete. Initial obs: [ 0.168112   -0.42061317  0.0175678  -0.8973462 ]
05:00:59 [WARNING] rl_uav.envs.as2_test_env: Skipping velocity reset; simulator service reset required (terminal_out_of_bounds)
[ERROR] [1783134062.408114649] [drone0.drone0_interface]: Service returned failure
[ERROR] [1783134064.219104837] [drone0.drone0_interface]: Service returned failure
05:01:11 [INFO] rl_uav.envs.as2_test_env: Reset complete. Initial obs: [-0.17744277 -0.6289274   0.12165888 -0.99365735]
05:01:12 [WARNING] rl_uav.envs.as2_test_env: Skipping velocity reset; simulator service reset required (terminal_out_of_bounds)
[ERROR] [1783134074.996991617] [drone0.drone0_interface]: Service returned failure
[ERROR] [1783134076.818184257] [drone0.drone0_interface]: Service returned failure
05:01:23 [INFO] rl_uav.envs.as2_test_env: Reset complete. Initial obs: [0.2727031  0.3184623  0.13438693 0.8480303 ]
05:01:24 [WARNING] rl_uav.envs.as2_test_env: Skipping velocity reset; simulator service reset required (terminal_out_of_bounds)
[ERROR] [1783134087.603909915] [drone0.drone0_interface]: Service returned failure
[ERROR] [1783134089.430845225] [drone0.drone0_interface]: Service returned failure
05:01:36 [INFO] rl_uav.envs.as2_test_env: Reset complete. Initial obs: [ 0.57161576 -0.24064657  0.0476278   0.38308945]
05:01:38 [WARNING] rl_uav.envs.as2_test_env: Skipping velocity reset; simulator service reset required (terminal_out_of_bounds)
[ERROR] [1783134101.622459289] [drone0.drone0_interface]: Service returned failure
[ERROR] [1783134103.455073103] [drone0.drone0_interface]: Service returned failure
05:01:50 [INFO] rl_uav.envs.as2_test_env: Reset complete. Initial obs: [ 0.20415989 -0.07783656  0.03409185  0.50054234]
05:01:54 [WARNING] rl_uav.envs.as2_test_env: Reset started at valid low altitude z=0.876; climbing to hover 1.400m with bounded velocity recovery
05:01:58 [WARNING] rl_uav.envs.as2_test_env: Skipping velocity reset; simulator service reset required (terminal_out_of_bounds)
[ERROR] [1783134120.142432897] [drone0.drone0_interface]: Service returned failure
[ERROR] [1783134121.985155176] [drone0.drone0_interface]: Service returned failure
05:02:08 [INFO] rl_uav.envs.as2_test_env: Reset complete. Initial obs: [-0.00789388 -0.7837761  -0.02423063 -0.9112487 ]
05:02:12 [WARNING] rl_uav.envs.as2_test_env: Reset started at valid low altitude z=0.973; climbing to hover 1.400m with bounded velocity recovery
05:02:16 [WARNING] rl_uav.envs.as2_test_env: Skipping velocity reset; simulator service reset required (terminal_out_of_bounds)
[ERROR] [1783134138.957240048] [drone0.drone0_interface]: Service returned failure
[ERROR] [1783134140.796900100] [drone0.drone0_interface]: Service returned failure
05:02:27 [INFO] rl_uav.envs.as2_test_env: Reset complete. Initial obs: [-0.15092745 -0.19297327  0.00940922  0.48217505]
05:02:37 [WARNING] rl_uav.envs.as2_test_env: Skipping velocity reset; simulator service reset required (terminal_out_of_bounds)
[ERROR] [1783134160.456249044] [drone0.drone0_interface]: Service returned failure
[ERROR] [1783134162.304294134] [drone0.drone0_interface]: Service returned failure
05:02:49 [INFO] rl_uav.envs.as2_test_env: Reset complete. Initial obs: [ 0.45573205  0.09925979  0.01440977 -0.9186468 ]
-------------------------------------------
| rollout/                |               |
|    ep_len_mean          | 31.9          |
|    ep_rew_mean          | -25.7         |
|    success_rate         | 0.02          |
| time/                   |               |
|    fps                  | 2             |
|    iterations           | 13            |
|    time_elapsed         | 3146          |
|    total_timesteps      | 6656          |
| train/                  |               |
|    approx_kl            | 0.00028501684 |
|    clip_fraction        | 0             |
|    clip_range           | 0.2           |
|    entropy_loss         | -6.64         |
|    explained_variance   | 0.107         |
|    learning_rate        | 3e-05         |
|    loss                 | 40.3          |
|    n_updates            | 60            |
|    policy_gradient_loss | 0.000192      |
|    std                  | 1             |
|    value_loss           | 92.1          |
-------------------------------------------
05:02:57 [WARNING] rl_uav.envs.as2_test_env: Skipping velocity reset; simulator service reset required (terminal_out_of_bounds)
[ERROR] [1783134180.767138884] [drone0.drone0_interface]: Service returned failure
[ERROR] [1783134182.632371607] [drone0.drone0_interface]: Service returned failure
05:03:09 [INFO] rl_uav.envs.as2_test_env: Reset complete. Initial obs: [0.01163249 0.46652386 0.10500642 0.7583319 ]
05:03:14 [WARNING] rl_uav.envs.as2_test_env: Reset started at valid low altitude z=0.994; climbing to hover 1.400m with bounded velocity recovery
05:03:17 [WARNING] rl_uav.envs.as2_test_env: Skipping velocity reset; simulator service reset required (terminal_out_of_bounds)
[ERROR] [1783134199.775221424] [drone0.drone0_interface]: Service returned failure
[ERROR] [1783134201.640378250] [drone0.drone0_interface]: Service returned failure
05:03:28 [INFO] rl_uav.envs.as2_test_env: Reset complete. Initial obs: [ 0.44642478  0.61555594  0.01000399 -0.05797982]
05:03:32 [WARNING] rl_uav.envs.as2_test_env: Skipping velocity reset; simulator service reset required (terminal_out_of_bounds)
[ERROR] [1783134215.380074972] [drone0.drone0_interface]: Service returned failure
[ERROR] [1783134217.259031033] [drone0.drone0_interface]: Service returned failure
05:03:44 [INFO] rl_uav.envs.as2_test_env: Reset complete. Initial obs: [ 0.15963571 -0.65716255  0.06536887  0.3659672 ]
05:03:46 [WARNING] rl_uav.envs.as2_test_env: Reset started at valid low altitude z=0.916; climbing to hover 1.400m with bounded velocity recovery
05:03:49 [WARNING] rl_uav.envs.as2_test_env: Skipping velocity reset; simulator service reset required (terminal_out_of_bounds)
[ERROR] [1783134232.194295800] [drone0.drone0_interface]: Service returned failure
[ERROR] [1783134234.071439729] [drone0.drone0_interface]: Service returned failure
05:04:01 [INFO] rl_uav.envs.as2_test_env: Reset complete. Initial obs: [ 0.36970416 -0.12112439 -0.00659257 -0.34935573]
05:04:14 [WARNING] rl_uav.envs.as2_test_env: Skipping velocity reset; simulator service reset required (terminal_out_of_bounds)
[ERROR] [1783134257.395559854] [drone0.drone0_interface]: Service returned failure
[ERROR] [1783134259.291148293] [drone0.drone0_interface]: Service returned failure
05:04:26 [INFO] rl_uav.envs.as2_test_env: Reset complete. Initial obs: [-0.16648442  0.65288407 -0.0401489   0.7128897 ]
05:04:30 [WARNING] rl_uav.envs.as2_test_env: Skipping velocity reset; simulator service reset required (terminal_out_of_bounds)
[ERROR] [1783134273.110111937] [drone0.drone0_interface]: Service returned failure
[ERROR] [1783134275.008066843] [drone0.drone0_interface]: Service returned failure
05:04:42 [INFO] rl_uav.envs.as2_test_env: Reset complete. Initial obs: [ 0.12494909  0.76952565 -0.08144636 -0.675867  ]
05:04:49 [WARNING] rl_uav.envs.as2_test_env: Reset started at valid low altitude z=0.891; climbing to hover 1.400m with bounded velocity recovery
05:04:52 [WARNING] rl_uav.envs.as2_test_env: Skipping velocity reset; simulator service reset required (terminal_out_of_bounds)
[ERROR] [1783134294.916017832] [drone0.drone0_interface]: Service returned failure
[ERROR] [1783134296.823267200] [drone0.drone0_interface]: Service returned failure
05:05:04 [INFO] rl_uav.envs.as2_test_env: Reset complete. Initial obs: [ 0.41852772 -0.74275863 -0.01444786  0.36367166]
05:05:11 [WARNING] rl_uav.envs.as2_test_env: Skipping velocity reset; simulator service reset required (terminal_out_of_bounds)
[ERROR] [1783134314.318154316] [drone0.drone0_interface]: Service returned failure
[ERROR] [1783134316.232580719] [drone0.drone0_interface]: Service returned failure
05:05:23 [INFO] rl_uav.envs.as2_test_env: Reset complete. Initial obs: [ 0.71446323 -0.6475156   0.11173582  0.10426922]
05:05:34 [WARNING] rl_uav.envs.as2_test_env: Skipping velocity reset; simulator service reset required (terminal_out_of_bounds)
[ERROR] [1783134337.328704495] [drone0.drone0_interface]: Service returned failure
[ERROR] [1783134339.251134764] [drone0.drone0_interface]: Service returned failure
05:05:46 [INFO] rl_uav.envs.as2_test_env: Reset complete. Initial obs: [ 0.6860376  -0.13284877  0.02500721  0.36872837]
05:05:48 [WARNING] rl_uav.envs.as2_test_env: Skipping velocity reset; simulator service reset required (terminal_out_of_bounds)
[ERROR] [1783134351.939555304] [drone0.drone0_interface]: Service returned failure
[ERROR] [1783134353.859217656] [drone0.drone0_interface]: Service returned failure
05:06:01 [INFO] rl_uav.envs.as2_test_env: Reset complete. Initial obs: [ 0.06546399 -0.37136847 -0.08447121 -0.70965105]
05:06:02 [WARNING] rl_uav.envs.as2_test_env: Reset started at valid low altitude z=0.911; climbing to hover 1.400m with bounded velocity recovery
05:06:05 [WARNING] rl_uav.envs.as2_test_env: Skipping velocity reset; simulator service reset required (terminal_out_of_bounds)
[ERROR] [1783134367.838031495] [drone0.drone0_interface]: Service returned failure
[ERROR] [1783134369.771319052] [drone0.drone0_interface]: Service returned failure
05:06:17 [INFO] rl_uav.envs.as2_test_env: Reset complete. Initial obs: [ 0.59768486  0.69971514 -0.05389885  0.2878936 ]
05:06:24 [WARNING] rl_uav.envs.as2_test_env: Skipping velocity reset; simulator service reset required (terminal_out_of_bounds)
[ERROR] [1783134387.352662542] [drone0.drone0_interface]: Service returned failure
[ERROR] [1783134389.298322189] [drone0.drone0_interface]: Service returned failure
05:06:36 [INFO] rl_uav.envs.as2_test_env: Reset complete. Initial obs: [ 2.3612192e-01  3.5965236e-04 -3.1861115e-02  4.7241506e-01]
05:06:54 [WARNING] rl_uav.envs.as2_test_env: Reset started at valid low altitude z=0.811; climbing to hover 1.400m with bounded velocity recovery
05:06:57 [WARNING] rl_uav.envs.as2_test_env: Skipping velocity reset; simulator service reset required (terminal_out_of_bounds)
[ERROR] [1783134420.159516648] [drone0.drone0_interface]: Service returned failure
[ERROR] [1783134422.117301932] [drone0.drone0_interface]: Service returned failure
05:07:09 [INFO] rl_uav.envs.as2_test_env: Reset complete. Initial obs: [-0.0813515  -0.28159752 -0.01782825  0.08559873]
05:07:21 [WARNING] rl_uav.envs.as2_test_env: Skipping velocity reset; simulator service reset required (terminal_out_of_bounds)
[ERROR] [1783134444.566500573] [drone0.drone0_interface]: Service returned failure
[ERROR] [1783134446.531747056] [drone0.drone0_interface]: Service returned failure
05:07:33 [INFO] rl_uav.envs.as2_test_env: Reset complete. Initial obs: [-0.1688735  -0.15888308  0.01738562  0.8708044 ]
------------------------------------------
| rollout/                |              |
|    ep_len_mean          | 31.7         |
|    ep_rew_mean          | -26.1        |
|    success_rate         | 0.02         |
| time/                   |              |
|    fps                  | 2            |
|    iterations           | 14           |
|    time_elapsed         | 3434         |
|    total_timesteps      | 7168         |
| train/                  |              |
|    approx_kl            | 0.0007769725 |
|    clip_fraction        | 0.00273      |
|    clip_range           | 0.2          |
|    entropy_loss         | -6           |
|    explained_variance   | 0.0492       |
|    learning_rate        | 3e-05        |
|    loss                 | 36.9         |
|    n_updates            | 65           |
|    policy_gradient_loss | -0.00176     |
|    std                  | 0.999        |
|    value_loss           | 70.1         |
------------------------------------------
05:07:48 [WARNING] rl_uav.envs.as2_test_env: Reset started at valid low altitude z=0.806; climbing to hover 1.400m with bounded velocity recovery
05:07:51 [WARNING] rl_uav.envs.as2_test_env: Skipping velocity reset; simulator service reset required (terminal_out_of_bounds)
[ERROR] [1783134473.769019469] [drone0.drone0_interface]: Service returned failure
[ERROR] [1783134475.738434321] [drone0.drone0_interface]: Service returned failure
05:08:03 [INFO] rl_uav.envs.as2_test_env: Reset complete. Initial obs: [ 0.35490137 -0.25954622 -0.07617518  0.46400198]
05:08:05 [WARNING] rl_uav.envs.as2_test_env: Skipping velocity reset; simulator service reset required (terminal_out_of_bounds)
[ERROR] [1783134488.563744636] [drone0.drone0_interface]: Service returned failure
[ERROR] [1783134490.534379999] [drone0.drone0_interface]: Service returned failure
05:08:17 [INFO] rl_uav.envs.as2_test_env: Reset complete. Initial obs: [-0.5348837  -0.78099585  0.07455879  0.2232877 ]
05:08:25 [WARNING] rl_uav.envs.as2_test_env: Skipping velocity reset; simulator service reset required (terminal_out_of_bounds)
[ERROR] [1783134508.187102888] [drone0.drone0_interface]: Service returned failure
[ERROR] [1783134510.163753884] [drone0.drone0_interface]: Service returned failure
05:08:37 [INFO] rl_uav.envs.as2_test_env: Reset complete. Initial obs: [-0.5697367  -0.28326815 -0.10241065  0.40791887]
05:08:47 [WARNING] rl_uav.envs.as2_test_env: Skipping velocity reset; simulator service reset required (terminal_out_of_bounds)
[ERROR] [1783134530.476550732] [drone0.drone0_interface]: Service returned failure
[ERROR] [1783134532.458709163] [drone0.drone0_interface]: Service returned failure
05:08:59 [INFO] rl_uav.envs.as2_test_env: Reset complete. Initial obs: [-0.80815077 -0.17127384  0.01084663 -0.06917408]
05:09:10 [WARNING] rl_uav.envs.as2_test_env: Reset started at valid low altitude z=0.883; climbing to hover 1.400m with bounded velocity recovery
05:09:13 [WARNING] rl_uav.envs.as2_test_env: Skipping velocity reset; simulator service reset required (terminal_out_of_bounds)
[ERROR] [1783134556.306297336] [drone0.drone0_interface]: Service returned failure
[ERROR] [1783134558.303347408] [drone0.drone0_interface]: Service returned failure
05:09:25 [INFO] rl_uav.envs.as2_test_env: Reset complete. Initial obs: [ 0.6296945  -0.07691125  0.02131416  0.15171076]
05:09:28 [WARNING] rl_uav.envs.as2_test_env: Reset started at valid low altitude z=0.816; climbing to hover 1.400m with bounded velocity recovery
05:09:31 [WARNING] rl_uav.envs.as2_test_env: Skipping velocity reset; simulator service reset required (terminal_out_of_bounds)
[ERROR] [1783134573.901286970] [drone0.drone0_interface]: Service returned failure
[ERROR] [1783134575.912256062] [drone0.drone0_interface]: Service returned failure
05:09:43 [INFO] rl_uav.envs.as2_test_env: Reset complete. Initial obs: [-0.11129286 -0.28006482  0.04961646 -0.6269115 ]
05:09:48 [WARNING] rl_uav.envs.as2_test_env: Skipping velocity reset; simulator service reset required (terminal_out_of_bounds)
[ERROR] [1783134591.408223945] [drone0.drone0_interface]: Service returned failure
[ERROR] [1783134593.419534840] [drone0.drone0_interface]: Service returned failure
05:10:00 [INFO] rl_uav.envs.as2_test_env: Reset complete. Initial obs: [-0.28804883  0.8835922   0.03628232 -0.4417934 ]
05:10:13 [WARNING] rl_uav.envs.as2_test_env: Skipping velocity reset; simulator service reset required (terminal_out_of_bounds)
[ERROR] [1783134616.818620446] [drone0.drone0_interface]: Service returned failure
[ERROR] [1783134618.839125225] [drone0.drone0_interface]: Service returned failure
05:10:26 [INFO] rl_uav.envs.as2_test_env: Reset complete. Initial obs: [ 0.3077738  -0.05678812  0.02345374 -0.31019974]
05:10:36 [WARNING] rl_uav.envs.as2_test_env: Skipping velocity reset; simulator service reset required (terminal_out_of_bounds)
[ERROR] [1783134639.823797679] [drone0.drone0_interface]: Service returned failure
[ERROR] [1783134641.855563326] [drone0.drone0_interface]: Service returned failure
05:10:49 [INFO] rl_uav.envs.as2_test_env: Reset complete. Initial obs: [-0.14113458  0.7490222   0.11918219  0.54035074]
05:10:54 [WARNING] rl_uav.envs.as2_test_env: Skipping velocity reset; simulator service reset required (terminal_out_of_bounds)
[ERROR] [1783134657.730819825] [drone0.drone0_interface]: Service returned failure
[ERROR] [1783134659.768481071] [drone0.drone0_interface]: Service returned failure
05:11:07 [INFO] rl_uav.envs.as2_test_env: Reset complete. Initial obs: [ 0.7013453   0.46156287  0.07289013 -0.3919087 ]
05:11:09 [WARNING] rl_uav.envs.as2_test_env: Skipping velocity reset; simulator service reset required (terminal_out_of_bounds)
[ERROR] [1783134673.048096240] [drone0.drone0_interface]: Service returned failure
[ERROR] [1783134675.093423847] [drone0.drone0_interface]: Service returned failure
05:11:22 [INFO] rl_uav.envs.as2_test_env: Reset complete. Initial obs: [0.19340613 0.6739488  0.04507836 0.7959487 ]
05:11:26 [WARNING] rl_uav.envs.as2_test_env: Skipping velocity reset; simulator service reset required (terminal_out_of_bounds)
[ERROR] [1783134689.852757775] [drone0.drone0_interface]: Service returned failure
[ERROR] [1783134691.907140885] [drone0.drone0_interface]: Service returned failure
05:11:39 [INFO] rl_uav.envs.as2_test_env: Reset complete. Initial obs: [-0.17393064  0.22416948  0.00546275 -0.5823457 ]
05:11:40 [WARNING] rl_uav.envs.as2_test_env: Reset started at valid low altitude z=0.985; climbing to hover 1.400m with bounded velocity recovery
05:11:44 [WARNING] rl_uav.envs.as2_test_env: Skipping velocity reset; simulator service reset required (terminal_out_of_bounds)
[ERROR] [1783134706.565035752] [drone0.drone0_interface]: Service returned failure
[ERROR] [1783134708.620789318] [drone0.drone0_interface]: Service returned failure
05:11:56 [INFO] rl_uav.envs.as2_test_env: Reset complete. Initial obs: [-0.953897   -0.18502356 -0.01004191  0.34888554]
05:11:58 [WARNING] rl_uav.envs.as2_test_env: Reset started at valid low altitude z=0.833; climbing to hover 1.400m with bounded velocity recovery
05:12:02 [WARNING] rl_uav.envs.as2_test_env: Skipping velocity reset; simulator service reset required (terminal_out_of_bounds)
[ERROR] [1783134724.865026003] [drone0.drone0_interface]: Service returned failure
[ERROR] [1783134726.926705905] [drone0.drone0_interface]: Service returned failure
05:12:14 [INFO] rl_uav.envs.as2_test_env: Reset complete. Initial obs: [ 0.05132833  0.7165803  -0.02158631  0.52731335]
05:12:22 [WARNING] rl_uav.envs.as2_test_env: Reset started at valid low altitude z=0.972; climbing to hover 1.400m with bounded velocity recovery
05:12:25 [WARNING] rl_uav.envs.as2_test_env: Skipping velocity reset; simulator service reset required (terminal_out_of_bounds)
[ERROR] [1783134748.376666101] [drone0.drone0_interface]: Service returned failure
[ERROR] [1783134750.450714900] [drone0.drone0_interface]: Service returned failure
05:12:38 [INFO] rl_uav.envs.as2_test_env: Reset complete. Initial obs: [-0.5047829   0.6838381   0.01283073 -0.32523316]
05:12:45 [WARNING] rl_uav.envs.as2_test_env: Reset started at valid low altitude z=0.852; climbing to hover 1.400m with bounded velocity recovery
05:12:49 [WARNING] rl_uav.envs.as2_test_env: Skipping velocity reset; simulator service reset required (terminal_out_of_bounds)
[ERROR] [1783134771.880973457] [drone0.drone0_interface]: Service returned failure
[ERROR] [1783134773.955454846] [drone0.drone0_interface]: Service returned failure
05:13:01 [INFO] rl_uav.envs.as2_test_env: Reset complete. Initial obs: [-0.18758865  0.12178438  0.01662133 -0.00477398]
05:13:05 [WARNING] rl_uav.envs.as2_test_env: Skipping velocity reset; simulator service reset required (terminal_out_of_bounds)
[ERROR] [1783134788.877459884] [drone0.drone0_interface]: Service returned failure
[ERROR] [1783134790.957468989] [drone0.drone0_interface]: Service returned failure
05:13:18 [INFO] rl_uav.envs.as2_test_env: Reset complete. Initial obs: [-0.55630124  0.61403155  0.04100885 -0.98964304]
05:13:19 [WARNING] rl_uav.envs.as2_test_env: Skipping velocity reset; simulator service reset required (terminal_out_of_bounds)
[ERROR] [1783134803.301609620] [drone0.drone0_interface]: Service returned failure
[ERROR] [1783134805.398989799] [drone0.drone0_interface]: Service returned failure
05:13:33 [INFO] rl_uav.envs.as2_test_env: Reset complete. Initial obs: [ 0.6809264   0.19435748 -0.03649782  0.9755746 ]
05:13:35 [WARNING] rl_uav.envs.as2_test_env: Skipping velocity reset; simulator service reset required (terminal_out_of_bounds)
[ERROR] [1783134819.105504236] [drone0.drone0_interface]: Service returned failure
[ERROR] [1783134821.196433643] [drone0.drone0_interface]: Service returned failure
05:13:48 [INFO] rl_uav.envs.as2_test_env: Reset complete. Initial obs: [ 0.24435927 -0.43978766 -0.11047567  0.4068596 ]
-----------------------------------------
| rollout/                |             |
|    ep_len_mean          | 31.2        |
|    ep_rew_mean          | -26.4       |
|    success_rate         | 0.01        |
| time/                   |             |
|    fps                  | 2           |
|    iterations           | 15          |
|    time_elapsed         | 3800        |
|    total_timesteps      | 7680        |
| train/                  |             |
|    approx_kl            | 0.005472731 |
|    clip_fraction        | 0.0254      |
|    clip_range           | 0.2         |
|    entropy_loss         | -6.16       |
|    explained_variance   | 0.155       |
|    learning_rate        | 3e-05       |
|    loss                 | 37.4        |
|    n_updates            | 70          |
|    policy_gradient_loss | -0.00645    |
|    std                  | 0.999       |
|    value_loss           | 77          |
-----------------------------------------
05:13:58 [WARNING] rl_uav.envs.as2_test_env: Skipping velocity reset; simulator service reset required (terminal_out_of_bounds)
[ERROR] [1783134841.516256243] [drone0.drone0_interface]: Service returned failure
[ERROR] [1783134843.627447332] [drone0.drone0_interface]: Service returned failure
05:14:11 [INFO] rl_uav.envs.as2_test_env: Reset complete. Initial obs: [-0.3766444  -0.60304713  0.00346196  0.5401024 ]
05:14:15 [WARNING] rl_uav.envs.as2_test_env: Skipping velocity reset; simulator service reset required (terminal_out_of_bounds)
[ERROR] [1783134858.721809204] [drone0.drone0_interface]: Service returned failure
[ERROR] [1783134860.830022643] [drone0.drone0_interface]: Service returned failure
05:14:28 [INFO] rl_uav.envs.as2_test_env: Reset complete. Initial obs: [ 0.03924319 -0.66714555 -0.06428795 -0.99521315]
05:14:35 [WARNING] rl_uav.envs.as2_test_env: Skipping velocity reset; simulator service reset required (terminal_out_of_bounds)
[ERROR] [1783134878.529913899] [drone0.drone0_interface]: Service returned failure
[ERROR] [1783134880.653655744] [drone0.drone0_interface]: Service returned failure
05:14:48 [INFO] rl_uav.envs.as2_test_env: Reset complete. Initial obs: [ 0.19425417 -0.620573   -0.10965616  0.6804808 ]
05:14:53 [WARNING] rl_uav.envs.as2_test_env: Skipping velocity reset; simulator service reset required (terminal_out_of_bounds)
[ERROR] [1783134897.031246533] [drone0.drone0_interface]: Service returned failure
[ERROR] [1783134899.160291129] [drone0.drone0_interface]: Service returned failure
05:15:07 [INFO] rl_uav.envs.as2_test_env: Reset complete. Initial obs: [0.40474248 0.664888   0.01746985 0.4474886 ]
05:15:09 [WARNING] rl_uav.envs.as2_test_env: Skipping velocity reset; simulator service reset required (terminal_out_of_bounds)
[ERROR] [1783134913.046524984] [drone0.drone0_interface]: Service returned failure
[ERROR] [1783134915.189980849] [drone0.drone0_interface]: Service returned failure
05:15:23 [INFO] rl_uav.envs.as2_test_env: Reset complete. Initial obs: [ 0.01785748  0.39466736 -0.00804295  0.04554197]
05:15:25 [WARNING] rl_uav.envs.as2_test_env: Reset started at valid low altitude z=0.876; climbing to hover 1.400m with bounded velocity recovery
05:15:29 [WARNING] rl_uav.envs.as2_test_env: Skipping velocity reset; simulator service reset required (terminal_out_of_bounds)
[ERROR] [1783134931.654549189] [drone0.drone0_interface]: Service returned failure
[ERROR] [1783134935.152134652] [drone0.drone0_interface]: Service returned failure
05:15:43 [INFO] rl_uav.envs.as2_test_env: Reset complete. Initial obs: [ 0.29294792 -0.40821993  0.00280557 -0.79952765]
05:15:44 [WARNING] rl_uav.envs.as2_test_env: Skipping velocity reset; simulator service reset required (terminal_out_of_bounds)
[ERROR] [1783134947.860578093] [drone0.drone0_interface]: Service returned failure
[ERROR] [1783134950.016719515] [drone0.drone0_interface]: Service returned failure
05:15:57 [INFO] rl_uav.envs.as2_test_env: Reset complete. Initial obs: [ 0.8343245  -0.4401109   0.01639719  0.39498347]
05:16:08 [WARNING] rl_uav.envs.as2_test_env: Skipping velocity reset; simulator service reset required (terminal_out_of_bounds)
[ERROR] [1783134971.759520684] [drone0.drone0_interface]: Service returned failure
[ERROR] [1783134973.921575932] [drone0.drone0_interface]: Service returned failure
05:16:21 [INFO] rl_uav.envs.as2_test_env: Reset complete. Initial obs: [-0.5943167   0.25054383  0.03770831  0.8086471 ]
05:16:37 [WARNING] rl_uav.envs.as2_test_env: Skipping velocity reset; simulator service reset required (terminal_out_of_bounds)
[ERROR] [1783135000.870563805] [drone0.drone0_interface]: Service returned failure
[ERROR] [1783135003.042530921] [drone0.drone0_interface]: Service returned failure
05:16:51 [INFO] rl_uav.envs.as2_test_env: Reset complete. Initial obs: [ 0.03699805  0.30898303  0.00080363 -0.61316055]
05:16:52 [WARNING] rl_uav.envs.as2_test_env: Reset started at valid low altitude z=0.879; climbing to hover 1.400m with bounded velocity recovery
05:16:55 [WARNING] rl_uav.envs.as2_test_env: Skipping velocity reset; simulator service reset required (terminal_out_of_bounds)
[ERROR] [1783135018.272620618] [drone0.drone0_interface]: Service returned failure
[ERROR] [1783135020.445931386] [drone0.drone0_interface]: Service returned failure
05:17:08 [INFO] rl_uav.envs.as2_test_env: Reset complete. Initial obs: [ 0.478328    0.6640694   0.07256249 -0.12053903]
05:17:18 [WARNING] rl_uav.envs.as2_test_env: Skipping velocity reset; simulator service reset required (terminal_out_of_bounds)
[ERROR] [1783135042.292878636] [drone0.drone0_interface]: Service returned failure
[ERROR] [1783135044.471411133] [drone0.drone0_interface]: Service returned failure
05:17:32 [INFO] rl_uav.envs.as2_test_env: Reset complete. Initial obs: [-0.08954764 -0.8537629  -0.06024146 -0.8821642 ]
05:17:36 [WARNING] rl_uav.envs.as2_test_env: Skipping velocity reset; simulator service reset required (terminal_out_of_bounds)
[ERROR] [1783135059.995330505] [drone0.drone0_interface]: Service returned failure
[ERROR] [1783135062.185417005] [drone0.drone0_interface]: Service returned failure
05:17:50 [INFO] rl_uav.envs.as2_test_env: Reset complete. Initial obs: [-0.14863217 -0.05095915 -0.11903169 -0.9440389 ]
05:17:58 [WARNING] rl_uav.envs.as2_test_env: Reset started at valid low altitude z=0.806; climbing to hover 1.400m with bounded velocity recovery
05:18:01 [WARNING] rl_uav.envs.as2_test_env: Skipping velocity reset; simulator service reset required (terminal_out_of_bounds)
[ERROR] [1783135084.301343215] [drone0.drone0_interface]: Service returned failure
[ERROR] [1783135086.499790931] [drone0.drone0_interface]: Service returned failure
05:18:14 [INFO] rl_uav.envs.as2_test_env: Reset complete. Initial obs: [ 0.43441778  0.20708981 -0.02615695 -0.51161563]
05:18:15 [WARNING] rl_uav.envs.as2_test_env: Reset started at valid low altitude z=0.859; climbing to hover 1.400m with bounded velocity recovery
05:18:19 [WARNING] rl_uav.envs.as2_test_env: Skipping velocity reset; simulator service reset required (terminal_out_of_bounds)
[ERROR] [1783135102.011950195] [drone0.drone0_interface]: Service returned failure
[ERROR] [1783135104.219543707] [drone0.drone0_interface]: Service returned failure
05:18:32 [INFO] rl_uav.envs.as2_test_env: Reset complete. Initial obs: [0.14721015 0.7640394  0.00173841 0.63034767]
05:18:40 [WARNING] rl_uav.envs.as2_test_env: Skipping velocity reset; simulator service reset required (terminal_out_of_bounds)
[ERROR] [1783135123.918930662] [drone0.drone0_interface]: Service returned failure
[ERROR] [1783135126.131922159] [drone0.drone0_interface]: Service returned failure
05:18:54 [INFO] rl_uav.envs.as2_test_env: Reset complete. Initial obs: [-0.19211958  0.9308925  -0.00601422  0.6728728 ]
-------------------------------------------
| rollout/                |               |
|    ep_len_mean          | 32.4          |
|    ep_rew_mean          | -26.5         |
|    success_rate         | 0.01          |
| time/                   |               |
|    fps                  | 1             |
|    iterations           | 16            |
|    time_elapsed         | 4119          |
|    total_timesteps      | 8192          |
| train/                  |               |
|    approx_kl            | 0.00062262965 |
|    clip_fraction        | 0             |
|    clip_range           | 0.2           |
|    entropy_loss         | -6.71         |
|    explained_variance   | 0.0831        |
|    learning_rate        | 3e-05         |
|    loss                 | 51.3          |
|    n_updates            | 75            |
|    policy_gradient_loss | -0.00128      |
|    std                  | 0.999         |
|    value_loss           | 106           |
-------------------------------------------
05:19:18 [WARNING] rl_uav.envs.as2_test_env: Skipping velocity reset; simulator service reset required (terminal_out_of_bounds)
[ERROR] [1783135162.417592210] [drone0.drone0_interface]: Service returned failure
[ERROR] [1783135164.640487814] [drone0.drone0_interface]: Service returned failure
05:19:32 [INFO] rl_uav.envs.as2_test_env: Reset complete. Initial obs: [ 0.45859846  0.36083287 -0.02751832  0.29810426]
05:19:42 [WARNING] rl_uav.envs.as2_test_env: Reset started at valid low altitude z=0.921; climbing to hover 1.400m with bounded velocity recovery
05:19:45 [WARNING] rl_uav.envs.as2_test_env: Skipping velocity reset; simulator service reset required (terminal_out_of_bounds)
[ERROR] [1783135188.621603145] [drone0.drone0_interface]: Service returned failure
[ERROR] [1783135190.847556985] [drone0.drone0_interface]: Service returned failure
05:19:59 [INFO] rl_uav.envs.as2_test_env: Reset complete. Initial obs: [ 0.4284527  -0.56188816  0.03911526  0.51525825]
05:20:04 [WARNING] rl_uav.envs.as2_test_env: Reset started at valid low altitude z=0.994; climbing to hover 1.400m with bounded velocity recovery
05:20:08 [WARNING] rl_uav.envs.as2_test_env: Skipping velocity reset; simulator service reset required (terminal_out_of_bounds)
[ERROR] [1783135210.929538298] [drone0.drone0_interface]: Service returned failure
[ERROR] [1783135213.165246378] [drone0.drone0_interface]: Service returned failure
05:20:21 [INFO] rl_uav.envs.as2_test_env: Reset complete. Initial obs: [-0.44204244  0.18554276 -0.06919494 -0.0862656 ]
05:20:25 [WARNING] rl_uav.envs.as2_test_env: Skipping velocity reset; simulator service reset required (terminal_out_of_bounds)
[ERROR] [1783135229.145394619] [drone0.drone0_interface]: Service returned failure
[ERROR] [1783135231.393057164] [drone0.drone0_interface]: Service returned failure
05:20:39 [INFO] rl_uav.envs.as2_test_env: Reset complete. Initial obs: [ 0.34377632 -0.03428686 -0.01428422 -0.36415866]
05:20:41 [WARNING] rl_uav.envs.as2_test_env: Skipping velocity reset; simulator service reset required (terminal_out_of_bounds)
[ERROR] [1783135244.560232123] [drone0.drone0_interface]: Service returned failure
[ERROR] [1783135246.813225225] [drone0.drone0_interface]: Service returned failure
05:20:55 [INFO] rl_uav.envs.as2_test_env: Reset complete. Initial obs: [-0.39503574 -0.231425    0.08481352 -0.3427766 ]
05:20:56 [WARNING] rl_uav.envs.as2_test_env: Skipping velocity reset; simulator service reset required (terminal_out_of_bounds)
[ERROR] [1783135260.062693728] [drone0.drone0_interface]: Service returned failure
[ERROR] [1783135262.318475677] [drone0.drone0_interface]: Service returned failure
05:21:10 [INFO] rl_uav.envs.as2_test_env: Reset complete. Initial obs: [ 0.5884766  -0.7549676   0.01939184 -0.6277373 ]
05:21:16 [WARNING] rl_uav.envs.as2_test_env: Skipping velocity reset; simulator service reset required (terminal_out_of_bounds)
[ERROR] [1783135279.867203128] [drone0.drone0_interface]: Service returned failure
[ERROR] [1783135282.136327043] [drone0.drone0_interface]: Service returned failure
05:21:30 [INFO] rl_uav.envs.as2_test_env: Reset complete. Initial obs: [-0.33906403 -0.33373925  0.01982603 -0.14623205]
05:21:34 [WARNING] rl_uav.envs.as2_test_env: Skipping velocity reset; simulator service reset required (terminal_out_of_bounds)
[ERROR] [1783135298.278420623] [drone0.drone0_interface]: Service returned failure
[ERROR] [1783135300.551957766] [drone0.drone0_interface]: Service returned failure
05:21:48 [INFO] rl_uav.envs.as2_test_env: Reset complete. Initial obs: [-0.80764645  0.4844785  -0.05255226 -0.10626744]
05:21:51 [WARNING] rl_uav.envs.as2_test_env: Skipping velocity reset; simulator service reset required (terminal_out_of_bounds)
[ERROR] [1783135315.280609751] [drone0.drone0_interface]: Service returned failure
[ERROR] [1783135317.553282953] [drone0.drone0_interface]: Service returned failure
05:22:05 [INFO] rl_uav.envs.as2_test_env: Reset complete. Initial obs: [-0.06386168 -0.6979368   0.10092429 -0.51143473]
05:22:08 [WARNING] rl_uav.envs.as2_test_env: Skipping velocity reset; simulator service reset required (terminal_out_of_bounds)
[ERROR] [1783135332.292105769] [drone0.drone0_interface]: Service returned failure
[ERROR] [1783135334.581646664] [drone0.drone0_interface]: Service returned failure
05:22:22 [INFO] rl_uav.envs.as2_test_env: Reset complete. Initial obs: [-0.18294142  0.6760932  -0.01577657 -0.42561778]
05:22:25 [WARNING] rl_uav.envs.as2_test_env: Skipping velocity reset; simulator service reset required (terminal_out_of_bounds)
[ERROR] [1783135349.404740762] [drone0.drone0_interface]: Service returned failure
[ERROR] [1783135351.701524057] [drone0.drone0_interface]: Service returned failure
05:22:40 [INFO] rl_uav.envs.as2_test_env: Reset complete. Initial obs: [-0.19314827  0.30522645 -0.00593005  0.22007759]
05:22:42 [WARNING] rl_uav.envs.as2_test_env: Reset started at valid low altitude z=0.990; climbing to hover 1.400m with bounded velocity recovery
05:22:46 [WARNING] rl_uav.envs.as2_test_env: Skipping velocity reset; simulator service reset required (terminal_out_of_bounds)
[ERROR] [1783135369.307556350] [drone0.drone0_interface]: Service returned failure
[ERROR] [1783135371.609463462] [drone0.drone0_interface]: Service returned failure
05:23:00 [INFO] rl_uav.envs.as2_test_env: Reset complete. Initial obs: [-0.52921784 -0.5307096   0.00623363 -0.5895387 ]
05:23:18 [WARNING] rl_uav.envs.as2_test_env: Skipping velocity reset; simulator service reset required (terminal_out_of_bounds)
[ERROR] [1783135401.901719440] [drone0.drone0_interface]: Service returned failure
[ERROR] [1783135404.215826499] [drone0.drone0_interface]: Service returned failure
05:23:32 [INFO] rl_uav.envs.as2_test_env: Reset complete. Initial obs: [-0.45348498  0.04428716  0.01481565 -0.99938184]
05:23:35 [WARNING] rl_uav.envs.as2_test_env: Skipping velocity reset; simulator service reset required (terminal_out_of_bounds)
[ERROR] [1783135419.019047302] [drone0.drone0_interface]: Service returned failure
[ERROR] [1783135421.335235853] [drone0.drone0_interface]: Service returned failure
05:23:49 [INFO] rl_uav.envs.as2_test_env: Reset complete. Initial obs: [-0.20223364  0.5527589  -0.09252182 -0.6954615 ]
05:24:03 [WARNING] rl_uav.envs.as2_test_env: Skipping velocity reset; simulator service reset required (terminal_out_of_bounds)
[ERROR] [1783135447.426594145] [drone0.drone0_interface]: Service returned failure
[ERROR] [1783135449.750728781] [drone0.drone0_interface]: Service returned failure
05:24:18 [INFO] rl_uav.envs.as2_test_env: Reset complete. Initial obs: [ 0.25498453 -0.05431696 -0.03027744 -0.8452264 ]
------------------------------------------
| rollout/                |              |
|    ep_len_mean          | 32.7         |
|    ep_rew_mean          | -26.9        |
|    success_rate         | 0.01         |
| time/                   |              |
|    fps                  | 1            |
|    iterations           | 17           |
|    time_elapsed         | 4445         |
|    total_timesteps      | 8704         |
| train/                  |              |
|    approx_kl            | 0.0007844202 |
|    clip_fraction        | 0            |
|    clip_range           | 0.2          |
|    entropy_loss         | -6.23        |
|    explained_variance   | 0.0468       |
|    learning_rate        | 3e-05        |
|    loss                 | 32.9         |
|    n_updates            | 80           |
|    policy_gradient_loss | 0.00448      |
|    std                  | 0.999        |
|    value_loss           | 66.8         |
------------------------------------------
05:24:50 [WARNING] rl_uav.envs.as2_test_env: Reset started at valid low altitude z=0.859; climbing to hover 1.400m with bounded velocity recovery
05:24:54 [WARNING] rl_uav.envs.as2_test_env: Skipping velocity reset; simulator service reset required (terminal_out_of_bounds)
[ERROR] [1783135496.937256302] [drone0.drone0_interface]: Service returned failure
[ERROR] [1783135499.263783196] [drone0.drone0_interface]: Service returned failure
05:25:07 [INFO] rl_uav.envs.as2_test_env: Reset complete. Initial obs: [ 0.24724169  0.16605823  0.05009099 -0.4867258 ]
05:25:10 [WARNING] rl_uav.envs.as2_test_env: Skipping velocity reset; simulator service reset required (terminal_out_of_bounds)
[ERROR] [1783135514.242859243] [drone0.drone0_interface]: Service returned failure
[ERROR] [1783135516.579501996] [drone0.drone0_interface]: Service returned failure
05:25:25 [INFO] rl_uav.envs.as2_test_env: Reset complete. Initial obs: [ 0.22663859 -0.6942057  -0.03132687  0.26920342]
05:25:26 [WARNING] rl_uav.envs.as2_test_env: Reset started at valid low altitude z=0.866; climbing to hover 1.400m with bounded velocity recovery
05:25:30 [WARNING] rl_uav.envs.as2_test_env: Skipping velocity reset; simulator service reset required (terminal_out_of_bounds)
[ERROR] [1783135532.950283009] [drone0.drone0_interface]: Service returned failure
[ERROR] [1783135535.300303403] [drone0.drone0_interface]: Service returned failure
05:25:43 [INFO] rl_uav.envs.as2_test_env: Reset complete. Initial obs: [ 0.40975082 -0.41329816  0.12217321 -0.9504217 ]
05:25:46 [WARNING] rl_uav.envs.as2_test_env: Reset started at valid low altitude z=0.968; climbing to hover 1.400m with bounded velocity recovery
05:25:50 [WARNING] rl_uav.envs.as2_test_env: Skipping velocity reset; simulator service reset required (terminal_out_of_bounds)
[ERROR] [1783135553.060014758] [drone0.drone0_interface]: Service returned failure
[ERROR] [1783135555.419928813] [drone0.drone0_interface]: Service returned failure
05:26:03 [INFO] rl_uav.envs.as2_test_env: Reset complete. Initial obs: [ 0.68007034 -0.13387822 -0.01828608 -0.4980003 ]
05:26:06 [WARNING] rl_uav.envs.as2_test_env: Skipping velocity reset; simulator service reset required (terminal_out_of_bounds)
[ERROR] [1783135570.460810612] [drone0.drone0_interface]: Service returned failure
[ERROR] [1783135572.814721632] [drone0.drone0_interface]: Service returned failure
05:26:21 [INFO] rl_uav.envs.as2_test_env: Reset complete. Initial obs: [-0.2452328   0.3772364  -0.08419171 -0.98904943]
05:26:24 [WARNING] rl_uav.envs.as2_test_env: Skipping velocity reset; simulator service reset required (terminal_out_of_bounds)
[ERROR] [1783135587.980317767] [drone0.drone0_interface]: Service returned failure
[ERROR] [1783135590.349405679] [drone0.drone0_interface]: Service returned failure
05:26:38 [INFO] rl_uav.envs.as2_test_env: Reset complete. Initial obs: [-0.39054525  0.00265446  0.05202214  0.4839364 ]
05:26:41 [WARNING] rl_uav.envs.as2_test_env: Skipping velocity reset; simulator service reset required (terminal_out_of_bounds)
[ERROR] [1783135605.457126637] [drone0.drone0_interface]: Service returned failure
[ERROR] [1783135607.838053150] [drone0.drone0_interface]: Service returned failure
05:26:56 [INFO] rl_uav.envs.as2_test_env: Reset complete. Initial obs: [ 0.580204    0.36816514  0.08604739 -0.7266928 ]
05:27:06 [WARNING] rl_uav.envs.as2_test_env: Skipping velocity reset; simulator service reset required (terminal_out_of_bounds)
[ERROR] [1783135629.965108800] [drone0.drone0_interface]: Service returned failure
[ERROR] [1783135632.349517254] [drone0.drone0_interface]: Service returned failure
05:27:21 [INFO] rl_uav.envs.as2_test_env: Reset complete. Initial obs: [-0.21907319  0.02520194  0.02179041  0.7068848 ]
05:27:23 [WARNING] rl_uav.envs.as2_test_env: Reset started at valid low altitude z=0.995; climbing to hover 1.400m with bounded velocity recovery
05:27:27 [WARNING] rl_uav.envs.as2_test_env: Skipping velocity reset; simulator service reset required (terminal_out_of_bounds)
[ERROR] [1783135650.494370049] [drone0.drone0_interface]: Service returned failure
[ERROR] [1783135652.884892257] [drone0.drone0_interface]: Service returned failure
05:27:41 [INFO] rl_uav.envs.as2_test_env: Reset complete. Initial obs: [ 0.09188568 -0.46576557 -0.01561167  0.7811029 ]
05:27:50 [WARNING] rl_uav.envs.as2_test_env: Skipping velocity reset; simulator service reset required (terminal_out_of_bounds)
[ERROR] [1783135673.806679415] [drone0.drone0_interface]: Service returned failure
[ERROR] [1783135676.205985845] [drone0.drone0_interface]: Service returned failure
05:28:04 [INFO] rl_uav.envs.as2_test_env: Reset complete. Initial obs: [0.3015568  0.20324792 0.04486601 0.45827135]
05:28:17 [WARNING] rl_uav.envs.as2_test_env: Skipping velocity reset; simulator service reset required (terminal_out_of_bounds)
[ERROR] [1783135701.703588466] [drone0.drone0_interface]: Service returned failure
[ERROR] [1783135704.109334829] [drone0.drone0_interface]: Service returned failure
05:28:32 [INFO] rl_uav.envs.as2_test_env: Reset complete. Initial obs: [ 0.5290869  -0.10109419  0.06764635  0.58285904]
05:28:37 [WARNING] rl_uav.envs.as2_test_env: Reset started at valid low altitude z=0.817; climbing to hover 1.400m with bounded velocity recovery
05:28:40 [WARNING] rl_uav.envs.as2_test_env: Skipping velocity reset; simulator service reset required (terminal_out_of_bounds)
[ERROR] [1783135723.906289474] [drone0.drone0_interface]: Service returned failure
[ERROR] [1783135726.317088091] [drone0.drone0_interface]: Service returned failure
05:28:55 [INFO] rl_uav.envs.as2_test_env: Reset complete. Initial obs: [-0.39835718 -0.425312    0.04005615 -0.45842475]
05:28:57 [WARNING] rl_uav.envs.as2_test_env: Skipping velocity reset; simulator service reset required (terminal_out_of_bounds)
[ERROR] [1783135741.826547174] [drone0.drone0_interface]: Service returned failure
[ERROR] [1783135744.252057619] [drone0.drone0_interface]: Service returned failure
05:29:13 [INFO] rl_uav.envs.as2_test_env: Reset complete. Initial obs: [ 0.45183593  0.43641627 -0.05359802  0.13597488]
05:29:21 [WARNING] rl_uav.envs.as2_test_env: Skipping velocity reset; simulator service reset required (terminal_out_of_bounds)
[ERROR] [1783135765.828341906] [drone0.drone0_interface]: Service returned failure
[ERROR] [1783135768.263249130] [drone0.drone0_interface]: Service returned failure
05:29:37 [INFO] rl_uav.envs.as2_test_env: Reset complete. Initial obs: [-0.6482805  -0.01969669  0.07547212 -0.03808843]
05:29:42 [WARNING] rl_uav.envs.as2_test_env: Skipping velocity reset; simulator service reset required (terminal_out_of_bounds)
[ERROR] [1783135786.838651432] [drone0.drone0_interface]: Service returned failure
[ERROR] [1783135789.270231133] [drone0.drone0_interface]: Service returned failure
05:29:58 [INFO] rl_uav.envs.as2_test_env: Reset complete. Initial obs: [-0.4317088   0.39112788 -0.08444577 -0.45871553]
05:30:01 [WARNING] rl_uav.envs.as2_test_env: Skipping velocity reset; simulator service reset required (terminal_out_of_bounds)
[ERROR] [1783135804.947912139] [drone0.drone0_interface]: Service returned failure
[ERROR] [1783135808.839730471] [drone0.drone0_interface]: Service returned failure
05:30:17 [INFO] rl_uav.envs.as2_test_env: Reset complete. Initial obs: [-0.5450725   0.16857094 -0.06413664 -0.27979198]
----------------------------------------
| rollout/                |            |
|    ep_len_mean          | 31.8       |
|    ep_rew_mean          | -26.4      |
|    success_rate         | 0.01       |
| time/                   |            |
|    fps                  | 1          |
|    iterations           | 18         |
|    time_elapsed         | 4802       |
|    total_timesteps      | 9216       |
| train/                  |            |
|    approx_kl            | 0.00803321 |
|    clip_fraction        | 0.0281     |
|    clip_range           | 0.2        |
|    entropy_loss         | -6.4       |
|    explained_variance   | -0.0144    |
|    learning_rate        | 3e-05      |
|    loss                 | 35.8       |
|    n_updates            | 85         |
|    policy_gradient_loss | -0.0102    |
|    std                  | 0.999      |
|    value_loss           | 75         |
----------------------------------------
05:30:38 [WARNING] rl_uav.envs.as2_test_env: Reset started at valid low altitude z=0.990; climbing to hover 1.400m with bounded velocity recovery
05:30:42 [WARNING] rl_uav.envs.as2_test_env: Skipping velocity reset; simulator service reset required (terminal_out_of_bounds)
[ERROR] [1783135845.656329124] [drone0.drone0_interface]: Service returned failure
[ERROR] [1783135848.108869894] [drone0.drone0_interface]: Service returned failure
05:30:56 [INFO] rl_uav.envs.as2_test_env: Reset complete. Initial obs: [-0.5912983  -0.02204909 -0.07225073 -0.01515131]
05:30:58 [WARNING] rl_uav.envs.as2_test_env: Skipping velocity reset; simulator service reset required (terminal_out_of_bounds)
[ERROR] [1783135862.363939794] [drone0.drone0_interface]: Service returned failure
[ERROR] [1783135864.820346587] [drone0.drone0_interface]: Service returned failure
05:31:13 [INFO] rl_uav.envs.as2_test_env: Reset complete. Initial obs: [-0.40278068 -0.63073874  0.01416675 -0.6632    ]
05:31:22 [WARNING] rl_uav.envs.as2_test_env: Reset started at valid low altitude z=0.906; climbing to hover 1.400m with bounded velocity recovery
05:31:26 [WARNING] rl_uav.envs.as2_test_env: Skipping velocity reset; simulator service reset required (terminal_out_of_bounds)
[ERROR] [1783135889.569385681] [drone0.drone0_interface]: Service returned failure
[ERROR] [1783135892.034159927] [drone0.drone0_interface]: Service returned failure
05:31:40 [INFO] rl_uav.envs.as2_test_env: Reset complete. Initial obs: [ 0.717487    0.13197017 -0.10426615  0.46949577]
05:31:42 [WARNING] rl_uav.envs.as2_test_env: Reset started at valid low altitude z=0.855; climbing to hover 1.400m with bounded velocity recovery
05:31:46 [WARNING] rl_uav.envs.as2_test_env: Skipping velocity reset; simulator service reset required (terminal_out_of_bounds)
[ERROR] [1783135909.379107335] [drone0.drone0_interface]: Service returned failure
[ERROR] [1783135911.856756956] [drone0.drone0_interface]: Service returned failure
05:32:00 [INFO] rl_uav.envs.as2_test_env: Reset complete. Initial obs: [-0.6221238   0.36853373 -0.00200427 -0.34412563]
05:32:02 [WARNING] rl_uav.envs.as2_test_env: Reset started at valid low altitude z=0.930; climbing to hover 1.400m with bounded velocity recovery
05:32:06 [WARNING] rl_uav.envs.as2_test_env: Skipping velocity reset; simulator service reset required (terminal_out_of_bounds)
[ERROR] [1783135929.173116644] [drone0.drone0_interface]: Service returned failure
[ERROR] [1783135931.741397442] [drone0.drone0_interface]: Service returned failure
05:32:20 [INFO] rl_uav.envs.as2_test_env: Reset complete. Initial obs: [-0.64342743  0.19142096 -0.09513522  0.78062254]
05:32:23 [WARNING] rl_uav.envs.as2_test_env: Reset started at valid low altitude z=0.811; climbing to hover 1.400m with bounded velocity recovery
05:32:27 [WARNING] rl_uav.envs.as2_test_env: Skipping velocity reset; simulator service reset required (terminal_out_of_bounds)
[ERROR] [1783135950.593289450] [drone0.drone0_interface]: Service returned failure
[ERROR] [1783135953.081657741] [drone0.drone0_interface]: Service returned failure
05:32:42 [INFO] rl_uav.envs.as2_test_env: Reset complete. Initial obs: [-0.757383   -0.33937308 -0.09091056 -0.34908926]
05:32:43 [WARNING] rl_uav.envs.as2_test_env: Reset started at valid low altitude z=0.849; climbing to hover 1.400m with bounded velocity recovery
05:32:47 [WARNING] rl_uav.envs.as2_test_env: Skipping velocity reset; simulator service reset required (terminal_out_of_bounds)
[ERROR] [1783135970.494457626] [drone0.drone0_interface]: Service returned failure
[ERROR] [1783135972.992880741] [drone0.drone0_interface]: Service returned failure
05:33:01 [INFO] rl_uav.envs.as2_test_env: Reset complete. Initial obs: [ 0.49591056 -0.6967112   0.07971987 -0.47790056]
05:33:04 [WARNING] rl_uav.envs.as2_test_env: Skipping velocity reset; simulator service reset required (terminal_out_of_bounds)
[ERROR] [1783135988.901207793] [drone0.drone0_interface]: Service returned failure
[ERROR] [1783135991.396960526] [drone0.drone0_interface]: Service returned failure
05:33:20 [INFO] rl_uav.envs.as2_test_env: Reset complete. Initial obs: [-0.7431972   0.23009595 -0.00231042  0.47093424]
05:33:23 [WARNING] rl_uav.envs.as2_test_env: Reset started at valid low altitude z=0.828; climbing to hover 1.400m with bounded velocity recovery
05:33:27 [WARNING] rl_uav.envs.as2_test_env: Skipping velocity reset; simulator service reset required (terminal_out_of_bounds)
[ERROR] [1783136010.314491598] [drone0.drone0_interface]: Service returned failure
[ERROR] [1783136012.819174762] [drone0.drone0_interface]: Service returned failure
05:33:41 [INFO] rl_uav.envs.as2_test_env: Reset complete. Initial obs: [-0.57310504 -0.3278399  -0.02318274 -0.28775522]
05:33:49 [WARNING] rl_uav.envs.as2_test_env: Skipping velocity reset; simulator service reset required (terminal_out_of_bounds)
[ERROR] [1783136033.327679632] [drone0.drone0_interface]: Service returned failure
[ERROR] [1783136035.846921687] [drone0.drone0_interface]: Service returned failure
05:34:04 [INFO] rl_uav.envs.as2_test_env: Reset complete. Initial obs: [-0.3028139  -0.00959825  0.0163507   0.91106147]
05:34:21 [WARNING] rl_uav.envs.as2_test_env: Reset started at valid low altitude z=0.849; climbing to hover 1.400m with bounded velocity recovery
05:34:25 [WARNING] rl_uav.envs.as2_test_env: Skipping velocity reset; simulator service reset required (terminal_out_of_bounds)
[ERROR] [1783136068.334793152] [drone0.drone0_interface]: Service returned failure
[ERROR] [1783136070.858757178] [drone0.drone0_interface]: Service returned failure
05:34:39 [INFO] rl_uav.envs.as2_test_env: Reset complete. Initial obs: [ 0.14814386 -0.71188974  0.02307189 -0.65947455]
05:34:42 [WARNING] rl_uav.envs.as2_test_env: Reset started at valid low altitude z=0.971; climbing to hover 1.400m with bounded velocity recovery
05:34:46 [WARNING] rl_uav.envs.as2_test_env: Skipping velocity reset; simulator service reset required (terminal_out_of_bounds)
[ERROR] [1783136089.835040019] [drone0.drone0_interface]: Service returned failure
[ERROR] [1783136092.358557768] [drone0.drone0_interface]: Service returned failure
05:35:07 [INFO] rl_uav.envs.as2_test_env: Reset complete. Initial obs: [-0.30632493  0.04199782 -0.03783307  0.93237776]
05:35:22 [WARNING] rl_uav.envs.as2_test_env: Skipping velocity reset; simulator service reset required (terminal_out_of_bounds)
[ERROR] [1783136126.349143951] [drone0.drone0_interface]: Service returned failure
[ERROR] [1783136130.454651752] [drone0.drone0_interface]: Service returned failure
05:35:39 [INFO] rl_uav.envs.as2_test_env: Reset complete. Initial obs: [-0.04847513  0.24319044 -0.03164854 -0.14354865]
05:35:44 [WARNING] rl_uav.envs.as2_test_env: Skipping velocity reset; simulator service reset required (terminal_out_of_bounds)
[ERROR] [1783136148.153397628] [drone0.drone0_interface]: Service returned failure
[ERROR] [1783136150.707960972] [drone0.drone0_interface]: Service returned failure
05:35:59 [INFO] rl_uav.envs.as2_test_env: Reset complete. Initial obs: [0.35605755 0.40591967 0.01118981 0.18552159]
05:36:11 [WARNING] rl_uav.envs.as2_test_env: Skipping velocity reset; simulator service reset required (terminal_out_of_bounds)
[ERROR] [1783136175.860612054] [drone0.drone0_interface]: Service returned failure
[ERROR] [1783136178.427604184] [drone0.drone0_interface]: Service returned failure
05:36:27 [INFO] rl_uav.envs.as2_test_env: Reset complete. Initial obs: [0.47683612 0.79377437 0.0443534  0.21634085]
05:36:32 [WARNING] rl_uav.envs.as2_test_env: Skipping velocity reset; simulator service reset required (terminal_out_of_bounds)
[ERROR] [1783136196.159466010] [drone0.drone0_interface]: Service returned failure
[ERROR] [1783136198.727334447] [drone0.drone0_interface]: Service returned failure
05:36:47 [INFO] rl_uav.envs.as2_test_env: Reset complete. Initial obs: [-0.13329925  0.6210661   0.11371642 -0.7455153 ]
05:36:57 [WARNING] rl_uav.envs.as2_test_env: Skipping velocity reset; simulator service reset required (terminal_out_of_bounds)
[ERROR] [1783136220.963260897] [drone0.drone0_interface]: Service returned failure
[ERROR] [1783136223.539523725] [drone0.drone0_interface]: Service returned failure
05:37:12 [INFO] rl_uav.envs.as2_test_env: Reset complete. Initial obs: [-0.8366036   0.47901574 -0.00823866 -0.06924696]
-----------------------------------------
| rollout/                |             |
|    ep_len_mean          | 32          |
|    ep_rew_mean          | -26.9       |
|    success_rate         | 0           |
| time/                   |             |
|    fps                  | 1           |
|    iterations           | 19          |
|    time_elapsed         | 5203        |
|    total_timesteps      | 9728        |
| train/                  |             |
|    approx_kl            | 0.001238497 |
|    clip_fraction        | 0.0043      |
|    clip_range           | 0.2         |
|    entropy_loss         | -6.64       |
|    explained_variance   | 0.0954      |
|    learning_rate        | 3e-05       |
|    loss                 | 38.1        |
|    n_updates            | 90          |
|    policy_gradient_loss | -0.0042     |
|    std                  | 0.999       |
|    value_loss           | 72.5        |
-----------------------------------------
05:37:17 [WARNING] rl_uav.envs.as2_test_env: Skipping velocity reset; simulator service reset required (terminal_out_of_bounds)
[ERROR] [1783136241.391753306] [drone0.drone0_interface]: Service returned failure
[ERROR] [1783136243.974411673] [drone0.drone0_interface]: Service returned failure
05:37:33 [INFO] rl_uav.envs.as2_test_env: Reset complete. Initial obs: [-0.30038074  0.49946043 -0.01459791  0.10865925]
05:37:44 [WARNING] rl_uav.envs.as2_test_env: Skipping velocity reset; simulator service reset required (terminal_out_of_bounds)
[ERROR] [1783136268.085565947] [drone0.drone0_interface]: Service returned failure
[ERROR] [1783136270.672372094] [drone0.drone0_interface]: Service returned failure
05:37:59 [INFO] rl_uav.envs.as2_test_env: Reset complete. Initial obs: [ 0.20451872 -0.1284775   0.00991953 -0.34026754]
05:38:01 [WARNING] rl_uav.envs.as2_test_env: Reset started at valid low altitude z=0.953; climbing to hover 1.400m with bounded velocity recovery
05:38:05 [WARNING] rl_uav.envs.as2_test_env: Skipping velocity reset; simulator service reset required (terminal_out_of_bounds)
[ERROR] [1783136288.594445093] [drone0.drone0_interface]: Service returned failure
[ERROR] [1783136291.165106919] [drone0.drone0_interface]: Service returned failure
05:38:20 [INFO] rl_uav.envs.as2_test_env: Reset complete. Initial obs: [ 0.53052926  0.24111317 -0.09114064 -0.5096697 ]
05:38:21 [WARNING] rl_uav.envs.as2_test_env: Skipping velocity reset; simulator service reset required (terminal_out_of_bounds)
[ERROR] [1783136306.002019959] [drone0.drone0_interface]: Service returned failure
[ERROR] [1783136308.608421058] [drone0.drone0_interface]: Service returned failure
05:38:37 [INFO] rl_uav.envs.as2_test_env: Reset complete. Initial obs: [ 0.1765336  -0.80608535 -0.03256719  0.46083674]
05:38:39 [WARNING] rl_uav.envs.as2_test_env: Skipping velocity reset; simulator service reset required (terminal_out_of_bounds)
[ERROR] [1783136323.602294583] [drone0.drone0_interface]: Service returned failure
[ERROR] [1783136326.201770312] [drone0.drone0_interface]: Service returned failure
05:38:59 [INFO] rl_uav.envs.as2_test_env: Reset complete. Initial obs: [-0.35257882  0.03427476  0.10841779 -0.99287766]
05:39:03 [WARNING] rl_uav.envs.as2_test_env: Reset started at valid low altitude z=0.940; climbing to hover 1.400m with bounded velocity recovery
05:39:07 [WARNING] rl_uav.envs.as2_test_env: Skipping velocity reset; simulator service reset required (terminal_out_of_bounds)
[ERROR] [1783136350.806795649] [drone0.drone0_interface]: Service returned failure
[ERROR] [1783136353.428481325] [drone0.drone0_interface]: Service returned failure
05:39:22 [INFO] rl_uav.envs.as2_test_env: Reset complete. Initial obs: [ 0.7630405   0.33049503 -0.05120089 -0.29182068]
05:39:25 [WARNING] rl_uav.envs.as2_test_env: Reset started at valid low altitude z=0.999; climbing to hover 1.400m with bounded velocity recovery
05:39:29 [WARNING] rl_uav.envs.as2_test_env: Skipping velocity reset; simulator service reset required (terminal_out_of_bounds)
[ERROR] [1783136373.332100169] [drone0.drone0_interface]: Service returned failure
[ERROR] [1783136375.963355870] [drone0.drone0_interface]: Service returned failure
05:39:45 [INFO] rl_uav.envs.as2_test_env: Reset complete. Initial obs: [-0.3392369   0.7654815   0.00755831  0.02739368]
05:39:51 [WARNING] rl_uav.envs.as2_test_env: Skipping velocity reset; simulator service reset required (terminal_out_of_bounds)
[ERROR] [1783136395.938903162] [drone0.drone0_interface]: Service returned failure
[ERROR] [1783136398.563575374] [drone0.drone0_interface]: Service returned failure
05:40:07 [INFO] rl_uav.envs.as2_test_env: Reset complete. Initial obs: [-0.73307824 -0.6074357  -0.05771449  0.6828615 ]
05:40:11 [WARNING] rl_uav.envs.as2_test_env: Skipping velocity reset; simulator service reset required (terminal_out_of_bounds)
[ERROR] [1783136415.349485223] [drone0.drone0_interface]: Service returned failure
[ERROR] [1783136417.994611372] [drone0.drone0_interface]: Service returned failure
05:40:31 [INFO] rl_uav.envs.as2_test_env: Reset complete. Initial obs: [ 0.27395165 -0.33048853  0.07658894  0.6604506 ]
05:40:35 [WARNING] rl_uav.envs.as2_test_env: Skipping velocity reset; simulator service reset required (terminal_out_of_bounds)
[ERROR] [1783136439.654357908] [drone0.drone0_interface]: Service returned failure
[ERROR] [1783136442.308187000] [drone0.drone0_interface]: Service returned failure
05:40:51 [INFO] rl_uav.envs.as2_test_env: Reset complete. Initial obs: [-0.15971117 -0.30293852  0.08973414  0.8355477 ]
05:40:59 [WARNING] rl_uav.envs.as2_test_env: Skipping velocity reset; simulator service reset required (terminal_out_of_bounds)
[ERROR] [1783136463.963329859] [drone0.drone0_interface]: Service returned failure
[ERROR] [1783136466.623359897] [drone0.drone0_interface]: Service returned failure
05:41:16 [INFO] rl_uav.envs.as2_test_env: Reset complete. Initial obs: [ 0.49580416 -0.06277677 -0.09492009  0.669538  ]
05:41:17 [WARNING] rl_uav.envs.as2_test_env: Reset started at valid low altitude z=0.993; climbing to hover 1.400m with bounded velocity recovery
05:41:21 [WARNING] rl_uav.envs.as2_test_env: Skipping velocity reset; simulator service reset required (terminal_out_of_bounds)
[ERROR] [1783136485.170046358] [drone0.drone0_interface]: Service returned failure
[ERROR] [1783136487.842479391] [drone0.drone0_interface]: Service returned failure
05:41:43 [INFO] rl_uav.envs.as2_test_env: Reset complete. Initial obs: [ 0.66449624  0.71656483 -0.07268801  0.8120271 ]
05:41:45 [WARNING] rl_uav.envs.as2_test_env: Skipping velocity reset; simulator service reset required (terminal_out_of_bounds)
[ERROR] [1783136509.586249847] [drone0.drone0_interface]: Service returned failure
[ERROR] [1783136512.266423185] [drone0.drone0_interface]: Service returned failure
05:42:07 [INFO] rl_uav.envs.as2_test_env: Reset complete. Initial obs: [ 0.07274692 -0.28616136  0.05158222  0.22211921]
05:42:11 [WARNING] rl_uav.envs.as2_test_env: Skipping velocity reset; simulator service reset required (terminal_out_of_bounds)
[ERROR] [1783136535.795915528] [drone0.drone0_interface]: Service returned failure
[ERROR] [1783136538.491552468] [drone0.drone0_interface]: Service returned failure
05:42:28 [INFO] rl_uav.envs.as2_test_env: Reset complete. Initial obs: [ 0.2268734   0.6974057   0.05418624 -0.13555011]
05:42:31 [WARNING] rl_uav.envs.as2_test_env: Reset started at valid low altitude z=0.888; climbing to hover 1.400m with bounded velocity recovery
05:42:35 [WARNING] rl_uav.envs.as2_test_env: Skipping velocity reset; simulator service reset required (terminal_out_of_bounds)
[ERROR] [1783136558.697354274] [drone0.drone0_interface]: Service returned failure
[ERROR] [1783136561.386358024] [drone0.drone0_interface]: Service returned failure
05:42:50 [INFO] rl_uav.envs.as2_test_env: Reset complete. Initial obs: [-0.49891654 -0.7395512  -0.03070942 -0.73721164]
05:43:03 [WARNING] rl_uav.envs.as2_test_env: Skipping velocity reset; simulator service reset required (terminal_out_of_bounds)
[ERROR] [1783136588.009670245] [drone0.drone0_interface]: Service returned failure
[ERROR] [1783136590.697794718] [drone0.drone0_interface]: Service returned failure
05:43:20 [INFO] rl_uav.envs.as2_test_env: Reset complete. Initial obs: [-0.18275683  0.32313728 -0.05297014 -0.6852104 ]
05:43:33 [WARNING] rl_uav.envs.as2_test_env: Skipping velocity reset; simulator service reset required (terminal_out_of_bounds)
[ERROR] [1783136617.420329792] [drone0.drone0_interface]: Service returned failure
[ERROR] [1783136620.136562976] [drone0.drone0_interface]: Service returned failure
05:43:54 [INFO] rl_uav.envs.as2_test_env: Reset complete. Initial obs: [ 0.2243943  -0.30908385 -0.00643318  0.51895285]
05:44:12 [WARNING] rl_uav.envs.as2_test_env: Skipping velocity reset; simulator service reset required (terminal_out_of_bounds)
[ERROR] [1783136656.530754013] [drone0.drone0_interface]: Service returned failure
[ERROR] [1783136659.252174827] [drone0.drone0_interface]: Service returned failure
05:44:33 [INFO] rl_uav.envs.as2_test_env: Reset complete. Initial obs: [ 0.26789168 -0.01798541  0.06119651 -0.14307602]
-------------------------------------------
| rollout/                |               |
|    ep_len_mean          | 31.1          |
|    ep_rew_mean          | -26.5         |
|    success_rate         | 0             |
| time/                   |               |
|    fps                  | 1             |
|    iterations           | 20            |
|    time_elapsed         | 5645          |
|    total_timesteps      | 10240         |
| train/                  |               |
|    approx_kl            | 0.00024626055 |
|    clip_fraction        | 0             |
|    clip_range           | 0.2           |
|    entropy_loss         | -6.69         |
|    explained_variance   | 0.112         |
|    learning_rate        | 3e-05         |
|    loss                 | 29.6          |
|    n_updates            | 95            |
|    policy_gradient_loss | -0.000379     |
|    std                  | 0.999         |
|    value_loss           | 70.4          |
-------------------------------------------
05:44:37 [WARNING] rl_uav.envs.as2_test_env: Skipping velocity reset; simulator service reset required (terminal_out_of_bounds)
[ERROR] [1783136681.338246011] [drone0.drone0_interface]: Service returned failure
[ERROR] [1783136684.075959482] [drone0.drone0_interface]: Service returned failure
05:44:53 [INFO] rl_uav.envs.as2_test_env: Reset complete. Initial obs: [-0.20297058  0.5432201  -0.03300157 -0.8444037 ]
05:45:01 [WARNING] rl_uav.envs.as2_test_env: Reset started at valid low altitude z=0.857; climbing to hover 1.400m with bounded velocity recovery
05:45:06 [WARNING] rl_uav.envs.as2_test_env: Skipping velocity reset; simulator service reset required (terminal_out_of_bounds)
[ERROR] [1783136709.424418023] [drone0.drone0_interface]: Service returned failure
[ERROR] [1783136712.166277038] [drone0.drone0_interface]: Service returned failure
05:45:21 [INFO] rl_uav.envs.as2_test_env: Reset complete. Initial obs: [ 0.9747184  -0.11848001 -0.0439923   0.56794536]
05:45:23 [WARNING] rl_uav.envs.as2_test_env: Skipping velocity reset; simulator service reset required (terminal_out_of_bounds)
[ERROR] [1783136727.842638388] [drone0.drone0_interface]: Service returned failure
[ERROR] [1783136730.597871877] [drone0.drone0_interface]: Service returned failure
[ERROR] [1783136744.823949571] [drone0.drone0_interface]: Service returned failure
[ERROR] [1783136747.577946580] [drone0.drone0_interface]: Service returned failure
05:45:54 [INFO] rl_uav.envs.as2_test_env: Reset complete. Initial obs: [-0.74867445  0.4852835   0.03450675 -0.7201146 ]
05:45:59 [WARNING] rl_uav.envs.as2_test_env: Skipping velocity reset; simulator service reset required (terminal_out_of_bounds)
[ERROR] [1783136763.566398699] [drone0.drone0_interface]: Service returned failure
[ERROR] [1783136766.335231268] [drone0.drone0_interface]: Service returned failure
05:46:20 [INFO] rl_uav.envs.as2_test_env: Reset complete. Initial obs: [ 0.5646906   0.7671361   0.09354701 -0.33757287]
05:46:26 [WARNING] rl_uav.envs.as2_test_env: Skipping velocity reset; simulator service reset required (terminal_out_of_bounds)
[ERROR] [1783136790.579012795] [drone0.drone0_interface]: Service returned failure
[ERROR] [1783136793.361580957] [drone0.drone0_interface]: Service returned failure
05:46:47 [INFO] rl_uav.envs.as2_test_env: Reset complete. Initial obs: [ 0.01709297 -0.4620447  -0.01345487 -0.58270824]
05:47:00 [WARNING] rl_uav.envs.as2_test_env: Skipping velocity reset; simulator service reset required (terminal_out_of_bounds)
[ERROR] [1783136824.484692579] [drone0.drone0_interface]: Service returned failure
[ERROR] [1783136827.270229143] [drone0.drone0_interface]: Service returned failure
05:47:21 [INFO] rl_uav.envs.as2_test_env: Reset complete. Initial obs: [ 0.34701857 -0.12905884 -0.04515308 -0.05839725]
05:47:25 [WARNING] rl_uav.envs.as2_test_env: Skipping velocity reset; simulator service reset required (terminal_out_of_bounds)
[ERROR] [1783136850.110788295] [drone0.drone0_interface]: Service returned failure
[ERROR] [1783136853.017655176] [drone0.drone0_interface]: Service returned failure
05:47:47 [INFO] rl_uav.envs.as2_test_env: Reset complete. Initial obs: [-0.58122724  0.03349119 -0.03641846  0.18729931]
05:47:49 [WARNING] rl_uav.envs.as2_test_env: Skipping velocity reset; simulator service reset required (terminal_out_of_bounds)
[ERROR] [1783136874.110441360] [drone0.drone0_interface]: Service returned failure
[ERROR] [1783136876.916411064] [drone0.drone0_interface]: Service returned failure
05:48:11 [INFO] rl_uav.envs.as2_test_env: Reset complete. Initial obs: [ 0.89452475  0.32852393 -0.07879121 -0.10908146]
05:48:15 [WARNING] rl_uav.envs.as2_test_env: Skipping velocity reset; simulator service reset required (terminal_out_of_bounds)
[ERROR] [1783136899.822679446] [drone0.drone0_interface]: Service returned failure
[ERROR] [1783136902.651622117] [drone0.drone0_interface]: Service returned failure
05:48:37 [INFO] rl_uav.envs.as2_test_env: Reset complete. Initial obs: [-0.41549304  0.5422034   0.08912981  0.46857738]
05:48:39 [WARNING] rl_uav.envs.as2_test_env: Skipping velocity reset; simulator service reset required (terminal_out_of_bounds)
[ERROR] [1783136923.941652598] [drone0.drone0_interface]: Service returned failure
[ERROR] [1783136926.775853218] [drone0.drone0_interface]: Service returned failure
05:49:01 [INFO] rl_uav.envs.as2_test_env: Reset complete. Initial obs: [ 0.8509392  -0.22009943  0.04048141  0.80819255]
05:49:13 [WARNING] rl_uav.envs.as2_test_env: Skipping velocity reset; simulator service reset required (terminal_out_of_bounds)
[ERROR] [1783136958.449440874] [drone0.drone0_interface]: Service returned failure
[ERROR] [1783136961.295286239] [drone0.drone0_interface]: Service returned failure
05:49:35 [INFO] rl_uav.envs.as2_test_env: Reset complete. Initial obs: [-0.39901698  0.25564265  0.06556703 -0.33595058]
05:49:45 [WARNING] rl_uav.envs.as2_test_env: Reset started at valid low altitude z=0.987; climbing to hover 1.400m with bounded velocity recovery
05:49:49 [WARNING] rl_uav.envs.as2_test_env: Skipping velocity reset; simulator service reset required (terminal_out_of_bounds)
[ERROR] [1783136992.960326294] [drone0.drone0_interface]: Service returned failure
[ERROR] [1783136995.819890054] [drone0.drone0_interface]: Service returned failure
05:50:10 [INFO] rl_uav.envs.as2_test_env: Reset complete. Initial obs: [-0.33353245  0.78095907 -0.03573237 -0.52851677]
05:50:14 [WARNING] rl_uav.envs.as2_test_env: Skipping velocity reset; simulator service reset required (terminal_out_of_bounds)
[ERROR] [1783137019.067781229] [drone0.drone0_interface]: Service returned failure
[ERROR] [1783137021.922356348] [drone0.drone0_interface]: Service returned failure
05:50:36 [INFO] rl_uav.envs.as2_test_env: Reset complete. Initial obs: [-0.4070823  -0.4502955   0.0185668   0.14996752]
05:50:39 [WARNING] rl_uav.envs.as2_test_env: Skipping velocity reset; simulator service reset required (terminal_out_of_bounds)
[ERROR] [1783137043.583858017] [drone0.drone0_interface]: Service returned failure
[ERROR] [1783137046.462399590] [drone0.drone0_interface]: Service returned failure
05:51:01 [INFO] rl_uav.envs.as2_test_env: Reset complete. Initial obs: [-0.4932726  -0.18325317 -0.01772858 -0.08588467]
05:51:15 [WARNING] rl_uav.envs.as2_test_env: Reset started at valid low altitude z=0.970; climbing to hover 1.400m with bounded velocity recovery
05:51:19 [WARNING] rl_uav.envs.as2_test_env: Skipping velocity reset; simulator service reset required (terminal_out_of_bounds)
[ERROR] [1783137083.498213192] [drone0.drone0_interface]: Service returned failure
[ERROR] [1783137086.395221932] [drone0.drone0_interface]: Service returned failure
05:51:41 [INFO] rl_uav.envs.as2_test_env: Reset complete. Initial obs: [-0.48657805 -0.69947916  0.03841851  0.28718504]
05:51:50 [WARNING] rl_uav.envs.as2_test_env: Skipping velocity reset; simulator service reset required (terminal_out_of_bounds)
[ERROR] [1783137115.093461349] [drone0.drone0_interface]: Service returned failure
[ERROR] [1783137117.989323261] [drone0.drone0_interface]: Service returned failure
05:52:12 [INFO] rl_uav.envs.as2_test_env: Reset complete. Initial obs: [ 0.1263573  -0.14664981 -0.00509076 -0.5253073 ]
-------------------------------------------
| rollout/                |               |
|    ep_len_mean          | 30.9          |
|    ep_rew_mean          | -26.1         |
|    success_rate         | 0             |
| time/                   |               |
|    fps                  | 1             |
|    iterations           | 21            |
|    time_elapsed         | 6109          |
|    total_timesteps      | 10752         |
| train/                  |               |
|    approx_kl            | 0.00021766871 |
|    clip_fraction        | 0             |
|    clip_range           | 0.2           |
|    entropy_loss         | -6.36         |
|    explained_variance   | 0.199         |
|    learning_rate        | 3e-05         |
|    loss                 | 30            |
|    n_updates            | 100           |
|    policy_gradient_loss | -0.00129      |
|    std                  | 0.999         |
|    value_loss           | 65.4          |
-------------------------------------------
05:52:20 [WARNING] rl_uav.envs.as2_test_env: Skipping velocity reset; simulator service reset required (terminal_out_of_bounds)
[ERROR] [1783137145.211720463] [drone0.drone0_interface]: Service returned failure
[ERROR] [1783137148.124311912] [drone0.drone0_interface]: Service returned failure
05:52:43 [INFO] rl_uav.envs.as2_test_env: Reset complete. Initial obs: [ 0.31679773 -0.21455345 -0.0022555   0.30073196]
05:52:45 [WARNING] rl_uav.envs.as2_test_env: Skipping velocity reset; simulator service reset required (terminal_out_of_bounds)
[ERROR] [1783137170.226351794] [drone0.drone0_interface]: Service returned failure
[ERROR] [1783137173.248653008] [drone0.drone0_interface]: Service returned failure
05:53:08 [INFO] rl_uav.envs.as2_test_env: Reset complete. Initial obs: [-0.44828302  0.39314505  0.05065461 -0.69669384]
05:53:10 [WARNING] rl_uav.envs.as2_test_env: Skipping velocity reset; simulator service reset required (terminal_out_of_bounds)
[ERROR] [1783137195.432329409] [drone0.drone0_interface]: Service returned failure
[ERROR] [1783137198.360769666] [drone0.drone0_interface]: Service returned failure
05:53:33 [INFO] rl_uav.envs.as2_test_env: Reset complete. Initial obs: [-0.14991665 -0.9612075  -0.04371843  0.7049233 ]
05:53:35 [WARNING] rl_uav.envs.as2_test_env: Skipping velocity reset; simulator service reset required (terminal_out_of_bounds)
[ERROR] [1783137220.647088460] [drone0.drone0_interface]: Service returned failure
[ERROR] [1783137225.418854508] [drone0.drone0_interface]: Service returned failure
05:54:00 [INFO] rl_uav.envs.as2_test_env: Reset complete. Initial obs: [-0.5452141  -0.8030948   0.09377924 -0.7283187 ]
05:54:03 [WARNING] rl_uav.envs.as2_test_env: Skipping velocity reset; simulator service reset required (terminal_out_of_bounds)
[ERROR] [1783137247.857051390] [drone0.drone0_interface]: Service returned failure
[ERROR] [1783137250.812655838] [drone0.drone0_interface]: Service returned failure
05:54:26 [INFO] rl_uav.envs.as2_test_env: Reset complete. Initial obs: [-0.5145047   0.17684485 -0.06008064 -0.2819372 ]
05:54:30 [WARNING] rl_uav.envs.as2_test_env: Skipping velocity reset; simulator service reset required (terminal_out_of_bounds)
[ERROR] [1783137275.170378137] [drone0.drone0_interface]: Service returned failure
[ERROR] [1783137278.142338245] [drone0.drone0_interface]: Service returned failure
05:54:53 [INFO] rl_uav.envs.as2_test_env: Reset complete. Initial obs: [-0.8744607   0.2483931  -0.00088695 -0.35261774]
05:55:01 [WARNING] rl_uav.envs.as2_test_env: Skipping velocity reset; simulator service reset required (terminal_out_of_bounds)
[ERROR] [1783137305.979650261] [drone0.drone0_interface]: Service returned failure
[ERROR] [1783137308.943955530] [drone0.drone0_interface]: Service returned failure
05:55:24 [INFO] rl_uav.envs.as2_test_env: Reset complete. Initial obs: [ 0.12984242 -0.93447876  0.06999713  0.41326043]
05:55:43 [WARNING] rl_uav.envs.as2_test_env: Skipping velocity reset; simulator service reset required (terminal_out_of_bounds)
[ERROR] [1783137347.896620980] [drone0.drone0_interface]: Service returned failure
[ERROR] [1783137350.887987965] [drone0.drone0_interface]: Service returned failure
05:56:06 [INFO] rl_uav.envs.as2_test_env: Reset complete. Initial obs: [ 0.44355762 -0.24231015 -0.00987447 -0.93665653]
05:56:10 [WARNING] rl_uav.envs.as2_test_env: Skipping velocity reset; simulator service reset required (terminal_out_of_bounds)
[ERROR] [1783137375.406599094] [drone0.drone0_interface]: Service returned failure
[ERROR] [1783137378.416955862] [drone0.drone0_interface]: Service returned failure
05:56:33 [INFO] rl_uav.envs.as2_test_env: Reset complete. Initial obs: [-0.07478049 -0.45142803  0.00738358 -0.8750882 ]
05:56:36 [WARNING] rl_uav.envs.as2_test_env: Skipping velocity reset; simulator service reset required (terminal_out_of_bounds)
[ERROR] [1783137401.115193672] [drone0.drone0_interface]: Service returned failure
[ERROR] [1783137404.132210364] [drone0.drone0_interface]: Service returned failure
05:56:59 [INFO] rl_uav.envs.as2_test_env: Reset complete. Initial obs: [ 0.14907779 -0.45001987  0.06451517  0.22719185]
05:57:22 [WARNING] rl_uav.envs.as2_test_env: Skipping velocity reset; simulator service reset required (terminal_out_of_bounds)
[ERROR] [1783137446.828453169] [drone0.drone0_interface]: Service returned failure
[ERROR] [1783137449.857910633] [drone0.drone0_interface]: Service returned failure
05:57:45 [INFO] rl_uav.envs.as2_test_env: Reset complete. Initial obs: [0.69193333 0.11921435 0.09778705 0.31302968]
05:57:49 [WARNING] rl_uav.envs.as2_test_env: Skipping velocity reset; simulator service reset required (terminal_out_of_bounds)
[ERROR] [1783137474.546551245] [drone0.drone0_interface]: Service returned failure
[ERROR] [1783137477.571320646] [drone0.drone0_interface]: Service returned failure
05:58:13 [INFO] rl_uav.envs.as2_test_env: Reset complete. Initial obs: [-0.3397701  -0.3884215  -0.00982238 -0.05118757]
05:58:19 [WARNING] rl_uav.envs.as2_test_env: Skipping velocity reset; simulator service reset required (terminal_out_of_bounds)
[ERROR] [1783137504.251510403] [drone0.drone0_interface]: Service returned failure
[ERROR] [1783137507.301337057] [drone0.drone0_interface]: Service returned failure
05:58:42 [INFO] rl_uav.envs.as2_test_env: Reset complete. Initial obs: [ 0.07072135  0.7120948  -0.02861907  0.4101119 ]
05:58:45 [WARNING] rl_uav.envs.as2_test_env: Skipping velocity reset; simulator service reset required (terminal_out_of_bounds)
[ERROR] [1783137530.360075743] [drone0.drone0_interface]: Service returned failure
[ERROR] [1783137533.415477263] [drone0.drone0_interface]: Service returned failure
05:59:09 [INFO] rl_uav.envs.as2_test_env: Reset complete. Initial obs: [ 0.07294735 -0.23741095 -0.04596211  0.49016786]
05:59:21 [WARNING] rl_uav.envs.as2_test_env: Skipping velocity reset; simulator service reset required (terminal_out_of_bounds)
[ERROR] [1783137566.279296141] [drone0.drone0_interface]: Service returned failure
[ERROR] [1783137569.351703434] [drone0.drone0_interface]: Service returned failure
05:59:45 [INFO] rl_uav.envs.as2_test_env: Reset complete. Initial obs: [ 0.14364843 -0.14684929  0.03290224  0.77734303]
05:59:47 [WARNING] rl_uav.envs.as2_test_env: Reset started at valid low altitude z=0.844; climbing to hover 1.400m with bounded velocity recovery
05:59:52 [WARNING] rl_uav.envs.as2_test_env: Skipping velocity reset; simulator service reset required (terminal_out_of_bounds)
[ERROR] [1783137596.471798351] [drone0.drone0_interface]: Service returned failure
[ERROR] [1783137599.548167935] [drone0.drone0_interface]: Service returned failure
06:00:15 [INFO] rl_uav.envs.as2_test_env: Reset complete. Initial obs: [-0.51095843 -0.3117633  -0.0307974  -0.35919863]
------------------------------------------
| rollout/                |              |
|    ep_len_mean          | 31.7         |
|    ep_rew_mean          | -26.4        |
|    success_rate         | 0            |
| time/                   |              |
|    fps                  | 1            |
|    iterations           | 22           |
|    time_elapsed         | 6591         |
|    total_timesteps      | 11264        |
| train/                  |              |
|    approx_kl            | 0.0014607072 |
|    clip_fraction        | 0.00234      |
|    clip_range           | 0.2          |
|    entropy_loss         | -6.69        |
|    explained_variance   | 0.134        |
|    learning_rate        | 3e-05        |
|    loss                 | 34.2         |
|    n_updates            | 105          |
|    policy_gradient_loss | 0.0022       |
|    std                  | 0.998        |
|    value_loss           | 63.7         |
------------------------------------------
06:00:21 [WARNING] rl_uav.envs.as2_test_env: Skipping velocity reset; simulator service reset required (terminal_out_of_bounds)
[ERROR] [1783137626.897805313] [drone0.drone0_interface]: Service returned failure
[ERROR] [1783137631.912562146] [drone0.drone0_interface]: Service returned failure
06:00:48 [INFO] rl_uav.envs.as2_test_env: Reset complete. Initial obs: [ 0.3020979   0.82882124  0.03842126 -0.09654419]
06:00:52 [WARNING] rl_uav.envs.as2_test_env: Reset started at valid low altitude z=0.991; climbing to hover 1.400m with bounded velocity recovery
06:00:57 [WARNING] rl_uav.envs.as2_test_env: Skipping velocity reset; simulator service reset required (terminal_out_of_bounds)
[ERROR] [1783137661.313271208] [drone0.drone0_interface]: Service returned failure
[ERROR] [1783137664.420586530] [drone0.drone0_interface]: Service returned failure
06:01:20 [INFO] rl_uav.envs.as2_test_env: Reset complete. Initial obs: [ 0.47067806  0.18453474 -0.10600001 -0.86893755]
06:01:23 [WARNING] rl_uav.envs.as2_test_env: Skipping velocity reset; simulator service reset required (terminal_out_of_bounds)
[ERROR] [1783137688.126135448] [drone0.drone0_interface]: Service returned failure
[ERROR] [1783137691.239199306] [drone0.drone0_interface]: Service returned failure
06:01:47 [INFO] rl_uav.envs.as2_test_env: Reset complete. Initial obs: [-0.7024298  -0.2243884  -0.04514742  0.46517953]
06:01:50 [WARNING] rl_uav.envs.as2_test_env: Skipping velocity reset; simulator service reset required (terminal_out_of_bounds)
[ERROR] [1783137714.937026169] [drone0.drone0_interface]: Service returned failure
[ERROR] [1783137718.060144831] [drone0.drone0_interface]: Service returned failure
06:02:14 [INFO] rl_uav.envs.as2_test_env: Reset complete. Initial obs: [-0.29652536 -0.19512811  0.02910484  0.50532573]
06:02:18 [WARNING] rl_uav.envs.as2_test_env: Skipping velocity reset; simulator service reset required (terminal_out_of_bounds)
[ERROR] [1783137743.948825994] [drone0.drone0_interface]: Service returned failure
[ERROR] [1783137747.093141040] [drone0.drone0_interface]: Service returned failure
06:02:43 [INFO] rl_uav.envs.as2_test_env: Reset complete. Initial obs: [-0.57237476 -0.2856343  -0.04343631 -0.186675  ]
06:02:49 [WARNING] rl_uav.envs.as2_test_env: Skipping velocity reset; simulator service reset required (terminal_out_of_bounds)
[ERROR] [1783137774.857702904] [drone0.drone0_interface]: Service returned failure
[ERROR] [1783137778.000021303] [drone0.drone0_interface]: Service returned failure
06:03:14 [INFO] rl_uav.envs.as2_test_env: Reset complete. Initial obs: [ 0.06921916 -0.7310205   0.0811725   0.24428013]
06:03:17 [WARNING] rl_uav.envs.as2_test_env: Reset started at valid low altitude z=0.928; climbing to hover 1.400m with bounded velocity recovery
06:03:21 [WARNING] rl_uav.envs.as2_test_env: Skipping velocity reset; simulator service reset required (terminal_out_of_bounds)
[ERROR] [1783137805.764038738] [drone0.drone0_interface]: Service returned failure
[ERROR] [1783137809.025462368] [drone0.drone0_interface]: Service returned failure
06:03:45 [INFO] rl_uav.envs.as2_test_env: Reset complete. Initial obs: [ 0.2669106  -0.80680525  0.0149675  -0.60212624]
06:03:49 [WARNING] rl_uav.envs.as2_test_env: Skipping velocity reset; simulator service reset required (terminal_out_of_bounds)
[ERROR] [1783137834.869349285] [drone0.drone0_interface]: Service returned failure
[ERROR] [1783137838.031012806] [drone0.drone0_interface]: Service returned failure
06:04:14 [INFO] rl_uav.envs.as2_test_env: Reset complete. Initial obs: [0.15876694 0.2357573  0.02776125 0.06521791]
06:04:20 [WARNING] rl_uav.envs.as2_test_env: Skipping velocity reset; simulator service reset required (terminal_out_of_bounds)
[ERROR] [1783137865.973851398] [drone0.drone0_interface]: Service returned failure
[ERROR] [1783137869.161271239] [drone0.drone0_interface]: Service returned failure
06:04:45 [INFO] rl_uav.envs.as2_test_env: Reset complete. Initial obs: [ 0.36437002 -0.11928844  0.00459513 -0.80581415]
06:04:48 [WARNING] rl_uav.envs.as2_test_env: Skipping velocity reset; simulator service reset required (terminal_out_of_bounds)
[ERROR] [1783137893.497173388] [drone0.drone0_interface]: Service returned failure
[ERROR] [1783137896.695216188] [drone0.drone0_interface]: Service returned failure
06:05:13 [INFO] rl_uav.envs.as2_test_env: Reset complete. Initial obs: [-0.29873747  0.3211822   0.05374962 -0.25961024]
06:05:15 [WARNING] rl_uav.envs.as2_test_env: Skipping velocity reset; simulator service reset required (terminal_out_of_bounds)
[ERROR] [1783137921.062741083] [drone0.drone0_interface]: Service returned failure
[ERROR] [1783137924.267588848] [drone0.drone0_interface]: Service returned failure
06:05:40 [INFO] rl_uav.envs.as2_test_env: Reset complete. Initial obs: [ 0.22790201 -0.67745936 -0.0841408  -0.38395667]
06:05:49 [WARNING] rl_uav.envs.as2_test_env: Reset started at valid low altitude z=0.889; climbing to hover 1.400m with bounded velocity recovery
06:05:54 [WARNING] rl_uav.envs.as2_test_env: Skipping velocity reset; simulator service reset required (terminal_out_of_bounds)
[ERROR] [1783137958.705842385] [drone0.drone0_interface]: Service returned failure
[ERROR] [1783137961.927373635] [drone0.drone0_interface]: Service returned failure
06:06:18 [INFO] rl_uav.envs.as2_test_env: Reset complete. Initial obs: [ 0.70106554 -0.40092313  0.02577674  0.27735686]
06:06:21 [WARNING] rl_uav.envs.as2_test_env: Skipping velocity reset; simulator service reset required (terminal_out_of_bounds)
[ERROR] [1783137986.531499584] [drone0.drone0_interface]: Service returned failure
[ERROR] [1783137989.759611417] [drone0.drone0_interface]: Service returned failure
06:06:46 [INFO] rl_uav.envs.as2_test_env: Reset complete. Initial obs: [0.07100604 0.4168715  0.10440519 0.29358244]
06:06:57 [WARNING] rl_uav.envs.as2_test_env: Skipping velocity reset; simulator service reset required (terminal_out_of_bounds)
[ERROR] [1783138022.542117866] [drone0.drone0_interface]: Service returned failure
[ERROR] [1783138025.783098765] [drone0.drone0_interface]: Service returned failure
06:07:22 [INFO] rl_uav.envs.as2_test_env: Reset complete. Initial obs: [-0.48445168 -0.2010352   0.04520951  0.35859382]
06:07:25 [WARNING] rl_uav.envs.as2_test_env: Skipping velocity reset; simulator service reset required (terminal_out_of_bounds)
[ERROR] [1783138050.655124747] [drone0.drone0_interface]: Service returned failure
[ERROR] [1783138053.907044701] [drone0.drone0_interface]: Service returned failure
06:07:50 [INFO] rl_uav.envs.as2_test_env: Reset complete. Initial obs: [ 0.36256444 -0.49594292  0.05753468 -0.11540087]
06:07:57 [WARNING] rl_uav.envs.as2_test_env: Skipping velocity reset; simulator service reset required (terminal_out_of_bounds)
[ERROR] [1783138082.766061758] [drone0.drone0_interface]: Service returned failure
[ERROR] [1783138088.041402150] [drone0.drone0_interface]: Service returned failure
06:08:24 [INFO] rl_uav.envs.as2_test_env: Reset complete. Initial obs: [ 0.1902107  -0.17026936  0.03622491  0.08035368]
06:08:31 [WARNING] rl_uav.envs.as2_test_env: Skipping velocity reset; simulator service reset required (terminal_out_of_bounds)
[ERROR] [1783138117.076006608] [drone0.drone0_interface]: Service returned failure
[ERROR] [1783138120.347771769] [drone0.drone0_interface]: Service returned failure
06:08:57 [INFO] rl_uav.envs.as2_test_env: Reset complete. Initial obs: [ 0.04852759 -0.4445181   0.0217078  -0.0935702 ]
06:09:00 [WARNING] rl_uav.envs.as2_test_env: Skipping velocity reset; simulator service reset required (terminal_out_of_bounds)
[ERROR] [1783138145.294980823] [drone0.drone0_interface]: Service returned failure
[ERROR] [1783138148.575975459] [drone0.drone0_interface]: Service returned failure
06:09:25 [INFO] rl_uav.envs.as2_test_env: Reset complete. Initial obs: [ 0.12996416 -0.14751187  0.05944647 -0.74699   ]
06:09:28 [WARNING] rl_uav.envs.as2_test_env: Skipping velocity reset; simulator service reset required (terminal_out_of_bounds)
[ERROR] [1783138173.700665318] [drone0.drone0_interface]: Service returned failure
[ERROR] [1783138177.002496326] [drone0.drone0_interface]: Service returned failure
06:09:54 [INFO] rl_uav.envs.as2_test_env: Reset complete. Initial obs: [ 0.05227355  0.54829997 -0.05717827 -0.01409756]
-------------------------------------------
| rollout/                |               |
|    ep_len_mean          | 29            |
|    ep_rew_mean          | -25           |
|    success_rate         | 0             |
| time/                   |               |
|    fps                  | 1             |
|    iterations           | 23            |
|    time_elapsed         | 7182          |
|    total_timesteps      | 11776         |
| train/                  |               |
|    approx_kl            | 0.00068976055 |
|    clip_fraction        | 0             |
|    clip_range           | 0.2           |
|    entropy_loss         | -6.51         |
|    explained_variance   | 0.215         |
|    learning_rate        | 3e-05         |
|    loss                 | 26.1          |
|    n_updates            | 110           |
|    policy_gradient_loss | -0.00121      |
|    std                  | 0.998         |
|    value_loss           | 55.9          |
-------------------------------------------
06:10:21 [WARNING] rl_uav.envs.as2_test_env: Skipping velocity reset; simulator service reset required (terminal_out_of_bounds)
[ERROR] [1783138226.313078411] [drone0.drone0_interface]: Service returned failure
[ERROR] [1783138229.624691566] [drone0.drone0_interface]: Service returned failure
06:10:46 [INFO] rl_uav.envs.as2_test_env: Reset complete. Initial obs: [-0.5235083  -0.37336886 -0.01337888 -0.6506594 ]
06:10:49 [WARNING] rl_uav.envs.as2_test_env: Skipping velocity reset; simulator service reset required (terminal_out_of_bounds)
[ERROR] [1783138254.927823976] [drone0.drone0_interface]: Service returned failure
[ERROR] [1783138258.239442654] [drone0.drone0_interface]: Service returned failure
06:11:15 [INFO] rl_uav.envs.as2_test_env: Reset complete. Initial obs: [-0.02175851  0.51969665  0.01128639 -0.590764  ]
06:11:22 [WARNING] rl_uav.envs.as2_test_env: Skipping velocity reset; simulator service reset required (terminal_out_of_bounds)
[ERROR] [1783138287.540344912] [drone0.drone0_interface]: Service returned failure
[ERROR] [1783138290.869196987] [drone0.drone0_interface]: Service returned failure
06:11:48 [INFO] rl_uav.envs.as2_test_env: Reset complete. Initial obs: [-0.19743615 -0.4923756   0.01349351  0.956667  ]
06:11:53 [WARNING] rl_uav.envs.as2_test_env: Skipping velocity reset; simulator service reset required (terminal_out_of_bounds)
[ERROR] [1783138318.328868370] [drone0.drone0_interface]: Service returned failure
[ERROR] [1783138321.677037854] [drone0.drone0_interface]: Service returned failure
06:12:19 [INFO] rl_uav.envs.as2_test_env: Reset complete. Initial obs: [-0.29236263  0.53119814 -0.08586115  0.69937134]
06:12:22 [WARNING] rl_uav.envs.as2_test_env: Skipping velocity reset; simulator service reset required (terminal_out_of_bounds)
[ERROR] [1783138347.458872202] [drone0.drone0_interface]: Service returned failure
[ERROR] [1783138350.815597286] [drone0.drone0_interface]: Service returned failure
06:12:48 [INFO] rl_uav.envs.as2_test_env: Reset complete. Initial obs: [0.69972557 0.11396746 0.0355847  0.45608222]
06:12:51 [WARNING] rl_uav.envs.as2_test_env: Skipping velocity reset; simulator service reset required (terminal_out_of_bounds)
[ERROR] [1783138376.666400949] [drone0.drone0_interface]: Service returned failure
[ERROR] [1783138380.031394784] [drone0.drone0_interface]: Service returned failure
06:13:17 [INFO] rl_uav.envs.as2_test_env: Reset complete. Initial obs: [ 0.42758465 -0.12862286 -0.0738516  -0.6142597 ]
06:13:24 [WARNING] rl_uav.envs.as2_test_env: Skipping velocity reset; simulator service reset required (terminal_out_of_bounds)
[ERROR] [1783138410.090797065] [drone0.drone0_interface]: Service returned failure
[ERROR] [1783138413.568823410] [drone0.drone0_interface]: Service returned failure
06:13:51 [INFO] rl_uav.envs.as2_test_env: Reset complete. Initial obs: [-0.12263954 -0.4562242  -0.0105942   0.58956707]
06:13:54 [WARNING] rl_uav.envs.as2_test_env: Skipping velocity reset; simulator service reset required (terminal_out_of_bounds)
[ERROR] [1783138439.580311570] [drone0.drone0_interface]: Service returned failure
[ERROR] [1783138442.971595678] [drone0.drone0_interface]: Service returned failure
06:14:20 [INFO] rl_uav.envs.as2_test_env: Reset complete. Initial obs: [ 0.83470106 -0.30939624  0.02721221  0.36883822]
06:14:23 [WARNING] rl_uav.envs.as2_test_env: Skipping velocity reset; simulator service reset required (terminal_out_of_bounds)
[ERROR] [1783138469.004931638] [drone0.drone0_interface]: Service returned failure
[ERROR] [1783138474.625721236] [drone0.drone0_interface]: Service returned failure
06:14:52 [INFO] rl_uav.envs.as2_test_env: Reset complete. Initial obs: [-0.305265   -0.44396606 -0.01127645 -0.48693407]
06:14:55 [WARNING] rl_uav.envs.as2_test_env: Skipping velocity reset; simulator service reset required (terminal_out_of_bounds)
[ERROR] [1783138500.714409054] [drone0.drone0_interface]: Service returned failure
[ERROR] [1783138504.126229340] [drone0.drone0_interface]: Service returned failure
06:15:21 [INFO] rl_uav.envs.as2_test_env: Reset complete. Initial obs: [ 0.3181735  -0.5418749   0.05449158 -0.8998132 ]
06:15:29 [WARNING] rl_uav.envs.as2_test_env: Skipping velocity reset; simulator service reset required (terminal_out_of_bounds)
[ERROR] [1783138534.525580964] [drone0.drone0_interface]: Service returned failure
[ERROR] [1783138537.940018491] [drone0.drone0_interface]: Service returned failure
06:15:55 [INFO] rl_uav.envs.as2_test_env: Reset complete. Initial obs: [-0.15130208  0.557115   -0.09424531 -0.4028255 ]
06:16:03 [WARNING] rl_uav.envs.as2_test_env: Reset started at valid low altitude z=0.870; climbing to hover 1.400m with bounded velocity recovery
06:16:08 [WARNING] rl_uav.envs.as2_test_env: Skipping velocity reset; simulator service reset required (terminal_out_of_bounds)
[ERROR] [1783138572.626189365] [drone0.drone0_interface]: Service returned failure
[ERROR] [1783138576.063130971] [drone0.drone0_interface]: Service returned failure
06:16:33 [INFO] rl_uav.envs.as2_test_env: Reset complete. Initial obs: [-0.364161    0.20553891  0.01879842 -0.2991133 ]
06:16:37 [WARNING] rl_uav.envs.as2_test_env: Skipping velocity reset; simulator service reset required (terminal_out_of_bounds)
[ERROR] [1783138602.607170532] [drone0.drone0_interface]: Service returned failure
[ERROR] [1783138606.045495690] [drone0.drone0_interface]: Service returned failure
06:17:03 [INFO] rl_uav.envs.as2_test_env: Reset complete. Initial obs: [-0.1634773   0.9505936   0.03119823 -0.62149143]
06:17:13 [WARNING] rl_uav.envs.as2_test_env: Skipping velocity reset; simulator service reset required (terminal_out_of_bounds)
[ERROR] [1783138638.758085401] [drone0.drone0_interface]: Service returned failure
[ERROR] [1783138642.203058794] [drone0.drone0_interface]: Service returned failure
06:17:40 [INFO] rl_uav.envs.as2_test_env: Reset complete. Initial obs: [ 0.6909414  -0.22930932 -0.04128605 -0.70255435]
06:17:43 [WARNING] rl_uav.envs.as2_test_env: Reset started at valid low altitude z=0.844; climbing to hover 1.400m with bounded velocity recovery
06:17:48 [WARNING] rl_uav.envs.as2_test_env: Skipping velocity reset; simulator service reset required (terminal_out_of_bounds)
[ERROR] [1783138673.076291138] [drone0.drone0_interface]: Service returned failure
[ERROR] [1783138676.539332008] [drone0.drone0_interface]: Service returned failure
06:18:14 [INFO] rl_uav.envs.as2_test_env: Reset complete. Initial obs: [-0.4210626   0.8996686   0.05461498  0.6803887 ]
06:18:17 [WARNING] rl_uav.envs.as2_test_env: Skipping velocity reset; simulator service reset required (terminal_out_of_bounds)
[ERROR] [1783138703.063659752] [drone0.drone0_interface]: Service returned failure
[ERROR] [1783138706.546263294] [drone0.drone0_interface]: Service returned failure
06:18:44 [INFO] rl_uav.envs.as2_test_env: Reset complete. Initial obs: [0.14806783 0.41364712 0.03789063 0.65884316]
06:18:54 [WARNING] rl_uav.envs.as2_test_env: Skipping velocity reset; simulator service reset required (terminal_out_of_bounds)
[ERROR] [1783138739.779094468] [drone0.drone0_interface]: Service returned failure
[ERROR] [1783138743.273032988] [drone0.drone0_interface]: Service returned failure
06:19:21 [INFO] rl_uav.envs.as2_test_env: Reset complete. Initial obs: [-0.750611    0.34938487  0.02883389  0.48758325]
06:19:24 [WARNING] rl_uav.envs.as2_test_env: Skipping velocity reset; simulator service reset required (terminal_out_of_bounds)
[ERROR] [1783138770.203775850] [drone0.drone0_interface]: Service returned failure
[ERROR] [1783138775.904546353] [drone0.drone0_interface]: Service returned failure
06:19:46 [INFO] rl_uav.envs.as2_test_env: Reset complete. Initial obs: [-0.2801245  -0.32997254 -0.01032812  0.19054386]
06:19:57 [WARNING] rl_uav.envs.as2_test_env: Reset started at valid low altitude z=0.843; climbing to hover 1.400m with bounded velocity recovery
06:20:02 [WARNING] rl_uav.envs.as2_test_env: Skipping velocity reset; simulator service reset required (terminal_out_of_bounds)
[ERROR] [1783138807.288708679] [drone0.drone0_interface]: Service returned failure
[ERROR] [1783138812.975078875] [drone0.drone0_interface]: Service returned failure
06:20:23 [INFO] rl_uav.envs.as2_test_env: Reset complete. Initial obs: [-0.10796148  0.7605322   0.07241205 -0.20953491]
-------------------------------------------
| rollout/                |               |
|    ep_len_mean          | 29.7          |
|    ep_rew_mean          | -25.2         |
|    success_rate         | 0             |
| time/                   |               |
|    fps                  | 1             |
|    iterations           | 24            |
|    time_elapsed         | 7794          |
|    total_timesteps      | 12288         |
| train/                  |               |
|    approx_kl            | 0.00022458937 |
|    clip_fraction        | 0             |
|    clip_range           | 0.2           |
|    entropy_loss         | -6.05         |
|    explained_variance   | 0.266         |
|    learning_rate        | 3e-05         |
|    loss                 | 28.7          |
|    n_updates            | 115           |
|    policy_gradient_loss | -0.00289      |
|    std                  | 0.999         |
|    value_loss           | 50.2          |
-------------------------------------------
06:20:25 [WARNING] rl_uav.envs.as2_test_env: Reset started at valid low altitude z=0.975; climbing to hover 1.400m with bounded velocity recovery
06:20:30 [WARNING] rl_uav.envs.as2_test_env: Skipping velocity reset; simulator service reset required (terminal_out_of_bounds)
[ERROR] [1783138835.812596652] [drone0.drone0_interface]: Service returned failure
[ERROR] [1783138839.329366545] [drone0.drone0_interface]: Service returned failure
06:20:49 [INFO] rl_uav.envs.as2_test_env: Reset complete. Initial obs: [ 3.2012440e-02  4.7381261e-01 -4.5082686e-04 -6.1603859e-02]
06:20:56 [WARNING] rl_uav.envs.as2_test_env: Skipping velocity reset; simulator service reset required (terminal_out_of_bounds)
[ERROR] [1783138862.232108589] [drone0.drone0_interface]: Service returned failure
[ERROR] [1783138867.947203447] [drone0.drone0_interface]: Service returned failure
06:21:18 [INFO] rl_uav.envs.as2_test_env: Reset complete. Initial obs: [ 0.267182    0.5573584   0.01275431 -0.37605208]
06:21:27 [WARNING] rl_uav.envs.as2_test_env: Skipping velocity reset; simulator service reset required (terminal_out_of_bounds)
[ERROR] [1783138893.033888157] [drone0.drone0_interface]: Service returned failure
[ERROR] [1783138898.765515348] [drone0.drone0_interface]: Service returned failure
06:21:49 [INFO] rl_uav.envs.as2_test_env: Reset complete. Initial obs: [ 0.3020837   0.15439996  0.0574505  -0.22010131]
06:21:51 [WARNING] rl_uav.envs.as2_test_env: Skipping velocity reset; simulator service reset required (terminal_out_of_bounds)
[ERROR] [1783138917.239739601] [drone0.drone0_interface]: Service returned failure
[ERROR] [1783138922.989869349] [drone0.drone0_interface]: Service returned failure
06:22:13 [INFO] rl_uav.envs.as2_test_env: Reset complete. Initial obs: [-0.5266806   0.6122232  -0.01392953  0.43852615]
06:22:37 [WARNING] rl_uav.envs.as2_test_env: Skipping velocity reset; simulator service reset required (terminal_out_of_bounds)
[ERROR] [1783138963.647772779] [drone0.drone0_interface]: Service returned failure
[ERROR] [1783138969.400330037] [drone0.drone0_interface]: Service returned failure
06:23:00 [INFO] rl_uav.envs.as2_test_env: Reset complete. Initial obs: [ 0.70677674 -0.61223406  0.09850316 -0.07165055]
06:23:19 [WARNING] rl_uav.envs.as2_test_env: Skipping velocity reset; simulator service reset required (terminal_out_of_bounds)
[ERROR] [1783139005.661595736] [drone0.drone0_interface]: Service returned failure
[ERROR] [1783139009.214307476] [drone0.drone0_interface]: Service returned failure
06:23:39 [INFO] rl_uav.envs.as2_test_env: Reset complete. Initial obs: [ 0.9220357  -0.11846189  0.06245939  0.15383928]
06:23:42 [WARNING] rl_uav.envs.as2_test_env: Skipping velocity reset; simulator service reset required (terminal_out_of_bounds)
[ERROR] [1783139027.860948088] [drone0.drone0_interface]: Service returned failure
[ERROR] [1783139031.422014386] [drone0.drone0_interface]: Service returned failure
06:24:02 [INFO] rl_uav.envs.as2_test_env: Reset complete. Initial obs: [ 0.72539926  0.2755257   0.03462799 -0.7479752 ]
06:24:08 [WARNING] rl_uav.envs.as2_test_env: Skipping velocity reset; simulator service reset required (terminal_out_of_bounds)
[ERROR] [1783139054.574576704] [drone0.drone0_interface]: Service returned failure
[ERROR] [1783139058.146494555] [drone0.drone0_interface]: Service returned failure
06:24:28 [INFO] rl_uav.envs.as2_test_env: Reset complete. Initial obs: [-0.54425406  0.08658177 -0.09076244  0.2240815 ]
06:24:48 [WARNING] rl_uav.envs.as2_test_env: Reset started at valid low altitude z=0.898; climbing to hover 1.400m with bounded velocity recovery
06:24:54 [WARNING] rl_uav.envs.as2_test_env: Skipping velocity reset; simulator service reset required (terminal_out_of_bounds)
[ERROR] [1783139098.872672219] [drone0.drone0_interface]: Service returned failure
[ERROR] [1783139102.453864643] [drone0.drone0_interface]: Service returned failure
06:25:13 [INFO] rl_uav.envs.as2_test_env: Reset complete. Initial obs: [-0.84139025  0.47080943  0.00313412 -0.56700915]
06:25:15 [WARNING] rl_uav.envs.as2_test_env: Skipping velocity reset; simulator service reset required (terminal_out_of_bounds)
[ERROR] [1783139121.178204865] [drone0.drone0_interface]: Service returned failure
[ERROR] [1783139124.874110067] [drone0.drone0_interface]: Service returned failure
06:25:35 [INFO] rl_uav.envs.as2_test_env: Reset complete. Initial obs: [ 0.82895267 -0.30388007  0.03773976  0.49288604]
-------------------------------------------
| rollout/                |               |
|    ep_len_mean          | 30.9          |
|    ep_rew_mean          | -25.8         |
|    success_rate         | 0             |
| time/                   |               |
|    fps                  | 1             |
|    iterations           | 25            |
|    time_elapsed         | 8117          |
|    total_timesteps      | 12800         |
| train/                  |               |
|    approx_kl            | 0.00094481045 |
|    clip_fraction        | 0.00469       |
|    clip_range           | 0.2           |
|    entropy_loss         | -7.03         |
|    explained_variance   | 0.269         |
|    learning_rate        | 3e-05         |
|    loss                 | 26.4          |
|    n_updates            | 120           |
|    policy_gradient_loss | -0.00578      |
|    std                  | 0.999         |
|    value_loss           | 61.1          |
-------------------------------------------
06:25:53 [WARNING] rl_uav.envs.as2_test_env: Skipping velocity reset; simulator service reset required (terminal_out_of_bounds)
[ERROR] [1783139158.994979475] [drone0.drone0_interface]: Service returned failure
[ERROR] [1783139164.817858358] [drone0.drone0_interface]: Service returned failure
06:26:15 [INFO] rl_uav.envs.as2_test_env: Reset complete. Initial obs: [ 0.28585473 -0.48199672  0.09805877 -0.09038306]
06:26:17 [WARNING] rl_uav.envs.as2_test_env: Skipping velocity reset; simulator service reset required (terminal_out_of_bounds)
[ERROR] [1783139183.600599056] [drone0.drone0_interface]: Service returned failure
[ERROR] [1783139189.540622866] [drone0.drone0_interface]: Service returned failure
06:26:40 [INFO] rl_uav.envs.as2_test_env: Reset complete. Initial obs: [-0.4795011  -0.25294682  0.04446358  0.3481474 ]
06:26:55 [WARNING] rl_uav.envs.as2_test_env: Skipping velocity reset; simulator service reset required (terminal_out_of_bounds)
[ERROR] [1783139221.510365629] [drone0.drone0_interface]: Service returned failure
[ERROR] [1783139225.120039483] [drone0.drone0_interface]: Service returned failure
06:27:16 [INFO] rl_uav.envs.as2_test_env: Reset complete. Initial obs: [-0.897029   -0.3350495  -0.04052005 -0.11083853]
06:27:22 [WARNING] rl_uav.envs.as2_test_env: Skipping velocity reset; simulator service reset required (terminal_out_of_bounds)
[ERROR] [1783139248.326323500] [drone0.drone0_interface]: Service returned failure
[ERROR] [1783139251.936819269] [drone0.drone0_interface]: Service returned failure
06:27:42 [INFO] rl_uav.envs.as2_test_env: Reset complete. Initial obs: [-0.24558248 -0.4422598   0.01775877 -0.2888681 ]
06:27:45 [WARNING] rl_uav.envs.as2_test_env: Skipping velocity reset; simulator service reset required (terminal_out_of_bounds)
[ERROR] [1783139270.928821422] [drone0.drone0_interface]: Service returned failure
[ERROR] [1783139274.548237556] [drone0.drone0_interface]: Service returned failure
06:28:05 [INFO] rl_uav.envs.as2_test_env: Reset complete. Initial obs: [-0.10053694 -0.23447053  0.02067217 -0.22692235]
06:28:12 [WARNING] rl_uav.envs.as2_test_env: Skipping velocity reset; simulator service reset required (terminal_out_of_bounds)
[ERROR] [1783139297.841248602] [drone0.drone0_interface]: Service returned failure
[ERROR] [1783139301.465415362] [drone0.drone0_interface]: Service returned failure
06:28:32 [INFO] rl_uav.envs.as2_test_env: Reset complete. Initial obs: [-5.1146990e-01  1.3149224e-01  4.2007241e-04 -1.6073871e-01]
06:28:34 [WARNING] rl_uav.envs.as2_test_env: Reset started at valid low altitude z=0.965; climbing to hover 1.400m with bounded velocity recovery
06:28:39 [WARNING] rl_uav.envs.as2_test_env: Skipping velocity reset; simulator service reset required (terminal_out_of_bounds)
[ERROR] [1783139324.748483781] [drone0.drone0_interface]: Service returned failure
[ERROR] [1783139330.760591179] [drone0.drone0_interface]: Service returned failure
06:29:01 [INFO] rl_uav.envs.as2_test_env: Reset complete. Initial obs: [ 0.53147787  0.34785143 -0.01444809 -0.01326712]
06:29:03 [WARNING] rl_uav.envs.as2_test_env: Skipping velocity reset; simulator service reset required (terminal_out_of_bounds)
[ERROR] [1783139349.742268581] [drone0.drone0_interface]: Service returned failure
[ERROR] [1783139353.376962810] [drone0.drone0_interface]: Service returned failure
06:29:24 [INFO] rl_uav.envs.as2_test_env: Reset complete. Initial obs: [-0.10399619  0.9665905   0.06396176 -0.43869224]
06:29:39 [WARNING] rl_uav.envs.as2_test_env: Skipping velocity reset; simulator service reset required (terminal_out_of_bounds)
[ERROR] [1783139385.635368589] [drone0.drone0_interface]: Service returned failure
[ERROR] [1783139391.545522870] [drone0.drone0_interface]: Service returned failure
06:30:02 [INFO] rl_uav.envs.as2_test_env: Reset complete. Initial obs: [ 0.8085727   0.2752384   0.02987033 -0.792129  ]
06:30:15 [WARNING] rl_uav.envs.as2_test_env: Skipping velocity reset; simulator service reset required (terminal_out_of_bounds)
[ERROR] [1783139421.635623405] [drone0.drone0_interface]: Service returned failure
[ERROR] [1783139427.562557501] [drone0.drone0_interface]: Service returned failure
06:30:38 [INFO] rl_uav.envs.as2_test_env: Reset complete. Initial obs: [ 0.16671246 -0.64824384  0.04832337 -0.57074875]
06:30:43 [WARNING] rl_uav.envs.as2_test_env: Skipping velocity reset; simulator service reset required (terminal_out_of_bounds)
[ERROR] [1783139448.853229286] [drone0.drone0_interface]: Service returned failure
[ERROR] [1783139454.802809542] [drone0.drone0_interface]: Service returned failure
06:31:05 [INFO] rl_uav.envs.as2_test_env: Reset complete. Initial obs: [ 0.7970309  -0.27098152  0.00744549 -0.94331217]
06:31:14 [WARNING] rl_uav.envs.as2_test_env: Skipping velocity reset; simulator service reset required (terminal_out_of_bounds)
[ERROR] [1783139480.764943719] [drone0.drone0_interface]: Service returned failure
[ERROR] [1783139486.722250227] [drone0.drone0_interface]: Service returned failure
06:31:37 [INFO] rl_uav.envs.as2_test_env: Reset complete. Initial obs: [-0.38738382 -0.05344754 -0.00524507 -0.14642707]
06:31:40 [WARNING] rl_uav.envs.as2_test_env: Reset started at valid low altitude z=0.918; climbing to hover 1.400m with bounded velocity recovery
06:31:45 [WARNING] rl_uav.envs.as2_test_env: Skipping velocity reset; simulator service reset required (terminal_out_of_bounds)
[ERROR] [1783139510.387403283] [drone0.drone0_interface]: Service returned failure
[ERROR] [1783139516.354475156] [drone0.drone0_interface]: Service returned failure
06:32:07 [INFO] rl_uav.envs.as2_test_env: Reset complete. Initial obs: [-0.5475991   0.38588944 -0.08320921 -0.26884308]
------------------------------------------
| rollout/                |              |
|    ep_len_mean          | 32.7         |
|    ep_rew_mean          | -27          |
|    success_rate         | 0            |
| time/                   |              |
|    fps                  | 1            |
|    iterations           | 26           |
|    time_elapsed         | 8514         |
|    total_timesteps      | 13312        |
| train/                  |              |
|    approx_kl            | 0.0003050574 |
|    clip_fraction        | 0            |
|    clip_range           | 0.2          |
|    entropy_loss         | -6.54        |
|    explained_variance   | 0.484        |
|    learning_rate        | 3e-05        |
|    loss                 | 20.5         |
|    n_updates            | 125          |
|    policy_gradient_loss | -0.00297     |
|    std                  | 0.999        |
|    value_loss           | 43.1         |
------------------------------------------
06:32:25 [WARNING] rl_uav.envs.as2_test_env: Skipping velocity reset; simulator service reset required (terminal_out_of_bounds)
[ERROR] [1783139551.388515743] [drone0.drone0_interface]: Service returned failure
[ERROR] [1783139555.077416296] [drone0.drone0_interface]: Service returned failure
06:32:46 [INFO] rl_uav.envs.as2_test_env: Reset complete. Initial obs: [ 0.32073972 -0.28339753 -0.00385659 -0.57682234]
06:32:48 [WARNING] rl_uav.envs.as2_test_env: Reset started at valid low altitude z=0.845; climbing to hover 1.400m with bounded velocity recovery
06:32:53 [WARNING] rl_uav.envs.as2_test_env: Skipping velocity reset; simulator service reset required (terminal_out_of_bounds)
[ERROR] [1783139578.889253737] [drone0.drone0_interface]: Service returned failure
[ERROR] [1783139584.900242346] [drone0.drone0_interface]: Service returned failure
06:33:16 [INFO] rl_uav.envs.as2_test_env: Reset complete. Initial obs: [-0.24318434 -0.15456481  0.01120191 -0.95851374]
06:33:18 [WARNING] rl_uav.envs.as2_test_env: Skipping velocity reset; simulator service reset required (terminal_out_of_bounds)
[ERROR] [1783139604.184075194] [drone0.drone0_interface]: Service returned failure
[ERROR] [1783139610.182799938] [drone0.drone0_interface]: Service returned failure
06:33:41 [INFO] rl_uav.envs.as2_test_env: Reset complete. Initial obs: [ 0.21952014 -0.22596185 -0.09276775  0.4259059 ]
06:33:43 [WARNING] rl_uav.envs.as2_test_env: Skipping velocity reset; simulator service reset required (terminal_out_of_bounds)
[ERROR] [1783139629.607285026] [drone0.drone0_interface]: Service returned failure
[ERROR] [1783139633.314441050] [drone0.drone0_interface]: Service returned failure
06:34:04 [INFO] rl_uav.envs.as2_test_env: Reset complete. Initial obs: [0.46433297 0.37411878 0.07447006 0.91872495]
06:34:06 [WARNING] rl_uav.envs.as2_test_env: Reset started at valid low altitude z=0.892; climbing to hover 1.400m with bounded velocity recovery
06:34:12 [WARNING] rl_uav.envs.as2_test_env: Skipping velocity reset; simulator service reset required (terminal_out_of_bounds)
[ERROR] [1783139657.214363498] [drone0.drone0_interface]: Service returned failure
[ERROR] [1783139660.932793368] [drone0.drone0_interface]: Service returned failure
06:34:32 [INFO] rl_uav.envs.as2_test_env: Reset complete. Initial obs: [ 0.57902986  0.7344875  -0.05226161 -0.5476432 ]
06:34:41 [WARNING] rl_uav.envs.as2_test_env: Skipping velocity reset; simulator service reset required (terminal_out_of_bounds)
[ERROR] [1783139687.323084376] [drone0.drone0_interface]: Service returned failure
[ERROR] [1783139691.045999030] [drone0.drone0_interface]: Service returned failure
06:35:02 [INFO] rl_uav.envs.as2_test_env: Reset complete. Initial obs: [ 0.24783097  0.6136701   0.04537151 -0.9311138 ]
06:35:06 [WARNING] rl_uav.envs.as2_test_env: Skipping velocity reset; simulator service reset required (terminal_out_of_bounds)
[ERROR] [1783139712.820406361] [drone0.drone0_interface]: Service returned failure
[ERROR] [1783139718.862491819] [drone0.drone0_interface]: Service returned failure
06:35:30 [INFO] rl_uav.envs.as2_test_env: Reset complete. Initial obs: [-0.5069639   0.6910623  -0.07644635 -0.8701995 ]
06:35:48 [WARNING] rl_uav.envs.as2_test_env: Skipping velocity reset; simulator service reset required (terminal_out_of_bounds)
[ERROR] [1783139754.546414393] [drone0.drone0_interface]: Service returned failure
[ERROR] [1783139758.279614212] [drone0.drone0_interface]: Service returned failure
06:36:09 [INFO] rl_uav.envs.as2_test_env: Reset complete. Initial obs: [-0.09053677 -0.35572442  0.10055073  0.04718746]
06:36:14 [WARNING] rl_uav.envs.as2_test_env: Skipping velocity reset; simulator service reset required (terminal_out_of_bounds)
[ERROR] [1783139780.055986620] [drone0.drone0_interface]: Service returned failure
[ERROR] [1783139783.810165823] [drone0.drone0_interface]: Service returned failure
06:36:35 [INFO] rl_uav.envs.as2_test_env: Reset complete. Initial obs: [ 0.3526347  -0.23550293 -0.06010417 -0.7853299 ]
06:36:44 [WARNING] rl_uav.envs.as2_test_env: Skipping velocity reset; simulator service reset required (terminal_out_of_bounds)
[ERROR] [1783139810.361971372] [drone0.drone0_interface]: Service returned failure
[ERROR] [1783139814.120339732] [drone0.drone0_interface]: Service returned failure
06:37:05 [INFO] rl_uav.envs.as2_test_env: Reset complete. Initial obs: [ 0.5496038   0.21460868 -0.06114623 -0.02998258]
06:37:09 [WARNING] rl_uav.envs.as2_test_env: Reset started at valid low altitude z=0.939; climbing to hover 1.400m with bounded velocity recovery
06:37:15 [WARNING] rl_uav.envs.as2_test_env: Skipping velocity reset; simulator service reset required (terminal_out_of_bounds)
[ERROR] [1783139840.563120892] [drone0.drone0_interface]: Service returned failure
[ERROR] [1783139844.329549069] [drone0.drone0_interface]: Service returned failure
06:37:35 [INFO] rl_uav.envs.as2_test_env: Reset complete. Initial obs: [ 0.12751615 -0.5503239   0.03448855 -0.53402156]
06:37:47 [WARNING] rl_uav.envs.as2_test_env: Skipping velocity reset; simulator service reset required (terminal_out_of_bounds)
[ERROR] [1783139873.277501267] [drone0.drone0_interface]: Service returned failure
[ERROR] [1783139877.053829800] [drone0.drone0_interface]: Service returned failure
06:38:08 [INFO] rl_uav.envs.as2_test_env: Reset complete. Initial obs: [-0.25086844 -0.6380913   0.02671733 -0.48917493]
06:38:10 [WARNING] rl_uav.envs.as2_test_env: Reset started at valid low altitude z=0.875; climbing to hover 1.400m with bounded velocity recovery
06:38:16 [WARNING] rl_uav.envs.as2_test_env: Skipping velocity reset; simulator service reset required (terminal_out_of_bounds)
[ERROR] [1783139901.279146100] [drone0.drone0_interface]: Service returned failure
[ERROR] [1783139905.060892828] [drone0.drone0_interface]: Service returned failure
06:38:36 [INFO] rl_uav.envs.as2_test_env: Reset complete. Initial obs: [ 0.29000488  0.17476232  0.00812689 -0.6580776 ]
06:38:41 [WARNING] rl_uav.envs.as2_test_env: Skipping velocity reset; simulator service reset required (terminal_out_of_bounds)
[ERROR] [1783139927.097128571] [drone0.drone0_interface]: Service returned failure
[ERROR] [1783139933.226103415] [drone0.drone0_interface]: Service returned failure
06:39:04 [INFO] rl_uav.envs.as2_test_env: Reset complete. Initial obs: [ 0.3992268  -0.24984     0.07925171 -0.63286376]
06:39:22 [WARNING] rl_uav.envs.as2_test_env: Skipping velocity reset; simulator service reset required (terminal_out_of_bounds)
[ERROR] [1783139968.994975228] [drone0.drone0_interface]: Service returned failure
[ERROR] [1783139972.790924881] [drone0.drone0_interface]: Service returned failure
06:39:44 [INFO] rl_uav.envs.as2_test_env: Reset complete. Initial obs: [ 0.16745253 -0.86856073 -0.06162769 -0.39880398]
06:39:48 [WARNING] rl_uav.envs.as2_test_env: Skipping velocity reset; simulator service reset required (terminal_out_of_bounds)
[ERROR] [1783139994.914216964] [drone0.drone0_interface]: Service returned failure
[ERROR] [1783140001.050061096] [drone0.drone0_interface]: Service returned failure
06:40:12 [INFO] rl_uav.envs.as2_test_env: Reset complete. Initial obs: [-0.5506421   0.08892436  0.01755331 -0.5049104 ]
06:40:14 [WARNING] rl_uav.envs.as2_test_env: Skipping velocity reset; simulator service reset required (terminal_out_of_bounds)
[ERROR] [1783140020.708905515] [drone0.drone0_interface]: Service returned failure
[ERROR] [1783140024.519110546] [drone0.drone0_interface]: Service returned failure
06:40:35 [INFO] rl_uav.envs.as2_test_env: Reset complete. Initial obs: [ 0.05179761  0.9000146   0.0058665  -0.945811  ]
------------------------------------------
| rollout/                |              |
|    ep_len_mean          | 33.6         |
|    ep_rew_mean          | -27.3        |
|    success_rate         | 0            |
| time/                   |              |
|    fps                  | 1            |
|    iterations           | 27           |
|    time_elapsed         | 9005         |
|    total_timesteps      | 13824        |
| train/                  |              |
|    approx_kl            | 0.0010192131 |
|    clip_fraction        | 0.0043       |
|    clip_range           | 0.2          |
|    entropy_loss         | -6.66        |
|    explained_variance   | 0.329        |
|    learning_rate        | 3e-05        |
|    loss                 | 24.2         |
|    n_updates            | 130          |
|    policy_gradient_loss | -0.00122     |
|    std                  | 0.999        |
|    value_loss           | 53.8         |
------------------------------------------
06:40:38 [WARNING] rl_uav.envs.as2_test_env: Skipping velocity reset; simulator service reset required (terminal_out_of_bounds)
[ERROR] [1783140044.321862246] [drone0.drone0_interface]: Service returned failure
[ERROR] [1783140050.589295625] [drone0.drone0_interface]: Service returned failure
06:41:01 [INFO] rl_uav.envs.as2_test_env: Reset complete. Initial obs: [ 0.9195821  -0.2920615   0.06777383 -0.59981287]
06:41:08 [WARNING] rl_uav.envs.as2_test_env: Skipping velocity reset; simulator service reset required (terminal_out_of_bounds)
[ERROR] [1783140074.934493820] [drone0.drone0_interface]: Service returned failure
[ERROR] [1783140081.105386416] [drone0.drone0_interface]: Service returned failure
06:41:32 [INFO] rl_uav.envs.as2_test_env: Reset complete. Initial obs: [ 0.54770815 -0.01884441  0.05464903  0.26627278]
06:41:37 [WARNING] rl_uav.envs.as2_test_env: Skipping velocity reset; simulator service reset required (terminal_out_of_bounds)
[ERROR] [1783140103.243175051] [drone0.drone0_interface]: Service returned failure
[ERROR] [1783140107.083195521] [drone0.drone0_interface]: Service returned failure
06:41:58 [INFO] rl_uav.envs.as2_test_env: Reset complete. Initial obs: [-0.68756247 -0.1885684  -0.09514645 -0.82659674]
06:42:03 [WARNING] rl_uav.envs.as2_test_env: Skipping velocity reset; simulator service reset required (terminal_out_of_bounds)
[ERROR] [1783140129.328121305] [drone0.drone0_interface]: Service returned failure
[ERROR] [1783140135.516553017] [drone0.drone0_interface]: Service returned failure
06:42:27 [INFO] rl_uav.envs.as2_test_env: Reset complete. Initial obs: [ 0.8214752   0.09243727 -0.03501414  0.972664  ]
06:42:45 [WARNING] rl_uav.envs.as2_test_env: Skipping velocity reset; simulator service reset required (terminal_out_of_bounds)
[ERROR] [1783140171.528800311] [drone0.drone0_interface]: Service returned failure
[ERROR] [1783140177.848673286] [drone0.drone0_interface]: Service returned failure
06:43:09 [INFO] rl_uav.envs.as2_test_env: Reset complete. Initial obs: [-0.49006692 -0.41452965  0.08468433 -0.45063832]
06:43:11 [WARNING] rl_uav.envs.as2_test_env: Reset started at valid low altitude z=0.815; climbing to hover 1.400m with bounded velocity recovery
06:43:17 [WARNING] rl_uav.envs.as2_test_env: Skipping velocity reset; simulator service reset required (terminal_out_of_bounds)
[ERROR] [1783140202.334599008] [drone0.drone0_interface]: Service returned failure
[ERROR] [1783140208.569825028] [drone0.drone0_interface]: Service returned failure
06:43:40 [INFO] rl_uav.envs.as2_test_env: Reset complete. Initial obs: [0.7601247  0.26467595 0.07994432 0.3414188 ]
06:43:49 [WARNING] rl_uav.envs.as2_test_env: Skipping velocity reset; simulator service reset required (terminal_out_of_bounds)
[ERROR] [1783140235.542130286] [drone0.drone0_interface]: Service returned failure
[ERROR] [1783140239.403104285] [drone0.drone0_interface]: Service returned failure
06:44:11 [INFO] rl_uav.envs.as2_test_env: Reset complete. Initial obs: [ 0.7270331   0.09108672 -0.10625179 -0.49258605]
06:44:13 [WARNING] rl_uav.envs.as2_test_env: Skipping velocity reset; simulator service reset required (terminal_out_of_bounds)
[ERROR] [1783140259.554834421] [drone0.drone0_interface]: Service returned failure
[ERROR] [1783140263.433043286] [drone0.drone0_interface]: Service returned failure
06:44:35 [INFO] rl_uav.envs.as2_test_env: Reset complete. Initial obs: [ 0.568992    0.62380034  0.07671793 -0.20501164]
06:44:39 [WARNING] rl_uav.envs.as2_test_env: Skipping velocity reset; simulator service reset required (terminal_out_of_bounds)
[ERROR] [1783140285.876202656] [drone0.drone0_interface]: Service returned failure
[ERROR] [1783140289.754242089] [drone0.drone0_interface]: Service returned failure
06:45:01 [INFO] rl_uav.envs.as2_test_env: Reset complete. Initial obs: [-0.54696476 -0.2139273   0.00875464  0.25565436]
06:45:24 [WARNING] rl_uav.envs.as2_test_env: Reset started at valid low altitude z=0.913; climbing to hover 1.400m with bounded velocity recovery
06:45:30 [WARNING] rl_uav.envs.as2_test_env: Skipping velocity reset; simulator service reset required (terminal_out_of_bounds)
[ERROR] [1783140335.577712531] [drone0.drone0_interface]: Service returned failure
[ERROR] [1783140339.460776216] [drone0.drone0_interface]: Service returned failure
06:45:51 [INFO] rl_uav.envs.as2_test_env: Reset complete. Initial obs: [ 0.1204554   0.5980099   0.08533333 -0.15645601]
06:45:58 [WARNING] rl_uav.envs.as2_test_env: Skipping velocity reset; simulator service reset required (terminal_out_of_bounds)
[ERROR] [1783140364.289665955] [drone0.drone0_interface]: Service returned failure
[ERROR] [1783140368.294334647] [drone0.drone0_interface]: Service returned failure
06:46:19 [INFO] rl_uav.envs.as2_test_env: Reset complete. Initial obs: [-0.3527553  -0.5146293  -0.01041662 -0.32598776]
-------------------------------------------
| rollout/                |               |
|    ep_len_mean          | 34.4          |
|    ep_rew_mean          | -28.2         |
|    success_rate         | 0             |
| time/                   |               |
|    fps                  | 1             |
|    iterations           | 28            |
|    time_elapsed         | 9368          |
|    total_timesteps      | 14336         |
| train/                  |               |
|    approx_kl            | 0.00042186736 |
|    clip_fraction        | 0             |
|    clip_range           | 0.2           |
|    entropy_loss         | -7.04         |
|    explained_variance   | 0.323         |
|    learning_rate        | 3e-05         |
|    loss                 | 26.6          |
|    n_updates            | 135           |
|    policy_gradient_loss | 0.000677      |
|    std                  | 0.999         |
|    value_loss           | 53.2          |
-------------------------------------------
06:46:41 [WARNING] rl_uav.envs.as2_test_env: Skipping velocity reset; simulator service reset required (terminal_out_of_bounds)
[ERROR] [1783140407.289056336] [drone0.drone0_interface]: Service returned failure
[ERROR] [1783140411.199480569] [drone0.drone0_interface]: Service returned failure
06:47:02 [INFO] rl_uav.envs.as2_test_env: Reset complete. Initial obs: [-0.03677452 -0.4271624   0.02805079 -0.57876045]
06:47:12 [WARNING] rl_uav.envs.as2_test_env: Skipping velocity reset; simulator service reset required (terminal_out_of_bounds)
[ERROR] [1783140438.510926339] [drone0.drone0_interface]: Service returned failure
[ERROR] [1783140442.423387535] [drone0.drone0_interface]: Service returned failure
06:47:34 [INFO] rl_uav.envs.as2_test_env: Reset complete. Initial obs: [-0.08599945 -0.27216622 -0.02589106 -0.19255373]
06:47:43 [WARNING] rl_uav.envs.as2_test_env: Skipping velocity reset; simulator service reset required (terminal_out_of_bounds)
[ERROR] [1783140469.908571191] [drone0.drone0_interface]: Service returned failure
[ERROR] [1783140473.822917493] [drone0.drone0_interface]: Service returned failure
06:48:05 [INFO] rl_uav.envs.as2_test_env: Reset complete. Initial obs: [-0.12323499 -0.18986541 -0.0101664  -0.7352012 ]
06:48:10 [WARNING] rl_uav.envs.as2_test_env: Skipping velocity reset; simulator service reset required (terminal_out_of_bounds)
[ERROR] [1783140496.611919637] [drone0.drone0_interface]: Service returned failure
[ERROR] [1783140502.939336517] [drone0.drone0_interface]: Service returned failure
06:48:34 [INFO] rl_uav.envs.as2_test_env: Reset complete. Initial obs: [0.45619342 0.5954433  0.04769396 0.0705438 ]
06:48:36 [WARNING] rl_uav.envs.as2_test_env: Reset started at valid low altitude z=0.910; climbing to hover 1.400m with bounded velocity recovery
06:48:42 [WARNING] rl_uav.envs.as2_test_env: Skipping velocity reset; simulator service reset required (terminal_out_of_bounds)
[ERROR] [1783140528.032534847] [drone0.drone0_interface]: Service returned failure
[ERROR] [1783140531.957350390] [drone0.drone0_interface]: Service returned failure
06:49:03 [INFO] rl_uav.envs.as2_test_env: Reset complete. Initial obs: [-0.10210092  0.6669785  -0.07167091 -0.23705071]
06:49:15 [WARNING] rl_uav.envs.as2_test_env: Skipping velocity reset; simulator service reset required (terminal_out_of_bounds)
[ERROR] [1783140562.041193835] [drone0.drone0_interface]: Service returned failure
[ERROR] [1783140565.981807889] [drone0.drone0_interface]: Service returned failure
06:49:37 [INFO] rl_uav.envs.as2_test_env: Reset complete. Initial obs: [ 0.9109996  -0.22344793 -0.01782136 -0.00408748]
06:49:42 [WARNING] rl_uav.envs.as2_test_env: Reset started at valid low altitude z=0.811; climbing to hover 1.400m with bounded velocity recovery
06:49:48 [WARNING] rl_uav.envs.as2_test_env: Skipping velocity reset; simulator service reset required (terminal_out_of_bounds)
[ERROR] [1783140593.549281678] [drone0.drone0_interface]: Service returned failure
[ERROR] [1783140599.910861254] [drone0.drone0_interface]: Service returned failure
06:50:11 [INFO] rl_uav.envs.as2_test_env: Reset complete. Initial obs: [ 0.26705065  0.55444306 -0.00956391 -0.9903885 ]
06:50:14 [WARNING] rl_uav.envs.as2_test_env: Skipping velocity reset; simulator service reset required (terminal_out_of_bounds)
[ERROR] [1783140620.458914647] [drone0.drone0_interface]: Service returned failure
[ERROR] [1783140624.414979376] [drone0.drone0_interface]: Service returned failure
06:50:36 [INFO] rl_uav.envs.as2_test_env: Reset complete. Initial obs: [-0.5099929   0.35073596  0.01735784  0.19807373]
06:50:38 [WARNING] rl_uav.envs.as2_test_env: Skipping velocity reset; simulator service reset required (terminal_out_of_bounds)
[ERROR] [1783140644.861170527] [drone0.drone0_interface]: Service returned failure
[ERROR] [1783140651.253626527] [drone0.drone0_interface]: Service returned failure
06:51:03 [INFO] rl_uav.envs.as2_test_env: Reset complete. Initial obs: [-0.21990216 -0.9182546  -0.07966354  0.63807905]
06:51:12 [WARNING] rl_uav.envs.as2_test_env: Skipping velocity reset; simulator service reset required (terminal_out_of_bounds)
[ERROR] [1783140678.967875614] [drone0.drone0_interface]: Service returned failure
[ERROR] [1783140685.371809189] [drone0.drone0_interface]: Service returned failure
06:51:37 [INFO] rl_uav.envs.as2_test_env: Reset complete. Initial obs: [-0.94838995  0.08324966  0.03101176  0.45591938]
06:51:39 [WARNING] rl_uav.envs.as2_test_env: Skipping velocity reset; simulator service reset required (terminal_out_of_bounds)
[ERROR] [1783140705.882959858] [drone0.drone0_interface]: Service returned failure
[ERROR] [1783140709.856800697] [drone0.drone0_interface]: Service returned failure
06:52:01 [INFO] rl_uav.envs.as2_test_env: Reset complete. Initial obs: [-0.5852506   0.34501395  0.06939035 -0.2852024 ]
06:52:06 [WARNING] rl_uav.envs.as2_test_env: Skipping velocity reset; simulator service reset required (terminal_out_of_bounds)
[ERROR] [1783140732.882017391] [drone0.drone0_interface]: Service returned failure
[ERROR] [1783140739.305245937] [drone0.drone0_interface]: Service returned failure
06:52:31 [INFO] rl_uav.envs.as2_test_env: Reset complete. Initial obs: [ 0.383313   -0.1609548   0.00166176 -0.5286446 ]
06:52:33 [WARNING] rl_uav.envs.as2_test_env: Skipping velocity reset; simulator service reset required (terminal_out_of_bounds)
[ERROR] [1783140759.893663370] [drone0.drone0_interface]: Service returned failure
[ERROR] [1783140763.885005374] [drone0.drone0_interface]: Service returned failure
06:52:55 [INFO] rl_uav.envs.as2_test_env: Reset complete. Initial obs: [-0.03715847  0.41916656 -0.03601884  0.9083355 ]
06:52:58 [WARNING] rl_uav.envs.as2_test_env: Skipping velocity reset; simulator service reset required (terminal_out_of_bounds)
[ERROR] [1783140784.505871548] [drone0.drone0_interface]: Service returned failure
[ERROR] [1783140790.818660083] [drone0.drone0_interface]: Service returned failure
06:53:22 [INFO] rl_uav.envs.as2_test_env: Reset complete. Initial obs: [ 0.10889549  0.8907096  -0.01991953  0.7222996 ]
06:53:31 [WARNING] rl_uav.envs.as2_test_env: Skipping velocity reset; simulator service reset required (terminal_out_of_bounds)
[ERROR] [1783140817.759913745] [drone0.drone0_interface]: Service returned failure
[ERROR] [1783140821.593439667] [drone0.drone0_interface]: Service returned failure
06:53:53 [INFO] rl_uav.envs.as2_test_env: Reset complete. Initial obs: [-0.48741627 -0.28158325  0.02835556 -0.9060929 ]
06:53:55 [WARNING] rl_uav.envs.as2_test_env: Skipping velocity reset; simulator service reset required (terminal_out_of_bounds)
[ERROR] [1783140841.467925249] [drone0.drone0_interface]: Service returned failure
[ERROR] [1783140847.654828466] [drone0.drone0_interface]: Service returned failure
06:54:19 [INFO] rl_uav.envs.as2_test_env: Reset complete. Initial obs: [-0.21751748  0.22529772 -0.01954016  0.22276735]
06:54:28 [WARNING] rl_uav.envs.as2_test_env: Skipping velocity reset; simulator service reset required (terminal_out_of_bounds)
[ERROR] [1783140875.029294551] [drone0.drone0_interface]: Service returned failure
[ERROR] [1783140879.051983902] [drone0.drone0_interface]: Service returned failure
06:54:50 [INFO] rl_uav.envs.as2_test_env: Reset complete. Initial obs: [-0.33000016  0.3297712   0.02359024 -0.89389163]
06:54:55 [WARNING] rl_uav.envs.as2_test_env: Skipping velocity reset; simulator service reset required (terminal_out_of_bounds)
[ERROR] [1783140902.134392982] [drone0.drone0_interface]: Service returned failure
[ERROR] [1783140906.156768028] [drone0.drone0_interface]: Service returned failure
06:55:18 [INFO] rl_uav.envs.as2_test_env: Reset complete. Initial obs: [-0.05004387 -0.5791421  -0.00491112  0.7879278 ]
------------------------------------------
| rollout/                |              |
|    ep_len_mean          | 34.3         |
|    ep_rew_mean          | -28.2        |
|    success_rate         | 0            |
| time/                   |              |
|    fps                  | 1            |
|    iterations           | 29           |
|    time_elapsed         | 9895         |
|    total_timesteps      | 14848        |
| train/                  |              |
|    approx_kl            | 0.0006957154 |
|    clip_fraction        | 0            |
|    clip_range           | 0.2          |
|    entropy_loss         | -7.18        |
|    explained_variance   | 0.226        |
|    learning_rate        | 3e-05        |
|    loss                 | 20.7         |
|    n_updates            | 140          |
|    policy_gradient_loss | -0.000131    |
|    std                  | 0.999        |
|    value_loss           | 44.6         |
------------------------------------------
06:55:27 [WARNING] rl_uav.envs.as2_test_env: Skipping velocity reset; simulator service reset required (terminal_out_of_bounds)
[ERROR] [1783140934.136439180] [drone0.drone0_interface]: Service returned failure
[ERROR] [1783140940.640788632] [drone0.drone0_interface]: Service returned failure
06:55:52 [INFO] rl_uav.envs.as2_test_env: Reset complete. Initial obs: [0.91944265 0.00937116 0.0305509  0.2757076 ]
06:55:55 [WARNING] rl_uav.envs.as2_test_env: Skipping velocity reset; simulator service reset required (terminal_out_of_bounds)
[ERROR] [1783140961.103569860] [drone0.drone0_interface]: Service returned failure
[ERROR] [1783140967.610002726] [drone0.drone0_interface]: Service returned failure
06:56:19 [INFO] rl_uav.envs.as2_test_env: Reset complete. Initial obs: [-0.48356676 -0.16090985  0.04787326  0.8932145 ]
06:56:26 [WARNING] rl_uav.envs.as2_test_env: Skipping velocity reset; simulator service reset required (terminal_out_of_bounds)
[ERROR] [1783140993.341012422] [drone0.drone0_interface]: Service returned failure
[ERROR] [1783140997.399883803] [drone0.drone0_interface]: Service returned failure
06:56:49 [INFO] rl_uav.envs.as2_test_env: Reset complete. Initial obs: [-0.08030225  0.9303314  -0.00099087  0.45701858]
06:56:54 [WARNING] rl_uav.envs.as2_test_env: Skipping velocity reset; simulator service reset required (terminal_out_of_bounds)
[ERROR] [1783141020.746006734] [drone0.drone0_interface]: Service returned failure
[ERROR] [1783141027.283975432] [drone0.drone0_interface]: Service returned failure
06:57:19 [INFO] rl_uav.envs.as2_test_env: Reset complete. Initial obs: [ 0.70131147 -0.00990493  0.08889572  0.86035645]
06:57:24 [WARNING] rl_uav.envs.as2_test_env: Reset started at valid low altitude z=0.841; climbing to hover 1.400m with bounded velocity recovery
06:57:30 [WARNING] rl_uav.envs.as2_test_env: Skipping velocity reset; simulator service reset required (terminal_out_of_bounds)
[ERROR] [1783141055.659076245] [drone0.drone0_interface]: Service returned failure
[ERROR] [1783141062.211841904] [drone0.drone0_interface]: Service returned failure
06:57:54 [INFO] rl_uav.envs.as2_test_env: Reset complete. Initial obs: [ 0.8021583  -0.5615852  -0.01728871 -0.7211227 ]
06:58:01 [WARNING] rl_uav.envs.as2_test_env: Skipping velocity reset; simulator service reset required (terminal_out_of_bounds)
[ERROR] [1783141087.962367400] [drone0.drone0_interface]: Service returned failure
[ERROR] [1783141092.024947812] [drone0.drone0_interface]: Service returned failure
06:58:24 [INFO] rl_uav.envs.as2_test_env: Reset complete. Initial obs: [-0.14602883  0.77332634 -0.01160497 -0.53848   ]
06:58:43 [WARNING] rl_uav.envs.as2_test_env: Skipping velocity reset; simulator service reset required (terminal_out_of_bounds)
[ERROR] [1783141130.257034824] [drone0.drone0_interface]: Service returned failure
[ERROR] [1783141136.831397669] [drone0.drone0_interface]: Service returned failure
06:59:08 [INFO] rl_uav.envs.as2_test_env: Reset complete. Initial obs: [ 6.7969126e-01 -1.7836422e-01 -1.1413535e-02 -2.3063675e-04]
06:59:16 [WARNING] rl_uav.envs.as2_test_env: Skipping velocity reset; simulator service reset required (terminal_out_of_bounds)
[ERROR] [1783141162.865635762] [drone0.drone0_interface]: Service returned failure
[ERROR] [1783141166.956136696] [drone0.drone0_interface]: Service returned failure
06:59:39 [INFO] rl_uav.envs.as2_test_env: Reset complete. Initial obs: [-0.355154   -0.7107907  -0.01280876  0.8202225 ]
06:59:41 [WARNING] rl_uav.envs.as2_test_env: Reset started at valid low altitude z=0.921; climbing to hover 1.400m with bounded velocity recovery
06:59:47 [WARNING] rl_uav.envs.as2_test_env: Skipping velocity reset; simulator service reset required (terminal_out_of_bounds)
[ERROR] [1783141193.078997142] [drone0.drone0_interface]: Service returned failure
[ERROR] [1783141197.180218663] [drone0.drone0_interface]: Service returned failure
07:00:09 [INFO] rl_uav.envs.as2_test_env: Reset complete. Initial obs: [ 0.74803513  0.26574033  0.00964527 -0.05077627]
07:00:16 [WARNING] rl_uav.envs.as2_test_env: Reset started at valid low altitude z=0.914; climbing to hover 1.400m with bounded velocity recovery
07:00:22 [WARNING] rl_uav.envs.as2_test_env: Skipping velocity reset; simulator service reset required (terminal_out_of_bounds)
[ERROR] [1783141228.302239824] [drone0.drone0_interface]: Service returned failure
[ERROR] [1783141234.925639997] [drone0.drone0_interface]: Service returned failure
07:00:47 [INFO] rl_uav.envs.as2_test_env: Reset complete. Initial obs: [ 0.16334511 -0.18623273 -0.06233751  0.6972332 ]
07:00:52 [WARNING] rl_uav.envs.as2_test_env: Skipping velocity reset; simulator service reset required (terminal_out_of_bounds)
[ERROR] [1783141258.611311193] [drone0.drone0_interface]: Service returned failure
[ERROR] [1783141265.227135046] [drone0.drone0_interface]: Service returned failure
07:01:17 [INFO] rl_uav.envs.as2_test_env: Reset complete. Initial obs: [ 0.4475863  -0.8436539  -0.08486888 -0.88995475]
07:01:24 [WARNING] rl_uav.envs.as2_test_env: Skipping velocity reset; simulator service reset required (terminal_out_of_bounds)
[ERROR] [1783141291.523287400] [drone0.drone0_interface]: Service returned failure
[ERROR] [1783141298.159692060] [drone0.drone0_interface]: Service returned failure
07:01:50 [INFO] rl_uav.envs.as2_test_env: Reset complete. Initial obs: [-0.6803099   0.47759497 -0.01202219  0.59833187]
07:01:52 [WARNING] rl_uav.envs.as2_test_env: Skipping velocity reset; simulator service reset required (terminal_out_of_bounds)
[ERROR] [1783141319.326543041] [drone0.drone0_interface]: Service returned failure
[ERROR] [1783141323.463071176] [drone0.drone0_interface]: Service returned failure
07:02:15 [INFO] rl_uav.envs.as2_test_env: Reset complete. Initial obs: [-0.3292243  -0.6288695   0.04103671  0.03998588]
07:02:18 [WARNING] rl_uav.envs.as2_test_env: Reset started at valid low altitude z=0.862; climbing to hover 1.400m with bounded velocity recovery
07:02:24 [WARNING] rl_uav.envs.as2_test_env: Skipping velocity reset; simulator service reset required (terminal_out_of_bounds)
[ERROR] [1783141349.839528755] [drone0.drone0_interface]: Service returned failure
[ERROR] [1783141356.493242495] [drone0.drone0_interface]: Service returned failure
07:02:48 [INFO] rl_uav.envs.as2_test_env: Reset complete. Initial obs: [ 0.5800362   0.45005375 -0.03612981  0.05153868]
07:02:53 [WARNING] rl_uav.envs.as2_test_env: Skipping velocity reset; simulator service reset required (terminal_out_of_bounds)
[ERROR] [1783141380.235474788] [drone0.drone0_interface]: Service returned failure
[ERROR] [1783141386.896050066] [drone0.drone0_interface]: Service returned failure
07:03:19 [INFO] rl_uav.envs.as2_test_env: Reset complete. Initial obs: [-0.9627404   0.22619513 -0.08175052  0.1803804 ]
07:03:21 [WARNING] rl_uav.envs.as2_test_env: Skipping velocity reset; simulator service reset required (terminal_out_of_bounds)
[ERROR] [1783141408.244426293] [drone0.drone0_interface]: Service returned failure
[ERROR] [1783141412.395187698] [drone0.drone0_interface]: Service returned failure
07:03:44 [INFO] rl_uav.envs.as2_test_env: Reset complete. Initial obs: [ 0.15879184 -0.55603325  0.04020059  0.35794696]
-------------------------------------------
| rollout/                |               |
|    ep_len_mean          | 34            |
|    ep_rew_mean          | -28.7         |
|    success_rate         | 0             |
| time/                   |               |
|    fps                  | 1             |
|    iterations           | 30            |
|    time_elapsed         | 10408         |
|    total_timesteps      | 15360         |
| train/                  |               |
|    approx_kl            | 0.00081985013 |
|    clip_fraction        | 0             |
|    clip_range           | 0.2           |
|    entropy_loss         | -6.81         |
|    explained_variance   | 0.24          |
|    learning_rate        | 3e-05         |
|    loss                 | 17.7          |
|    n_updates            | 145           |
|    policy_gradient_loss | 0.00105       |
|    std                  | 0.999         |
|    value_loss           | 40.9          |
-------------------------------------------
07:04:07 [WARNING] rl_uav.envs.as2_test_env: Skipping velocity reset; simulator service reset required (terminal_out_of_bounds)
[ERROR] [1783141453.785676588] [drone0.drone0_interface]: Service returned failure
[ERROR] [1783141460.464403784] [drone0.drone0_interface]: Service returned failure
07:04:32 [INFO] rl_uav.envs.as2_test_env: Reset complete. Initial obs: [ 6.1177003e-01 -3.3530110e-01  3.4353875e-03 -5.8206037e-04]
07:04:37 [WARNING] rl_uav.envs.as2_test_env: Reset started at valid low altitude z=0.824; climbing to hover 1.400m with bounded velocity recovery
07:04:43 [WARNING] rl_uav.envs.as2_test_env: Skipping velocity reset; simulator service reset required (terminal_out_of_bounds)
[ERROR] [1783141489.373118350] [drone0.drone0_interface]: Service returned failure
[ERROR] [1783141496.071029574] [drone0.drone0_interface]: Service returned failure
07:05:08 [INFO] rl_uav.envs.as2_test_env: Reset complete. Initial obs: [ 0.06122849 -0.34088197 -0.02947481 -0.7063108 ]
07:05:16 [WARNING] rl_uav.envs.as2_test_env: Skipping velocity reset; simulator service reset required (terminal_out_of_bounds)
[ERROR] [1783141522.567458426] [drone0.drone0_interface]: Service returned failure
[ERROR] [1783141526.746999518] [drone0.drone0_interface]: Service returned failure
07:05:39 [INFO] rl_uav.envs.as2_test_env: Reset complete. Initial obs: [-0.9375167   0.17434803 -0.01386649  0.7502686 ]
07:05:44 [WARNING] rl_uav.envs.as2_test_env: Skipping velocity reset; simulator service reset required (terminal_out_of_bounds)
[ERROR] [1783141550.683895648] [drone0.drone0_interface]: Service returned failure
[ERROR] [1783141557.403206670] [drone0.drone0_interface]: Service returned failure
07:06:09 [INFO] rl_uav.envs.as2_test_env: Reset complete. Initial obs: [0.55439377 0.15253328 0.047532   0.6316269 ]
07:06:22 [WARNING] rl_uav.envs.as2_test_env: Skipping velocity reset; simulator service reset required (terminal_out_of_bounds)
[ERROR] [1783141588.894722767] [drone0.drone0_interface]: Service returned failure
[ERROR] [1783141595.640773451] [drone0.drone0_interface]: Service returned failure
07:06:47 [INFO] rl_uav.envs.as2_test_env: Reset complete. Initial obs: [-0.47478357  0.72248584 -0.04300839  0.03059055]
07:06:53 [WARNING] rl_uav.envs.as2_test_env: Skipping velocity reset; simulator service reset required (terminal_out_of_bounds)
[ERROR] [1783141619.584994262] [drone0.drone0_interface]: Service returned failure
[ERROR] [1783141626.319302948] [drone0.drone0_interface]: Service returned failure
07:07:18 [INFO] rl_uav.envs.as2_test_env: Reset complete. Initial obs: [ 0.85609704 -0.25039202  0.11300863  0.9924365 ]
07:07:21 [WARNING] rl_uav.envs.as2_test_env: Reset started at valid low altitude z=0.871; climbing to hover 1.400m with bounded velocity recovery
07:07:27 [WARNING] rl_uav.envs.as2_test_env: Skipping velocity reset; simulator service reset required (terminal_out_of_bounds)
[ERROR] [1783141652.913554028] [drone0.drone0_interface]: Service returned failure
[ERROR] [1783141659.661919313] [drone0.drone0_interface]: Service returned failure
07:07:51 [INFO] rl_uav.envs.as2_test_env: Reset complete. Initial obs: [-0.73373485 -0.6206769   0.00341034  0.5130789 ]
07:07:56 [WARNING] rl_uav.envs.as2_test_env: Skipping velocity reset; simulator service reset required (terminal_out_of_bounds)
[ERROR] [1783141683.614918966] [drone0.drone0_interface]: Service returned failure
[ERROR] [1783141690.374386226] [drone0.drone0_interface]: Service returned failure
07:08:22 [INFO] rl_uav.envs.as2_test_env: Reset complete. Initial obs: [-0.83876616  0.06928476 -0.01354323  0.10321587]
07:08:27 [WARNING] rl_uav.envs.as2_test_env: Skipping velocity reset; simulator service reset required (terminal_out_of_bounds)
[ERROR] [1783141714.517414570] [drone0.drone0_interface]: Service returned failure
[ERROR] [1783141721.293519500] [drone0.drone0_interface]: Service returned failure
07:08:53 [INFO] rl_uav.envs.as2_test_env: Reset complete. Initial obs: [ 0.17675242  0.7282687  -0.00211821  0.37547997]
07:08:58 [WARNING] rl_uav.envs.as2_test_env: Skipping velocity reset; simulator service reset required (terminal_out_of_bounds)
[ERROR] [1783141745.324891202] [drone0.drone0_interface]: Service returned failure
[ERROR] [1783141752.193022031] [drone0.drone0_interface]: Service returned failure
07:09:24 [INFO] rl_uav.envs.as2_test_env: Reset complete. Initial obs: [-0.7628749  -0.1191518   0.02994967  0.3764659 ]
07:09:39 [WARNING] rl_uav.envs.as2_test_env: Skipping velocity reset; simulator service reset required (terminal_out_of_bounds)
[ERROR] [1783141786.382492080] [drone0.drone0_interface]: Service returned failure
[ERROR] [1783141793.176635361] [drone0.drone0_interface]: Service returned failure
07:10:05 [INFO] rl_uav.envs.as2_test_env: Reset complete. Initial obs: [ 0.7408856   0.298211   -0.01393648  0.89474404]
07:10:10 [WARNING] rl_uav.envs.as2_test_env: Skipping velocity reset; simulator service reset required (terminal_out_of_bounds)
[ERROR] [1783141817.444656358] [drone0.drone0_interface]: Service returned failure
[ERROR] [1783141821.674207041] [drone0.drone0_interface]: Service returned failure
07:10:34 [INFO] rl_uav.envs.as2_test_env: Reset complete. Initial obs: [ 0.2169411   0.5803842  -0.1059495   0.17069146]
07:10:36 [WARNING] rl_uav.envs.as2_test_env: Skipping velocity reset; simulator service reset required (terminal_out_of_bounds)
[ERROR] [1783141843.428356763] [drone0.drone0_interface]: Service returned failure
[ERROR] [1783141850.257720442] [drone0.drone0_interface]: Service returned failure
07:11:02 [INFO] rl_uav.envs.as2_test_env: Reset complete. Initial obs: [-6.5535861e-01 -2.2871621e-01  7.2024994e-02 -3.7920556e-04]
07:11:05 [WARNING] rl_uav.envs.as2_test_env: Reset started at valid low altitude z=0.871; climbing to hover 1.400m with bounded velocity recovery
07:11:11 [WARNING] rl_uav.envs.as2_test_env: Skipping velocity reset; simulator service reset required (terminal_out_of_bounds)
[ERROR] [1783141877.145451274] [drone0.drone0_interface]: Service returned failure
[ERROR] [1783141883.972085390] [drone0.drone0_interface]: Service returned failure
07:11:36 [INFO] rl_uav.envs.as2_test_env: Reset complete. Initial obs: [-3.6392522e-01  3.8630314e-02  9.6135584e-05  6.7414254e-01]
07:11:39 [WARNING] rl_uav.envs.as2_test_env: Skipping velocity reset; simulator service reset required (terminal_out_of_bounds)
[ERROR] [1783141905.759589938] [drone0.drone0_interface]: Service returned failure
[ERROR] [1783141910.017342599] [drone0.drone0_interface]: Service returned failure
07:12:02 [INFO] rl_uav.envs.as2_test_env: Reset complete. Initial obs: [ 0.8433056   0.25319254 -0.05292869  0.00214158]
07:12:07 [WARNING] rl_uav.envs.as2_test_env: Skipping velocity reset; simulator service reset required (terminal_out_of_bounds)
[ERROR] [1783141934.450974805] [drone0.drone0_interface]: Service returned failure
[ERROR] [1783141941.306469852] [drone0.drone0_interface]: Service returned failure
07:12:33 [INFO] rl_uav.envs.as2_test_env: Reset complete. Initial obs: [-0.49528158 -0.33906284  0.03636689 -0.30916765]
07:12:44 [WARNING] rl_uav.envs.as2_test_env: Skipping velocity reset; simulator service reset required (terminal_out_of_bounds)
[ERROR] [1783141970.854495775] [drone0.drone0_interface]: Service returned failure
[ERROR] [1783141977.715505653] [drone0.drone0_interface]: Service returned failure
07:13:10 [INFO] rl_uav.envs.as2_test_env: Reset complete. Initial obs: [-0.21456477  0.06487433 -0.0328149   0.35803482]
-------------------------------------------
| rollout/                |               |
|    ep_len_mean          | 35.5          |
|    ep_rew_mean          | -29.9         |
|    success_rate         | 0             |
| time/                   |               |
|    fps                  | 1             |
|    iterations           | 31            |
|    time_elapsed         | 10960         |
|    total_timesteps      | 15872         |
| train/                  |               |
|    approx_kl            | 0.00012870156 |
|    clip_fraction        | 0             |
|    clip_range           | 0.2           |
|    entropy_loss         | -7.4          |
|    explained_variance   | 0.611         |
|    learning_rate        | 3e-05         |
|    loss                 | 18.9          |
|    n_updates            | 150           |
|    policy_gradient_loss | -0.000576     |
|    std                  | 0.999         |
|    value_loss           | 40.4          |
-------------------------------------------
07:13:12 [WARNING] rl_uav.envs.as2_test_env: Skipping velocity reset; simulator service reset required (terminal_out_of_bounds)
[ERROR] [1783141999.765613572] [drone0.drone0_interface]: Service returned failure
[ERROR] [1783142006.640520376] [drone0.drone0_interface]: Service returned failure
07:13:39 [INFO] rl_uav.envs.as2_test_env: Reset complete. Initial obs: [-0.22337598 -0.1325971   0.00592654  0.63780856]
07:13:44 [WARNING] rl_uav.envs.as2_test_env: Skipping velocity reset; simulator service reset required (terminal_out_of_bounds)
[ERROR] [1783142031.097716049] [drone0.drone0_interface]: Service returned failure
[ERROR] [1783142037.978796675] [drone0.drone0_interface]: Service returned failure
07:14:10 [INFO] rl_uav.envs.as2_test_env: Reset complete. Initial obs: [-0.4668519   0.8213396  -0.02151119 -0.06823777]
07:14:15 [WARNING] rl_uav.envs.as2_test_env: Skipping velocity reset; simulator service reset required (terminal_out_of_bounds)
[ERROR] [1783142062.598132264] [drone0.drone0_interface]: Service returned failure
[ERROR] [1783142066.887537480] [drone0.drone0_interface]: Service returned failure
07:14:39 [INFO] rl_uav.envs.as2_test_env: Reset complete. Initial obs: [-0.46020913 -0.4468404   0.03945534 -0.60323346]
07:14:42 [WARNING] rl_uav.envs.as2_test_env: Skipping velocity reset; simulator service reset required (terminal_out_of_bounds)
[ERROR] [1783142088.912238471] [drone0.drone0_interface]: Service returned failure
[ERROR] [1783142095.825599839] [drone0.drone0_interface]: Service returned failure
07:15:08 [INFO] rl_uav.envs.as2_test_env: Reset complete. Initial obs: [-0.79380125 -0.00577559 -0.04027567 -0.5821868 ]
07:15:13 [WARNING] rl_uav.envs.as2_test_env: Skipping velocity reset; simulator service reset required (terminal_out_of_bounds)
[ERROR] [1783142120.617122815] [drone0.drone0_interface]: Service returned failure
[ERROR] [1783142127.548499355] [drone0.drone0_interface]: Service returned failure
07:15:40 [INFO] rl_uav.envs.as2_test_env: Reset complete. Initial obs: [ 0.73368895 -0.2411751  -0.01214424  0.4571422 ]
07:15:53 [WARNING] rl_uav.envs.as2_test_env: Skipping velocity reset; simulator service reset required (terminal_out_of_bounds)
[ERROR] [1783142160.023340340] [drone0.drone0_interface]: Service returned failure
[ERROR] [1783142164.345716045] [drone0.drone0_interface]: Service returned failure
07:16:17 [INFO] rl_uav.envs.as2_test_env: Reset complete. Initial obs: [-0.62559974  0.4752189  -0.09086128 -0.9750969 ]
07:16:19 [WARNING] rl_uav.envs.as2_test_env: Skipping velocity reset; simulator service reset required (terminal_out_of_bounds)
[ERROR] [1783142186.636247134] [drone0.drone0_interface]: Service returned failure
[ERROR] [1783142193.592539441] [drone0.drone0_interface]: Service returned failure
07:16:46 [INFO] rl_uav.envs.as2_test_env: Reset complete. Initial obs: [-0.66095567  0.05848758  0.00426871 -0.9324717 ]
07:16:48 [WARNING] rl_uav.envs.as2_test_env: Skipping velocity reset; simulator service reset required (terminal_out_of_bounds)
[ERROR] [1783142215.748728371] [drone0.drone0_interface]: Service returned failure
[ERROR] [1783142222.701109123] [drone0.drone0_interface]: Service returned failure
07:17:15 [INFO] rl_uav.envs.as2_test_env: Reset complete. Initial obs: [ 0.1585705  -0.3763327   0.03801673 -0.9713091 ]
07:17:28 [WARNING] rl_uav.envs.as2_test_env: Skipping velocity reset; simulator service reset required (terminal_out_of_bounds)
[ERROR] [1783142255.451340748] [drone0.drone0_interface]: Service returned failure
[ERROR] [1783142262.422640223] [drone0.drone0_interface]: Service returned failure
07:17:55 [INFO] rl_uav.envs.as2_test_env: Reset complete. Initial obs: [-0.48453096 -0.27905425  0.05456309  0.9607423 ]
07:17:57 [WARNING] rl_uav.envs.as2_test_env: Reset started at valid low altitude z=0.918; climbing to hover 1.400m with bounded velocity recovery
07:18:03 [WARNING] rl_uav.envs.as2_test_env: Skipping velocity reset; simulator service reset required (terminal_out_of_bounds)
[ERROR] [1783142289.842143562] [drone0.drone0_interface]: Service returned failure
[ERROR] [1783142296.821608543] [drone0.drone0_interface]: Service returned failure
07:18:29 [INFO] rl_uav.envs.as2_test_env: Reset complete. Initial obs: [-0.46567923 -0.60482395  0.05313566  0.14294195]
07:18:32 [WARNING] rl_uav.envs.as2_test_env: Skipping velocity reset; simulator service reset required (terminal_out_of_bounds)
[ERROR] [1783142319.163555293] [drone0.drone0_interface]: Service returned failure
[ERROR] [1783142326.155808105] [drone0.drone0_interface]: Service returned failure
07:18:58 [INFO] rl_uav.envs.as2_test_env: Reset complete. Initial obs: [0.47690195 0.64323    0.06793349 0.5723921 ]
07:19:22 [WARNING] rl_uav.envs.as2_test_env: Skipping velocity reset; simulator service reset required (terminal_out_of_bounds)
[ERROR] [1783142369.278916803] [drone0.drone0_interface]: Service returned failure
[ERROR] [1783142373.642834259] [drone0.drone0_interface]: Service returned failure
07:19:46 [INFO] rl_uav.envs.as2_test_env: Reset complete. Initial obs: [ 0.7612296  -0.13389574  0.08554964  0.6342779 ]
07:19:54 [WARNING] rl_uav.envs.as2_test_env: Skipping velocity reset; simulator service reset required (terminal_out_of_bounds)
[ERROR] [1783142401.179249124] [drone0.drone0_interface]: Service returned failure
[ERROR] [1783142405.555044803] [drone0.drone0_interface]: Service returned failure
07:20:18 [INFO] rl_uav.envs.as2_test_env: Reset complete. Initial obs: [-0.22714874 -0.49146396  0.0307471   0.18304995]
07:20:21 [WARNING] rl_uav.envs.as2_test_env: Skipping velocity reset; simulator service reset required (terminal_out_of_bounds)
[ERROR] [1783142427.998896870] [drone0.drone0_interface]: Service returned failure
[ERROR] [1783142435.036213864] [drone0.drone0_interface]: Service returned failure
07:20:47 [INFO] rl_uav.envs.as2_test_env: Reset complete. Initial obs: [ 0.31794167 -0.61202013 -0.11046992 -0.52581406]
07:20:50 [WARNING] rl_uav.envs.as2_test_env: Reset started at valid low altitude z=0.993; climbing to hover 1.400m with bounded velocity recovery
07:20:56 [WARNING] rl_uav.envs.as2_test_env: Skipping velocity reset; simulator service reset required (terminal_out_of_bounds)
[ERROR] [1783142462.598766461] [drone0.drone0_interface]: Service returned failure
[ERROR] [1783142469.623785208] [drone0.drone0_interface]: Service returned failure
07:21:22 [INFO] rl_uav.envs.as2_test_env: Reset complete. Initial obs: [-0.00444731 -0.28303266 -0.00176075 -0.66752267]
07:21:25 [WARNING] rl_uav.envs.as2_test_env: Skipping velocity reset; simulator service reset required (terminal_out_of_bounds)
[ERROR] [1783142492.171425592] [drone0.drone0_interface]: Service returned failure
[ERROR] [1783142499.217719672] [drone0.drone0_interface]: Service returned failure
07:21:52 [INFO] rl_uav.envs.as2_test_env: Reset complete. Initial obs: [-0.6709641   0.21047466 -0.06365547 -0.6842131 ]
07:21:57 [WARNING] rl_uav.envs.as2_test_env: Skipping velocity reset; simulator service reset required (terminal_out_of_bounds)
[ERROR] [1783142524.209841841] [drone0.drone0_interface]: Service returned failure
[ERROR] [1783142528.597588247] [drone0.drone0_interface]: Service returned failure
07:22:21 [INFO] rl_uav.envs.as2_test_env: Reset complete. Initial obs: [-0.58254147  0.41023123  0.0351641  -0.97534674]
------------------------------------------
| rollout/                |              |
|    ep_len_mean          | 32.8         |
|    ep_rew_mean          | -28.6        |
|    success_rate         | 0            |
| time/                   |              |
|    fps                  | 1            |
|    iterations           | 32           |
|    time_elapsed         | 11515        |
|    total_timesteps      | 16384        |
| train/                  |              |
|    approx_kl            | 0.0002979436 |
|    clip_fraction        | 0            |
|    clip_range           | 0.2          |
|    entropy_loss         | -7.57        |
|    explained_variance   | 0.209        |
|    learning_rate        | 3e-05        |
|    loss                 | 19.9         |
|    n_updates            | 155          |
|    policy_gradient_loss | -0.00267     |
|    std                  | 0.998        |
|    value_loss           | 43.4         |
------------------------------------------
07:22:31 [WARNING] rl_uav.envs.as2_test_env: Skipping velocity reset; simulator service reset required (terminal_out_of_bounds)
[ERROR] [1783142558.998781595] [drone0.drone0_interface]: Service returned failure
[ERROR] [1783142566.069775351] [drone0.drone0_interface]: Service returned failure
07:22:59 [INFO] rl_uav.envs.as2_test_env: Reset complete. Initial obs: [-0.67668843  0.5017981   0.01171113  0.38893098]
07:23:01 [WARNING] rl_uav.envs.as2_test_env: Skipping velocity reset; simulator service reset required (terminal_out_of_bounds)
[ERROR] [1783142588.527364063] [drone0.drone0_interface]: Service returned failure
[ERROR] [1783142595.594959176] [drone0.drone0_interface]: Service returned failure
07:23:28 [INFO] rl_uav.envs.as2_test_env: Reset complete. Initial obs: [-0.24123196 -0.8301232   0.05070008 -0.61730367]
07:23:31 [WARNING] rl_uav.envs.as2_test_env: Skipping velocity reset; simulator service reset required (terminal_out_of_bounds)
[ERROR] [1783142618.328217462] [drone0.drone0_interface]: Service returned failure
[ERROR] [1783142625.415613986] [drone0.drone0_interface]: Service returned failure
07:23:58 [INFO] rl_uav.envs.as2_test_env: Reset complete. Initial obs: [0.7107825  0.4666254  0.08494362 0.5215709 ]
07:24:01 [WARNING] rl_uav.envs.as2_test_env: Skipping velocity reset; simulator service reset required (terminal_out_of_bounds)
[ERROR] [1783142648.006694117] [drone0.drone0_interface]: Service returned failure
[ERROR] [1783142652.426204641] [drone0.drone0_interface]: Service returned failure
07:24:25 [INFO] rl_uav.envs.as2_test_env: Reset complete. Initial obs: [0.45685667 0.28055692 0.02181029 0.34892088]
07:24:28 [WARNING] rl_uav.envs.as2_test_env: Skipping velocity reset; simulator service reset required (terminal_out_of_bounds)
[ERROR] [1783142675.224584940] [drone0.drone0_interface]: Service returned failure
[ERROR] [1783142679.652068418] [drone0.drone0_interface]: Service returned failure
07:24:52 [INFO] rl_uav.envs.as2_test_env: Reset complete. Initial obs: [-0.19888328 -0.6710567   0.10901195 -0.86881256]
07:24:55 [WARNING] rl_uav.envs.as2_test_env: Skipping velocity reset; simulator service reset required (terminal_out_of_bounds)
[ERROR] [1783142702.333104247] [drone0.drone0_interface]: Service returned failure
[ERROR] [1783142709.441085853] [drone0.drone0_interface]: Service returned failure
07:25:22 [INFO] rl_uav.envs.as2_test_env: Reset complete. Initial obs: [ 0.6399865  0.5970421 -0.002617   0.610598 ]
07:25:30 [WARNING] rl_uav.envs.as2_test_env: Skipping velocity reset; simulator service reset required (terminal_out_of_bounds)
[ERROR] [1783142737.556785631] [drone0.drone0_interface]: Service returned failure
[ERROR] [1783142744.689798519] [drone0.drone0_interface]: Service returned failure
07:25:57 [INFO] rl_uav.envs.as2_test_env: Reset complete. Initial obs: [ 0.21200524  0.07187567  0.06165527 -0.8503018 ]
07:26:05 [WARNING] rl_uav.envs.as2_test_env: Skipping velocity reset; simulator service reset required (terminal_out_of_bounds)
[ERROR] [1783142772.840971420] [drone0.drone0_interface]: Service returned failure
[ERROR] [1783142777.305846023] [drone0.drone0_interface]: Service returned failure
07:26:30 [INFO] rl_uav.envs.as2_test_env: Reset complete. Initial obs: [-0.8344551   0.11281037  0.00869962 -0.5599226 ]
07:26:33 [WARNING] rl_uav.envs.as2_test_env: Reset started at valid low altitude z=0.959; climbing to hover 1.400m with bounded velocity recovery
07:26:39 [WARNING] rl_uav.envs.as2_test_env: Skipping velocity reset; simulator service reset required (terminal_out_of_bounds)
[ERROR] [1783142805.467247236] [drone0.drone0_interface]: Service returned failure
[ERROR] [1783142812.639099388] [drone0.drone0_interface]: Service returned failure
07:27:05 [INFO] rl_uav.envs.as2_test_env: Reset complete. Initial obs: [ 0.4123805  -0.789589   -0.02393263 -0.78999996]
07:27:08 [WARNING] rl_uav.envs.as2_test_env: Skipping velocity reset; simulator service reset required (terminal_out_of_bounds)
[ERROR] [1783142835.476246940] [drone0.drone0_interface]: Service returned failure
[ERROR] [1783142839.952480727] [drone0.drone0_interface]: Service returned failure
07:27:33 [INFO] rl_uav.envs.as2_test_env: Reset complete. Initial obs: [ 0.59145594  0.48276353 -0.01661837  0.8050607 ]
07:27:35 [WARNING] rl_uav.envs.as2_test_env: Skipping velocity reset; simulator service reset required (terminal_out_of_bounds)
[ERROR] [1783142862.869040303] [drone0.drone0_interface]: Service returned failure
[ERROR] [1783142870.058181988] [drone0.drone0_interface]: Service returned failure
07:28:03 [INFO] rl_uav.envs.as2_test_env: Reset complete. Initial obs: [ 0.76651794 -0.28559336  0.07581906 -0.8116761 ]
07:28:08 [WARNING] rl_uav.envs.as2_test_env: Skipping velocity reset; simulator service reset required (terminal_out_of_bounds)
[ERROR] [1783142895.598494185] [drone0.drone0_interface]: Service returned failure
[ERROR] [1783142902.774216429] [drone0.drone0_interface]: Service returned failure
07:28:35 [INFO] rl_uav.envs.as2_test_env: Reset complete. Initial obs: [0.71978444 0.2211974  0.05431113 0.50344193]
07:28:43 [WARNING] rl_uav.envs.as2_test_env: Skipping velocity reset; simulator service reset required (terminal_out_of_bounds)
[ERROR] [1783142931.096665747] [drone0.drone0_interface]: Service returned failure
[ERROR] [1783142938.388048849] [drone0.drone0_interface]: Service returned failure
07:29:11 [INFO] rl_uav.envs.as2_test_env: Reset complete. Initial obs: [0.17066991 0.29428774 0.0403736  0.225513  ]
07:29:14 [WARNING] rl_uav.envs.as2_test_env: Skipping velocity reset; simulator service reset required (terminal_out_of_bounds)
[ERROR] [1783142961.300390085] [drone0.drone0_interface]: Service returned failure
[ERROR] [1783142968.528559326] [drone0.drone0_interface]: Service returned failure
07:29:41 [INFO] rl_uav.envs.as2_test_env: Reset complete. Initial obs: [-0.8119771   0.37718156 -0.02964852 -0.9716523 ]
07:29:44 [WARNING] rl_uav.envs.as2_test_env: Skipping velocity reset; simulator service reset required (terminal_out_of_bounds)
[ERROR] [1783142991.622981961] [drone0.drone0_interface]: Service returned failure
[ERROR] [1783142996.132451916] [drone0.drone0_interface]: Service returned failure
07:30:09 [INFO] rl_uav.envs.as2_test_env: Reset complete. Initial obs: [-0.07763217  0.20052089 -0.02843059 -0.37511528]
07:30:11 [WARNING] rl_uav.envs.as2_test_env: Reset started at valid low altitude z=0.988; climbing to hover 1.400m with bounded velocity recovery
07:30:18 [WARNING] rl_uav.envs.as2_test_env: Skipping velocity reset; simulator service reset required (terminal_out_of_bounds)
[ERROR] [1783143024.534079363] [drone0.drone0_interface]: Service returned failure
[ERROR] [1783143031.774211543] [drone0.drone0_interface]: Service returned failure
07:30:45 [INFO] rl_uav.envs.as2_test_env: Reset complete. Initial obs: [0.23304354 0.72481287 0.03160997 0.98865056]
07:30:50 [WARNING] rl_uav.envs.as2_test_env: Skipping velocity reset; simulator service reset required (terminal_out_of_bounds)
[ERROR] [1783143057.639426136] [drone0.drone0_interface]: Service returned failure
[ERROR] [1783143064.896141960] [drone0.drone0_interface]: Service returned failure
07:31:18 [INFO] rl_uav.envs.as2_test_env: Reset complete. Initial obs: [ 0.39347845  0.08570935 -0.0689986   0.24296369]
07:31:26 [WARNING] rl_uav.envs.as2_test_env: Skipping velocity reset; simulator service reset required (terminal_out_of_bounds)
[ERROR] [1783143093.344416232] [drone0.drone0_interface]: Service returned failure
[ERROR] [1783143100.721028311] [drone0.drone0_interface]: Service returned failure
07:31:53 [INFO] rl_uav.envs.as2_test_env: Reset complete. Initial obs: [ 0.375573   -0.5597707  -0.02485261 -0.1106739 ]
07:31:59 [WARNING] rl_uav.envs.as2_test_env: Skipping velocity reset; simulator service reset required (terminal_out_of_bounds)
[ERROR] [1783143126.552510578] [drone0.drone0_interface]: Service returned failure
[ERROR] [1783143133.812007234] [drone0.drone0_interface]: Service returned failure
07:32:27 [INFO] rl_uav.envs.as2_test_env: Reset complete. Initial obs: [-0.5581889   0.52159685  0.01254822  0.01393898]
07:32:29 [WARNING] rl_uav.envs.as2_test_env: Skipping velocity reset; simulator service reset required (terminal_out_of_bounds)
[ERROR] [1783143157.137983982] [drone0.drone0_interface]: Service returned failure
[ERROR] [1783143164.434771189] [drone0.drone0_interface]: Service returned failure
07:32:57 [INFO] rl_uav.envs.as2_test_env: Reset complete. Initial obs: [ 0.45954025  0.79082316 -0.02050732  0.33748028]
07:33:00 [WARNING] rl_uav.envs.as2_test_env: Reset started at valid low altitude z=0.802; climbing to hover 1.400m with bounded velocity recovery
07:33:06 [WARNING] rl_uav.envs.as2_test_env: Skipping velocity reset; simulator service reset required (terminal_out_of_bounds)
[ERROR] [1783143192.956593022] [drone0.drone0_interface]: Service returned failure
[ERROR] [1783143200.250637173] [drone0.drone0_interface]: Service returned failure
07:33:33 [INFO] rl_uav.envs.as2_test_env: Reset complete. Initial obs: [ 0.37641504  0.90323013  0.02879506 -0.78899956]
07:33:41 [WARNING] rl_uav.envs.as2_test_env: Skipping velocity reset; simulator service reset required (terminal_out_of_bounds)
[ERROR] [1783143228.978358042] [drone0.drone0_interface]: Service returned failure
[ERROR] [1783143233.558400610] [drone0.drone0_interface]: Service returned failure
07:34:06 [INFO] rl_uav.envs.as2_test_env: Reset complete. Initial obs: [-0.38896206 -0.5211709   0.01838809  0.31720486]
07:34:12 [WARNING] rl_uav.envs.as2_test_env: Skipping velocity reset; simulator service reset required (terminal_out_of_bounds)
[ERROR] [1783143259.480787559] [drone0.drone0_interface]: Service returned failure
[ERROR] [1783143266.905406953] [drone0.drone0_interface]: Service returned failure
07:34:40 [INFO] rl_uav.envs.as2_test_env: Reset complete. Initial obs: [ 0.5865288  -0.01915194  0.01693361 -0.9884471 ]
-------------------------------------------
| rollout/                |               |
|    ep_len_mean          | 30.2          |
|    ep_rew_mean          | -27.5         |
|    success_rate         | 0             |
| time/                   |               |
|    fps                  | 1             |
|    iterations           | 33            |
|    time_elapsed         | 12251         |
|    total_timesteps      | 16896         |
| train/                  |               |
|    approx_kl            | 0.00033255818 |
|    clip_fraction        | 0             |
|    clip_range           | 0.2           |
|    entropy_loss         | -7.04         |
|    explained_variance   | 0.0833        |
|    learning_rate        | 3e-05         |
|    loss                 | 11.4          |
|    n_updates            | 160           |
|    policy_gradient_loss | -0.00362      |
|    std                  | 0.998         |
|    value_loss           | 26.7          |
-------------------------------------------
07:34:43 [WARNING] rl_uav.envs.as2_test_env: Skipping velocity reset; simulator service reset required (terminal_out_of_bounds)
[ERROR] [1783143290.264129198] [drone0.drone0_interface]: Service returned failure
[ERROR] [1783143297.596358844] [drone0.drone0_interface]: Service returned failure
07:35:10 [INFO] rl_uav.envs.as2_test_env: Reset complete. Initial obs: [ 0.03718967 -0.18907824 -0.04504949 -0.3823613 ]
07:35:19 [WARNING] rl_uav.envs.as2_test_env: Skipping velocity reset; simulator service reset required (terminal_out_of_bounds)
[ERROR] [1783143326.484586706] [drone0.drone0_interface]: Service returned failure
[ERROR] [1783143333.829231454] [drone0.drone0_interface]: Service returned failure
07:35:47 [INFO] rl_uav.envs.as2_test_env: Reset complete. Initial obs: [-0.27988133 -0.6166467  -0.01610304  0.614423  ]
07:35:49 [WARNING] rl_uav.envs.as2_test_env: Skipping velocity reset; simulator service reset required (terminal_out_of_bounds)
[ERROR] [1783143357.108731094] [drone0.drone0_interface]: Service returned failure
[ERROR] [1783143364.465609151] [drone0.drone0_interface]: Service returned failure
07:36:17 [INFO] rl_uav.envs.as2_test_env: Reset complete. Initial obs: [-0.6811278  -0.43161806  0.07303899  0.19665541]
07:36:23 [WARNING] rl_uav.envs.as2_test_env: Reset started at valid low altitude z=0.869; climbing to hover 1.400m with bounded velocity recovery
07:36:29 [WARNING] rl_uav.envs.as2_test_env: Skipping velocity reset; simulator service reset required (terminal_out_of_bounds)
[ERROR] [1783143396.087623505] [drone0.drone0_interface]: Service returned failure
[ERROR] [1783143403.462291403] [drone0.drone0_interface]: Service returned failure
07:36:56 [INFO] rl_uav.envs.as2_test_env: Reset complete. Initial obs: [-0.14314039 -0.5799513   0.03181852  0.41626516]
07:37:04 [WARNING] rl_uav.envs.as2_test_env: Skipping velocity reset; simulator service reset required (terminal_out_of_bounds)
[ERROR] [1783143432.141937561] [drone0.drone0_interface]: Service returned failure
[ERROR] [1783143439.627777329] [drone0.drone0_interface]: Service returned failure
07:37:33 [INFO] rl_uav.envs.as2_test_env: Reset complete. Initial obs: [ 0.05636585 -0.5164518   0.09455466 -0.64032996]
07:37:38 [WARNING] rl_uav.envs.as2_test_env: Skipping velocity reset; simulator service reset required (terminal_out_of_bounds)
[ERROR] [1783143465.718540560] [drone0.drone0_interface]: Service returned failure
[ERROR] [1783143473.110445560] [drone0.drone0_interface]: Service returned failure
07:38:06 [INFO] rl_uav.envs.as2_test_env: Reset complete. Initial obs: [ 0.7310086  -0.53892636 -0.01860395  0.13496195]
07:38:09 [WARNING] rl_uav.envs.as2_test_env: Skipping velocity reset; simulator service reset required (terminal_out_of_bounds)
[ERROR] [1783143496.714941493] [drone0.drone0_interface]: Service returned failure
[ERROR] [1783143504.121255512] [drone0.drone0_interface]: Service returned failure
07:38:37 [INFO] rl_uav.envs.as2_test_env: Reset complete. Initial obs: [ 0.87114376  0.10872436 -0.02260408  0.68253917]
07:38:43 [WARNING] rl_uav.envs.as2_test_env: Skipping velocity reset; simulator service reset required (terminal_out_of_bounds)
[ERROR] [1783143530.334091264] [drone0.drone0_interface]: Service returned failure
[ERROR] [1783143534.974678872] [drone0.drone0_interface]: Service returned failure
07:39:08 [INFO] rl_uav.envs.as2_test_env: Reset complete. Initial obs: [-0.01292722 -0.31688476  0.04594051 -0.07192867]
07:39:14 [WARNING] rl_uav.envs.as2_test_env: Skipping velocity reset; simulator service reset required (terminal_out_of_bounds)
[ERROR] [1783143561.316133055] [drone0.drone0_interface]: Service returned failure
[ERROR] [1783143568.740910063] [drone0.drone0_interface]: Service returned failure
07:39:42 [INFO] rl_uav.envs.as2_test_env: Reset complete. Initial obs: [ 0.1547044   0.7872499  -0.03634271 -0.4848761 ]
07:39:45 [WARNING] rl_uav.envs.as2_test_env: Skipping velocity reset; simulator service reset required (terminal_out_of_bounds)
[ERROR] [1783143592.341205292] [drone0.drone0_interface]: Service returned failure
[ERROR] [1783143599.757583740] [drone0.drone0_interface]: Service returned failure
07:40:13 [INFO] rl_uav.envs.as2_test_env: Reset complete. Initial obs: [ 0.7149555  -0.10943788  0.00491378  0.55245227]
07:40:21 [WARNING] rl_uav.envs.as2_test_env: Skipping velocity reset; simulator service reset required (terminal_out_of_bounds)
[ERROR] [1783143628.969248085] [drone0.drone0_interface]: Service returned failure
[ERROR] [1783143636.418258776] [drone0.drone0_interface]: Service returned failure
07:40:49 [INFO] rl_uav.envs.as2_test_env: Reset complete. Initial obs: [ 0.69277996 -0.48041672  0.02619292 -0.8338343 ]
07:40:52 [WARNING] rl_uav.envs.as2_test_env: Skipping velocity reset; simulator service reset required (terminal_out_of_bounds)
[ERROR] [1783143660.252549183] [drone0.drone0_interface]: Service returned failure
[ERROR] [1783143667.703168126] [drone0.drone0_interface]: Service returned failure
07:41:21 [INFO] rl_uav.envs.as2_test_env: Reset complete. Initial obs: [-0.7224096  -0.37223896  0.07064487  0.51314026]
07:41:24 [WARNING] rl_uav.envs.as2_test_env: Reset started at valid low altitude z=0.866; climbing to hover 1.400m with bounded velocity recovery
07:41:30 [WARNING] rl_uav.envs.as2_test_env: Skipping velocity reset; simulator service reset required (terminal_out_of_bounds)
[ERROR] [1783143696.981043844] [drone0.drone0_interface]: Service returned failure
[ERROR] [1783143704.459215585] [drone0.drone0_interface]: Service returned failure
07:41:58 [INFO] rl_uav.envs.as2_test_env: Reset complete. Initial obs: [ 0.09745537  0.966762   -0.01725513 -0.3073066 ]
07:42:03 [WARNING] rl_uav.envs.as2_test_env: Reset started at valid low altitude z=0.804; climbing to hover 1.400m with bounded velocity recovery
07:42:10 [WARNING] rl_uav.envs.as2_test_env: Skipping velocity reset; simulator service reset required (terminal_out_of_bounds)
[ERROR] [1783143736.479635763] [drone0.drone0_interface]: Service returned failure
[ERROR] [1783143741.157243680] [drone0.drone0_interface]: Service returned failure
07:42:34 [INFO] rl_uav.envs.as2_test_env: Reset complete. Initial obs: [-0.82410544  0.4399689  -0.01188722 -0.4530713 ]
07:42:40 [WARNING] rl_uav.envs.as2_test_env: Skipping velocity reset; simulator service reset required (terminal_out_of_bounds)
[ERROR] [1783143767.884924050] [drone0.drone0_interface]: Service returned failure
[ERROR] [1783143775.387565143] [drone0.drone0_interface]: Service returned failure
07:43:08 [INFO] rl_uav.envs.as2_test_env: Reset complete. Initial obs: [ 0.50441116 -0.04770714  0.03313799  0.82555324]
07:43:14 [WARNING] rl_uav.envs.as2_test_env: Skipping velocity reset; simulator service reset required (terminal_out_of_bounds)
[ERROR] [1783143801.894350090] [drone0.drone0_interface]: Service returned failure
[ERROR] [1783143806.594244365] [drone0.drone0_interface]: Service returned failure
07:43:40 [INFO] rl_uav.envs.as2_test_env: Reset complete. Initial obs: [ 0.350444  -0.6395402  0.0573234 -0.2813104]
07:43:54 [WARNING] rl_uav.envs.as2_test_env: Skipping velocity reset; simulator service reset required (terminal_out_of_bounds)
[ERROR] [1783143841.806876033] [drone0.drone0_interface]: Service returned failure
[ERROR] [1783143846.507999942] [drone0.drone0_interface]: Service returned failure
07:44:20 [INFO] rl_uav.envs.as2_test_env: Reset complete. Initial obs: [-0.5232296  -0.21633588  0.02322162  0.82215786]
07:44:25 [WARNING] rl_uav.envs.as2_test_env: Skipping velocity reset; simulator service reset required (terminal_out_of_bounds)
[ERROR] [1783143873.330368924] [drone0.drone0_interface]: Service returned failure
[ERROR] [1783143880.846026906] [drone0.drone0_interface]: Service returned failure
07:44:54 [INFO] rl_uav.envs.as2_test_env: Reset complete. Initial obs: [-0.60764724  0.38594586  0.03664155  0.60235363]
------------------------------------------
| rollout/                |              |
|    ep_len_mean          | 27.9         |
|    ep_rew_mean          | -26.6        |
|    success_rate         | 0            |
| time/                   |              |
|    fps                  | 1            |
|    iterations           | 34           |
|    time_elapsed         | 12871        |
|    total_timesteps      | 17408        |
| train/                  |              |
|    approx_kl            | 0.0006082994 |
|    clip_fraction        | 0            |
|    clip_range           | 0.2          |
|    entropy_loss         | -7.09        |
|    explained_variance   | 0.201        |
|    learning_rate        | 3e-05        |
|    loss                 | 10.6         |
|    n_updates            | 165          |
|    policy_gradient_loss | -0.00402     |
|    std                  | 0.999        |
|    value_loss           | 26.4         |
------------------------------------------
07:45:02 [WARNING] rl_uav.envs.as2_test_env: Reset started at valid low altitude z=0.812; climbing to hover 1.400m with bounded velocity recovery
07:45:09 [WARNING] rl_uav.envs.as2_test_env: Skipping velocity reset; simulator service reset required (terminal_out_of_bounds)
[ERROR] [1783143915.934609008] [drone0.drone0_interface]: Service returned failure
[ERROR] [1783143923.568944024] [drone0.drone0_interface]: Service returned failure
07:45:37 [INFO] rl_uav.envs.as2_test_env: Reset complete. Initial obs: [-0.3453357  -0.6903453  -0.03333546  0.11072545]
07:45:40 [WARNING] rl_uav.envs.as2_test_env: Skipping velocity reset; simulator service reset required (terminal_out_of_bounds)
[ERROR] [1783143947.535824038] [drone0.drone0_interface]: Service returned failure
[ERROR] [1783143955.091890621] [drone0.drone0_interface]: Service returned failure
07:46:08 [INFO] rl_uav.envs.as2_test_env: Reset complete. Initial obs: [ 0.10275476 -0.6869773  -0.11111277  0.6731355 ]
07:46:17 [WARNING] rl_uav.envs.as2_test_env: Skipping velocity reset; simulator service reset required (terminal_out_of_bounds)
[ERROR] [1783143984.752618828] [drone0.drone0_interface]: Service returned failure
[ERROR] [1783143992.323316514] [drone0.drone0_interface]: Service returned failure
07:46:46 [INFO] rl_uav.envs.as2_test_env: Reset complete. Initial obs: [ 0.17570578  0.8136883  -0.00685184 -0.14884752]
07:46:48 [WARNING] rl_uav.envs.as2_test_env: Skipping velocity reset; simulator service reset required (terminal_out_of_bounds)
[ERROR] [1783144016.345808901] [drone0.drone0_interface]: Service returned failure
[ERROR] [1783144023.909517894] [drone0.drone0_interface]: Service returned failure
07:47:17 [INFO] rl_uav.envs.as2_test_env: Reset complete. Initial obs: [-0.01871081 -0.35246575  0.06542698 -0.06566973]
07:47:23 [WARNING] rl_uav.envs.as2_test_env: Reset started at valid low altitude z=0.835; climbing to hover 1.400m with bounded velocity recovery
07:47:29 [WARNING] rl_uav.envs.as2_test_env: Skipping velocity reset; simulator service reset required (terminal_out_of_bounds)
[ERROR] [1783144056.464324987] [drone0.drone0_interface]: Service returned failure
[ERROR] [1783144064.028506111] [drone0.drone0_interface]: Service returned failure
07:47:57 [INFO] rl_uav.envs.as2_test_env: Reset complete. Initial obs: [ 0.2793339   0.71753764  0.11353196 -0.4712628 ]
07:48:09 [WARNING] rl_uav.envs.as2_test_env: Reset started at valid low altitude z=0.803; climbing to hover 1.400m with bounded velocity recovery
07:48:15 [WARNING] rl_uav.envs.as2_test_env: Skipping velocity reset; simulator service reset required (terminal_out_of_bounds)
[ERROR] [1783144102.154705610] [drone0.drone0_interface]: Service returned failure
[ERROR] [1783144109.745713665] [drone0.drone0_interface]: Service returned failure
07:48:43 [INFO] rl_uav.envs.as2_test_env: Reset complete. Initial obs: [ 0.6250761   0.6288146  -0.03225029 -0.34115195]
07:48:51 [WARNING] rl_uav.envs.as2_test_env: Skipping velocity reset; simulator service reset required (terminal_out_of_bounds)
[ERROR] [1783144139.363213855] [drone0.drone0_interface]: Service returned failure
[ERROR] [1783144147.072659656] [drone0.drone0_interface]: Service returned failure
07:49:20 [INFO] rl_uav.envs.as2_test_env: Reset complete. Initial obs: [-0.3306873  -0.57246614 -0.0204642   0.3182893 ]
07:49:23 [WARNING] rl_uav.envs.as2_test_env: Reset started at valid low altitude z=0.990; climbing to hover 1.400m with bounded velocity recovery
07:49:30 [WARNING] rl_uav.envs.as2_test_env: Skipping velocity reset; simulator service reset required (terminal_out_of_bounds)
[ERROR] [1783144176.781406717] [drone0.drone0_interface]: Service returned failure
[ERROR] [1783144184.394262565] [drone0.drone0_interface]: Service returned failure
07:49:58 [INFO] rl_uav.envs.as2_test_env: Reset complete. Initial obs: [ 0.5258445   0.07304963 -0.0020986   0.92670566]
07:50:00 [WARNING] rl_uav.envs.as2_test_env: Skipping velocity reset; simulator service reset required (terminal_out_of_bounds)
[ERROR] [1783144208.587396772] [drone0.drone0_interface]: Service returned failure
[ERROR] [1783144216.207939817] [drone0.drone0_interface]: Service returned failure
07:50:30 [INFO] rl_uav.envs.as2_test_env: Reset complete. Initial obs: [ 0.39493886 -0.15236348  0.05399464  0.6178583 ]
07:50:49 [WARNING] rl_uav.envs.as2_test_env: Skipping velocity reset; simulator service reset required (terminal_out_of_bounds)
[ERROR] [1783144257.298053876] [drone0.drone0_interface]: Service returned failure
[ERROR] [1783144264.945918634] [drone0.drone0_interface]: Service returned failure
07:51:18 [INFO] rl_uav.envs.as2_test_env: Reset complete. Initial obs: [ 0.5078324   0.14372703  0.00843118 -0.61613095]
07:51:27 [WARNING] rl_uav.envs.as2_test_env: Skipping velocity reset; simulator service reset required (terminal_out_of_bounds)
[ERROR] [1783144294.733595653] [drone0.drone0_interface]: Service returned failure
[ERROR] [1783144302.387125831] [drone0.drone0_interface]: Service returned failure
07:51:56 [INFO] rl_uav.envs.as2_test_env: Reset complete. Initial obs: [0.03458615 0.42467567 0.06687488 0.8360262 ]
07:52:10 [WARNING] rl_uav.envs.as2_test_env: Skipping velocity reset; simulator service reset required (terminal_out_of_bounds)
[ERROR] [1783144337.937140720] [drone0.drone0_interface]: Service returned failure
[ERROR] [1783144345.607814890] [drone0.drone0_interface]: Service returned failure
07:52:39 [INFO] rl_uav.envs.as2_test_env: Reset complete. Initial obs: [ 0.04396186  0.47887358 -0.06319884 -0.46631095]
07:52:42 [WARNING] rl_uav.envs.as2_test_env: Skipping velocity reset; simulator service reset required (terminal_out_of_bounds)
[ERROR] [1783144370.113075607] [drone0.drone0_interface]: Service returned failure
[ERROR] [1783144377.793542836] [drone0.drone0_interface]: Service returned failure
07:53:11 [INFO] rl_uav.envs.as2_test_env: Reset complete. Initial obs: [ 0.04456606 -0.67401654  0.02756488 -0.07545396]
07:53:14 [WARNING] rl_uav.envs.as2_test_env: Skipping velocity reset; simulator service reset required (terminal_out_of_bounds)
[ERROR] [1783144402.088626427] [drone0.drone0_interface]: Service returned failure
[ERROR] [1783144406.915512800] [drone0.drone0_interface]: Service returned failure
07:53:40 [INFO] rl_uav.envs.as2_test_env: Reset complete. Initial obs: [ 0.535991    0.14139514 -0.06705391  0.15164682]
07:53:46 [WARNING] rl_uav.envs.as2_test_env: Skipping velocity reset; simulator service reset required (terminal_out_of_bounds)
[ERROR] [1783144434.319093927] [drone0.drone0_interface]: Service returned failure
[ERROR] [1783144442.013365222] [drone0.drone0_interface]: Service returned failure
07:54:15 [INFO] rl_uav.envs.as2_test_env: Reset complete. Initial obs: [-0.4414289  -0.05543771  0.06030785  0.25518915]
07:54:18 [WARNING] rl_uav.envs.as2_test_env: Skipping velocity reset; simulator service reset required (terminal_out_of_bounds)
[ERROR] [1783144466.417460433] [drone0.drone0_interface]: Service returned failure
[ERROR] [1783144474.138752682] [drone0.drone0_interface]: Service returned failure
07:54:48 [INFO] rl_uav.envs.as2_test_env: Reset complete. Initial obs: [ 0.76338756  0.00464836 -0.08386521 -0.70652914]
-------------------------------------------
| rollout/                |               |
|    ep_len_mean          | 28.2          |
|    ep_rew_mean          | -26.3         |
|    success_rate         | 0             |
| time/                   |               |
|    fps                  | 1             |
|    iterations           | 35            |
|    time_elapsed         | 13460         |
|    total_timesteps      | 17920         |
| train/                  |               |
|    approx_kl            | 0.00035273412 |
|    clip_fraction        | 0             |
|    clip_range           | 0.2           |
|    entropy_loss         | -6.81         |
|    explained_variance   | 0.56          |
|    learning_rate        | 3e-05         |
|    loss                 | 7.72          |
|    n_updates            | 170           |
|    policy_gradient_loss | -0.000492     |
|    std                  | 0.998         |
|    value_loss           | 21.2          |
-------------------------------------------
07:54:51 [WARNING] rl_uav.envs.as2_test_env: Skipping velocity reset; simulator service reset required (terminal_out_of_bounds)
[ERROR] [1783144498.645624690] [drone0.drone0_interface]: Service returned failure
[ERROR] [1783144506.374111570] [drone0.drone0_interface]: Service returned failure
07:55:20 [INFO] rl_uav.envs.as2_test_env: Reset complete. Initial obs: [-0.20698017 -0.53392005 -0.0873965   0.69548196]
07:55:23 [WARNING] rl_uav.envs.as2_test_env: Skipping velocity reset; simulator service reset required (terminal_out_of_bounds)
[ERROR] [1783144530.964912032] [drone0.drone0_interface]: Service returned failure
[ERROR] [1783144538.698934702] [drone0.drone0_interface]: Service returned failure
07:55:52 [INFO] rl_uav.envs.as2_test_env: Reset complete. Initial obs: [ 0.14791876 -0.796712    0.06805098  0.93986464]
07:55:55 [WARNING] rl_uav.envs.as2_test_env: Skipping velocity reset; simulator service reset required (terminal_out_of_bounds)
[ERROR] [1783144563.260679546] [drone0.drone0_interface]: Service returned failure
[ERROR] [1783144570.992708169] [drone0.drone0_interface]: Service returned failure
07:56:25 [INFO] rl_uav.envs.as2_test_env: Reset complete. Initial obs: [-0.16502121 -0.28159308 -0.0200686   0.01495399]
07:56:36 [WARNING] rl_uav.envs.as2_test_env: Skipping velocity reset; simulator service reset required (terminal_out_of_bounds)
[ERROR] [1783144604.354562627] [drone0.drone0_interface]: Service returned failure
[ERROR] [1783144612.121599885] [drone0.drone0_interface]: Service returned failure
07:57:06 [INFO] rl_uav.envs.as2_test_env: Reset complete. Initial obs: [ 0.08339234 -0.8300909  -0.0053553   0.7920438 ]
07:57:11 [WARNING] rl_uav.envs.as2_test_env: Skipping velocity reset; simulator service reset required (terminal_out_of_bounds)
[ERROR] [1783144639.481386692] [drone0.drone0_interface]: Service returned failure
[ERROR] [1783144647.349896199] [drone0.drone0_interface]: Service returned failure
07:57:41 [INFO] rl_uav.envs.as2_test_env: Reset complete. Initial obs: [-0.06399561 -0.20082521 -0.11160152  0.9265595 ]
07:57:47 [WARNING] rl_uav.envs.as2_test_env: Skipping velocity reset; simulator service reset required (terminal_out_of_bounds)
[ERROR] [1783144674.788370480] [drone0.drone0_interface]: Service returned failure
[ERROR] [1783144682.556342327] [drone0.drone0_interface]: Service returned failure
07:58:16 [INFO] rl_uav.envs.as2_test_env: Reset complete. Initial obs: [ 0.47534713  0.2779517   0.0251722  -0.920471  ]
07:58:28 [WARNING] rl_uav.envs.as2_test_env: Skipping velocity reset; simulator service reset required (terminal_out_of_bounds)
[ERROR] [1783144715.889083045] [drone0.drone0_interface]: Service returned failure
[ERROR] [1783144723.674456547] [drone0.drone0_interface]: Service returned failure
07:58:57 [INFO] rl_uav.envs.as2_test_env: Reset complete. Initial obs: [ 0.06619883  0.4638096  -0.025834   -0.7695325 ]
07:59:00 [WARNING] rl_uav.envs.as2_test_env: Skipping velocity reset; simulator service reset required (terminal_out_of_bounds)
[ERROR] [1783144748.401850171] [drone0.drone0_interface]: Service returned failure
[ERROR] [1783144753.283418843] [drone0.drone0_interface]: Service returned failure
07:59:27 [INFO] rl_uav.envs.as2_test_env: Reset complete. Initial obs: [-0.86978084 -0.04393035  0.02126806 -0.86514497]
07:59:30 [WARNING] rl_uav.envs.as2_test_env: Skipping velocity reset; simulator service reset required (terminal_out_of_bounds)
[ERROR] [1783144778.209531433] [drone0.drone0_interface]: Service returned failure
[ERROR] [1783144786.025591808] [drone0.drone0_interface]: Service returned failure
08:00:00 [INFO] rl_uav.envs.as2_test_env: Reset complete. Initial obs: [-0.2352195  -0.57417643 -0.01827471 -0.9965354 ]
08:00:03 [WARNING] rl_uav.envs.as2_test_env: Skipping velocity reset; simulator service reset required (terminal_out_of_bounds)
[ERROR] [1783144810.926539649] [drone0.drone0_interface]: Service returned failure
[ERROR] [1783144818.750796900] [drone0.drone0_interface]: Service returned failure
08:00:32 [INFO] rl_uav.envs.as2_test_env: Reset complete. Initial obs: [-0.30269396  0.61081713  0.00585471  0.31982833]
08:00:53 [WARNING] rl_uav.envs.as2_test_env: Skipping velocity reset; simulator service reset required (terminal_out_of_bounds)
[ERROR] [1783144860.913521834] [drone0.drone0_interface]: Service returned failure
[ERROR] [1783144868.742424790] [drone0.drone0_interface]: Service returned failure
08:01:23 [INFO] rl_uav.envs.as2_test_env: Reset complete. Initial obs: [-0.02901527  0.95816785 -0.06962808 -0.73198926]
08:01:26 [WARNING] rl_uav.envs.as2_test_env: Skipping velocity reset; simulator service reset required (terminal_out_of_bounds)
[ERROR] [1783144893.730127832] [drone0.drone0_interface]: Service returned failure
[ERROR] [1783144901.578800764] [drone0.drone0_interface]: Service returned failure
08:01:55 [INFO] rl_uav.envs.as2_test_env: Reset complete. Initial obs: [-0.04178762  0.2843676   0.01815948  0.30748865]
08:01:58 [WARNING] rl_uav.envs.as2_test_env: Skipping velocity reset; simulator service reset required (terminal_out_of_bounds)
[ERROR] [1783144926.432620703] [drone0.drone0_interface]: Service returned failure
[ERROR] [1783144934.378639707] [drone0.drone0_interface]: Service returned failure
08:02:28 [INFO] rl_uav.envs.as2_test_env: Reset complete. Initial obs: [ 0.36013192 -0.06320243 -0.05952848 -0.7082128 ]
08:02:34 [WARNING] rl_uav.envs.as2_test_env: Skipping velocity reset; simulator service reset required (terminal_out_of_bounds)
[ERROR] [1783144962.150974115] [drone0.drone0_interface]: Service returned failure
[ERROR] [1783144967.099407487] [drone0.drone0_interface]: Service returned failure
08:03:01 [INFO] rl_uav.envs.as2_test_env: Reset complete. Initial obs: [-0.9268366  -0.00475663 -0.01998955  0.66081434]
08:03:04 [WARNING] rl_uav.envs.as2_test_env: Skipping velocity reset; simulator service reset required (terminal_out_of_bounds)
[ERROR] [1783144992.129050645] [drone0.drone0_interface]: Service returned failure
[ERROR] [1783145000.002354890] [drone0.drone0_interface]: Service returned failure
08:03:34 [INFO] rl_uav.envs.as2_test_env: Reset complete. Initial obs: [ 0.2344949  -0.4168345   0.09278847 -0.58219075]
08:03:40 [WARNING] rl_uav.envs.as2_test_env: Skipping velocity reset; simulator service reset required (terminal_out_of_bounds)
[ERROR] [1783145027.858202169] [drone0.drone0_interface]: Service returned failure
[ERROR] [1783145032.922651543] [drone0.drone0_interface]: Service returned failure
08:04:07 [INFO] rl_uav.envs.as2_test_env: Reset complete. Initial obs: [ 0.23865081 -0.318734    0.10778636 -0.29645815]
08:04:10 [WARNING] rl_uav.envs.as2_test_env: Reset started at valid low altitude z=0.991; climbing to hover 1.400m with bounded velocity recovery
08:04:16 [WARNING] rl_uav.envs.as2_test_env: Skipping velocity reset; simulator service reset required (terminal_out_of_bounds)
[ERROR] [1783145063.664134830] [drone0.drone0_interface]: Service returned failure
[ERROR] [1783145071.573331372] [drone0.drone0_interface]: Service returned failure
08:04:46 [INFO] rl_uav.envs.as2_test_env: Reset complete. Initial obs: [-0.8016626  -0.2788916  -0.00668592  0.8396988 ]
08:04:48 [WARNING] rl_uav.envs.as2_test_env: Skipping velocity reset; simulator service reset required (terminal_out_of_bounds)
[ERROR] [1783145096.689032804] [drone0.drone0_interface]: Service returned failure
[ERROR] [1783145104.614203894] [drone0.drone0_interface]: Service returned failure
08:05:18 [INFO] rl_uav.envs.as2_test_env: Reset complete. Initial obs: [ 0.63521665  0.27872953 -0.00297933  0.36999363]
----------------------------------------
| rollout/                |            |
|    ep_len_mean          | 27.5       |
|    ep_rew_mean          | -25.6      |
|    success_rate         | 0          |
| time/                   |            |
|    fps                  | 1          |
|    iterations           | 36         |
|    time_elapsed         | 14097      |
|    total_timesteps      | 18432      |
| train/                  |            |
|    approx_kl            | 0.00465987 |
|    clip_fraction        | 0.0195     |
|    clip_range           | 0.2        |
|    entropy_loss         | -6.62      |
|    explained_variance   | 0.395      |
|    learning_rate        | 3e-05      |
|    loss                 | 6.98       |
|    n_updates            | 175        |
|    policy_gradient_loss | -0.00191   |
|    std                  | 0.998      |
|    value_loss           | 17.1       |
----------------------------------------
08:05:30 [WARNING] rl_uav.envs.as2_test_env: Skipping velocity reset; simulator service reset required (terminal_out_of_bounds)
[ERROR] [1783145138.575421397] [drone0.drone0_interface]: Service returned failure
[ERROR] [1783145143.556743893] [drone0.drone0_interface]: Service returned failure
08:05:57 [INFO] rl_uav.envs.as2_test_env: Reset complete. Initial obs: [ 0.47851405  0.02780639 -0.06168444  0.4929904 ]
08:06:00 [WARNING] rl_uav.envs.as2_test_env: Skipping velocity reset; simulator service reset required (terminal_out_of_bounds)
[ERROR] [1783145168.667389368] [drone0.drone0_interface]: Service returned failure
[ERROR] [1783145176.599883295] [drone0.drone0_interface]: Service returned failure
08:06:31 [INFO] rl_uav.envs.as2_test_env: Reset complete. Initial obs: [ 0.39588976 -0.64023536 -0.00964171  0.38403228]
08:06:34 [WARNING] rl_uav.envs.as2_test_env: Skipping velocity reset; simulator service reset required (terminal_out_of_bounds)
[ERROR] [1783145201.867086645] [drone0.drone0_interface]: Service returned failure
[ERROR] [1783145209.831826191] [drone0.drone0_interface]: Service returned failure
08:07:04 [INFO] rl_uav.envs.as2_test_env: Reset complete. Initial obs: [ 0.94659936  0.17275493 -0.03414135 -0.83187973]
08:07:10 [WARNING] rl_uav.envs.as2_test_env: Skipping velocity reset; simulator service reset required (terminal_out_of_bounds)
[ERROR] [1783145237.983474244] [drone0.drone0_interface]: Service returned failure
[ERROR] [1783145245.925285338] [drone0.drone0_interface]: Service returned failure
08:07:40 [INFO] rl_uav.envs.as2_test_env: Reset complete. Initial obs: [ 0.02642556 -0.5241772  -0.03595304 -0.15486954]
08:07:43 [WARNING] rl_uav.envs.as2_test_env: Skipping velocity reset; simulator service reset required (terminal_out_of_bounds)
[ERROR] [1783145271.190520938] [drone0.drone0_interface]: Service returned failure
[ERROR] [1783145279.152354261] [drone0.drone0_interface]: Service returned failure
08:08:13 [INFO] rl_uav.envs.as2_test_env: Reset complete. Initial obs: [-0.33169055 -0.0054499  -0.00594669 -0.50421995]
08:08:19 [WARNING] rl_uav.envs.as2_test_env: Skipping velocity reset; simulator service reset required (terminal_out_of_bounds)
[ERROR] [1783145307.398054212] [drone0.drone0_interface]: Service returned failure
[ERROR] [1783145315.377614926] [drone0.drone0_interface]: Service returned failure
08:08:49 [INFO] rl_uav.envs.as2_test_env: Reset complete. Initial obs: [-0.851172    0.4677222   0.0484237  -0.59792626]
08:08:58 [WARNING] rl_uav.envs.as2_test_env: Skipping velocity reset; simulator service reset required (terminal_out_of_bounds)
[ERROR] [1783145346.618860135] [drone0.drone0_interface]: Service returned failure
[ERROR] [1783145351.614225745] [drone0.drone0_interface]: Service returned failure
08:09:26 [INFO] rl_uav.envs.as2_test_env: Reset complete. Initial obs: [-0.42110908 -0.27675614  0.06209242  0.84586847]
08:09:31 [WARNING] rl_uav.envs.as2_test_env: Skipping velocity reset; simulator service reset required (terminal_out_of_bounds)
[ERROR] [1783145379.812253520] [drone0.drone0_interface]: Service returned failure
[ERROR] [1783145387.819160109] [drone0.drone0_interface]: Service returned failure
08:10:02 [INFO] rl_uav.envs.as2_test_env: Reset complete. Initial obs: [-0.0362759   0.66345316  0.0439644   0.5852939 ]
08:10:14 [WARNING] rl_uav.envs.as2_test_env: Skipping velocity reset; simulator service reset required (terminal_out_of_bounds)
[ERROR] [1783145422.036442237] [drone0.drone0_interface]: Service returned failure
[ERROR] [1783145430.067615427] [drone0.drone0_interface]: Service returned failure
08:10:44 [INFO] rl_uav.envs.as2_test_env: Reset complete. Initial obs: [ 0.15103272 -0.2630524   0.11703563  0.05990482]
08:10:50 [WARNING] rl_uav.envs.as2_test_env: Skipping velocity reset; simulator service reset required (terminal_out_of_bounds)
[ERROR] [1783145458.443637312] [drone0.drone0_interface]: Service returned failure
[ERROR] [1783145466.482267485] [drone0.drone0_interface]: Service returned failure
08:11:20 [INFO] rl_uav.envs.as2_test_env: Reset complete. Initial obs: [-0.70208097  0.37442967  0.05976159  0.85382205]
08:11:23 [WARNING] rl_uav.envs.as2_test_env: Skipping velocity reset; simulator service reset required (terminal_out_of_bounds)
[ERROR] [1783145491.943814410] [drone0.drone0_interface]: Service returned failure
[ERROR] [1783145499.994458959] [drone0.drone0_interface]: Service returned failure
08:11:54 [INFO] rl_uav.envs.as2_test_env: Reset complete. Initial obs: [0.31826997 0.7497607  0.07448651 0.8594354 ]
08:12:00 [WARNING] rl_uav.envs.as2_test_env: Skipping velocity reset; simulator service reset required (terminal_out_of_bounds)
[ERROR] [1783145528.540419570] [drone0.drone0_interface]: Service returned failure
[ERROR] [1783145536.589616823] [drone0.drone0_interface]: Service returned failure
08:12:31 [INFO] rl_uav.envs.as2_test_env: Reset complete. Initial obs: [ 0.35217667 -0.25890532  0.05227294 -0.9278272 ]
08:12:46 [WARNING] rl_uav.envs.as2_test_env: Skipping velocity reset; simulator service reset required (terminal_out_of_bounds)
[ERROR] [1783145574.150875745] [drone0.drone0_interface]: Service returned failure
[ERROR] [1783145579.222942427] [drone0.drone0_interface]: Service returned failure
08:13:13 [INFO] rl_uav.envs.as2_test_env: Reset complete. Initial obs: [-0.33613646 -0.41508207  0.06750301  0.82697743]
08:13:19 [WARNING] rl_uav.envs.as2_test_env: Skipping velocity reset; simulator service reset required (terminal_out_of_bounds)
[ERROR] [1783145607.687393782] [drone0.drone0_interface]: Service returned failure
[ERROR] [1783145612.760717380] [drone0.drone0_interface]: Service returned failure
08:13:47 [INFO] rl_uav.envs.as2_test_env: Reset complete. Initial obs: [ 0.0244618  -0.68024135  0.0875135  -0.47627735]
-------------------------------------------
| rollout/                |               |
|    ep_len_mean          | 28.1          |
|    ep_rew_mean          | -25.6         |
|    success_rate         | 0             |
| time/                   |               |
|    fps                  | 1             |
|    iterations           | 37            |
|    time_elapsed         | 14617         |
|    total_timesteps      | 18944         |
| train/                  |               |
|    approx_kl            | 0.00092566584 |
|    clip_fraction        | 0.000781      |
|    clip_range           | 0.2           |
|    entropy_loss         | -7.28         |
|    explained_variance   | 0.301         |
|    learning_rate        | 3e-05         |
|    loss                 | 7.45          |
|    n_updates            | 180           |
|    policy_gradient_loss | -0.00121      |
|    std                  | 0.998         |
|    value_loss           | 17.1          |
-------------------------------------------
08:14:08 [WARNING] rl_uav.envs.as2_test_env: Skipping velocity reset; simulator service reset required (terminal_out_of_bounds)
[ERROR] [1783145656.280167727] [drone0.drone0_interface]: Service returned failure
[ERROR] [1783145664.357235162] [drone0.drone0_interface]: Service returned failure
08:14:39 [INFO] rl_uav.envs.as2_test_env: Reset complete. Initial obs: [-0.7966553   0.50512034 -0.00903262  0.20058729]
08:14:45 [WARNING] rl_uav.envs.as2_test_env: Skipping velocity reset; simulator service reset required (terminal_out_of_bounds)
[ERROR] [1783145693.097178706] [drone0.drone0_interface]: Service returned failure
[ERROR] [1783145701.190333422] [drone0.drone0_interface]: Service returned failure
08:15:15 [INFO] rl_uav.envs.as2_test_env: Reset complete. Initial obs: [ 0.50668174  0.2846249   0.08984452 -0.6286749 ]
08:15:18 [WARNING] rl_uav.envs.as2_test_env: Skipping velocity reset; simulator service reset required (terminal_out_of_bounds)
[ERROR] [1783145726.910639424] [drone0.drone0_interface]: Service returned failure
[ERROR] [1783145735.030725568] [drone0.drone0_interface]: Service returned failure
08:15:49 [INFO] rl_uav.envs.as2_test_env: Reset complete. Initial obs: [-0.03246145  0.37969708  0.05314279 -0.87962365]
08:15:58 [WARNING] rl_uav.envs.as2_test_env: Skipping velocity reset; simulator service reset required (terminal_out_of_bounds)
[ERROR] [1783145766.721507711] [drone0.drone0_interface]: Service returned failure
[ERROR] [1783145774.945754316] [drone0.drone0_interface]: Service returned failure
08:16:29 [INFO] rl_uav.envs.as2_test_env: Reset complete. Initial obs: [ 0.11491057 -0.74892515 -0.03710442  0.60216194]
08:16:44 [WARNING] rl_uav.envs.as2_test_env: Skipping velocity reset; simulator service reset required (terminal_out_of_bounds)
[ERROR] [1783145812.624555951] [drone0.drone0_interface]: Service returned failure
[ERROR] [1783145820.754682461] [drone0.drone0_interface]: Service returned failure
08:17:15 [INFO] rl_uav.envs.as2_test_env: Reset complete. Initial obs: [0.157757   0.38224614 0.08421175 0.40986463]
08:17:18 [WARNING] rl_uav.envs.as2_test_env: Skipping velocity reset; simulator service reset required (terminal_out_of_bounds)
[ERROR] [1783145846.529470186] [drone0.drone0_interface]: Service returned failure
[ERROR] [1783145854.681260859] [drone0.drone0_interface]: Service returned failure
08:17:49 [INFO] rl_uav.envs.as2_test_env: Reset complete. Initial obs: [ 0.1833077   0.64504236  0.04081397 -0.78954035]
08:17:58 [WARNING] rl_uav.envs.as2_test_env: Skipping velocity reset; simulator service reset required (terminal_out_of_bounds)
[ERROR] [1783145886.535652852] [drone0.drone0_interface]: Service returned failure
[ERROR] [1783145894.671236135] [drone0.drone0_interface]: Service returned failure
08:18:29 [INFO] rl_uav.envs.as2_test_env: Reset complete. Initial obs: [-0.14534874  0.4081116  -0.07254234 -0.71702284]
08:18:32 [WARNING] rl_uav.envs.as2_test_env: Skipping velocity reset; simulator service reset required (terminal_out_of_bounds)
[ERROR] [1783145920.444413435] [drone0.drone0_interface]: Service returned failure
[ERROR] [1783145928.615696846] [drone0.drone0_interface]: Service returned failure
08:19:03 [INFO] rl_uav.envs.as2_test_env: Reset complete. Initial obs: [-0.27982134  0.14150277 -0.00315778  0.15000172]
08:19:09 [WARNING] rl_uav.envs.as2_test_env: Skipping velocity reset; simulator service reset required (terminal_out_of_bounds)
[ERROR] [1783145957.547036769] [drone0.drone0_interface]: Service returned failure
[ERROR] [1783145965.724276387] [drone0.drone0_interface]: Service returned failure
08:19:40 [INFO] rl_uav.envs.as2_test_env: Reset complete. Initial obs: [ 0.34178975 -0.1764017  -0.09300339 -0.45542175]
08:19:43 [WARNING] rl_uav.envs.as2_test_env: Skipping velocity reset; simulator service reset required (terminal_out_of_bounds)
[ERROR] [1783145991.729897707] [drone0.drone0_interface]: Service returned failure
[ERROR] [1783145999.922424928] [drone0.drone0_interface]: Service returned failure
08:20:14 [INFO] rl_uav.envs.as2_test_env: Reset complete. Initial obs: [-0.51529646 -0.54408264  0.08566727  0.1643947 ]
08:20:17 [WARNING] rl_uav.envs.as2_test_env: Skipping velocity reset; simulator service reset required (terminal_out_of_bounds)
[ERROR] [1783146025.768757746] [drone0.drone0_interface]: Service returned failure
[ERROR] [1783146030.930194623] [drone0.drone0_interface]: Service returned failure
08:20:45 [INFO] rl_uav.envs.as2_test_env: Reset complete. Initial obs: [ 0.14700106 -0.60064816  0.01572676  0.43910787]
08:20:48 [WARNING] rl_uav.envs.as2_test_env: Skipping velocity reset; simulator service reset required (terminal_out_of_bounds)
[ERROR] [1783146056.967407224] [drone0.drone0_interface]: Service returned failure
[ERROR] [1783146065.178344134] [drone0.drone0_interface]: Service returned failure
08:21:19 [INFO] rl_uav.envs.as2_test_env: Reset complete. Initial obs: [ 0.02219098  0.53638214 -0.0352037  -0.07233406]
08:21:23 [WARNING] rl_uav.envs.as2_test_env: Skipping velocity reset; simulator service reset required (terminal_out_of_bounds)
[ERROR] [1783146091.284289872] [drone0.drone0_interface]: Service returned failure
[ERROR] [1783146099.515854121] [drone0.drone0_interface]: Service returned failure
08:21:54 [INFO] rl_uav.envs.as2_test_env: Reset complete. Initial obs: [-0.3064886  0.2890967  0.0405127 -0.636789 ]
08:22:00 [WARNING] rl_uav.envs.as2_test_env: Skipping velocity reset; simulator service reset required (terminal_out_of_bounds)
[ERROR] [1783146128.556861517] [drone0.drone0_interface]: Service returned failure
[ERROR] [1783146133.720890846] [drone0.drone0_interface]: Service returned failure
08:22:28 [INFO] rl_uav.envs.as2_test_env: Reset complete. Initial obs: [ 0.01898424  0.63377434 -0.01712829  0.34876266]
08:22:34 [WARNING] rl_uav.envs.as2_test_env: Skipping velocity reset; simulator service reset required (terminal_out_of_bounds)
[ERROR] [1783146162.869910952] [drone0.drone0_interface]: Service returned failure
[ERROR] [1783146171.126550546] [drone0.drone0_interface]: Service returned failure
08:23:06 [INFO] rl_uav.envs.as2_test_env: Reset complete. Initial obs: [0.6027364  0.36723706 0.08246487 0.83564585]
08:23:15 [WARNING] rl_uav.envs.as2_test_env: Skipping velocity reset; simulator service reset required (terminal_out_of_bounds)
[ERROR] [1783146203.379302086] [drone0.drone0_interface]: Service returned failure
[ERROR] [1783146211.643871185] [drone0.drone0_interface]: Service returned failure
08:23:46 [INFO] rl_uav.envs.as2_test_env: Reset complete. Initial obs: [-0.11941574  0.70148826  0.02567747 -0.00813249]
08:23:49 [WARNING] rl_uav.envs.as2_test_env: Skipping velocity reset; simulator service reset required (terminal_out_of_bounds)
[ERROR] [1783146237.879127907] [drone0.drone0_interface]: Service returned failure
[ERROR] [1783146246.152726792] [drone0.drone0_interface]: Service returned failure
08:24:21 [INFO] rl_uav.envs.as2_test_env: Reset complete. Initial obs: [-0.6135767  -0.46810648  0.07761915 -0.26595062]
08:24:24 [WARNING] rl_uav.envs.as2_test_env: Skipping velocity reset; simulator service reset required (terminal_out_of_bounds)
[ERROR] [1783146272.210692193] [drone0.drone0_interface]: Service returned failure
[ERROR] [1783146280.491558749] [drone0.drone0_interface]: Service returned failure
08:24:55 [INFO] rl_uav.envs.as2_test_env: Reset complete. Initial obs: [ 0.3726192  -0.22820102 -0.02234787  0.9050807 ]
08:24:58 [WARNING] rl_uav.envs.as2_test_env: Reset started at valid low altitude z=0.821; climbing to hover 1.400m with bounded velocity recovery
08:25:05 [WARNING] rl_uav.envs.as2_test_env: Skipping velocity reset; simulator service reset required (terminal_out_of_bounds)
[ERROR] [1783146312.904114946] [drone0.drone0_interface]: Service returned failure
[ERROR] [1783146321.208249926] [drone0.drone0_interface]: Service returned failure
08:25:36 [INFO] rl_uav.envs.as2_test_env: Reset complete. Initial obs: [-0.87041956  0.10138711  0.01102827  0.85626566]
------------------------------------------
| rollout/                |              |
|    ep_len_mean          | 28.6         |
|    ep_rew_mean          | -25.5        |
|    success_rate         | 0            |
| time/                   |              |
|    fps                  | 1            |
|    iterations           | 38           |
|    time_elapsed         | 15313        |
|    total_timesteps      | 19456        |
| train/                  |              |
|    approx_kl            | 0.0024515204 |
|    clip_fraction        | 0.00781      |
|    clip_range           | 0.2          |
|    entropy_loss         | -7.16        |
|    explained_variance   | 0.534        |
|    learning_rate        | 3e-05        |
|    loss                 | 4.14         |
|    n_updates            | 185          |
|    policy_gradient_loss | 0.00051      |
|    std                  | 0.998        |
|    value_loss           | 10.3         |
------------------------------------------
08:25:45 [WARNING] rl_uav.envs.as2_test_env: Skipping velocity reset; simulator service reset required (terminal_out_of_bounds)
[ERROR] [1783146353.607341702] [drone0.drone0_interface]: Service returned failure
[ERROR] [1783146358.815494374] [drone0.drone0_interface]: Service returned failure
08:26:13 [INFO] rl_uav.envs.as2_test_env: Reset complete. Initial obs: [-0.5389125   0.47773236  0.06044506  0.3012236 ]
08:26:44 [WARNING] rl_uav.envs.as2_test_env: Skipping velocity reset; simulator service reset required (terminal_out_of_bounds)
[ERROR] [1783146412.639142577] [drone0.drone0_interface]: Service returned failure
[ERROR] [1783146417.877574233] [drone0.drone0_interface]: Service returned failure
08:27:13 [INFO] rl_uav.envs.as2_test_env: Reset complete. Initial obs: [ 0.62814    -0.00841899  0.08610534  0.26411226]
08:27:19 [WARNING] rl_uav.envs.as2_test_env: Skipping velocity reset; simulator service reset required (terminal_out_of_bounds)
[ERROR] [1783146447.352070052] [drone0.drone0_interface]: Service returned failure
[ERROR] [1783146455.697607774] [drone0.drone0_interface]: Service returned failure
08:27:50 [INFO] rl_uav.envs.as2_test_env: Reset complete. Initial obs: [-0.40258306 -0.19902463 -0.00927596 -0.513618  ]
08:27:53 [WARNING] rl_uav.envs.as2_test_env: Skipping velocity reset; simulator service reset required (terminal_out_of_bounds)
[ERROR] [1783146482.039561081] [drone0.drone0_interface]: Service returned failure
[ERROR] [1783146490.477271115] [drone0.drone0_interface]: Service returned failure
08:28:25 [INFO] rl_uav.envs.as2_test_env: Reset complete. Initial obs: [ 0.09873962 -0.29773456  0.02024889 -0.7286042 ]
08:28:31 [WARNING] rl_uav.envs.as2_test_env: Skipping velocity reset; simulator service reset required (terminal_out_of_bounds)
[ERROR] [1783146519.860283199] [drone0.drone0_interface]: Service returned failure
[ERROR] [1783146528.200267969] [drone0.drone0_interface]: Service returned failure
08:29:03 [INFO] rl_uav.envs.as2_test_env: Reset complete. Initial obs: [ 0.8880473   0.16781984  0.02555658 -0.5768865 ]
08:29:06 [WARNING] rl_uav.envs.as2_test_env: Skipping velocity reset; simulator service reset required (terminal_out_of_bounds)
[ERROR] [1783146554.745579462] [drone0.drone0_interface]: Service returned failure
[ERROR] [1783146563.106256105] [drone0.drone0_interface]: Service returned failure
08:29:38 [INFO] rl_uav.envs.as2_test_env: Reset complete. Initial obs: [0.81053424 0.3219723  0.05196016 0.49763578]
08:29:41 [WARNING] rl_uav.envs.as2_test_env: Skipping velocity reset; simulator service reset required (terminal_out_of_bounds)
[ERROR] [1783146589.682007959] [drone0.drone0_interface]: Service returned failure
[ERROR] [1783146598.050355211] [drone0.drone0_interface]: Service returned failure
08:30:13 [INFO] rl_uav.envs.as2_test_env: Reset complete. Initial obs: [-0.95474535  0.03970569 -0.01516053 -0.18890108]
08:30:28 [WARNING] rl_uav.envs.as2_test_env: Skipping velocity reset; simulator service reset required (terminal_out_of_bounds)
[ERROR] [1783146636.888335511] [drone0.drone0_interface]: Service returned failure
[ERROR] [1783146642.143604160] [drone0.drone0_interface]: Service returned failure
08:30:57 [INFO] rl_uav.envs.as2_test_env: Reset complete. Initial obs: [-0.05146086 -0.89118856  0.01145345  0.34806597]
08:31:00 [WARNING] rl_uav.envs.as2_test_env: Reset started at valid low altitude z=0.930; climbing to hover 1.400m with bounded velocity recovery
08:31:07 [WARNING] rl_uav.envs.as2_test_env: Skipping velocity reset; simulator service reset required (terminal_out_of_bounds)
[ERROR] [1783146674.892535893] [drone0.drone0_interface]: Service returned failure
[ERROR] [1783146683.285751144] [drone0.drone0_interface]: Service returned failure
08:31:38 [INFO] rl_uav.envs.as2_test_env: Reset complete. Initial obs: [-0.1313642  -0.24293263 -0.01170024  0.17434843]
08:31:44 [WARNING] rl_uav.envs.as2_test_env: Skipping velocity reset; simulator service reset required (terminal_out_of_bounds)
[ERROR] [1783146713.107801443] [drone0.drone0_interface]: Service returned failure
[ERROR] [1783146721.527137461] [drone0.drone0_interface]: Service returned failure
08:32:16 [INFO] rl_uav.envs.as2_test_env: Reset complete. Initial obs: [-0.7891696   0.51567495  0.09404702  0.82024306]
08:32:32 [WARNING] rl_uav.envs.as2_test_env: Skipping velocity reset; simulator service reset required (terminal_out_of_bounds)
[ERROR] [1783146760.607497100] [drone0.drone0_interface]: Service returned failure
[ERROR] [1783146769.031223797] [drone0.drone0_interface]: Service returned failure
08:33:04 [INFO] rl_uav.envs.as2_test_env: Reset complete. Initial obs: [ 0.58940244  0.2380692  -0.00858934 -0.03829955]
08:33:10 [WARNING] rl_uav.envs.as2_test_env: Skipping velocity reset; simulator service reset required (terminal_out_of_bounds)
[ERROR] [1783146798.815998210] [drone0.drone0_interface]: Service returned failure
[ERROR] [1783146807.257644708] [drone0.drone0_interface]: Service returned failure
08:33:42 [INFO] rl_uav.envs.as2_test_env: Reset complete. Initial obs: [ 0.09912612  0.34116668  0.00584814 -0.17512156]
08:33:45 [WARNING] rl_uav.envs.as2_test_env: Skipping velocity reset; simulator service reset required (terminal_out_of_bounds)
[ERROR] [1783146833.922705722] [drone0.drone0_interface]: Service returned failure
[ERROR] [1783146842.370144838] [drone0.drone0_interface]: Service returned failure
08:34:17 [INFO] rl_uav.envs.as2_test_env: Reset complete. Initial obs: [ 0.51376945  0.08008177  0.05365837 -0.6800642 ]
------------------------------------------
| rollout/                |              |
|    ep_len_mean          | 31.4         |
|    ep_rew_mean          | -26.8        |
|    success_rate         | 0            |
| time/                   |              |
|    fps                  | 1            |
|    iterations           | 39           |
|    time_elapsed         | 15829        |
|    total_timesteps      | 19968        |
| train/                  |              |
|    approx_kl            | 0.0017035893 |
|    clip_fraction        | 0.00508      |
|    clip_range           | 0.2          |
|    entropy_loss         | -7.06        |
|    explained_variance   | 0.0906       |
|    learning_rate        | 3e-05        |
|    loss                 | 3.86         |
|    n_updates            | 190          |
|    policy_gradient_loss | -7.68e-05    |
|    std                  | 0.998        |
|    value_loss           | 9.61         |
------------------------------------------
08:34:26 [WARNING] rl_uav.envs.as2_test_env: Skipping velocity reset; simulator service reset required (terminal_out_of_bounds)
[ERROR] [1783146875.336378688] [drone0.drone0_interface]: Service returned failure
[ERROR] [1783146883.788661916] [drone0.drone0_interface]: Service returned failure
08:34:59 [INFO] rl_uav.envs.as2_test_env: Reset complete. Initial obs: [ 0.12303982  0.8433492  -0.03448984 -0.1454512 ]
08:35:11 [WARNING] rl_uav.envs.as2_test_env: Skipping velocity reset; simulator service reset required (terminal_out_of_bounds)
[ERROR] [1783146919.843731505] [drone0.drone0_interface]: Service returned failure
[ERROR] [1783146925.185521650] [drone0.drone0_interface]: Service returned failure
08:35:40 [INFO] rl_uav.envs.as2_test_env: Reset complete. Initial obs: [ 0.36043805  0.3387571  -0.08089849 -0.08077185]
08:35:52 [WARNING] rl_uav.envs.as2_test_env: Skipping velocity reset; simulator service reset required (terminal_out_of_bounds)
[ERROR] [1783146961.247851657] [drone0.drone0_interface]: Service returned failure
[ERROR] [1783146969.711144674] [drone0.drone0_interface]: Service returned failure
08:36:24 [INFO] rl_uav.envs.as2_test_env: Reset complete. Initial obs: [-0.6395082   0.0982182  -0.01877222  0.6694947 ]
08:36:28 [WARNING] rl_uav.envs.as2_test_env: Skipping velocity reset; simulator service reset required (terminal_out_of_bounds)
[ERROR] [1783146996.574361258] [drone0.drone0_interface]: Service returned failure
[ERROR] [1783147005.076877604] [drone0.drone0_interface]: Service returned failure
08:37:00 [INFO] rl_uav.envs.as2_test_env: Reset complete. Initial obs: [-0.5857952  -0.3823403   0.01544994  0.6831976 ]
08:37:03 [WARNING] rl_uav.envs.as2_test_env: Skipping velocity reset; simulator service reset required (terminal_out_of_bounds)
[ERROR] [1783147031.852429937] [drone0.drone0_interface]: Service returned failure
[ERROR] [1783147040.358464594] [drone0.drone0_interface]: Service returned failure
08:37:35 [INFO] rl_uav.envs.as2_test_env: Reset complete. Initial obs: [-0.24378312  0.15907705 -0.03541362 -0.783025  ]
08:37:41 [WARNING] rl_uav.envs.as2_test_env: Skipping velocity reset; simulator service reset required (terminal_out_of_bounds)
[ERROR] [1783147070.378060329] [drone0.drone0_interface]: Service returned failure
[ERROR] [1783147078.868771183] [drone0.drone0_interface]: Service returned failure
08:38:14 [INFO] rl_uav.envs.as2_test_env: Reset complete. Initial obs: [ 0.24391358  0.16446422 -0.08710239  0.97485745]
08:38:26 [WARNING] rl_uav.envs.as2_test_env: Skipping velocity reset; simulator service reset required (terminal_out_of_bounds)
[ERROR] [1783147115.085420991] [drone0.drone0_interface]: Service returned failure
[ERROR] [1783147123.615944106] [drone0.drone0_interface]: Service returned failure
08:38:59 [INFO] rl_uav.envs.as2_test_env: Reset complete. Initial obs: [-0.26108918 -0.27931646  0.03087682  0.06163401]
08:39:33 [WARNING] rl_uav.envs.as2_test_env: Reset started at valid low altitude z=0.908; climbing to hover 1.400m with bounded velocity recovery
08:39:40 [WARNING] rl_uav.envs.as2_test_env: Skipping velocity reset; simulator service reset required (terminal_out_of_bounds)
[ERROR] [1783147187.793881596] [drone0.drone0_interface]: Service returned failure
[ERROR] [1783147196.339064365] [drone0.drone0_interface]: Service returned failure
08:40:11 [INFO] rl_uav.envs.as2_test_env: Reset complete. Initial obs: [-0.24180867  0.59472466  0.02819878 -0.7529961 ]
-------------------------------------------
| rollout/                |               |
|    ep_len_mean          | 33.6          |
|    ep_rew_mean          | -27.6         |
|    success_rate         | 0             |
| time/                   |               |
|    fps                  | 1             |
|    iterations           | 40            |
|    time_elapsed         | 16196         |
|    total_timesteps      | 20480         |
| train/                  |               |
|    approx_kl            | 0.00044777163 |
|    clip_fraction        | 0             |
|    clip_range           | 0.2           |
|    entropy_loss         | -7.39         |
|    explained_variance   | -0.115        |
|    learning_rate        | 3e-05         |
|    loss                 | 9.04          |
|    n_updates            | 195           |
|    policy_gradient_loss | -0.000518     |
|    std                  | 0.998         |
|    value_loss           | 23            |
-------------------------------------------
08:40:30 [WARNING] rl_uav.envs.as2_test_env: Skipping velocity reset; simulator service reset required (terminal_out_of_bounds)
[ERROR] [1783147238.839955406] [drone0.drone0_interface]: Service returned failure
[ERROR] [1783147247.395500888] [drone0.drone0_interface]: Service returned failure
08:41:02 [INFO] rl_uav.envs.as2_test_env: Reset complete. Initial obs: [ 0.76664495 -0.09637763 -0.03550278 -0.62441784]
08:41:09 [WARNING] rl_uav.envs.as2_test_env: Skipping velocity reset; simulator service reset required (terminal_out_of_bounds)
[ERROR] [1783147277.573016619] [drone0.drone0_interface]: Service returned failure
[ERROR] [1783147286.144926014] [drone0.drone0_interface]: Service returned failure
08:41:41 [INFO] rl_uav.envs.as2_test_env: Reset complete. Initial obs: [ 0.5585707  -0.04455491 -0.00117571  0.7761185 ]
08:41:44 [WARNING] rl_uav.envs.as2_test_env: Skipping velocity reset; simulator service reset required (terminal_out_of_bounds)
[ERROR] [1783147313.311191170] [drone0.drone0_interface]: Service returned failure
[ERROR] [1783147321.872080511] [drone0.drone0_interface]: Service returned failure
08:42:17 [INFO] rl_uav.envs.as2_test_env: Reset complete. Initial obs: [ 0.1953287  -0.3855802   0.11689958 -0.31790048]
08:42:20 [WARNING] rl_uav.envs.as2_test_env: Skipping velocity reset; simulator service reset required (terminal_out_of_bounds)
[ERROR] [1783147348.921556095] [drone0.drone0_interface]: Service returned failure
[ERROR] [1783147357.519750408] [drone0.drone0_interface]: Service returned failure
08:42:53 [INFO] rl_uav.envs.as2_test_env: Reset complete. Initial obs: [-0.42314115  0.3623877   0.05346093 -0.84428835]
08:43:14 [WARNING] rl_uav.envs.as2_test_env: Reset started at valid low altitude z=0.844; climbing to hover 1.400m with bounded velocity recovery
08:43:21 [WARNING] rl_uav.envs.as2_test_env: Skipping velocity reset; simulator service reset required (terminal_out_of_bounds)
[ERROR] [1783147409.712438080] [drone0.drone0_interface]: Service returned failure
[ERROR] [1783147415.122558248] [drone0.drone0_interface]: Service returned failure
08:43:50 [INFO] rl_uav.envs.as2_test_env: Reset complete. Initial obs: [-0.79178005 -0.37375346 -0.11525122  0.17109206]
08:43:53 [WARNING] rl_uav.envs.as2_test_env: Skipping velocity reset; simulator service reset required (terminal_out_of_bounds)
[ERROR] [1783147442.219049436] [drone0.drone0_interface]: Service returned failure
[ERROR] [1783147450.804988143] [drone0.drone0_interface]: Service returned failure
08:44:26 [INFO] rl_uav.envs.as2_test_env: Reset complete. Initial obs: [ 0.7662063   0.14621216 -0.00209281  0.4373655 ]
08:44:29 [WARNING] rl_uav.envs.as2_test_env: Skipping velocity reset; simulator service reset required (terminal_out_of_bounds)
[ERROR] [1783147478.031198928] [drone0.drone0_interface]: Service returned failure
[ERROR] [1783147486.656326627] [drone0.drone0_interface]: Service returned failure
08:45:02 [INFO] rl_uav.envs.as2_test_env: Reset complete. Initial obs: [ 0.79439616  0.17575483  0.01505256 -0.56644946]
08:45:05 [WARNING] rl_uav.envs.as2_test_env: Skipping velocity reset; simulator service reset required (terminal_out_of_bounds)
[ERROR] [1783147513.829076868] [drone0.drone0_interface]: Service returned failure
[ERROR] [1783147522.571367838] [drone0.drone0_interface]: Service returned failure
08:45:38 [INFO] rl_uav.envs.as2_test_env: Reset complete. Initial obs: [ 0.00769968  0.3862973   0.02925516 -0.8669636 ]
08:45:41 [WARNING] rl_uav.envs.as2_test_env: Skipping velocity reset; simulator service reset required (terminal_out_of_bounds)
[ERROR] [1783147549.825477315] [drone0.drone0_interface]: Service returned failure
[ERROR] [1783147555.274511908] [drone0.drone0_interface]: Service returned failure
08:46:10 [INFO] rl_uav.envs.as2_test_env: Reset complete. Initial obs: [-0.28057852  0.49631178 -0.10192429 -0.45268404]
08:46:14 [WARNING] rl_uav.envs.as2_test_env: Reset started at valid low altitude z=0.894; climbing to hover 1.400m with bounded velocity recovery
08:46:21 [WARNING] rl_uav.envs.as2_test_env: Skipping velocity reset; simulator service reset required (terminal_out_of_bounds)
[ERROR] [1783147588.970127775] [drone0.drone0_interface]: Service returned failure
[ERROR] [1783147597.641248183] [drone0.drone0_interface]: Service returned failure
08:46:53 [INFO] rl_uav.envs.as2_test_env: Reset complete. Initial obs: [ 0.06480388 -0.7578288   0.05039556 -0.06096483]
08:46:59 [WARNING] rl_uav.envs.as2_test_env: Skipping velocity reset; simulator service reset required (terminal_out_of_bounds)
[ERROR] [1783147628.245287554] [drone0.drone0_interface]: Service returned failure
[ERROR] [1783147636.903443472] [drone0.drone0_interface]: Service returned failure
08:47:32 [INFO] rl_uav.envs.as2_test_env: Reset complete. Initial obs: [-0.3941838  -0.13667916  0.0800918  -0.29284027]
08:47:35 [WARNING] rl_uav.envs.as2_test_env: Skipping velocity reset; simulator service reset required (terminal_out_of_bounds)
[ERROR] [1783147664.279616085] [drone0.drone0_interface]: Service returned failure
[ERROR] [1783147672.961036002] [drone0.drone0_interface]: Service returned failure
08:48:08 [INFO] rl_uav.envs.as2_test_env: Reset complete. Initial obs: [-0.02190508 -0.77665776  0.03862144  0.2858813 ]
08:48:11 [WARNING] rl_uav.envs.as2_test_env: Skipping velocity reset; simulator service reset required (terminal_out_of_bounds)
[ERROR] [1783147700.384343681] [drone0.drone0_interface]: Service returned failure
[ERROR] [1783147705.869177751] [drone0.drone0_interface]: Service returned failure
08:48:41 [INFO] rl_uav.envs.as2_test_env: Reset complete. Initial obs: [ 0.6793771  -0.545506   -0.03453595  0.45118985]
08:48:44 [WARNING] rl_uav.envs.as2_test_env: Skipping velocity reset; simulator service reset required (terminal_out_of_bounds)
[ERROR] [1783147733.409106062] [drone0.drone0_interface]: Service returned failure
[ERROR] [1783147742.094818000] [drone0.drone0_interface]: Service returned failure
08:49:17 [INFO] rl_uav.envs.as2_test_env: Reset complete. Initial obs: [ 0.15066521  0.9342403  -0.03787987  0.29634085]
08:49:27 [WARNING] rl_uav.envs.as2_test_env: Skipping velocity reset; simulator service reset required (terminal_out_of_bounds)
[ERROR] [1783147775.895040842] [drone0.drone0_interface]: Service returned failure
[ERROR] [1783147781.504708040] [drone0.drone0_interface]: Service returned failure
08:49:57 [INFO] rl_uav.envs.as2_test_env: Reset complete. Initial obs: [-0.06395206  0.76022786 -0.02352198  0.7853227 ]
08:50:00 [WARNING] rl_uav.envs.as2_test_env: Skipping velocity reset; simulator service reset required (terminal_out_of_bounds)
[ERROR] [1783147808.998380402] [drone0.drone0_interface]: Service returned failure
[ERROR] [1783147817.733994428] [drone0.drone0_interface]: Service returned failure
08:50:33 [INFO] rl_uav.envs.as2_test_env: Reset complete. Initial obs: [ 0.05001329  0.4919229  -0.07668073 -0.9075332 ]
08:50:36 [WARNING] rl_uav.envs.as2_test_env: Skipping velocity reset; simulator service reset required (terminal_out_of_bounds)
[ERROR] [1783147845.326360286] [drone0.drone0_interface]: Service returned failure
[ERROR] [1783147850.844588501] [drone0.drone0_interface]: Service returned failure
08:51:06 [INFO] rl_uav.envs.as2_test_env: Reset complete. Initial obs: [-0.01311927 -0.8471013   0.04580623 -0.19296905]
08:51:19 [WARNING] rl_uav.envs.as2_test_env: Skipping velocity reset; simulator service reset required (terminal_out_of_bounds)
[ERROR] [1783147888.129103518] [drone0.drone0_interface]: Service returned failure
[ERROR] [1783147896.887499595] [drone0.drone0_interface]: Service returned failure
[ERROR] [1783147921.313811950] [drone0.drone0_interface]: Service returned failure
[ERROR] [1783147930.054706641] [drone0.drone0_interface]: Service returned failure
08:52:21 [WARNING] rl_uav.envs.as2_test_env: Service reset attempt 1/3 failed (service_post_reset_command_path_failed); retrying full teleport...
[ERROR] [1783147951.445155649] [drone0.drone0_interface]: Service returned failure
[ERROR] [1783147960.208928698] [drone0.drone0_interface]: Service returned failure
08:52:56 [INFO] rl_uav.envs.as2_test_env: Reset complete. Initial obs: [-0.35378096  0.2875046  -0.00105678  0.2548151 ]
------------------------------------------
| rollout/                |              |
|    ep_len_mean          | 34           |
|    ep_rew_mean          | -27.8        |
|    success_rate         | 0            |
| time/                   |              |
|    fps                  | 1            |
|    iterations           | 41           |
|    time_elapsed         | 16950        |
|    total_timesteps      | 20992        |
| train/                  |              |
|    approx_kl            | 0.0019092559 |
|    clip_fraction        | 0.0082       |
|    clip_range           | 0.2          |
|    entropy_loss         | -7.25        |
|    explained_variance   | 0.215        |
|    learning_rate        | 3e-05        |
|    loss                 | 4.82         |
|    n_updates            | 200          |
|    policy_gradient_loss | -0.0032      |
|    std                  | 0.998        |
|    value_loss           | 12.3         |
------------------------------------------
08:53:08 [WARNING] rl_uav.envs.as2_test_env: Reset started at valid low altitude z=0.965; climbing to hover 1.400m with bounded velocity recovery
08:53:16 [WARNING] rl_uav.envs.as2_test_env: Skipping velocity reset; simulator service reset required (terminal_out_of_bounds)
[ERROR] [1783148003.942917654] [drone0.drone0_interface]: Service returned failure
[ERROR] [1783148012.726329464] [drone0.drone0_interface]: Service returned failure
08:53:48 [INFO] rl_uav.envs.as2_test_env: Reset complete. Initial obs: [-0.21344428  0.763342    0.09648718  0.8401414 ]
08:53:58 [WARNING] rl_uav.envs.as2_test_env: Skipping velocity reset; simulator service reset required (terminal_out_of_bounds)
[ERROR] [1783148046.854460472] [drone0.drone0_interface]: Service returned failure
[ERROR] [1783148055.626736738] [drone0.drone0_interface]: Service returned failure
[ERROR] [1783148080.252003447] [drone0.drone0_interface]: Service returned failure
[ERROR] [1783148085.802835760] [drone0.drone0_interface]: Service returned failure
08:54:57 [WARNING] rl_uav.envs.as2_test_env: Service reset attempt 1/3 failed (service_post_reset_command_path_failed); retrying full teleport...
[ERROR] [1783148107.270385722] [drone0.drone0_interface]: Service returned failure
[ERROR] [1783148112.827828966] [drone0.drone0_interface]: Service returned failure
08:55:28 [INFO] rl_uav.envs.as2_test_env: Reset complete. Initial obs: [0.22130403 0.10163797 0.10296421 0.2741729 ]
08:55:44 [WARNING] rl_uav.envs.as2_test_env: Skipping velocity reset; simulator service reset required (terminal_out_of_bounds)
[ERROR] [1783148153.548689942] [drone0.drone0_interface]: Service returned failure
[ERROR] [1783148162.366422780] [drone0.drone0_interface]: Service returned failure
08:56:18 [INFO] rl_uav.envs.as2_test_env: Reset complete. Initial obs: [-0.20949967  0.27266774  0.10197429 -0.9739542 ]
08:56:21 [WARNING] rl_uav.envs.as2_test_env: Reset started at valid low altitude z=0.915; climbing to hover 1.400m with bounded velocity recovery
08:56:28 [WARNING] rl_uav.envs.as2_test_env: Skipping velocity reset; simulator service reset required (terminal_out_of_bounds)
[ERROR] [1783148196.660070401] [drone0.drone0_interface]: Service returned failure
[ERROR] [1783148205.478708022] [drone0.drone0_interface]: Service returned failure
08:57:01 [INFO] rl_uav.envs.as2_test_env: Reset complete. Initial obs: [ 0.66794294 -0.50927943 -0.01388295  0.28614292]
08:57:04 [WARNING] rl_uav.envs.as2_test_env: Skipping velocity reset; simulator service reset required (terminal_out_of_bounds)
[ERROR] [1783148233.447617132] [drone0.drone0_interface]: Service returned failure
[ERROR] [1783148242.301804400] [drone0.drone0_interface]: Service returned failure
08:57:38 [INFO] rl_uav.envs.as2_test_env: Reset complete. Initial obs: [-0.55216944 -0.27125582 -0.01531361 -0.6722817 ]
08:57:44 [WARNING] rl_uav.envs.as2_test_env: Skipping velocity reset; simulator service reset required (terminal_out_of_bounds)
[ERROR] [1783148273.387255298] [drone0.drone0_interface]: Service returned failure
[ERROR] [1783148282.359374998] [drone0.drone0_interface]: Service returned failure
08:58:18 [INFO] rl_uav.envs.as2_test_env: Reset complete. Initial obs: [-0.12690489  0.3398299  -0.078876    0.12106268]
08:58:24 [WARNING] rl_uav.envs.as2_test_env: Skipping velocity reset; simulator service reset required (terminal_out_of_bounds)
[ERROR] [1783148313.485774499] [drone0.drone0_interface]: Service returned failure
[ERROR] [1783148322.360828504] [drone0.drone0_interface]: Service returned failure
08:58:58 [INFO] rl_uav.envs.as2_test_env: Reset complete. Initial obs: [-0.54375607  0.6101375   0.07905114  0.05978067]
08:59:04 [WARNING] rl_uav.envs.as2_test_env: Skipping velocity reset; simulator service reset required (terminal_out_of_bounds)
[ERROR] [1783148353.500278491] [drone0.drone0_interface]: Service returned failure
[ERROR] [1783148359.115418705] [drone0.drone0_interface]: Service returned failure
[ERROR] [1783148383.996021484] [drone0.drone0_interface]: Service returned failure
[ERROR] [1783148389.596150640] [drone0.drone0_interface]: Service returned failure
09:00:01 [WARNING] rl_uav.envs.as2_test_env: Service reset attempt 1/3 failed (service_post_reset_command_path_failed); retrying full teleport...
[ERROR] [1783148411.312981795] [drone0.drone0_interface]: Service returned failure
[ERROR] [1783148420.318102455] [drone0.drone0_interface]: Service returned failure
09:00:36 [INFO] rl_uav.envs.as2_test_env: Reset complete. Initial obs: [ 0.11213259 -0.44762143  0.01078852 -0.04947125]
09:00:39 [WARNING] rl_uav.envs.as2_test_env: Skipping velocity reset; simulator service reset required (terminal_out_of_bounds)
[ERROR] [1783148448.349056252] [drone0.drone0_interface]: Service returned failure
[ERROR] [1783148457.262849728] [drone0.drone0_interface]: Service returned failure
09:01:13 [INFO] rl_uav.envs.as2_test_env: Reset complete. Initial obs: [-0.03860494  0.41323018 -0.06767885 -0.35286537]
09:01:23 [WARNING] rl_uav.envs.as2_test_env: Reset started at valid low altitude z=0.832; climbing to hover 1.400m with bounded velocity recovery
09:01:30 [WARNING] rl_uav.envs.as2_test_env: Skipping velocity reset; simulator service reset required (terminal_out_of_bounds)
[ERROR] [1783148498.548228545] [drone0.drone0_interface]: Service returned failure
[ERROR] [1783148507.424985930] [drone0.drone0_interface]: Service returned failure
[ERROR] [1783148532.423587411] [drone0.drone0_interface]: Service returned failure
[ERROR] [1783148541.337728378] [drone0.drone0_interface]: Service returned failure
09:02:33 [WARNING] rl_uav.envs.as2_test_env: Service reset attempt 1/3 failed (service_post_reset_command_path_failed); retrying full teleport...
[ERROR] [1783148563.252175545] [drone0.drone0_interface]: Service returned failure
[ERROR] [1783148572.323220093] [drone0.drone0_interface]: Service returned failure
09:03:08 [INFO] rl_uav.envs.as2_test_env: Reset complete. Initial obs: [-0.39982533 -0.09469651  0.03739596  0.5570116 ]
09:03:14 [WARNING] rl_uav.envs.as2_test_env: Skipping velocity reset; simulator service reset required (terminal_out_of_bounds)
[ERROR] [1783148603.750410153] [drone0.drone0_interface]: Service returned failure
[ERROR] [1783148609.415203466] [drone0.drone0_interface]: Service returned failure
[ERROR] [1783148634.459760572] [drone0.drone0_interface]: Service returned failure
[ERROR] [1783148640.107602884] [drone0.drone0_interface]: Service returned failure
09:04:11 [WARNING] rl_uav.envs.as2_test_env: Service reset attempt 1/3 failed (service_post_reset_command_path_failed); retrying full teleport...
[ERROR] [1783148662.179944997] [drone0.drone0_interface]: Service returned failure
[ERROR] [1783148671.175944277] [drone0.drone0_interface]: Service returned failure
[ERROR] [1783148696.180400164] [drone0.drone0_interface]: Service returned failure
[ERROR] [1783148705.262184665] [drone0.drone0_interface]: Service returned failure
09:05:17 [WARNING] rl_uav.envs.as2_test_env: Service reset attempt 2/3 failed (service_post_reset_command_path_failed); retrying full teleport...
[ERROR] [1783148727.204732749] [drone0.drone0_interface]: Service returned failure
[ERROR] [1783148736.224093481] [drone0.drone0_interface]: Service returned failure
[ERROR] [1783148761.292517645] [drone0.drone0_interface]: Service returned failure
[ERROR] [1783148770.380482859] [drone0.drone0_interface]: Service returned failure
09:06:22 [INFO] rl_uav.envs.as2_test_env: Closing environment...
09:06:29 [INFO] rl_uav.envs.as2_test_env: DroneInterface shut down
09:06:29 [INFO] rl_uav.envs.as2_test_env: Environment closed
Traceback (most recent call last):
  File "/home/jordi/TFM/rl_uav_aerostack2/scripts/train_ppo.py", line 115, in <module>
    raise SystemExit(main())
  File "/home/jordi/TFM/rl_uav_aerostack2/scripts/train_ppo.py", line 101, in main
    model.learn(
  File "/home/jordi/miniconda3/envs/rl_uav/lib/python3.10/site-packages/stable_baselines3/ppo/ppo.py", line 311, in learn
    return super().learn(
  File "/home/jordi/miniconda3/envs/rl_uav/lib/python3.10/site-packages/stable_baselines3/common/on_policy_algorithm.py", line 324, in learn
    continue_training = self.collect_rollouts(self.env, callback, self.rollout_buffer, n_rollout_steps=self.n_steps)
  File "/home/jordi/miniconda3/envs/rl_uav/lib/python3.10/site-packages/stable_baselines3/common/on_policy_algorithm.py", line 218, in collect_rollouts
    new_obs, rewards, dones, infos = env.step(clipped_actions)
  File "/home/jordi/miniconda3/envs/rl_uav/lib/python3.10/site-packages/stable_baselines3/common/vec_env/base_vec_env.py", line 222, in step
    return self.step_wait()
  File "/home/jordi/miniconda3/envs/rl_uav/lib/python3.10/site-packages/stable_baselines3/common/vec_env/vec_monitor.py", line 75, in step_wait
    obs, rewards, dones, infos = self.venv.step_wait()
  File "/home/jordi/miniconda3/envs/rl_uav/lib/python3.10/site-packages/stable_baselines3/common/vec_env/dummy_vec_env.py", line 71, in step_wait
    obs, self.reset_infos[env_idx] = self.envs[env_idx].reset()
  File "/home/jordi/miniconda3/envs/rl_uav/lib/python3.10/site-packages/gymnasium/wrappers/common.py", line 400, in reset
    return super().reset(seed=seed, options=options)
  File "/home/jordi/miniconda3/envs/rl_uav/lib/python3.10/site-packages/gymnasium/core.py", line 333, in reset
    return self.env.reset(seed=seed, options=options)
  File "/home/jordi/miniconda3/envs/rl_uav/lib/python3.10/site-packages/gymnasium/wrappers/common.py", line 295, in reset
    return self.env.reset(seed=seed, options=options)
  File "/home/jordi/TFM/rl_uav_aerostack2/rl_uav/envs/as2_test_env.py", line 3106, in reset
    self._raise_required_service_reset_failure(required_service_reset_reason)
  File "/home/jordi/TFM/rl_uav_aerostack2/rl_uav/envs/as2_test_env.py", line 2929, in _raise_required_service_reset_failure
    raise RuntimeError(
RuntimeError: Simulator service reset is required after unsafe/out-of-bounds state; refusing velocity reset flyback. required_reason=terminal_out_of_bounds. Reset diagnostics: reason=service_post_reset_command_path_failed, failure_class=post_reset_command_path_failed, reset_service_attempts=3, reset_service_attempt_failures=[{'attempt': 1, 'reason': 'service_post_reset_command_path_failed', 'failure_class': 'post_reset_command_path_failed'}, {'attempt': 2, 'reason': 'service_post_reset_command_path_failed', 'failure_class': 'post_reset_command_path_failed'}, {'attempt': 3, 'reason': 'service_post_reset_command_path_failed', 'failure_class': 'post_reset_command_path_failed'}], elapsed=1.209, reset_phase=hold, phase=hold, settle_elapsed=0.201, target_pose=[1.482157105412333, -3.143322153606926, 2.0187945975057295, -0.3248226491563817], final_pose=[1.4821572303771973, -3.1433217525482178, 2.019918441772461, -0.32482264914935244], position_error=0.0011, yaw_error=0.0, service_name=/drone0/platform/reset_simulator_state, message=reset state applied, post_reset_platform_reassertion_attempted=False, post_reset_platform_fsm_ready=True, post_reset_platform_state={'connected': True, 'armed': True, 'offboard': True, 'state': 3, 'control_mode': 2}, post_reset_platform_control_mode=2, post_reset_takeoff_ready=True, post_reset_offboard_ready=True, post_reset_controller_ready=True, post_reset_controller_hold_ready=True, post_reset_pose_ready=True, post_reset_pose_observed=True, post_reset_observed_pose=[1.4821572303771973, -3.1433217525482178, 2.019918441772461, -0.32482264914935244], post_reset_observed_position_error=0.0011, post_reset_actionability_ready=False, post_reset_actionability_recovered=False, post_reset_actionability={'first_probe': {'accepted': True, 'stop_accepted': True, 'actionable': False, 'reason': 'probe_motion_not_confirmed', 'probe_twist': [0.03156222403049469, 0.09488850086927414, 0.0], 'twist_frame_id': 'earth', 'position_before': [1.4821572646938261, -3.143321675850559, 2.019918480591616], 'position_after': [1.4821572646938261, -3.143321675850559, 2.019918480591616], 'position_after_command': [1.4821572646938261, -3.143321675850559, 2.019918480591616], 'position_after_stop': [1.4821572646938261, -3.143321675850559, 2.019918480591616], 'position_delta': [0.0, 0.0, 0.0], 'forward_delta': 0.0, 'delta_norm': 0.0, 'min_forward_delta': 0.012, 'probe_iterations': 12, 'stop_iterations': 4, 'observation_samples': 25, 'observation_timeout': 1.25}, 'recovery_attempted': True, 'recovery_ready': True, 'second_probe': {'accepted': True, 'stop_accepted': True, 'actionable': False, 'reason': 'probe_motion_not_confirmed', 'probe_twist': [0.03156222403049469, 0.09488850086927414, 0.0], 'twist_frame_id': 'earth', 'position_before': [1.5014165557373442, -3.085421331270098, 2.019977116176926], 'position_after': [1.5014139180093562, -3.0854289610425174, 2.0199844974064045], 'position_after_command': [1.5014139180093562, -3.0854289610425174, 2.0199844974064045], 'position_after_stop': [1.5014139180093562, -3.0854289610425174, 2.0199844974064045], 'position_delta': [-2.6226043701171875e-06, -7.62939453125e-06, 7.3909759521484375e-06], 'forward_delta': -1e-05, 'delta_norm': 1e-05, 'min_forward_delta': 0.012, 'probe_iterations': 12, 'stop_iterations': 4, 'observation_samples': 25, 'observation_timeout': 1.25}}, last_command=[0.0, 0.0, 0.0, 0.0]
