Using cpu device
11:56:32 [INFO] train_ppo: === PPO infrastructure ready ===
11:56:32 [INFO] train_ppo: Config: /home/jordi/TFM/rl_uav_aerostack2/configs/train_ppo_phase1_exp012.yaml
11:56:32 [INFO] train_ppo: Run dir: /home/jordi/TFM/rl_uav_aerostack2/runs/ppo/ppo_phase1_exp012_bounds_guard_50k_20260704_115631
11:56:32 [INFO] train_ppo: Tensorboard dir: /home/jordi/TFM/rl_uav_aerostack2/runs/ppo/ppo_phase1_exp012_bounds_guard_50k_20260704_115631/tensorboard
11:56:32 [INFO] train_ppo: Monitor dir: /home/jordi/TFM/rl_uav_aerostack2/runs/ppo/ppo_phase1_exp012_bounds_guard_50k_20260704_115631/monitor
11:56:32 [INFO] train_ppo: Checkpoints dir: /home/jordi/TFM/rl_uav_aerostack2/runs/ppo/ppo_phase1_exp012_bounds_guard_50k_20260704_115631/checkpoints
11:56:32 [INFO] train_ppo: Num envs: 1
11:56:32 [INFO] train_ppo: Namespaces: ['drone0']
11:56:32 [INFO] train_ppo: Policy kwargs: {'activation_fn': 'ReLU', 'net_arch': {'pi': [128, 128], 'vf': [128, 128]}}
11:56:32 [INFO] train_ppo: Checkpoint callback: every 5000 steps
11:56:32 [INFO] train_ppo: Total timesteps: 50000
11:56:32 [INFO] train_ppo: Starting PPO learn() ...
11:56:32 [INFO] rl_uav.envs.as2_test_env: ROS2 initialized (process-wide)
[INFO] [1783158992.943099125] [drone0.drone0_interface]: Starting drone0
[INFO] [1783158993.473973088] [drone0.drone0_interface]: drone0 interface initialized
11:56:33 [INFO] rl_uav.envs.as2_test_env: Target marker publisher created on topic 'visualization_marker' frame 'earth'
11:56:33 [INFO] rl_uav.envs.as2_test_env: DroneInterface created for 'drone0'
11:56:33 [INFO] rl_uav.envs.as2_test_env: Arming drone...
11:56:33 [INFO] rl_uav.envs.as2_test_env:   Arm: OK
11:56:33 [INFO] rl_uav.envs.as2_test_env: Setting offboard mode...
11:56:33 [INFO] rl_uav.envs.as2_test_env:   Offboard: OK
11:56:33 [INFO] rl_uav.envs.as2_test_env: Taking off to 1.0m...
11:56:36 [INFO] rl_uav.envs.as2_test_env:   Takeoff: OK
[ERROR] [1783158996.427884765] [drone0.drone0_interface]: Service returned failure
[ERROR] [1783158996.459669675] [drone0.drone0_interface]: Service returned failure
11:56:40 [INFO] rl_uav.envs.as2_test_env: Reset complete. Initial obs: [-0.1831233  -0.10845613 -0.16788034  0.27476186]
Logging to runs/ppo/ppo_phase1_exp012_bounds_guard_50k_20260704_115631/tensorboard/PPO_1
11:56:54 [INFO] rl_uav.envs.as2_test_env: Keeping drone airborne for velocity reset...
[ERROR] [1783159014.463100519] [drone0.drone0_interface]: Service returned failure
[ERROR] [1783159014.502666942] [drone0.drone0_interface]: Service returned failure
11:57:03 [INFO] rl_uav.envs.as2_test_env: Reset complete. Initial obs: [-0.6147599   0.65645385  0.11897171 -0.12844117]
11:57:44 [INFO] rl_uav.envs.as2_test_env: Keeping drone airborne for velocity reset...
[ERROR] [1783159065.027869699] [drone0.drone0_interface]: Service returned failure
[ERROR] [1783159065.076266808] [drone0.drone0_interface]: Service returned failure
11:57:56 [INFO] rl_uav.envs.as2_test_env: Reset complete. Initial obs: [ 0.6391958 -0.4900128 -0.0516828 -0.6025964]
11:58:37 [INFO] rl_uav.envs.as2_test_env: Keeping drone airborne for velocity reset...
[ERROR] [1783159117.449116460] [drone0.drone0_interface]: Service returned failure
[ERROR] [1783159117.497139373] [drone0.drone0_interface]: Service returned failure
11:58:47 [INFO] rl_uav.envs.as2_test_env: Reset complete. Initial obs: [-0.1323421  -0.09058867  0.11054343  0.5149757 ]
---------------------------------
| rollout/           |          |
|    ep_len_mean     | 155      |
|    ep_rew_mean     | -46.9    |
|    success_rate    | 0.333    |
| time/              |          |
|    fps             | 3        |
|    iterations      | 1        |
|    time_elapsed    | 144      |
|    total_timesteps | 512      |
---------------------------------
11:59:29 [INFO] rl_uav.envs.as2_test_env: Keeping drone airborne for velocity reset...
11:59:29 [WARNING] rl_uav.envs.as2_test_env: Reset started at valid low altitude z=1.002; climbing to hover 1.400m with bounded velocity recovery
[ERROR] [1783159171.784941960] [drone0.drone0_interface]: Service returned failure
[ERROR] [1783159171.864188464] [drone0.drone0_interface]: Service returned failure
11:59:42 [INFO] rl_uav.envs.as2_test_env: Reset complete. Initial obs: [-0.44221666 -0.6369315  -0.04367564 -0.29044893]
12:00:08 [INFO] rl_uav.envs.as2_test_env: Keeping drone airborne for velocity reset...
[ERROR] [1783159209.062985337] [drone0.drone0_interface]: Service returned failure
[ERROR] [1783159209.156577367] [drone0.drone0_interface]: Service returned failure
12:00:16 [INFO] rl_uav.envs.as2_test_env: Reset complete. Initial obs: [ 0.15478753  0.15217692 -0.06563862  0.5539256 ]
12:00:57 [INFO] rl_uav.envs.as2_test_env: Keeping drone airborne for velocity reset...
[ERROR] [1783159257.863182854] [drone0.drone0_interface]: Service returned failure
[ERROR] [1783159258.074009791] [drone0.drone0_interface]: Service returned failure
12:01:10 [INFO] rl_uav.envs.as2_test_env: Reset complete. Initial obs: [-0.84059256 -0.36317107 -0.09449618 -0.39852968]
------------------------------------------
| rollout/                |              |
|    ep_len_mean          | 166          |
|    ep_rew_mean          | -47.2        |
|    success_rate         | 0.333        |
| time/                   |              |
|    fps                  | 3            |
|    iterations           | 2            |
|    time_elapsed         | 284          |
|    total_timesteps      | 1024         |
| train/                  |              |
|    approx_kl            | 0.0022002351 |
|    clip_fraction        | 0.00508      |
|    clip_range           | 0.2          |
|    entropy_loss         | -3.11        |
|    explained_variance   | -0.0181      |
|    learning_rate        | 3e-05        |
|    loss                 | 17.8         |
|    n_updates            | 5            |
|    policy_gradient_loss | -0.00111     |
|    std                  | 1            |
|    value_loss           | 38           |
------------------------------------------
12:01:52 [INFO] rl_uav.envs.as2_test_env: Keeping drone airborne for velocity reset...
[ERROR] [1783159312.303875411] [drone0.drone0_interface]: Service returned failure
[ERROR] [1783159312.418105851] [drone0.drone0_interface]: Service returned failure
12:02:02 [INFO] rl_uav.envs.as2_test_env: Reset complete. Initial obs: [-0.29490358  0.52590597 -0.0383636  -0.2673628 ]
12:02:43 [INFO] rl_uav.envs.as2_test_env: Keeping drone airborne for velocity reset...
[ERROR] [1783159363.598845180] [drone0.drone0_interface]: Service returned failure
[ERROR] [1783159363.738165733] [drone0.drone0_interface]: Service returned failure
12:02:51 [INFO] rl_uav.envs.as2_test_env: Reset complete. Initial obs: [-0.62633103 -0.2418497  -0.00116292  0.48384395]
-------------------------------------------
| rollout/                |               |
|    ep_len_mean          | 174           |
|    ep_rew_mean          | -51.6         |
|    success_rate         | 0.25          |
| time/                   |               |
|    fps                  | 3             |
|    iterations           | 3             |
|    time_elapsed         | 407           |
|    total_timesteps      | 1536          |
| train/                  |               |
|    approx_kl            | 0.00046727282 |
|    clip_fraction        | 0             |
|    clip_range           | 0.2           |
|    entropy_loss         | -4.08         |
|    explained_variance   | -0.00813      |
|    learning_rate        | 3e-05         |
|    loss                 | 13.5          |
|    n_updates            | 10            |
|    policy_gradient_loss | -0.00126      |
|    std                  | 1             |
|    value_loss           | 32.8          |
-------------------------------------------
12:03:32 [INFO] rl_uav.envs.as2_test_env: Keeping drone airborne for velocity reset...
12:03:32 [WARNING] rl_uav.envs.as2_test_env: Reset started at valid low altitude z=0.996; climbing to hover 1.400m with bounded velocity recovery
[ERROR] [1783159414.913600896] [drone0.drone0_interface]: Service returned failure
[ERROR] [1783159415.059244480] [drone0.drone0_interface]: Service returned failure
12:03:46 [INFO] rl_uav.envs.as2_test_env: Reset complete. Initial obs: [-0.7744949   0.5789936   0.0165482   0.35828853]
12:04:27 [INFO] rl_uav.envs.as2_test_env: Keeping drone airborne for velocity reset...
[ERROR] [1783159468.023384417] [drone0.drone0_interface]: Service returned failure
[ERROR] [1783159468.173960925] [drone0.drone0_interface]: Service returned failure
12:04:38 [INFO] rl_uav.envs.as2_test_env: Reset complete. Initial obs: [-0.554295    0.15089153 -0.01321159 -0.04030713]
12:05:19 [INFO] rl_uav.envs.as2_test_env: Keeping drone airborne for velocity reset...
12:05:19 [WARNING] rl_uav.envs.as2_test_env: Reset started at valid low altitude z=1.075; climbing to hover 1.400m with bounded velocity recovery
[ERROR] [1783159522.134334332] [drone0.drone0_interface]: Service returned failure
[ERROR] [1783159522.286377778] [drone0.drone0_interface]: Service returned failure
12:05:28 [INFO] rl_uav.envs.as2_test_env: Reset complete. Initial obs: [-0.22560093  0.46191353  0.11024211  0.19419882]
------------------------------------------
| rollout/                |              |
|    ep_len_mean          | 181          |
|    ep_rew_mean          | -63.5        |
|    success_rate         | 0.182        |
| time/                   |              |
|    fps                  | 3            |
|    iterations           | 4            |
|    time_elapsed         | 546          |
|    total_timesteps      | 2048         |
| train/                  |              |
|    approx_kl            | 0.0024507674 |
|    clip_fraction        | 0.00313      |
|    clip_range           | 0.2          |
|    entropy_loss         | -4.88        |
|    explained_variance   | 0.0161       |
|    learning_rate        | 3e-05        |
|    loss                 | 22.7         |
|    n_updates            | 15           |
|    policy_gradient_loss | -0.00362     |
|    std                  | 1            |
|    value_loss           | 56.5         |
------------------------------------------
12:06:09 [INFO] rl_uav.envs.as2_test_env: Keeping drone airborne for velocity reset...
[ERROR] [1783159570.140711309] [drone0.drone0_interface]: Service returned failure
[ERROR] [1783159570.298749179] [drone0.drone0_interface]: Service returned failure
12:06:22 [INFO] rl_uav.envs.as2_test_env: Reset complete. Initial obs: [ 0.4201777  -0.40681565 -0.08714347  0.22216016]
12:07:04 [INFO] rl_uav.envs.as2_test_env: Keeping drone airborne for velocity reset...
[ERROR] [1783159624.448793344] [drone0.drone0_interface]: Service returned failure
[ERROR] [1783159624.615168372] [drone0.drone0_interface]: Service returned failure
12:07:18 [INFO] rl_uav.envs.as2_test_env: Reset complete. Initial obs: [-0.7445438  -0.04747275 -0.11609675 -0.84789413]
------------------------------------------
| rollout/                |              |
|    ep_len_mean          | 184          |
|    ep_rew_mean          | -70.7        |
|    success_rate         | 0.154        |
| time/                   |              |
|    fps                  | 3            |
|    iterations           | 5            |
|    time_elapsed         | 679          |
|    total_timesteps      | 2560         |
| train/                  |              |
|    approx_kl            | 0.0019882838 |
|    clip_fraction        | 0.0102       |
|    clip_range           | 0.2          |
|    entropy_loss         | -4.33        |
|    explained_variance   | 0.03         |
|    learning_rate        | 3e-05        |
|    loss                 | 19.5         |
|    n_updates            | 20           |
|    policy_gradient_loss | -0.00217     |
|    std                  | 1            |
|    value_loss           | 37.1         |
------------------------------------------
12:07:59 [INFO] rl_uav.envs.as2_test_env: Keeping drone airborne for velocity reset...
[ERROR] [1783159680.161660135] [drone0.drone0_interface]: Service returned failure
[ERROR] [1783159680.364188078] [drone0.drone0_interface]: Service returned failure
12:08:09 [INFO] rl_uav.envs.as2_test_env: Reset complete. Initial obs: [-0.02607678  0.31066146  0.12427659 -0.45382765]
12:08:50 [INFO] rl_uav.envs.as2_test_env: Keeping drone airborne for velocity reset...
12:08:50 [WARNING] rl_uav.envs.as2_test_env: Reset started at valid low altitude z=0.844; climbing to hover 1.400m with bounded velocity recovery
[ERROR] [1783159732.576547174] [drone0.drone0_interface]: Service returned failure
[ERROR] [1783159732.789715862] [drone0.drone0_interface]: Service returned failure
12:09:04 [INFO] rl_uav.envs.as2_test_env: Reset complete. Initial obs: [ 0.38933635  0.04997979 -0.13739552  0.3066102 ]
12:09:46 [INFO] rl_uav.envs.as2_test_env: Keeping drone airborne for velocity reset...
12:09:46 [WARNING] rl_uav.envs.as2_test_env: Reset started at valid low altitude z=0.882; climbing to hover 1.400m with bounded velocity recovery
[ERROR] [1783159788.790617800] [drone0.drone0_interface]: Service returned failure
[ERROR] [1783159789.017763131] [drone0.drone0_interface]: Service returned failure
12:09:59 [INFO] rl_uav.envs.as2_test_env: Reset complete. Initial obs: [-0.17611533 -0.19372936 -0.10275577 -0.7476869 ]
------------------------------------------
| rollout/                |              |
|    ep_len_mean          | 187          |
|    ep_rew_mean          | -72.7        |
|    success_rate         | 0.125        |
| time/                   |              |
|    fps                  | 3            |
|    iterations           | 6            |
|    time_elapsed         | 822          |
|    total_timesteps      | 3072         |
| train/                  |              |
|    approx_kl            | 0.0007038248 |
|    clip_fraction        | 0            |
|    clip_range           | 0.2          |
|    entropy_loss         | -5.76        |
|    explained_variance   | 0.00262      |
|    learning_rate        | 3e-05        |
|    loss                 | 33           |
|    n_updates            | 25           |
|    policy_gradient_loss | 0.000152     |
|    std                  | 1            |
|    value_loss           | 83.2         |
------------------------------------------
12:10:41 [INFO] rl_uav.envs.as2_test_env: Keeping drone airborne for velocity reset...
12:10:41 [WARNING] rl_uav.envs.as2_test_env: Reset started at valid low altitude z=1.069; climbing to hover 1.400m with bounded velocity recovery
[ERROR] [1783159843.405346254] [drone0.drone0_interface]: Service returned failure
[ERROR] [1783159843.642657262] [drone0.drone0_interface]: Service returned failure
12:10:48 [INFO] rl_uav.envs.as2_test_env: Reset complete. Initial obs: [ 0.59978515 -0.38233224 -0.14657412 -0.08850261]
12:11:29 [INFO] rl_uav.envs.as2_test_env: Keeping drone airborne for velocity reset...
[ERROR] [1783159890.125860183] [drone0.drone0_interface]: Service returned failure
[ERROR] [1783159890.376121767] [drone0.drone0_interface]: Service returned failure
12:11:42 [INFO] rl_uav.envs.as2_test_env: Reset complete. Initial obs: [-0.08893185  0.5931407   0.07345014 -0.605843  ]
------------------------------------------
| rollout/                |              |
|    ep_len_mean          | 189          |
|    ep_rew_mean          | -72.4        |
|    success_rate         | 0.111        |
| time/                   |              |
|    fps                  | 3            |
|    iterations           | 7            |
|    time_elapsed         | 948          |
|    total_timesteps      | 3584         |
| train/                  |              |
|    approx_kl            | 0.0076554623 |
|    clip_fraction        | 0.0348       |
|    clip_range           | 0.2          |
|    entropy_loss         | -4.54        |
|    explained_variance   | 0.0257       |
|    learning_rate        | 3e-05        |
|    loss                 | 11.9         |
|    n_updates            | 30           |
|    policy_gradient_loss | -0.00137     |
|    std                  | 1            |
|    value_loss           | 28.3         |
------------------------------------------
12:12:23 [INFO] rl_uav.envs.as2_test_env: Keeping drone airborne for velocity reset...
[ERROR] [1783159944.041919095] [drone0.drone0_interface]: Service returned failure
[ERROR] [1783159944.304121705] [drone0.drone0_interface]: Service returned failure
12:12:33 [INFO] rl_uav.envs.as2_test_env: Reset complete. Initial obs: [-0.9111798  -0.1255112   0.06046611  0.44640416]
12:13:14 [INFO] rl_uav.envs.as2_test_env: Keeping drone airborne for velocity reset...
[ERROR] [1783159995.236549367] [drone0.drone0_interface]: Service returned failure
[ERROR] [1783159995.508768263] [drone0.drone0_interface]: Service returned failure
12:13:26 [INFO] rl_uav.envs.as2_test_env: Reset complete. Initial obs: [ 0.35775468  0.16332485  0.00119692 -0.75682443]
12:14:07 [INFO] rl_uav.envs.as2_test_env: Keeping drone airborne for velocity reset...
[ERROR] [1783160048.137987217] [drone0.drone0_interface]: Service returned failure
[ERROR] [1783160048.419609557] [drone0.drone0_interface]: Service returned failure
12:14:20 [INFO] rl_uav.envs.as2_test_env: Reset complete. Initial obs: [ 0.22556335 -0.67849684 -0.11596169  0.78259254]
-----------------------------------------
| rollout/                |             |
|    ep_len_mean          | 190         |
|    ep_rew_mean          | -74.4       |
|    success_rate         | 0.0952      |
| time/                   |             |
|    fps                  | 3           |
|    iterations           | 8           |
|    time_elapsed         | 1089        |
|    total_timesteps      | 4096        |
| train/                  |             |
|    approx_kl            | 0.010197575 |
|    clip_fraction        | 0.0258      |
|    clip_range           | 0.2         |
|    entropy_loss         | -4.86       |
|    explained_variance   | 0.0618      |
|    learning_rate        | 3e-05       |
|    loss                 | 20.6        |
|    n_updates            | 35          |
|    policy_gradient_loss | 0.000263    |
|    std                  | 1           |
|    value_loss           | 44.9        |
-----------------------------------------
12:15:02 [INFO] rl_uav.envs.as2_test_env: Keeping drone airborne for velocity reset...
[ERROR] [1783160102.660300848] [drone0.drone0_interface]: Service returned failure
[ERROR] [1783160102.957090567] [drone0.drone0_interface]: Service returned failure
12:15:10 [INFO] rl_uav.envs.as2_test_env: Reset complete. Initial obs: [-0.2589288   0.24803711  0.06650618  0.6749516 ]
12:15:51 [INFO] rl_uav.envs.as2_test_env: Keeping drone airborne for velocity reset...
[ERROR] [1783160152.270238331] [drone0.drone0_interface]: Service returned failure
[ERROR] [1783160152.577392432] [drone0.drone0_interface]: Service returned failure
12:15:59 [INFO] rl_uav.envs.as2_test_env: Reset complete. Initial obs: [0.89074934 0.12596087 0.04108677 0.993324  ]
12:16:40 [INFO] rl_uav.envs.as2_test_env: Keeping drone airborne for velocity reset...
[ERROR] [1783160201.081200340] [drone0.drone0_interface]: Service returned failure
[ERROR] [1783160201.400032088] [drone0.drone0_interface]: Service returned failure
12:16:49 [INFO] rl_uav.envs.as2_test_env: Reset complete. Initial obs: [ 0.3626162   0.22677435 -0.00777971  0.3131215 ]
-----------------------------------------
| rollout/                |             |
|    ep_len_mean          | 191         |
|    ep_rew_mean          | -79.5       |
|    success_rate         | 0.0833      |
| time/                   |             |
|    fps                  | 3           |
|    iterations           | 9           |
|    time_elapsed         | 1219        |
|    total_timesteps      | 4608        |
| train/                  |             |
|    approx_kl            | 0.005326341 |
|    clip_fraction        | 0.0285      |
|    clip_range           | 0.2         |
|    entropy_loss         | -5.58       |
|    explained_variance   | 0.0442      |
|    learning_rate        | 3e-05       |
|    loss                 | 27.6        |
|    n_updates            | 40          |
|    policy_gradient_loss | 0.0028      |
|    std                  | 0.999       |
|    value_loss           | 65.6        |
-----------------------------------------
12:16:57 [INFO] rl_uav.envs.as2_test_env: Keeping drone airborne for velocity reset...
12:16:57 [WARNING] rl_uav.envs.as2_test_env: Reset started at valid low altitude z=1.057; climbing to hover 1.400m with bounded velocity recovery
[ERROR] [1783160219.495295888] [drone0.drone0_interface]: Service returned failure
[ERROR] [1783160219.822815728] [drone0.drone0_interface]: Service returned failure
12:17:08 [INFO] rl_uav.envs.as2_test_env: Reset complete. Initial obs: [-0.46817252  0.06641497 -0.14230117  0.9361009 ]
12:17:18 [INFO] rl_uav.envs.as2_test_env: Keeping drone airborne for velocity reset...
[ERROR] [1783160238.805235502] [drone0.drone0_interface]: Service returned failure
[ERROR] [1783160239.146142937] [drone0.drone0_interface]: Service returned failure
12:17:27 [INFO] rl_uav.envs.as2_test_env: Reset complete. Initial obs: [-0.4330959  -0.39174557  0.07586321  0.67019945]
12:18:08 [INFO] rl_uav.envs.as2_test_env: Keeping drone airborne for velocity reset...
[ERROR] [1783160288.717200208] [drone0.drone0_interface]: Service returned failure
[ERROR] [1783160289.061360562] [drone0.drone0_interface]: Service returned failure
12:18:16 [INFO] rl_uav.envs.as2_test_env: Reset complete. Initial obs: [-0.1497842   0.09057389  0.00582943  0.46411645]
12:18:57 [INFO] rl_uav.envs.as2_test_env: Keeping drone airborne for velocity reset...
[ERROR] [1783160338.125323682] [drone0.drone0_interface]: Service returned failure
[ERROR] [1783160338.489474036] [drone0.drone0_interface]: Service returned failure
12:19:08 [INFO] rl_uav.envs.as2_test_env: Reset complete. Initial obs: [-0.44664308  0.0221766   0.02411659 -0.40771064]
------------------------------------------
| rollout/                |              |
|    ep_len_mean          | 182          |
|    ep_rew_mean          | -72.2        |
|    success_rate         | 0.143        |
| time/                   |              |
|    fps                  | 3            |
|    iterations           | 10           |
|    time_elapsed         | 1363         |
|    total_timesteps      | 5120         |
| train/                  |              |
|    approx_kl            | 0.0013250234 |
|    clip_fraction        | 0.00117      |
|    clip_range           | 0.2          |
|    entropy_loss         | -5.84        |
|    explained_variance   | 0.0718       |
|    learning_rate        | 3e-05        |
|    loss                 | 31.2         |
|    n_updates            | 45           |
|    policy_gradient_loss | -0.00937     |
|    std                  | 0.999        |
|    value_loss           | 81.5         |
------------------------------------------
12:19:50 [INFO] rl_uav.envs.as2_test_env: Keeping drone airborne for velocity reset...
[ERROR] [1783160390.627385959] [drone0.drone0_interface]: Service returned failure
[ERROR] [1783160390.990370520] [drone0.drone0_interface]: Service returned failure
12:19:57 [INFO] rl_uav.envs.as2_test_env: Reset complete. Initial obs: [ 0.6080441   0.14558959  0.07888407 -0.45003763]
12:20:35 [INFO] rl_uav.envs.as2_test_env: Keeping drone airborne for velocity reset...
[ERROR] [1783160436.149698332] [drone0.drone0_interface]: Service returned failure
[ERROR] [1783160436.535486401] [drone0.drone0_interface]: Service returned failure
12:20:45 [INFO] rl_uav.envs.as2_test_env: Reset complete. Initial obs: [-0.78881204 -0.09701848  0.00474695 -0.9105123 ]
------------------------------------------
| rollout/                |              |
|    ep_len_mean          | 182          |
|    ep_rew_mean          | -70.7        |
|    success_rate         | 0.167        |
| time/                   |              |
|    fps                  | 3            |
|    iterations           | 11           |
|    time_elapsed         | 1487         |
|    total_timesteps      | 5632         |
| train/                  |              |
|    approx_kl            | 0.0029342328 |
|    clip_fraction        | 0.00859      |
|    clip_range           | 0.2          |
|    entropy_loss         | -4.31        |
|    explained_variance   | 0.066        |
|    learning_rate        | 3e-05        |
|    loss                 | 9.46         |
|    n_updates            | 50           |
|    policy_gradient_loss | 0.000709     |
|    std                  | 0.999        |
|    value_loss           | 28.7         |
------------------------------------------
12:21:27 [INFO] rl_uav.envs.as2_test_env: Keeping drone airborne for velocity reset...
12:21:27 [WARNING] rl_uav.envs.as2_test_env: Reset started at valid low altitude z=0.682; climbing to hover 1.400m with bounded velocity recovery
[ERROR] [1783160490.158997666] [drone0.drone0_interface]: Service returned failure
[ERROR] [1783160490.554851863] [drone0.drone0_interface]: Service returned failure
12:21:43 [INFO] rl_uav.envs.as2_test_env: Reset complete. Initial obs: [-0.21024133  0.43374825  0.01400981  0.27851516]
12:22:24 [INFO] rl_uav.envs.as2_test_env: Keeping drone airborne for velocity reset...
12:22:24 [WARNING] rl_uav.envs.as2_test_env: Reset started at valid low altitude z=0.937; climbing to hover 1.400m with bounded velocity recovery
[ERROR] [1783160547.671409996] [drone0.drone0_interface]: Service returned failure
[ERROR] [1783160548.077379211] [drone0.drone0_interface]: Service returned failure
12:22:40 [INFO] rl_uav.envs.as2_test_env: Reset complete. Initial obs: [-0.38389418 -0.02819043  0.0877973   0.3277657 ]
12:23:06 [INFO] rl_uav.envs.as2_test_env: Keeping drone airborne for velocity reset...
[ERROR] [1783160587.084813907] [drone0.drone0_interface]: Service returned failure
[ERROR] [1783160587.505413945] [drone0.drone0_interface]: Service returned failure
12:23:18 [INFO] rl_uav.envs.as2_test_env: Reset complete. Initial obs: [-0.14325319 -0.21783142  0.02224373  0.8876453 ]
------------------------------------------
| rollout/                |              |
|    ep_len_mean          | 182          |
|    ep_rew_mean          | -71.3        |
|    success_rate         | 0.182        |
| time/                   |              |
|    fps                  | 3            |
|    iterations           | 12           |
|    time_elapsed         | 1636         |
|    total_timesteps      | 6144         |
| train/                  |              |
|    approx_kl            | 0.0023718192 |
|    clip_fraction        | 0.0141       |
|    clip_range           | 0.2          |
|    entropy_loss         | -5.59        |
|    explained_variance   | 0.0754       |
|    learning_rate        | 3e-05        |
|    loss                 | 32.8         |
|    n_updates            | 55           |
|    policy_gradient_loss | -0.00562     |
|    std                  | 0.999        |
|    value_loss           | 64.3         |
------------------------------------------
12:23:59 [INFO] rl_uav.envs.as2_test_env: Keeping drone airborne for velocity reset...
[ERROR] [1783160639.869858695] [drone0.drone0_interface]: Service returned failure
[ERROR] [1783160640.282767793] [drone0.drone0_interface]: Service returned failure
12:24:11 [INFO] rl_uav.envs.as2_test_env: Reset complete. Initial obs: [-0.29518306  0.8615335  -0.02393375  0.7483084 ]
12:24:52 [INFO] rl_uav.envs.as2_test_env: Keeping drone airborne for velocity reset...
[ERROR] [1783160693.307312721] [drone0.drone0_interface]: Service returned failure
[ERROR] [1783160693.749311421] [drone0.drone0_interface]: Service returned failure
12:25:02 [INFO] rl_uav.envs.as2_test_env: Reset complete. Initial obs: [-0.7802412  -0.1080974  -0.16121002 -0.5966904 ]
12:25:43 [INFO] rl_uav.envs.as2_test_env: Keeping drone airborne for velocity reset...
[ERROR] [1783160744.413880871] [drone0.drone0_interface]: Service returned failure
[ERROR] [1783160744.871154425] [drone0.drone0_interface]: Service returned failure
12:25:52 [INFO] rl_uav.envs.as2_test_env: Reset complete. Initial obs: [ 0.87007004 -0.43859664  0.04894092 -0.25864506]
-----------------------------------------
| rollout/                |             |
|    ep_len_mean          | 183         |
|    ep_rew_mean          | -73.5       |
|    success_rate         | 0.167       |
| time/                   |             |
|    fps                  | 3           |
|    iterations           | 13          |
|    time_elapsed         | 1772        |
|    total_timesteps      | 6656        |
| train/                  |             |
|    approx_kl            | 0.001726549 |
|    clip_fraction        | 0           |
|    clip_range           | 0.2         |
|    entropy_loss         | -4.69       |
|    explained_variance   | 0.0314      |
|    learning_rate        | 3e-05       |
|    loss                 | 11.3        |
|    n_updates            | 60          |
|    policy_gradient_loss | -0.00374    |
|    std                  | 0.999       |
|    value_loss           | 24.1        |
-----------------------------------------
12:26:33 [INFO] rl_uav.envs.as2_test_env: Keeping drone airborne for velocity reset...
[ERROR] [1783160794.224949634] [drone0.drone0_interface]: Service returned failure
[ERROR] [1783160794.690495008] [drone0.drone0_interface]: Service returned failure
12:26:51 [INFO] rl_uav.envs.as2_test_env: Reset complete. Initial obs: [ 0.18841884  0.72417015 -0.0688526  -0.94249606]
12:27:32 [INFO] rl_uav.envs.as2_test_env: Keeping drone airborne for velocity reset...
[ERROR] [1783160853.338841497] [drone0.drone0_interface]: Service returned failure
[ERROR] [1783160853.817389825] [drone0.drone0_interface]: Service returned failure
12:27:41 [INFO] rl_uav.envs.as2_test_env: Reset complete. Initial obs: [-0.44880417 -0.45573542  0.03354776 -0.50220716]
------------------------------------------
| rollout/                |              |
|    ep_len_mean          | 184          |
|    ep_rew_mean          | -74.9        |
|    success_rate         | 0.158        |
| time/                   |              |
|    fps                  | 3            |
|    iterations           | 14           |
|    time_elapsed         | 1904         |
|    total_timesteps      | 7168         |
| train/                  |              |
|    approx_kl            | 0.0010223544 |
|    clip_fraction        | 0.00195      |
|    clip_range           | 0.2          |
|    entropy_loss         | -6.32        |
|    explained_variance   | -0.0127      |
|    learning_rate        | 3e-05        |
|    loss                 | 46.7         |
|    n_updates            | 65           |
|    policy_gradient_loss | -0.00636     |
|    std                  | 0.999        |
|    value_loss           | 80           |
------------------------------------------
12:28:22 [INFO] rl_uav.envs.as2_test_env: Keeping drone airborne for velocity reset...
[ERROR] [1783160903.229727095] [drone0.drone0_interface]: Service returned failure
[ERROR] [1783160903.691946711] [drone0.drone0_interface]: Service returned failure
12:28:34 [INFO] rl_uav.envs.as2_test_env: Reset complete. Initial obs: [ 0.22999448 -0.24390268 -0.04221081 -0.6396541 ]
12:29:15 [INFO] rl_uav.envs.as2_test_env: Keeping drone airborne for velocity reset...
[ERROR] [1783160956.062702822] [drone0.drone0_interface]: Service returned failure
[ERROR] [1783160956.561806386] [drone0.drone0_interface]: Service returned failure
12:29:27 [INFO] rl_uav.envs.as2_test_env: Reset complete. Initial obs: [ 0.54739916 -0.21835758  0.04356774  0.6536929 ]
12:30:08 [INFO] rl_uav.envs.as2_test_env: Keeping drone airborne for velocity reset...
12:30:08 [WARNING] rl_uav.envs.as2_test_env: Reset started at valid low altitude z=1.039; climbing to hover 1.400m with bounded velocity recovery
[ERROR] [1783161011.771877980] [drone0.drone0_interface]: Service returned failure
[ERROR] [1783161012.284167864] [drone0.drone0_interface]: Service returned failure
12:30:25 [INFO] rl_uav.envs.as2_test_env: Reset complete. Initial obs: [-0.7290787  -0.5460763   0.05555689 -0.00336589]
-------------------------------------------
| rollout/                |               |
|    ep_len_mean          | 185           |
|    ep_rew_mean          | -76.8         |
|    success_rate         | 0.146         |
| time/                   |               |
|    fps                  | 3             |
|    iterations           | 15            |
|    time_elapsed         | 2050          |
|    total_timesteps      | 7680          |
| train/                  |               |
|    approx_kl            | 4.1413237e-05 |
|    clip_fraction        | 0             |
|    clip_range           | 0.2           |
|    entropy_loss         | -5.92         |
|    explained_variance   | 0.232         |
|    learning_rate        | 3e-05         |
|    loss                 | 28.6          |
|    n_updates            | 70            |
|    policy_gradient_loss | -0.00117      |
|    std                  | 0.999         |
|    value_loss           | 56.5          |
-------------------------------------------
12:31:04 [WARNING] rl_uav.envs.as2_test_env: Skipping velocity reset; simulator service reset required (terminal_out_of_bounds)
[ERROR] [1783161064.887951934] [drone0.drone0_interface]: Service returned failure
[ERROR] [1783161065.411388631] [drone0.drone0_interface]: Service returned failure
12:31:11 [INFO] rl_uav.envs.as2_test_env: Reset complete. Initial obs: [-0.56432503  0.23164977 -0.12129336 -0.45143053]
12:31:52 [INFO] rl_uav.envs.as2_test_env: Keeping drone airborne for velocity reset...
[ERROR] [1783161112.999124204] [drone0.drone0_interface]: Service returned failure
[ERROR] [1783161113.531777586] [drone0.drone0_interface]: Service returned failure
12:32:06 [INFO] rl_uav.envs.as2_test_env: Reset complete. Initial obs: [-0.28615445 -0.5231469  -0.19911677  0.6777498 ]
12:32:47 [INFO] rl_uav.envs.as2_test_env: Keeping drone airborne for velocity reset...
12:32:47 [WARNING] rl_uav.envs.as2_test_env: Reset started at valid low altitude z=0.706; climbing to hover 1.400m with bounded velocity recovery
[ERROR] [1783161170.406689706] [drone0.drone0_interface]: Service returned failure
[ERROR] [1783161170.952226785] [drone0.drone0_interface]: Service returned failure
12:33:00 [INFO] rl_uav.envs.as2_test_env: Reset complete. Initial obs: [ 0.04544142  0.95876604  0.04360224 -0.90232223]
------------------------------------------
| rollout/                |              |
|    ep_len_mean          | 186          |
|    ep_rew_mean          | -78          |
|    success_rate         | 0.136        |
| time/                   |              |
|    fps                  | 3            |
|    iterations           | 16           |
|    time_elapsed         | 2190         |
|    total_timesteps      | 8192         |
| train/                  |              |
|    approx_kl            | 6.585696e-05 |
|    clip_fraction        | 0            |
|    clip_range           | 0.2          |
|    entropy_loss         | -6.19        |
|    explained_variance   | 0.147        |
|    learning_rate        | 3e-05        |
|    loss                 | 24.3         |
|    n_updates            | 75           |
|    policy_gradient_loss | -0.000798    |
|    std                  | 0.999        |
|    value_loss           | 62.1         |
------------------------------------------
12:33:42 [INFO] rl_uav.envs.as2_test_env: Keeping drone airborne for velocity reset...
[ERROR] [1783161223.019430362] [drone0.drone0_interface]: Service returned failure
[ERROR] [1783161223.577140787] [drone0.drone0_interface]: Service returned failure
12:33:55 [INFO] rl_uav.envs.as2_test_env: Reset complete. Initial obs: [-0.52386564 -0.00911609  0.0072139   0.4464867 ]
12:34:37 [INFO] rl_uav.envs.as2_test_env: Keeping drone airborne for velocity reset...
12:34:37 [WARNING] rl_uav.envs.as2_test_env: Reset started at valid low altitude z=0.710; climbing to hover 1.400m with bounded velocity recovery
[ERROR] [1783161280.633173562] [drone0.drone0_interface]: Service returned failure
[ERROR] [1783161281.198489335] [drone0.drone0_interface]: Service returned failure
12:34:53 [INFO] rl_uav.envs.as2_test_env: Reset complete. Initial obs: [-0.07344568 -0.53730214  0.1413262   0.8002127 ]
-----------------------------------------
| rollout/                |             |
|    ep_len_mean          | 187         |
|    ep_rew_mean          | -77.9       |
|    success_rate         | 0.13        |
| time/                   |             |
|    fps                  | 3           |
|    iterations           | 17          |
|    time_elapsed         | 2325        |
|    total_timesteps      | 8704        |
| train/                  |             |
|    approx_kl            | 0.004976012 |
|    clip_fraction        | 0.0117      |
|    clip_range           | 0.2         |
|    entropy_loss         | -5.48       |
|    explained_variance   | 0.135       |
|    learning_rate        | 3e-05       |
|    loss                 | 22          |
|    n_updates            | 80          |
|    policy_gradient_loss | 0.00536     |
|    std                  | 0.999       |
|    value_loss           | 49.7        |
-----------------------------------------
12:35:34 [INFO] rl_uav.envs.as2_test_env: Keeping drone airborne for velocity reset...
12:35:34 [WARNING] rl_uav.envs.as2_test_env: Reset started at valid low altitude z=0.644; climbing to hover 1.400m with bounded velocity recovery
[ERROR] [1783161337.542047962] [drone0.drone0_interface]: Service returned failure
[ERROR] [1783161338.124391930] [drone0.drone0_interface]: Service returned failure
12:35:44 [INFO] rl_uav.envs.as2_test_env: Reset complete. Initial obs: [-0.6102114  -0.49165413 -0.02907648 -0.18095423]
12:36:22 [INFO] rl_uav.envs.as2_test_env: Keeping drone airborne for velocity reset...
[ERROR] [1783161383.550215574] [drone0.drone0_interface]: Service returned failure
[ERROR] [1783161384.140470553] [drone0.drone0_interface]: Service returned failure
12:36:32 [INFO] rl_uav.envs.as2_test_env: Reset complete. Initial obs: [ 0.24104676 -0.17730388  0.15221292 -0.755837  ]
12:36:35 [WARNING] rl_uav.envs.as2_test_env: Skipping velocity reset; simulator service reset required (terminal_out_of_bounds)
[ERROR] [1783161396.565034760] [drone0.drone0_interface]: Service returned failure
[ERROR] [1783161397.168053421] [drone0.drone0_interface]: Service returned failure
12:36:43 [INFO] rl_uav.envs.as2_test_env: Reset complete. Initial obs: [-0.59015554 -0.01355101 -0.0030759  -0.3474638 ]
12:37:24 [INFO] rl_uav.envs.as2_test_env: Keeping drone airborne for velocity reset...
[ERROR] [1783161445.273256255] [drone0.drone0_interface]: Service returned failure
[ERROR] [1783161445.887427863] [drone0.drone0_interface]: Service returned failure
12:37:36 [INFO] rl_uav.envs.as2_test_env: Reset complete. Initial obs: [0.44227663 0.33272833 0.00543563 0.57043606]
-------------------------------------------
| rollout/                |               |
|    ep_len_mean          | 184           |
|    ep_rew_mean          | -75.1         |
|    success_rate         | 0.14          |
| time/                   |               |
|    fps                  | 3             |
|    iterations           | 18            |
|    time_elapsed         | 2470          |
|    total_timesteps      | 9216          |
| train/                  |               |
|    approx_kl            | 0.00069304276 |
|    clip_fraction        | 0.000781      |
|    clip_range           | 0.2           |
|    entropy_loss         | -5.57         |
|    explained_variance   | 0.216         |
|    learning_rate        | 3e-05         |
|    loss                 | 16            |
|    n_updates            | 85            |
|    policy_gradient_loss | -0.00305      |
|    std                  | 0.999         |
|    value_loss           | 33.4          |
-------------------------------------------
12:38:17 [INFO] rl_uav.envs.as2_test_env: Keeping drone airborne for velocity reset...
12:38:17 [WARNING] rl_uav.envs.as2_test_env: Reset started at valid low altitude z=0.665; climbing to hover 1.400m with bounded velocity recovery
[ERROR] [1783161500.884445854] [drone0.drone0_interface]: Service returned failure
[ERROR] [1783161501.508386385] [drone0.drone0_interface]: Service returned failure
12:38:35 [INFO] rl_uav.envs.as2_test_env: Reset complete. Initial obs: [ 0.23034187 -0.7964724  -0.05290995 -0.46929282]
12:38:44 [WARNING] rl_uav.envs.as2_test_env: Skipping velocity reset; simulator service reset required (terminal_out_of_bounds)
[ERROR] [1783161525.293022189] [drone0.drone0_interface]: Service returned failure
[ERROR] [1783161525.922217352] [drone0.drone0_interface]: Service returned failure
12:38:52 [INFO] rl_uav.envs.as2_test_env: Reset complete. Initial obs: [ 0.15750848 -0.20164408  0.20608889 -0.5674938 ]
12:39:02 [WARNING] rl_uav.envs.as2_test_env: Reset started at valid low altitude z=0.470; climbing to hover 1.400m with bounded velocity recovery
12:39:05 [WARNING] rl_uav.envs.as2_test_env: Skipping velocity reset; simulator service reset required (terminal_out_of_bounds)
[ERROR] [1783161546.212427125] [drone0.drone0_interface]: Service returned failure
[ERROR] [1783161546.860016540] [drone0.drone0_interface]: Service returned failure
12:39:13 [INFO] rl_uav.envs.as2_test_env: Reset complete. Initial obs: [-0.5949527   0.520694    0.05903244  0.58645785]
12:39:20 [WARNING] rl_uav.envs.as2_test_env: Skipping velocity reset; simulator service reset required (terminal_out_of_bounds)
[ERROR] [1783161561.321646227] [drone0.drone0_interface]: Service returned failure
[ERROR] [1783161561.978297182] [drone0.drone0_interface]: Service returned failure
12:39:28 [INFO] rl_uav.envs.as2_test_env: Reset complete. Initial obs: [ 0.2376699   0.05114799  0.08007021 -0.70571744]
12:39:37 [WARNING] rl_uav.envs.as2_test_env: Skipping velocity reset; simulator service reset required (terminal_out_of_bounds)
[ERROR] [1783161578.432847809] [drone0.drone0_interface]: Service returned failure
[ERROR] [1783161579.102791405] [drone0.drone0_interface]: Service returned failure
12:39:45 [INFO] rl_uav.envs.as2_test_env: Reset complete. Initial obs: [-0.422207    0.3027297   0.04805196 -0.89119613]
12:39:48 [WARNING] rl_uav.envs.as2_test_env: Skipping velocity reset; simulator service reset required (terminal_out_of_bounds)
[ERROR] [1783161589.238543451] [drone0.drone0_interface]: Service returned failure
[ERROR] [1783161589.918386876] [drone0.drone0_interface]: Service returned failure
12:39:56 [INFO] rl_uav.envs.as2_test_env: Reset complete. Initial obs: [0.14780407 0.35404077 0.13439795 0.5950817 ]
12:39:57 [WARNING] rl_uav.envs.as2_test_env: Skipping velocity reset; simulator service reset required (terminal_out_of_bounds)
[ERROR] [1783161598.454031791] [drone0.drone0_interface]: Service returned failure
[ERROR] [1783161599.141083636] [drone0.drone0_interface]: Service returned failure
12:40:05 [INFO] rl_uav.envs.as2_test_env: Reset complete. Initial obs: [-0.44573626  0.03932313 -0.07543714 -0.26803374]
12:40:33 [INFO] rl_uav.envs.as2_test_env: Keeping drone airborne for velocity reset...
[ERROR] [1783161634.566938793] [drone0.drone0_interface]: Service returned failure
[ERROR] [1783161635.269435012] [drone0.drone0_interface]: Service returned failure
12:40:46 [INFO] rl_uav.envs.as2_test_env: Reset complete. Initial obs: [ 0.44675115  0.23326777 -0.14907743 -0.8765704 ]
------------------------------------------
| rollout/                |              |
|    ep_len_mean          | 168          |
|    ep_rew_mean          | -69.2        |
|    success_rate         | 0.138        |
| time/                   |              |
|    fps                  | 3            |
|    iterations           | 19           |
|    time_elapsed         | 2655         |
|    total_timesteps      | 9728         |
| train/                  |              |
|    approx_kl            | 0.0015438766 |
|    clip_fraction        | 0.00313      |
|    clip_range           | 0.2          |
|    entropy_loss         | -4.73        |
|    explained_variance   | 0.149        |
|    learning_rate        | 3e-05        |
|    loss                 | 8.32         |
|    n_updates            | 90           |
|    policy_gradient_loss | -0.00493     |
|    std                  | 0.998        |
|    value_loss           | 27.4         |
------------------------------------------
12:41:09 [WARNING] rl_uav.envs.as2_test_env: Reset started at valid low altitude z=0.470; climbing to hover 1.400m with bounded velocity recovery
12:41:11 [WARNING] rl_uav.envs.as2_test_env: Skipping velocity reset; simulator service reset required (terminal_out_of_bounds)
[ERROR] [1783161672.871169362] [drone0.drone0_interface]: Service returned failure
[ERROR] [1783161673.588271800] [drone0.drone0_interface]: Service returned failure
12:41:20 [INFO] rl_uav.envs.as2_test_env: Reset complete. Initial obs: [ 0.43453613 -0.30523115 -0.05412498 -0.5545258 ]
12:42:01 [INFO] rl_uav.envs.as2_test_env: Keeping drone airborne for velocity reset...
12:42:01 [WARNING] rl_uav.envs.as2_test_env: Reset started at valid low altitude z=0.813; climbing to hover 1.400m with bounded velocity recovery
[ERROR] [1783161725.182958425] [drone0.drone0_interface]: Service returned failure
[ERROR] [1783161725.912823300] [drone0.drone0_interface]: Service returned failure
12:42:20 [INFO] rl_uav.envs.as2_test_env: Reset complete. Initial obs: [0.01335199 1.         0.02017001 0.18922481]
12:42:38 [WARNING] rl_uav.envs.as2_test_env: Skipping velocity reset; simulator service reset required (terminal_out_of_bounds)
[ERROR] [1783161760.093237618] [drone0.drone0_interface]: Service returned failure
[ERROR] [1783161760.827531509] [drone0.drone0_interface]: Service returned failure
12:42:47 [INFO] rl_uav.envs.as2_test_env: Reset complete. Initial obs: [ 0.38368925 -0.6299927   0.00272701 -0.18821342]
-------------------------------------------
| rollout/                |               |
|    ep_len_mean          | 166           |
|    ep_rew_mean          | -69.1         |
|    success_rate         | 0.131         |
| time/                   |               |
|    fps                  | 3             |
|    iterations           | 20            |
|    time_elapsed         | 2798          |
|    total_timesteps      | 10240         |
| train/                  |               |
|    approx_kl            | 0.00042019843 |
|    clip_fraction        | 0             |
|    clip_range           | 0.2           |
|    entropy_loss         | -5.21         |
|    explained_variance   | 0.109         |
|    learning_rate        | 3e-05         |
|    loss                 | 24.8          |
|    n_updates            | 95            |
|    policy_gradient_loss | -0.000805     |
|    std                  | 0.998         |
|    value_loss           | 48.8          |
-------------------------------------------
12:43:16 [WARNING] rl_uav.envs.as2_test_env: Skipping velocity reset; simulator service reset required (terminal_out_of_bounds)
[ERROR] [1783161797.311650876] [drone0.drone0_interface]: Service returned failure
[ERROR] [1783161798.058591180] [drone0.drone0_interface]: Service returned failure
12:43:24 [INFO] rl_uav.envs.as2_test_env: Reset complete. Initial obs: [-0.7169262   0.2502864   0.11263555  0.03871632]
12:43:36 [WARNING] rl_uav.envs.as2_test_env: Skipping velocity reset; simulator service reset required (terminal_out_of_bounds)
[ERROR] [1783161817.325494662] [drone0.drone0_interface]: Service returned failure
[ERROR] [1783161818.089212099] [drone0.drone0_interface]: Service returned failure
12:43:44 [INFO] rl_uav.envs.as2_test_env: Reset complete. Initial obs: [-0.33379218  0.25404423 -0.02849586 -0.4738328 ]
12:43:49 [WARNING] rl_uav.envs.as2_test_env: Reset started at valid low altitude z=0.476; climbing to hover 1.400m with bounded velocity recovery
12:43:52 [WARNING] rl_uav.envs.as2_test_env: Skipping velocity reset; simulator service reset required (terminal_out_of_bounds)
[ERROR] [1783161833.333465606] [drone0.drone0_interface]: Service returned failure
[ERROR] [1783161834.107116895] [drone0.drone0_interface]: Service returned failure
12:44:00 [INFO] rl_uav.envs.as2_test_env: Reset complete. Initial obs: [ 0.06555978 -0.0714012   0.21576068 -0.87728584]
12:44:02 [WARNING] rl_uav.envs.as2_test_env: Skipping velocity reset; simulator service reset required (terminal_out_of_bounds)
[ERROR] [1783161843.826830884] [drone0.drone0_interface]: Service returned failure
[ERROR] [1783161844.602981940] [drone0.drone0_interface]: Service returned failure
12:44:11 [INFO] rl_uav.envs.as2_test_env: Reset complete. Initial obs: [-0.21357574  0.55324996 -0.08105365  0.91287535]
12:44:21 [WARNING] rl_uav.envs.as2_test_env: Reset started at valid low altitude z=0.438; climbing to hover 1.400m with bounded velocity recovery
12:44:23 [WARNING] rl_uav.envs.as2_test_env: Skipping velocity reset; simulator service reset required (terminal_out_of_bounds)
[ERROR] [1783161864.952108013] [drone0.drone0_interface]: Service returned failure
[ERROR] [1783161865.749312333] [drone0.drone0_interface]: Service returned failure
12:44:32 [INFO] rl_uav.envs.as2_test_env: Reset complete. Initial obs: [ 0.30501714  0.15268286  0.09522551 -0.75558585]
12:44:34 [WARNING] rl_uav.envs.as2_test_env: Skipping velocity reset; simulator service reset required (terminal_out_of_bounds)
[ERROR] [1783161875.660387900] [drone0.drone0_interface]: Service returned failure
[ERROR] [1783161876.456974885] [drone0.drone0_interface]: Service returned failure
12:44:42 [INFO] rl_uav.envs.as2_test_env: Reset complete. Initial obs: [-0.17780481 -0.53293824 -0.16269913  0.47707546]
12:45:09 [WARNING] rl_uav.envs.as2_test_env: Reset started at valid low altitude z=0.401; climbing to hover 1.400m with bounded velocity recovery
12:45:12 [WARNING] rl_uav.envs.as2_test_env: Skipping velocity reset; simulator service reset required (terminal_out_of_bounds)
[ERROR] [1783161913.479694496] [drone0.drone0_interface]: Service returned failure
[ERROR] [1783161914.296842191] [drone0.drone0_interface]: Service returned failure
12:45:21 [INFO] rl_uav.envs.as2_test_env: Reset complete. Initial obs: [-0.81017673 -0.1425875   0.0258195  -0.9699513 ]
12:46:02 [INFO] rl_uav.envs.as2_test_env: Keeping drone airborne for velocity reset...
[ERROR] [1783161963.390350960] [drone0.drone0_interface]: Service returned failure
[ERROR] [1783161964.216522596] [drone0.drone0_interface]: Service returned failure
12:46:16 [INFO] rl_uav.envs.as2_test_env: Reset complete. Initial obs: [ 0.46512336 -0.5405717   0.06770895 -0.8892447 ]
-------------------------------------------
| rollout/                |               |
|    ep_len_mean          | 156           |
|    ep_rew_mean          | -66.1         |
|    success_rate         | 0.116         |
| time/                   |               |
|    fps                  | 3             |
|    iterations           | 21            |
|    time_elapsed         | 2986          |
|    total_timesteps      | 10752         |
| train/                  |               |
|    approx_kl            | 0.00013724167 |
|    clip_fraction        | 0             |
|    clip_range           | 0.2           |
|    entropy_loss         | -5.99         |
|    explained_variance   | 0.0594        |
|    learning_rate        | 3e-05         |
|    loss                 | 26.3          |
|    n_updates            | 100           |
|    policy_gradient_loss | -0.00206      |
|    std                  | 0.998         |
|    value_loss           | 50.9          |
-------------------------------------------
12:46:57 [INFO] rl_uav.envs.as2_test_env: Keeping drone airborne for velocity reset...
[ERROR] [1783162018.800401800] [drone0.drone0_interface]: Service returned failure
[ERROR] [1783162019.640448177] [drone0.drone0_interface]: Service returned failure
12:47:12 [INFO] rl_uav.envs.as2_test_env: Reset complete. Initial obs: [-0.33165416  0.21659337  0.06756771  0.28220376]
12:47:19 [INFO] rl_uav.envs.as2_test_env: Keeping drone airborne for velocity reset...
[ERROR] [1783162040.716542727] [drone0.drone0_interface]: Service returned failure
[ERROR] [1783162041.568154744] [drone0.drone0_interface]: Service returned failure
12:47:31 [INFO] rl_uav.envs.as2_test_env: Reset complete. Initial obs: [-0.54453045  0.04832672 -0.12520958 -0.1926545 ]
12:47:47 [INFO] rl_uav.envs.as2_test_env: Keeping drone airborne for velocity reset...
[ERROR] [1783162068.413776373] [drone0.drone0_interface]: Service returned failure
[ERROR] [1783162069.274094525] [drone0.drone0_interface]: Service returned failure
12:47:59 [INFO] rl_uav.envs.as2_test_env: Reset complete. Initial obs: [-0.49200884 -0.38493237  0.01387712 -0.8164654 ]
12:48:02 [WARNING] rl_uav.envs.as2_test_env: Skipping velocity reset; simulator service reset required (terminal_out_of_bounds)
[ERROR] [1783162083.429315451] [drone0.drone0_interface]: Service returned failure
[ERROR] [1783162084.301804210] [drone0.drone0_interface]: Service returned failure
12:48:11 [INFO] rl_uav.envs.as2_test_env: Reset complete. Initial obs: [0.91352516 0.07491259 0.02128009 0.4029683 ]
12:48:13 [WARNING] rl_uav.envs.as2_test_env: Reset started at valid low altitude z=0.491; climbing to hover 1.400m with bounded velocity recovery
12:48:15 [WARNING] rl_uav.envs.as2_test_env: Skipping velocity reset; simulator service reset required (terminal_out_of_bounds)
[ERROR] [1783162096.848806072] [drone0.drone0_interface]: Service returned failure
[ERROR] [1783162097.732371571] [drone0.drone0_interface]: Service returned failure
12:48:24 [INFO] rl_uav.envs.as2_test_env: Reset complete. Initial obs: [ 0.54833287  0.38703647 -0.04190903 -0.79728687]
12:48:30 [WARNING] rl_uav.envs.as2_test_env: Reset started at valid low altitude z=0.466; climbing to hover 1.400m with bounded velocity recovery
12:48:32 [WARNING] rl_uav.envs.as2_test_env: Skipping velocity reset; simulator service reset required (terminal_out_of_bounds)
[ERROR] [1783162113.958896716] [drone0.drone0_interface]: Service returned failure
[ERROR] [1783162114.855274160] [drone0.drone0_interface]: Service returned failure
12:48:41 [INFO] rl_uav.envs.as2_test_env: Reset complete. Initial obs: [ 0.76931626  0.10573381  0.01846064 -0.38645235]
12:48:48 [WARNING] rl_uav.envs.as2_test_env: Skipping velocity reset; simulator service reset required (terminal_out_of_bounds)
[ERROR] [1783162129.469493105] [drone0.drone0_interface]: Service returned failure
[ERROR] [1783162130.378858940] [drone0.drone0_interface]: Service returned failure
12:48:57 [INFO] rl_uav.envs.as2_test_env: Reset complete. Initial obs: [ 0.33761364  0.2696007  -0.150126    0.9546752 ]
12:49:16 [WARNING] rl_uav.envs.as2_test_env: Skipping velocity reset; simulator service reset required (terminal_out_of_bounds)
[ERROR] [1783162157.680847312] [drone0.drone0_interface]: Service returned failure
[ERROR] [1783162158.603957043] [drone0.drone0_interface]: Service returned failure
12:49:25 [INFO] rl_uav.envs.as2_test_env: Reset complete. Initial obs: [-1.07556954e-01  6.79194331e-01 -4.18339914e-04  1.51372790e-01]
------------------------------------------
| rollout/                |              |
|    ep_len_mean          | 146          |
|    ep_rew_mean          | -62.6        |
|    success_rate         | 0.13         |
| time/                   |              |
|    fps                  | 3            |
|    iterations           | 22           |
|    time_elapsed         | 3182         |
|    total_timesteps      | 11264        |
| train/                  |              |
|    approx_kl            | 0.0001504072 |
|    clip_fraction        | 0            |
|    clip_range           | 0.2          |
|    entropy_loss         | -5.55        |
|    explained_variance   | 0.113        |
|    learning_rate        | 3e-05        |
|    loss                 | 20.1         |
|    n_updates            | 105          |
|    policy_gradient_loss | -0.00241     |
|    std                  | 0.998        |
|    value_loss           | 44.4         |
------------------------------------------
12:50:07 [INFO] rl_uav.envs.as2_test_env: Keeping drone airborne for velocity reset...
[ERROR] [1783162208.694764815] [drone0.drone0_interface]: Service returned failure
[ERROR] [1783162209.623599776] [drone0.drone0_interface]: Service returned failure
12:50:19 [INFO] rl_uav.envs.as2_test_env: Reset complete. Initial obs: [ 0.30258086 -0.9099599  -0.14269796 -0.6714297 ]
12:50:41 [WARNING] rl_uav.envs.as2_test_env: Reset started at valid low altitude z=0.395; climbing to hover 1.400m with bounded velocity recovery
12:50:43 [WARNING] rl_uav.envs.as2_test_env: Skipping velocity reset; simulator service reset required (terminal_out_of_bounds)
[ERROR] [1783162244.902388381] [drone0.drone0_interface]: Service returned failure
[ERROR] [1783162245.842104003] [drone0.drone0_interface]: Service returned failure
12:50:53 [INFO] rl_uav.envs.as2_test_env: Reset complete. Initial obs: [ 0.49869835  0.54192376 -0.16202272  0.5035813 ]
12:51:18 [WARNING] rl_uav.envs.as2_test_env: Skipping velocity reset; simulator service reset required (terminal_out_of_bounds)
[ERROR] [1783162280.414670001] [drone0.drone0_interface]: Service returned failure
[ERROR] [1783162281.364008327] [drone0.drone0_interface]: Service returned failure
12:51:28 [INFO] rl_uav.envs.as2_test_env: Reset complete. Initial obs: [-0.65207547 -0.5733576   0.05034539 -0.30359975]
12:51:52 [WARNING] rl_uav.envs.as2_test_env: Reset started at valid low altitude z=0.454; climbing to hover 1.400m with bounded velocity recovery
12:51:55 [WARNING] rl_uav.envs.as2_test_env: Skipping velocity reset; simulator service reset required (terminal_out_of_bounds)
[ERROR] [1783162316.713867345] [drone0.drone0_interface]: Service returned failure
[ERROR] [1783162317.673286156] [drone0.drone0_interface]: Service returned failure
12:52:05 [INFO] rl_uav.envs.as2_test_env: Reset complete. Initial obs: [0.52591646 0.43816286 0.15306756 0.41110152]
------------------------------------------
| rollout/                |              |
|    ep_len_mean          | 145          |
|    ep_rew_mean          | -62.8        |
|    success_rate         | 0.123        |
| time/                   |              |
|    fps                  | 3            |
|    iterations           | 23           |
|    time_elapsed         | 3334         |
|    total_timesteps      | 11776        |
| train/                  |              |
|    approx_kl            | 0.0010155614 |
|    clip_fraction        | 0.00273      |
|    clip_range           | 0.2          |
|    entropy_loss         | -5.85        |
|    explained_variance   | 0.155        |
|    learning_rate        | 3e-05        |
|    loss                 | 29.1         |
|    n_updates            | 110          |
|    policy_gradient_loss | 0.00724      |
|    std                  | 0.998        |
|    value_loss           | 68.2         |
------------------------------------------
12:52:18 [WARNING] rl_uav.envs.as2_test_env: Reset started at valid low altitude z=0.496; climbing to hover 1.400m with bounded velocity recovery
12:52:21 [WARNING] rl_uav.envs.as2_test_env: Skipping velocity reset; simulator service reset required (terminal_out_of_bounds)
[ERROR] [1783162342.837873535] [drone0.drone0_interface]: Service returned failure
[ERROR] [1783162343.809202063] [drone0.drone0_interface]: Service returned failure
12:52:31 [INFO] rl_uav.envs.as2_test_env: Reset complete. Initial obs: [0.58066726 0.55000854 0.06220452 0.1687987 ]
12:52:57 [WARNING] rl_uav.envs.as2_test_env: Skipping velocity reset; simulator service reset required (terminal_out_of_bounds)
[ERROR] [1783162378.518906417] [drone0.drone0_interface]: Service returned failure
[ERROR] [1783162379.467670195] [drone0.drone0_interface]: Service returned failure
12:53:06 [INFO] rl_uav.envs.as2_test_env: Reset complete. Initial obs: [-0.40164164 -0.763735    0.127572    0.13001956]
12:53:15 [WARNING] rl_uav.envs.as2_test_env: Skipping velocity reset; simulator service reset required (terminal_out_of_bounds)
[ERROR] [1783162396.911300421] [drone0.drone0_interface]: Service returned failure
[ERROR] [1783162397.856269957] [drone0.drone0_interface]: Service returned failure
12:53:25 [INFO] rl_uav.envs.as2_test_env: Reset complete. Initial obs: [-0.397112    0.36789492  0.07372633  0.5319353 ]
12:53:30 [WARNING] rl_uav.envs.as2_test_env: Skipping velocity reset; simulator service reset required (terminal_out_of_bounds)
[ERROR] [1783162412.208526794] [drone0.drone0_interface]: Service returned failure
[ERROR] [1783162413.180827897] [drone0.drone0_interface]: Service returned failure
12:53:40 [INFO] rl_uav.envs.as2_test_env: Reset complete. Initial obs: [ 0.76339316 -0.28590313  0.00730445  0.7131748 ]
12:53:51 [WARNING] rl_uav.envs.as2_test_env: Skipping velocity reset; simulator service reset required (terminal_out_of_bounds)
[ERROR] [1783162433.264755612] [drone0.drone0_interface]: Service returned failure
[ERROR] [1783162434.262271450] [drone0.drone0_interface]: Service returned failure
12:54:01 [INFO] rl_uav.envs.as2_test_env: Reset complete. Initial obs: [ 0.01351705  0.2776331   0.05516366 -0.7972114 ]
12:54:26 [INFO] rl_uav.envs.as2_test_env: Keeping drone airborne for velocity reset...
12:54:26 [WARNING] rl_uav.envs.as2_test_env: Reset started at valid low altitude z=1.070; climbing to hover 1.400m with bounded velocity recovery
[ERROR] [1783162469.739379708] [drone0.drone0_interface]: Service returned failure
[ERROR] [1783162470.727771438] [drone0.drone0_interface]: Service returned failure
12:54:43 [INFO] rl_uav.envs.as2_test_env: Reset complete. Initial obs: [ 0.42409086  0.6695782  -0.17786312  0.04486805]
12:54:47 [WARNING] rl_uav.envs.as2_test_env: Skipping velocity reset; simulator service reset required (terminal_out_of_bounds)
[ERROR] [1783162488.901579017] [drone0.drone0_interface]: Service returned failure
[ERROR] [1783162489.939152639] [drone0.drone0_interface]: Service returned failure
12:54:58 [INFO] rl_uav.envs.as2_test_env: Reset complete. Initial obs: [ 0.72869253 -0.21336575 -0.09301765 -0.77416354]
-----------------------------------------
| rollout/                |             |
|    ep_len_mean          | 139         |
|    ep_rew_mean          | -60.4       |
|    success_rate         | 0.125       |
| time/                   |             |
|    fps                  | 3           |
|    iterations           | 24          |
|    time_elapsed         | 3519        |
|    total_timesteps      | 12288       |
| train/                  |             |
|    approx_kl            | 0.000624573 |
|    clip_fraction        | 0.00352     |
|    clip_range           | 0.2         |
|    entropy_loss         | -5.39       |
|    explained_variance   | 0.51        |
|    learning_rate        | 3e-05       |
|    loss                 | 21.9        |
|    n_updates            | 115         |
|    policy_gradient_loss | -0.00149    |
|    std                  | 0.998       |
|    value_loss           | 41          |
-----------------------------------------
12:55:39 [INFO] rl_uav.envs.as2_test_env: Keeping drone airborne for velocity reset...
[ERROR] [1783162541.220361139] [drone0.drone0_interface]: Service returned failure
[ERROR] [1783162542.282988132] [drone0.drone0_interface]: Service returned failure
12:55:56 [INFO] rl_uav.envs.as2_test_env: Reset complete. Initial obs: [-0.12458707  0.6438857   0.08584923 -0.21896635]
12:56:37 [INFO] rl_uav.envs.as2_test_env: Keeping drone airborne for velocity reset...
12:56:37 [WARNING] rl_uav.envs.as2_test_env: Reset started at valid low altitude z=1.089; climbing to hover 1.400m with bounded velocity recovery
[ERROR] [1783162602.130931231] [drone0.drone0_interface]: Service returned failure
[ERROR] [1783162603.193936138] [drone0.drone0_interface]: Service returned failure
12:56:59 [INFO] rl_uav.envs.as2_test_env: Reset complete. Initial obs: [-0.0412564  -0.24926065 -0.13578723  0.6217246 ]
12:57:04 [WARNING] rl_uav.envs.as2_test_env: Reset started at valid low altitude z=0.396; climbing to hover 1.400m with bounded velocity recovery
12:57:07 [WARNING] rl_uav.envs.as2_test_env: Skipping velocity reset; simulator service reset required (terminal_out_of_bounds)
[ERROR] [1783162628.736010491] [drone0.drone0_interface]: Service returned failure
[ERROR] [1783162629.812670876] [drone0.drone0_interface]: Service returned failure
12:57:14 [INFO] rl_uav.envs.as2_test_env: Reset complete. Initial obs: [ 0.5021929  -0.42468652  0.05297118 -0.9838343 ]
12:57:20 [WARNING] rl_uav.envs.as2_test_env: Skipping velocity reset; simulator service reset required (terminal_out_of_bounds)
[ERROR] [1783162642.146021764] [drone0.drone0_interface]: Service returned failure
[ERROR] [1783162643.229010958] [drone0.drone0_interface]: Service returned failure
12:57:31 [INFO] rl_uav.envs.as2_test_env: Reset complete. Initial obs: [0.23929766 0.1046342  0.05465214 0.66482574]
12:57:36 [WARNING] rl_uav.envs.as2_test_env: Skipping velocity reset; simulator service reset required (terminal_out_of_bounds)
[ERROR] [1783162658.354001397] [drone0.drone0_interface]: Service returned failure
[ERROR] [1783162659.441493555] [drone0.drone0_interface]: Service returned failure
12:57:47 [INFO] rl_uav.envs.as2_test_env: Reset complete. Initial obs: [-0.09695215  0.3369034   0.14109708  0.7293204 ]
12:57:55 [WARNING] rl_uav.envs.as2_test_env: Reset started at valid low altitude z=0.428; climbing to hover 1.400m with bounded velocity recovery
12:57:58 [WARNING] rl_uav.envs.as2_test_env: Skipping velocity reset; simulator service reset required (terminal_out_of_bounds)
[ERROR] [1783162679.569261690] [drone0.drone0_interface]: Service returned failure
[ERROR] [1783162680.669155877] [drone0.drone0_interface]: Service returned failure
12:58:05 [INFO] rl_uav.envs.as2_test_env: Reset complete. Initial obs: [ 0.25398895 -0.28008854 -0.17676589 -0.62619007]
-------------------------------------------
| rollout/                |               |
|    ep_len_mean          | 135           |
|    ep_rew_mean          | -59.3         |
|    success_rate         | 0.117         |
| time/                   |               |
|    fps                  | 3             |
|    iterations           | 25            |
|    time_elapsed         | 3707          |
|    total_timesteps      | 12800         |
| train/                  |               |
|    approx_kl            | 0.00047369907 |
|    clip_fraction        | 0             |
|    clip_range           | 0.2           |
|    entropy_loss         | -5.66         |
|    explained_variance   | 0.199         |
|    learning_rate        | 3e-05         |
|    loss                 | 23.8          |
|    n_updates            | 120           |
|    policy_gradient_loss | -0.00261      |
|    std                  | 0.998         |
|    value_loss           | 50.2          |
-------------------------------------------
12:58:37 [WARNING] rl_uav.envs.as2_test_env: Skipping velocity reset; simulator service reset required (terminal_out_of_bounds)
[ERROR] [1783162718.975276719] [drone0.drone0_interface]: Service returned failure
[ERROR] [1783162720.087747088] [drone0.drone0_interface]: Service returned failure
12:58:45 [INFO] rl_uav.envs.as2_test_env: Reset complete. Initial obs: [ 0.38758323 -0.44308734 -0.06060147 -0.89698225]
12:59:04 [WARNING] rl_uav.envs.as2_test_env: Skipping velocity reset; simulator service reset required (terminal_out_of_bounds)
[ERROR] [1783162746.583919999] [drone0.drone0_interface]: Service returned failure
[ERROR] [1783162747.701888198] [drone0.drone0_interface]: Service returned failure
12:59:12 [INFO] rl_uav.envs.as2_test_env: Reset complete. Initial obs: [ 0.367952   -0.6447865  -0.05111385 -0.67834914]
12:59:16 [WARNING] rl_uav.envs.as2_test_env: Reset started at valid low altitude z=0.483; climbing to hover 1.400m with bounded velocity recovery
12:59:19 [WARNING] rl_uav.envs.as2_test_env: Skipping velocity reset; simulator service reset required (terminal_out_of_bounds)
[ERROR] [1783162760.889447490] [drone0.drone0_interface]: Service returned failure
[ERROR] [1783162762.020505626] [drone0.drone0_interface]: Service returned failure
12:59:27 [INFO] rl_uav.envs.as2_test_env: Reset complete. Initial obs: [-0.20336214  0.9327266  -0.09058922  0.19051522]
12:59:49 [WARNING] rl_uav.envs.as2_test_env: Skipping velocity reset; simulator service reset required (terminal_out_of_bounds)
[ERROR] [1783162791.299608265] [drone0.drone0_interface]: Service returned failure
[ERROR] [1783162792.436856773] [drone0.drone0_interface]: Service returned failure
13:00:00 [INFO] rl_uav.envs.as2_test_env: Reset complete. Initial obs: [ 0.7588452  -0.513702   -0.17034703 -0.1133003 ]
13:00:42 [INFO] rl_uav.envs.as2_test_env: Keeping drone airborne for velocity reset...
[ERROR] [1783162843.509371312] [drone0.drone0_interface]: Service returned failure
[ERROR] [1783162844.663810460] [drone0.drone0_interface]: Service returned failure
13:00:57 [INFO] rl_uav.envs.as2_test_env: Reset complete. Initial obs: [-0.07232539 -0.90064096 -0.09363233 -0.6737118 ]
-------------------------------------------
| rollout/                |               |
|    ep_len_mean          | 134           |
|    ep_rew_mean          | -59.9         |
|    success_rate         | 0.111         |
| time/                   |               |
|    fps                  | 3             |
|    iterations           | 26            |
|    time_elapsed         | 3866          |
|    total_timesteps      | 13312         |
| train/                  |               |
|    approx_kl            | 0.00039775844 |
|    clip_fraction        | 0             |
|    clip_range           | 0.2           |
|    entropy_loss         | -5.2          |
|    explained_variance   | 0.297         |
|    learning_rate        | 3e-05         |
|    loss                 | 19.1          |
|    n_updates            | 125           |
|    policy_gradient_loss | -0.00113      |
|    std                  | 0.998         |
|    value_loss           | 35.3          |
-------------------------------------------
13:01:29 [WARNING] rl_uav.envs.as2_test_env: Skipping velocity reset; simulator service reset required (terminal_out_of_bounds)
[ERROR] [1783162891.204133209] [drone0.drone0_interface]: Service returned failure
[ERROR] [1783162892.363575335] [drone0.drone0_interface]: Service returned failure
13:01:37 [INFO] rl_uav.envs.as2_test_env: Reset complete. Initial obs: [-0.48917055  0.32919088 -0.1158931  -0.547026  ]
13:01:41 [WARNING] rl_uav.envs.as2_test_env: Reset started at valid low altitude z=0.476; climbing to hover 1.400m with bounded velocity recovery
13:01:44 [WARNING] rl_uav.envs.as2_test_env: Skipping velocity reset; simulator service reset required (terminal_out_of_bounds)
[ERROR] [1783162906.629663660] [drone0.drone0_interface]: Service returned failure
[ERROR] [1783162907.798440309] [drone0.drone0_interface]: Service returned failure
13:01:53 [INFO] rl_uav.envs.as2_test_env: Reset complete. Initial obs: [0.15096265 0.17722093 0.14048561 0.1935301 ]
13:02:11 [WARNING] rl_uav.envs.as2_test_env: Reset started at valid low altitude z=0.463; climbing to hover 1.400m with bounded velocity recovery
13:02:15 [WARNING] rl_uav.envs.as2_test_env: Skipping velocity reset; simulator service reset required (terminal_out_of_bounds)
[ERROR] [1783162936.638767553] [drone0.drone0_interface]: Service returned failure
[ERROR] [1783162937.814253570] [drone0.drone0_interface]: Service returned failure
13:02:23 [INFO] rl_uav.envs.as2_test_env: Reset complete. Initial obs: [-0.36057225  0.7469356  -0.05890707  0.70448273]
13:02:30 [WARNING] rl_uav.envs.as2_test_env: Reset started at valid low altitude z=0.443; climbing to hover 1.400m with bounded velocity recovery
13:02:33 [WARNING] rl_uav.envs.as2_test_env: Skipping velocity reset; simulator service reset required (terminal_out_of_bounds)
[ERROR] [1783162955.629793142] [drone0.drone0_interface]: Service returned failure
[ERROR] [1783162956.811575778] [drone0.drone0_interface]: Service returned failure
13:02:42 [INFO] rl_uav.envs.as2_test_env: Reset complete. Initial obs: [ 0.29594246 -0.12666585 -0.12096981 -0.20097989]
13:02:48 [WARNING] rl_uav.envs.as2_test_env: Skipping velocity reset; simulator service reset required (terminal_out_of_bounds)
[ERROR] [1783162970.247049682] [drone0.drone0_interface]: Service returned failure
[ERROR] [1783162971.439484960] [drone0.drone0_interface]: Service returned failure
13:02:56 [INFO] rl_uav.envs.as2_test_env: Reset complete. Initial obs: [ 0.51936626  0.7667657   0.01178568 -0.3168422 ]
13:02:59 [WARNING] rl_uav.envs.as2_test_env: Skipping velocity reset; simulator service reset required (terminal_out_of_bounds)
[ERROR] [1783162981.140907148] [drone0.drone0_interface]: Service returned failure
[ERROR] [1783162982.325954040] [drone0.drone0_interface]: Service returned failure
13:03:07 [INFO] rl_uav.envs.as2_test_env: Reset complete. Initial obs: [0.5701456  0.35435227 0.08631761 0.56339717]
13:03:38 [WARNING] rl_uav.envs.as2_test_env: Skipping velocity reset; simulator service reset required (terminal_out_of_bounds)
[ERROR] [1783163020.859367508] [drone0.drone0_interface]: Service returned failure
[ERROR] [1783163022.068022217] [drone0.drone0_interface]: Service returned failure
13:03:47 [INFO] rl_uav.envs.as2_test_env: Reset complete. Initial obs: [-0.3011739  -0.10099022  0.01968778 -0.9682758 ]
------------------------------------------
| rollout/                |              |
|    ep_len_mean          | 128          |
|    ep_rew_mean          | -59.7        |
|    success_rate         | 0.09         |
| time/                   |              |
|    fps                  | 3            |
|    iterations           | 27           |
|    time_elapsed         | 4040         |
|    total_timesteps      | 13824        |
| train/                  |              |
|    approx_kl            | 8.463324e-05 |
|    clip_fraction        | 0            |
|    clip_range           | 0.2          |
|    entropy_loss         | -6.15        |
|    explained_variance   | 0.232        |
|    learning_rate        | 3e-05        |
|    loss                 | 37           |
|    n_updates            | 130          |
|    policy_gradient_loss | -0.000305    |
|    std                  | 0.998        |
|    value_loss           | 69.4         |
------------------------------------------
13:03:54 [WARNING] rl_uav.envs.as2_test_env: Reset started at valid low altitude z=0.457; climbing to hover 1.400m with bounded velocity recovery
13:03:58 [WARNING] rl_uav.envs.as2_test_env: Skipping velocity reset; simulator service reset required (terminal_out_of_bounds)
[ERROR] [1783163039.971052397] [drone0.drone0_interface]: Service returned failure
[ERROR] [1783163041.179774621] [drone0.drone0_interface]: Service returned failure
13:04:06 [INFO] rl_uav.envs.as2_test_env: Reset complete. Initial obs: [ 0.13964505 -0.76694494  0.03882272 -0.91998416]
13:04:38 [WARNING] rl_uav.envs.as2_test_env: Reset started at valid low altitude z=0.414; climbing to hover 1.400m with bounded velocity recovery
13:04:41 [WARNING] rl_uav.envs.as2_test_env: Skipping velocity reset; simulator service reset required (terminal_out_of_bounds)
[ERROR] [1783163083.885816494] [drone0.drone0_interface]: Service returned failure
[ERROR] [1783163085.104742162] [drone0.drone0_interface]: Service returned failure
13:04:54 [INFO] rl_uav.envs.as2_test_env: Reset complete. Initial obs: [-0.72383493 -0.00881449 -0.17398973 -0.08110172]
13:05:35 [INFO] rl_uav.envs.as2_test_env: Keeping drone airborne for velocity reset...
13:05:35 [WARNING] rl_uav.envs.as2_test_env: Reset started at valid low altitude z=0.867; climbing to hover 1.400m with bounded velocity recovery
[ERROR] [1783163139.799895771] [drone0.drone0_interface]: Service returned failure
[ERROR] [1783163141.036713243] [drone0.drone0_interface]: Service returned failure
13:05:58 [INFO] rl_uav.envs.as2_test_env: Reset complete. Initial obs: [ 0.18160231  0.97393143 -0.20785955  0.6911742 ]
13:06:05 [WARNING] rl_uav.envs.as2_test_env: Reset started at valid low altitude z=0.470; climbing to hover 1.400m with bounded velocity recovery
13:06:08 [WARNING] rl_uav.envs.as2_test_env: Skipping velocity reset; simulator service reset required (terminal_out_of_bounds)
[ERROR] [1783163170.201298918] [drone0.drone0_interface]: Service returned failure
[ERROR] [1783163171.446010401] [drone0.drone0_interface]: Service returned failure
13:06:19 [INFO] rl_uav.envs.as2_test_env: Reset complete. Initial obs: [-0.44853348 -0.00085681  0.03108945 -0.45925194]
13:06:38 [WARNING] rl_uav.envs.as2_test_env: Reset started at valid low altitude z=0.402; climbing to hover 1.400m with bounded velocity recovery
13:06:41 [WARNING] rl_uav.envs.as2_test_env: Skipping velocity reset; simulator service reset required (terminal_out_of_bounds)
[ERROR] [1783163203.917276971] [drone0.drone0_interface]: Service returned failure
[ERROR] [1783163205.174872216] [drone0.drone0_interface]: Service returned failure
13:06:50 [INFO] rl_uav.envs.as2_test_env: Reset complete. Initial obs: [ 0.04025096 -0.75318146 -0.0927152  -0.37438107]
13:06:52 [WARNING] rl_uav.envs.as2_test_env: Reset started at valid low altitude z=0.436; climbing to hover 1.400m with bounded velocity recovery
13:06:55 [WARNING] rl_uav.envs.as2_test_env: Skipping velocity reset; simulator service reset required (terminal_out_of_bounds)
[ERROR] [1783163217.618486762] [drone0.drone0_interface]: Service returned failure
[ERROR] [1783163218.879762689] [drone0.drone0_interface]: Service returned failure
13:07:08 [INFO] rl_uav.envs.as2_test_env: Reset complete. Initial obs: [-0.7118611   0.34548888  0.14631407 -0.10120382]
-------------------------------------------
| rollout/                |               |
|    ep_len_mean          | 121           |
|    ep_rew_mean          | -57.7         |
|    success_rate         | 0.09          |
| time/                   |               |
|    fps                  | 3             |
|    iterations           | 28            |
|    time_elapsed         | 4239          |
|    total_timesteps      | 14336         |
| train/                  |               |
|    approx_kl            | 0.00022983644 |
|    clip_fraction        | 0             |
|    clip_range           | 0.2           |
|    entropy_loss         | -5.89         |
|    explained_variance   | 0.466         |
|    learning_rate        | 3e-05         |
|    loss                 | 33.9          |
|    n_updates            | 135           |
|    policy_gradient_loss | -0.00423      |
|    std                  | 0.998         |
|    value_loss           | 56.6          |
-------------------------------------------
13:07:13 [WARNING] rl_uav.envs.as2_test_env: Reset started at valid low altitude z=0.478; climbing to hover 1.400m with bounded velocity recovery
13:07:16 [WARNING] rl_uav.envs.as2_test_env: Skipping velocity reset; simulator service reset required (terminal_out_of_bounds)
[ERROR] [1783163238.529101637] [drone0.drone0_interface]: Service returned failure
[ERROR] [1783163239.797351424] [drone0.drone0_interface]: Service returned failure
13:07:28 [INFO] rl_uav.envs.as2_test_env: Reset complete. Initial obs: [ 0.20834033  0.4321031   0.04495716 -0.23291335]
13:08:09 [INFO] rl_uav.envs.as2_test_env: Keeping drone airborne for velocity reset...
[ERROR] [1783163291.549716994] [drone0.drone0_interface]: Service returned failure
[ERROR] [1783163292.827784583] [drone0.drone0_interface]: Service returned failure
13:08:22 [INFO] rl_uav.envs.as2_test_env: Reset complete. Initial obs: [ 0.25381097 -0.5310734  -0.01507145 -0.8882264 ]
13:08:33 [WARNING] rl_uav.envs.as2_test_env: Skipping velocity reset; simulator service reset required (terminal_out_of_bounds)
[ERROR] [1783163315.860257206] [drone0.drone0_interface]: Service returned failure
[ERROR] [1783163317.155926642] [drone0.drone0_interface]: Service returned failure
13:08:45 [INFO] rl_uav.envs.as2_test_env: Reset complete. Initial obs: [-0.49188307  0.3984301  -0.206343   -0.2011063 ]
13:08:47 [WARNING] rl_uav.envs.as2_test_env: Reset started at valid low altitude z=0.402; climbing to hover 1.400m with bounded velocity recovery
13:08:50 [WARNING] rl_uav.envs.as2_test_env: Skipping velocity reset; simulator service reset required (terminal_out_of_bounds)
[ERROR] [1783163332.271293027] [drone0.drone0_interface]: Service returned failure
[ERROR] [1783163333.580609403] [drone0.drone0_interface]: Service returned failure
13:09:02 [INFO] rl_uav.envs.as2_test_env: Reset complete. Initial obs: [-0.256104   -0.66026044 -0.07379062  0.21738254]
13:09:31 [WARNING] rl_uav.envs.as2_test_env: Reset started at valid low altitude z=0.466; climbing to hover 1.400m with bounded velocity recovery
13:09:34 [WARNING] rl_uav.envs.as2_test_env: Skipping velocity reset; simulator service reset required (terminal_out_of_bounds)
[ERROR] [1783163376.966988414] [drone0.drone0_interface]: Service returned failure
[ERROR] [1783163378.288900860] [drone0.drone0_interface]: Service returned failure
13:09:47 [INFO] rl_uav.envs.as2_test_env: Reset complete. Initial obs: [ 0.0958474  -0.13817176 -0.10842404 -0.8143208 ]
13:09:57 [INFO] rl_uav.envs.as2_test_env: Keeping drone airborne for velocity reset...
[ERROR] [1783163399.582820090] [drone0.drone0_interface]: Service returned failure
[ERROR] [1783163400.907773806] [drone0.drone0_interface]: Service returned failure
13:10:13 [INFO] rl_uav.envs.as2_test_env: Reset complete. Initial obs: [ 0.4148852  -0.5742408  -0.08055345  0.24641654]
13:10:24 [WARNING] rl_uav.envs.as2_test_env: Skipping velocity reset; simulator service reset required (terminal_out_of_bounds)
[ERROR] [1783163426.200450808] [drone0.drone0_interface]: Service returned failure
[ERROR] [1783163427.545406470] [drone0.drone0_interface]: Service returned failure
13:10:36 [INFO] rl_uav.envs.as2_test_env: Reset complete. Initial obs: [ 0.12821437 -0.23359378  0.08005433  0.5813504 ]
-------------------------------------------
| rollout/                |               |
|    ep_len_mean          | 113           |
|    ep_rew_mean          | -54.1         |
|    success_rate         | 0.1           |
| time/                   |               |
|    fps                  | 3             |
|    iterations           | 29            |
|    time_elapsed         | 4444          |
|    total_timesteps      | 14848         |
| train/                  |               |
|    approx_kl            | 0.00031973317 |
|    clip_fraction        | 0             |
|    clip_range           | 0.2           |
|    entropy_loss         | -6.28         |
|    explained_variance   | 0.162         |
|    learning_rate        | 3e-05         |
|    loss                 | 20.1          |
|    n_updates            | 140           |
|    policy_gradient_loss | 0.000861      |
|    std                  | 0.998         |
|    value_loss           | 46.3          |
-------------------------------------------
13:11:00 [WARNING] rl_uav.envs.as2_test_env: Skipping velocity reset; simulator service reset required (terminal_out_of_bounds)
[ERROR] [1783163462.202263778] [drone0.drone0_interface]: Service returned failure
[ERROR] [1783163463.550764449] [drone0.drone0_interface]: Service returned failure
13:11:12 [INFO] rl_uav.envs.as2_test_env: Reset complete. Initial obs: [ 0.8319242  -0.1587881  -0.13232926 -0.44000137]
13:11:38 [WARNING] rl_uav.envs.as2_test_env: Skipping velocity reset; simulator service reset required (terminal_out_of_bounds)
[ERROR] [1783163500.621025294] [drone0.drone0_interface]: Service returned failure
[ERROR] [1783163501.987364293] [drone0.drone0_interface]: Service returned failure
13:11:51 [INFO] rl_uav.envs.as2_test_env: Reset complete. Initial obs: [-0.12447713 -0.5711284   0.03576127  0.11681597]
13:12:12 [WARNING] rl_uav.envs.as2_test_env: Skipping velocity reset; simulator service reset required (terminal_out_of_bounds)
[ERROR] [1783163534.740545079] [drone0.drone0_interface]: Service returned failure
[ERROR] [1783163536.109370394] [drone0.drone0_interface]: Service returned failure
13:12:25 [INFO] rl_uav.envs.as2_test_env: Reset complete. Initial obs: [0.582892   0.7093523  0.07917813 0.00335557]
13:12:47 [WARNING] rl_uav.envs.as2_test_env: Skipping velocity reset; simulator service reset required (terminal_out_of_bounds)
[ERROR] [1783163569.746398931] [drone0.drone0_interface]: Service returned failure
[ERROR] [1783163571.134343354] [drone0.drone0_interface]: Service returned failure
13:13:00 [INFO] rl_uav.envs.as2_test_env: Reset complete. Initial obs: [-0.42798713  0.04466641 -0.17921065 -0.24403825]
13:13:02 [WARNING] rl_uav.envs.as2_test_env: Reset started at valid low altitude z=0.410; climbing to hover 1.400m with bounded velocity recovery
13:13:06 [WARNING] rl_uav.envs.as2_test_env: Skipping velocity reset; simulator service reset required (terminal_out_of_bounds)
[ERROR] [1783163588.657228204] [drone0.drone0_interface]: Service returned failure
[ERROR] [1783163590.055866112] [drone0.drone0_interface]: Service returned failure
13:13:19 [INFO] rl_uav.envs.as2_test_env: Reset complete. Initial obs: [-0.21584873  0.38710466  0.18837517  0.84796464]
13:13:29 [WARNING] rl_uav.envs.as2_test_env: Reset started at valid low altitude z=0.484; climbing to hover 1.400m with bounded velocity recovery
13:13:32 [WARNING] rl_uav.envs.as2_test_env: Skipping velocity reset; simulator service reset required (terminal_out_of_bounds)
[ERROR] [1783163614.869544397] [drone0.drone0_interface]: Service returned failure
[ERROR] [1783163616.278928687] [drone0.drone0_interface]: Service returned failure
13:13:45 [INFO] rl_uav.envs.as2_test_env: Reset complete. Initial obs: [ 0.56858224  0.26136056  0.11075454 -0.42494518]
-------------------------------------------
| rollout/                |               |
|    ep_len_mean          | 107           |
|    ep_rew_mean          | -51.8         |
|    success_rate         | 0.09          |
| time/                   |               |
|    fps                  | 3             |
|    iterations           | 30            |
|    time_elapsed         | 4633          |
|    total_timesteps      | 15360         |
| train/                  |               |
|    approx_kl            | 0.00037509634 |
|    clip_fraction        | 0             |
|    clip_range           | 0.2           |
|    entropy_loss         | -5.5          |
|    explained_variance   | 0.153         |
|    learning_rate        | 3e-05         |
|    loss                 | 11.9          |
|    n_updates            | 145           |
|    policy_gradient_loss | -0.00055      |
|    std                  | 0.998         |
|    value_loss           | 32            |
-------------------------------------------
13:13:54 [WARNING] rl_uav.envs.as2_test_env: Skipping velocity reset; simulator service reset required (terminal_out_of_bounds)
[ERROR] [1783163636.582564849] [drone0.drone0_interface]: Service returned failure
[ERROR] [1783163637.989755634] [drone0.drone0_interface]: Service returned failure
13:14:07 [INFO] rl_uav.envs.as2_test_env: Reset complete. Initial obs: [-0.66457605  0.01831987 -0.00716625 -0.78281873]
13:14:11 [WARNING] rl_uav.envs.as2_test_env: Reset started at valid low altitude z=0.432; climbing to hover 1.400m with bounded velocity recovery
13:14:15 [WARNING] rl_uav.envs.as2_test_env: Skipping velocity reset; simulator service reset required (terminal_out_of_bounds)
[ERROR] [1783163657.493711565] [drone0.drone0_interface]: Service returned failure
[ERROR] [1783163658.924479080] [drone0.drone0_interface]: Service returned failure
13:14:28 [INFO] rl_uav.envs.as2_test_env: Reset complete. Initial obs: [-0.84591824  0.40494904  0.06194697  0.44800183]
13:15:09 [INFO] rl_uav.envs.as2_test_env: Keeping drone airborne for velocity reset...
[ERROR] [1783163712.004316752] [drone0.drone0_interface]: Service returned failure
[ERROR] [1783163713.444685474] [drone0.drone0_interface]: Service returned failure
13:15:33 [INFO] rl_uav.envs.as2_test_env: Reset complete. Initial obs: [ 0.0006416   0.4358157   0.01853581 -0.2855746 ]
13:15:57 [INFO] rl_uav.envs.as2_test_env: Keeping drone airborne for velocity reset...
[ERROR] [1783163759.222301890] [drone0.drone0_interface]: Service returned failure
[ERROR] [1783163760.676538892] [drone0.drone0_interface]: Service returned failure
13:16:13 [INFO] rl_uav.envs.as2_test_env: Reset complete. Initial obs: [-0.5687928   0.07996791  0.01417489  0.6980292 ]
13:16:18 [WARNING] rl_uav.envs.as2_test_env: Reset started at valid low altitude z=0.398; climbing to hover 1.400m with bounded velocity recovery
13:16:22 [WARNING] rl_uav.envs.as2_test_env: Skipping velocity reset; simulator service reset required (terminal_out_of_bounds)
[ERROR] [1783163784.913189152] [drone0.drone0_interface]: Service returned failure
[ERROR] [1783163786.382551706] [drone0.drone0_interface]: Service returned failure
13:16:36 [INFO] rl_uav.envs.as2_test_env: Reset complete. Initial obs: [0.80065006 0.11072492 0.15731107 0.0702793 ]
------------------------------------------
| rollout/                |              |
|    ep_len_mean          | 103          |
|    ep_rew_mean          | -51.9        |
|    success_rate         | 0.08         |
| time/                   |              |
|    fps                  | 3            |
|    iterations           | 31           |
|    time_elapsed         | 4826         |
|    total_timesteps      | 15872        |
| train/                  |              |
|    approx_kl            | 0.0013051971 |
|    clip_fraction        | 0.000391     |
|    clip_range           | 0.2          |
|    entropy_loss         | -5.77        |
|    explained_variance   | 0.492        |
|    learning_rate        | 3e-05        |
|    loss                 | 17.6         |
|    n_updates            | 150          |
|    policy_gradient_loss | -0.00826     |
|    std                  | 0.998        |
|    value_loss           | 37.8         |
------------------------------------------
13:16:59 [WARNING] rl_uav.envs.as2_test_env: Reset started at valid low altitude z=0.490; climbing to hover 1.400m with bounded velocity recovery
13:17:02 [WARNING] rl_uav.envs.as2_test_env: Skipping velocity reset; simulator service reset required (terminal_out_of_bounds)
[ERROR] [1783163825.129473440] [drone0.drone0_interface]: Service returned failure
[ERROR] [1783163826.604704286] [drone0.drone0_interface]: Service returned failure
13:17:16 [INFO] rl_uav.envs.as2_test_env: Reset complete. Initial obs: [-0.04463296  0.8568755  -0.02728036  0.15178087]
13:17:52 [WARNING] rl_uav.envs.as2_test_env: Reset started at valid low altitude z=0.319; climbing to hover 1.400m with bounded velocity recovery
13:17:56 [WARNING] rl_uav.envs.as2_test_env: Skipping velocity reset; simulator service reset required (terminal_out_of_bounds)
[ERROR] [1783163878.638697106] [drone0.drone0_interface]: Service returned failure
[ERROR] [1783163880.128827773] [drone0.drone0_interface]: Service returned failure
13:18:10 [INFO] rl_uav.envs.as2_test_env: Reset complete. Initial obs: [-0.3659871   0.15585151  0.01769364 -0.13134934]
13:18:46 [WARNING] rl_uav.envs.as2_test_env: Skipping velocity reset; simulator service reset required (terminal_out_of_bounds)
[ERROR] [1783163928.759499359] [drone0.drone0_interface]: Service returned failure
[ERROR] [1783163930.258404618] [drone0.drone0_interface]: Service returned failure
13:19:00 [INFO] rl_uav.envs.as2_test_env: Reset complete. Initial obs: [-0.591454    0.6511886   0.08111187 -0.036539  ]
-------------------------------------------
| rollout/                |               |
|    ep_len_mean          | 102           |
|    ep_rew_mean          | -52.3         |
|    success_rate         | 0.07          |
| time/                   |               |
|    fps                  | 3             |
|    iterations           | 32            |
|    time_elapsed         | 4980          |
|    total_timesteps      | 16384         |
| train/                  |               |
|    approx_kl            | 0.00077339495 |
|    clip_fraction        | 0             |
|    clip_range           | 0.2           |
|    entropy_loss         | -6.67         |
|    explained_variance   | 0.211         |
|    learning_rate        | 3e-05         |
|    loss                 | 35.6          |
|    n_updates            | 155           |
|    policy_gradient_loss | 0.00609       |
|    std                  | 0.998         |
|    value_loss           | 75            |
-------------------------------------------
13:19:41 [INFO] rl_uav.envs.as2_test_env: Keeping drone airborne for velocity reset...
[ERROR] [1783163983.475291406] [drone0.drone0_interface]: Service returned failure
[ERROR] [1783163985.976704080] [drone0.drone0_interface]: Service returned failure
13:20:02 [INFO] rl_uav.envs.as2_test_env: Reset complete. Initial obs: [0.24540189 0.5096856  0.0763567  0.6415215 ]
13:20:04 [WARNING] rl_uav.envs.as2_test_env: Skipping velocity reset; simulator service reset required (terminal_out_of_bounds)
[ERROR] [1783164007.281223777] [drone0.drone0_interface]: Service returned failure
[ERROR] [1783164008.805381630] [drone0.drone0_interface]: Service returned failure
13:20:18 [INFO] rl_uav.envs.as2_test_env: Reset complete. Initial obs: [ 0.9121389  -0.19016778 -0.01481745 -0.9094592 ]
13:20:27 [WARNING] rl_uav.envs.as2_test_env: Skipping velocity reset; simulator service reset required (terminal_out_of_bounds)
[ERROR] [1783164030.198480888] [drone0.drone0_interface]: Service returned failure
[ERROR] [1783164031.731181188] [drone0.drone0_interface]: Service returned failure
13:20:41 [INFO] rl_uav.envs.as2_test_env: Reset complete. Initial obs: [ 0.5500366  -0.20995106 -0.00432643 -0.45550027]
13:20:46 [WARNING] rl_uav.envs.as2_test_env: Reset started at valid low altitude z=0.391; climbing to hover 1.400m with bounded velocity recovery
13:20:50 [WARNING] rl_uav.envs.as2_test_env: Skipping velocity reset; simulator service reset required (terminal_out_of_bounds)
[ERROR] [1783164052.208269437] [drone0.drone0_interface]: Service returned failure
[ERROR] [1783164053.754791704] [drone0.drone0_interface]: Service returned failure
13:21:04 [INFO] rl_uav.envs.as2_test_env: Reset complete. Initial obs: [-0.17388935 -0.07079925  0.13717924 -0.00365955]
13:21:06 [WARNING] rl_uav.envs.as2_test_env: Skipping velocity reset; simulator service reset required (terminal_out_of_bounds)
[ERROR] [1783164069.417173398] [drone0.drone0_interface]: Service returned failure
[ERROR] [1783164070.969588357] [drone0.drone0_interface]: Service returned failure
13:21:21 [INFO] rl_uav.envs.as2_test_env: Reset complete. Initial obs: [-0.05377733 -0.3944736  -0.15728334 -0.7013607 ]
13:21:33 [WARNING] rl_uav.envs.as2_test_env: Reset started at valid low altitude z=0.413; climbing to hover 1.400m with bounded velocity recovery
13:21:36 [WARNING] rl_uav.envs.as2_test_env: Skipping velocity reset; simulator service reset required (terminal_out_of_bounds)
[ERROR] [1783164098.535016829] [drone0.drone0_interface]: Service returned failure
[ERROR] [1783164100.101221863] [drone0.drone0_interface]: Service returned failure
13:21:50 [INFO] rl_uav.envs.as2_test_env: Reset complete. Initial obs: [ 0.07120315  0.23380663 -0.07530331 -0.09410232]
13:21:58 [WARNING] rl_uav.envs.as2_test_env: Reset started at valid low altitude z=0.405; climbing to hover 1.400m with bounded velocity recovery
13:22:02 [WARNING] rl_uav.envs.as2_test_env: Skipping velocity reset; simulator service reset required (terminal_out_of_bounds)
[ERROR] [1783164123.739333975] [drone0.drone0_interface]: Service returned failure
[ERROR] [1783164125.315368763] [drone0.drone0_interface]: Service returned failure
13:22:15 [INFO] rl_uav.envs.as2_test_env: Reset complete. Initial obs: [ 0.195559   -0.93805337 -0.03233128  0.20770355]
13:22:17 [WARNING] rl_uav.envs.as2_test_env: Reset started at valid low altitude z=0.328; climbing to hover 1.400m with bounded velocity recovery
13:22:21 [WARNING] rl_uav.envs.as2_test_env: Skipping velocity reset; simulator service reset required (terminal_out_of_bounds)
[ERROR] [1783164143.057802452] [drone0.drone0_interface]: Service returned failure
[ERROR] [1783164144.643564309] [drone0.drone0_interface]: Service returned failure
13:22:35 [INFO] rl_uav.envs.as2_test_env: Reset complete. Initial obs: [ 0.46311057  0.08666812  0.051249   -0.7369977 ]
13:22:40 [WARNING] rl_uav.envs.as2_test_env: Skipping velocity reset; simulator service reset required (terminal_out_of_bounds)
[ERROR] [1783164163.460655904] [drone0.drone0_interface]: Service returned failure
[ERROR] [1783164165.066384983] [drone0.drone0_interface]: Service returned failure
13:22:55 [INFO] rl_uav.envs.as2_test_env: Reset complete. Initial obs: [ 0.70974755 -0.2902532  -0.09031937 -0.15349929]
13:23:11 [WARNING] rl_uav.envs.as2_test_env: Skipping velocity reset; simulator service reset required (terminal_out_of_bounds)
[ERROR] [1783164194.167701200] [drone0.drone0_interface]: Service returned failure
[ERROR] [1783164195.780763213] [drone0.drone0_interface]: Service returned failure
13:23:22 [INFO] rl_uav.envs.as2_test_env: Reset complete. Initial obs: [ 0.0617555   0.32270506 -0.06410443  0.37514487]
13:23:55 [WARNING] rl_uav.envs.as2_test_env: Skipping velocity reset; simulator service reset required (terminal_out_of_bounds)
[ERROR] [1783164237.866392213] [drone0.drone0_interface]: Service returned failure
[ERROR] [1783164239.489098786] [drone0.drone0_interface]: Service returned failure
13:24:09 [INFO] rl_uav.envs.as2_test_env: Reset complete. Initial obs: [-0.04512031  0.5153009   0.06962384  0.7888292 ]
------------------------------------------
| rollout/                |              |
|    ep_len_mean          | 87.1         |
|    ep_rew_mean          | -45.7        |
|    success_rate         | 0.07         |
| time/                   |              |
|    fps                  | 3            |
|    iterations           | 33           |
|    time_elapsed         | 5256         |
|    total_timesteps      | 16896        |
| train/                  |              |
|    approx_kl            | 0.0008829732 |
|    clip_fraction        | 0.00156      |
|    clip_range           | 0.2          |
|    entropy_loss         | -6.74        |
|    explained_variance   | -0.0596      |
|    learning_rate        | 3e-05        |
|    loss                 | 28.1         |
|    n_updates            | 160          |
|    policy_gradient_loss | 0.0044       |
|    std                  | 0.998        |
|    value_loss           | 48.1         |
------------------------------------------
13:24:36 [WARNING] rl_uav.envs.as2_test_env: Skipping velocity reset; simulator service reset required (terminal_out_of_bounds)
[ERROR] [1783164279.494518190] [drone0.drone0_interface]: Service returned failure
[ERROR] [1783164281.122866115] [drone0.drone0_interface]: Service returned failure
13:24:51 [INFO] rl_uav.envs.as2_test_env: Reset complete. Initial obs: [-0.25396654 -0.5264006   0.12086313  0.97406274]
13:24:57 [WARNING] rl_uav.envs.as2_test_env: Reset started at valid low altitude z=0.383; climbing to hover 1.400m with bounded velocity recovery
13:25:01 [WARNING] rl_uav.envs.as2_test_env: Skipping velocity reset; simulator service reset required (terminal_out_of_bounds)
[ERROR] [1783164302.898589822] [drone0.drone0_interface]: Service returned failure
[ERROR] [1783164304.535136818] [drone0.drone0_interface]: Service returned failure
13:25:11 [INFO] rl_uav.envs.as2_test_env: Reset complete. Initial obs: [-0.43556586  0.16506746 -0.11572983  0.19309032]
13:25:13 [WARNING] rl_uav.envs.as2_test_env: Reset started at valid low altitude z=0.330; climbing to hover 1.400m with bounded velocity recovery
13:25:17 [WARNING] rl_uav.envs.as2_test_env: Skipping velocity reset; simulator service reset required (terminal_out_of_bounds)
[ERROR] [1783164319.113236698] [drone0.drone0_interface]: Service returned failure
[ERROR] [1783164320.773603509] [drone0.drone0_interface]: Service returned failure
13:25:31 [INFO] rl_uav.envs.as2_test_env: Reset complete. Initial obs: [ 0.9101977   0.30961585 -0.08573499 -0.3889287 ]
13:25:37 [WARNING] rl_uav.envs.as2_test_env: Skipping velocity reset; simulator service reset required (terminal_out_of_bounds)
[ERROR] [1783164339.721077643] [drone0.drone0_interface]: Service returned failure
[ERROR] [1783164341.379093497] [drone0.drone0_interface]: Service returned failure
13:25:47 [INFO] rl_uav.envs.as2_test_env: Reset complete. Initial obs: [ 0.4002774  -0.15557064  0.06802605  0.14914456]
13:26:22 [WARNING] rl_uav.envs.as2_test_env: Reset started at valid low altitude z=0.363; climbing to hover 1.400m with bounded velocity recovery
13:26:25 [WARNING] rl_uav.envs.as2_test_env: Skipping velocity reset; simulator service reset required (terminal_out_of_bounds)
[ERROR] [1783164386.933097810] [drone0.drone0_interface]: Service returned failure
[ERROR] [1783164388.605108527] [drone0.drone0_interface]: Service returned failure
13:26:35 [INFO] rl_uav.envs.as2_test_env: Reset complete. Initial obs: [-0.431203    0.18162578  0.02859799  0.6105952 ]
13:26:41 [WARNING] rl_uav.envs.as2_test_env: Reset started at valid low altitude z=0.461; climbing to hover 1.400m with bounded velocity recovery
13:26:44 [WARNING] rl_uav.envs.as2_test_env: Skipping velocity reset; simulator service reset required (terminal_out_of_bounds)
[ERROR] [1783164406.737716715] [drone0.drone0_interface]: Service returned failure
[ERROR] [1783164408.413266305] [drone0.drone0_interface]: Service returned failure
13:26:54 [INFO] rl_uav.envs.as2_test_env: Reset complete. Initial obs: [-0.619335    0.29335594  0.00636161  0.5308444 ]
13:27:04 [WARNING] rl_uav.envs.as2_test_env: Skipping velocity reset; simulator service reset required (terminal_out_of_bounds)
[ERROR] [1783164427.541577537] [drone0.drone0_interface]: Service returned failure
[ERROR] [1783164429.226075920] [drone0.drone0_interface]: Service returned failure
13:27:15 [INFO] rl_uav.envs.as2_test_env: Reset complete. Initial obs: [ 0.36267084 -0.11898433  0.13381633  0.808338  ]
------------------------------------------
| rollout/                |              |
|    ep_len_mean          | 79.5         |
|    ep_rew_mean          | -43.9        |
|    success_rate         | 0.06         |
| time/                   |              |
|    fps                  | 3            |
|    iterations           | 34           |
|    time_elapsed         | 5457         |
|    total_timesteps      | 17408        |
| train/                  |              |
|    approx_kl            | 0.0010383389 |
|    clip_fraction        | 0.00117      |
|    clip_range           | 0.2          |
|    entropy_loss         | -5.59        |
|    explained_variance   | 0.609        |
|    learning_rate        | 3e-05        |
|    loss                 | 10.4         |
|    n_updates            | 165          |
|    policy_gradient_loss | -0.00128     |
|    std                  | 0.998        |
|    value_loss           | 23.9         |
------------------------------------------
13:27:32 [WARNING] rl_uav.envs.as2_test_env: Skipping velocity reset; simulator service reset required (terminal_out_of_bounds)
[ERROR] [1783164455.046523318] [drone0.drone0_interface]: Service returned failure
[ERROR] [1783164456.736195532] [drone0.drone0_interface]: Service returned failure
13:27:43 [INFO] rl_uav.envs.as2_test_env: Reset complete. Initial obs: [ 0.8572683  -0.35700032 -0.01063367 -0.94477767]
13:28:24 [INFO] rl_uav.envs.as2_test_env: Keeping drone airborne for velocity reset...
[ERROR] [1783164506.765108192] [drone0.drone0_interface]: Service returned failure
[ERROR] [1783164508.464498927] [drone0.drone0_interface]: Service returned failure
13:28:45 [INFO] rl_uav.envs.as2_test_env: Reset complete. Initial obs: [-0.02469323 -0.5265569   0.05905933  0.45929483]
13:28:50 [INFO] rl_uav.envs.as2_test_env: Keeping drone airborne for velocity reset...
[ERROR] [1783164533.273748682] [drone0.drone0_interface]: Service returned failure
[ERROR] [1783164534.983081033] [drone0.drone0_interface]: Service returned failure
13:29:06 [INFO] rl_uav.envs.as2_test_env: Reset complete. Initial obs: [-0.7424585   0.09410801 -0.14292176 -0.44486016]
13:29:13 [WARNING] rl_uav.envs.as2_test_env: Skipping velocity reset; simulator service reset required (terminal_out_of_bounds)
[ERROR] [1783164556.487030175] [drone0.drone0_interface]: Service returned failure
[ERROR] [1783164558.209793524] [drone0.drone0_interface]: Service returned failure
13:29:24 [INFO] rl_uav.envs.as2_test_env: Reset complete. Initial obs: [ 0.80768454  0.35557806 -0.06792404  0.00116842]
13:29:32 [WARNING] rl_uav.envs.as2_test_env: Reset started at valid low altitude z=0.486; climbing to hover 1.400m with bounded velocity recovery
13:29:36 [WARNING] rl_uav.envs.as2_test_env: Skipping velocity reset; simulator service reset required (terminal_out_of_bounds)
[ERROR] [1783164578.693453157] [drone0.drone0_interface]: Service returned failure
[ERROR] [1783164580.423137090] [drone0.drone0_interface]: Service returned failure
13:29:47 [INFO] rl_uav.envs.as2_test_env: Reset complete. Initial obs: [ 0.10377023  0.85934836  0.03726096 -0.26241562]
13:30:13 [WARNING] rl_uav.envs.as2_test_env: Skipping velocity reset; simulator service reset required (terminal_out_of_bounds)
[ERROR] [1783164616.396784320] [drone0.drone0_interface]: Service returned failure
[ERROR] [1783164618.139352776] [drone0.drone0_interface]: Service returned failure
13:30:24 [INFO] rl_uav.envs.as2_test_env: Reset complete. Initial obs: [0.2914997  0.60804826 0.0926104  0.8088593 ]
------------------------------------------
| rollout/                |              |
|    ep_len_mean          | 82.7         |
|    ep_rew_mean          | -45.2        |
|    success_rate         | 0.07         |
| time/                   |              |
|    fps                  | 3            |
|    iterations           | 35           |
|    time_elapsed         | 5646         |
|    total_timesteps      | 17920        |
| train/                  |              |
|    approx_kl            | 0.0019407462 |
|    clip_fraction        | 0.00469      |
|    clip_range           | 0.2          |
|    entropy_loss         | -5.53        |
|    explained_variance   | 0.266        |
|    learning_rate        | 3e-05        |
|    loss                 | 7.06         |
|    n_updates            | 170          |
|    policy_gradient_loss | -0.00418     |
|    std                  | 0.998        |
|    value_loss           | 17.5         |
------------------------------------------
13:30:51 [WARNING] rl_uav.envs.as2_test_env: Skipping velocity reset; simulator service reset required (terminal_out_of_bounds)
[ERROR] [1783164654.004934028] [drone0.drone0_interface]: Service returned failure
[ERROR] [1783164655.745109675] [drone0.drone0_interface]: Service returned failure
13:31:02 [INFO] rl_uav.envs.as2_test_env: Reset complete. Initial obs: [-0.6408246   0.09113334  0.15189303  0.3238126 ]
13:31:19 [WARNING] rl_uav.envs.as2_test_env: Skipping velocity reset; simulator service reset required (terminal_out_of_bounds)
[ERROR] [1783164681.814082777] [drone0.drone0_interface]: Service returned failure
[ERROR] [1783164683.564087609] [drone0.drone0_interface]: Service returned failure
13:31:30 [INFO] rl_uav.envs.as2_test_env: Reset complete. Initial obs: [-0.7926273  -0.55837435 -0.06823698  0.7087883 ]
13:31:35 [WARNING] rl_uav.envs.as2_test_env: Reset started at valid low altitude z=0.432; climbing to hover 1.400m with bounded velocity recovery
13:31:40 [WARNING] rl_uav.envs.as2_test_env: Skipping velocity reset; simulator service reset required (terminal_out_of_bounds)
[ERROR] [1783164701.925788642] [drone0.drone0_interface]: Service returned failure
[ERROR] [1783164703.682011397] [drone0.drone0_interface]: Service returned failure
13:31:50 [INFO] rl_uav.envs.as2_test_env: Reset complete. Initial obs: [ 0.612359    0.01874151 -0.11443964  0.38751546]
13:32:03 [WARNING] rl_uav.envs.as2_test_env: Skipping velocity reset; simulator service reset required (terminal_out_of_bounds)
[ERROR] [1783164726.531217815] [drone0.drone0_interface]: Service returned failure
[ERROR] [1783164728.287791999] [drone0.drone0_interface]: Service returned failure
13:32:15 [INFO] rl_uav.envs.as2_test_env: Reset complete. Initial obs: [-0.24394467 -0.1465335   0.16377917 -0.84152097]
13:32:17 [WARNING] rl_uav.envs.as2_test_env: Skipping velocity reset; simulator service reset required (terminal_out_of_bounds)
[ERROR] [1783164740.139316363] [drone0.drone0_interface]: Service returned failure
[ERROR] [1783164741.912087698] [drone0.drone0_interface]: Service returned failure
13:32:28 [INFO] rl_uav.envs.as2_test_env: Reset complete. Initial obs: [-0.2851878  -0.51059616  0.01330866 -0.25673157]
13:32:53 [WARNING] rl_uav.envs.as2_test_env: Skipping velocity reset; simulator service reset required (terminal_out_of_bounds)
[ERROR] [1783164775.932387081] [drone0.drone0_interface]: Service returned failure
[ERROR] [1783164777.713552188] [drone0.drone0_interface]: Service returned failure
13:33:04 [INFO] rl_uav.envs.as2_test_env: Reset complete. Initial obs: [ 0.15711676  0.83654404  0.07716386 -0.6159897 ]
13:33:32 [WARNING] rl_uav.envs.as2_test_env: Skipping velocity reset; simulator service reset required (terminal_out_of_bounds)
[ERROR] [1783164815.034216490] [drone0.drone0_interface]: Service returned failure
[ERROR] [1783164816.825497139] [drone0.drone0_interface]: Service returned failure
13:33:43 [INFO] rl_uav.envs.as2_test_env: Reset complete. Initial obs: [ 0.19109318 -0.13949344 -0.05435871  0.53692776]
------------------------------------------
| rollout/                |              |
|    ep_len_mean          | 80.7         |
|    ep_rew_mean          | -44.7        |
|    success_rate         | 0.06         |
| time/                   |              |
|    fps                  | 3            |
|    iterations           | 36           |
|    time_elapsed         | 5835         |
|    total_timesteps      | 18432        |
| train/                  |              |
|    approx_kl            | 0.0004187104 |
|    clip_fraction        | 0            |
|    clip_range           | 0.2          |
|    entropy_loss         | -6.67        |
|    explained_variance   | 0.366        |
|    learning_rate        | 3e-05        |
|    loss                 | 21.2         |
|    n_updates            | 175          |
|    policy_gradient_loss | -0.00205     |
|    std                  | 0.998        |
|    value_loss           | 41.2         |
------------------------------------------
13:33:50 [WARNING] rl_uav.envs.as2_test_env: Reset started at valid low altitude z=0.363; climbing to hover 1.400m with bounded velocity recovery
13:33:54 [WARNING] rl_uav.envs.as2_test_env: Skipping velocity reset; simulator service reset required (terminal_out_of_bounds)
[ERROR] [1783164836.551899906] [drone0.drone0_interface]: Service returned failure
[ERROR] [1783164838.344394304] [drone0.drone0_interface]: Service returned failure
13:34:05 [INFO] rl_uav.envs.as2_test_env: Reset complete. Initial obs: [ 0.08377742  0.2296993  -0.00386261  0.7925662 ]
13:34:46 [INFO] rl_uav.envs.as2_test_env: Keeping drone airborne for velocity reset...
[ERROR] [1783164888.858941587] [drone0.drone0_interface]: Service returned failure
[ERROR] [1783164890.669495837] [drone0.drone0_interface]: Service returned failure
13:35:16 [INFO] rl_uav.envs.as2_test_env: Reset complete. Initial obs: [-0.5274994  -0.20426425 -0.07637095 -0.112164  ]
13:35:19 [WARNING] rl_uav.envs.as2_test_env: Skipping velocity reset; simulator service reset required (terminal_out_of_bounds)
[ERROR] [1783164922.778775410] [drone0.drone0_interface]: Service returned failure
[ERROR] [1783164924.600529980] [drone0.drone0_interface]: Service returned failure
13:35:31 [INFO] rl_uav.envs.as2_test_env: Reset complete. Initial obs: [0.69630265 0.5066571  0.09869483 0.49512225]
13:35:33 [WARNING] rl_uav.envs.as2_test_env: Skipping velocity reset; simulator service reset required (terminal_out_of_bounds)
[ERROR] [1783164936.775487723] [drone0.drone0_interface]: Service returned failure
[ERROR] [1783164938.597681378] [drone0.drone0_interface]: Service returned failure
13:35:45 [INFO] rl_uav.envs.as2_test_env: Reset complete. Initial obs: [0.2927984  0.49285388 0.00567195 0.12492692]
13:36:03 [WARNING] rl_uav.envs.as2_test_env: Skipping velocity reset; simulator service reset required (terminal_out_of_bounds)
[ERROR] [1783164966.195622634] [drone0.drone0_interface]: Service returned failure
[ERROR] [1783164969.232770860] [drone0.drone0_interface]: Service returned failure
13:36:16 [INFO] rl_uav.envs.as2_test_env: Reset complete. Initial obs: [ 0.11563924  0.24413714  0.0443137  -0.15289196]
13:36:18 [WARNING] rl_uav.envs.as2_test_env: Skipping velocity reset; simulator service reset required (terminal_out_of_bounds)
[ERROR] [1783164981.501296818] [drone0.drone0_interface]: Service returned failure
[ERROR] [1783164983.339310248] [drone0.drone0_interface]: Service returned failure
13:36:30 [INFO] rl_uav.envs.as2_test_env: Reset complete. Initial obs: [ 0.19303586 -0.4247141  -0.00444703 -0.378944  ]
13:36:40 [WARNING] rl_uav.envs.as2_test_env: Skipping velocity reset; simulator service reset required (terminal_out_of_bounds)
[ERROR] [1783165003.004251139] [drone0.drone0_interface]: Service returned failure
[ERROR] [1783165004.849883043] [drone0.drone0_interface]: Service returned failure
13:36:51 [INFO] rl_uav.envs.as2_test_env: Reset complete. Initial obs: [-0.17794833 -0.6291266   0.20705971 -0.9937167 ]
13:36:56 [WARNING] rl_uav.envs.as2_test_env: Reset started at valid low altitude z=0.311; climbing to hover 1.400m with bounded velocity recovery
13:37:01 [WARNING] rl_uav.envs.as2_test_env: Skipping velocity reset; simulator service reset required (terminal_out_of_bounds)
[ERROR] [1783165023.298524045] [drone0.drone0_interface]: Service returned failure
[ERROR] [1783165025.152618004] [drone0.drone0_interface]: Service returned failure
13:37:12 [INFO] rl_uav.envs.as2_test_env: Reset complete. Initial obs: [0.27364132 0.31865847 0.22925948 0.848044  ]
13:37:15 [WARNING] rl_uav.envs.as2_test_env: Skipping velocity reset; simulator service reset required (terminal_out_of_bounds)
[ERROR] [1783165038.914941501] [drone0.drone0_interface]: Service returned failure
[ERROR] [1783165040.782534926] [drone0.drone0_interface]: Service returned failure
13:37:27 [INFO] rl_uav.envs.as2_test_env: Reset complete. Initial obs: [ 0.5718908  -0.24070051  0.0801236   0.3829924 ]
13:37:38 [WARNING] rl_uav.envs.as2_test_env: Skipping velocity reset; simulator service reset required (terminal_out_of_bounds)
[ERROR] [1783165061.730878986] [drone0.drone0_interface]: Service returned failure
[ERROR] [1783165063.599480463] [drone0.drone0_interface]: Service returned failure
13:37:50 [INFO] rl_uav.envs.as2_test_env: Reset complete. Initial obs: [ 0.20421267 -0.0778699   0.05692903  0.5004676 ]
-------------------------------------------
| rollout/                |               |
|    ep_len_mean          | 78.4          |
|    ep_rew_mean          | -44           |
|    success_rate         | 0.04          |
| time/                   |               |
|    fps                  | 3             |
|    iterations           | 37            |
|    time_elapsed         | 6085          |
|    total_timesteps      | 18944         |
| train/                  |               |
|    approx_kl            | 0.00017873768 |
|    clip_fraction        | 0             |
|    clip_range           | 0.2           |
|    entropy_loss         | -6.19         |
|    explained_variance   | -0.148        |
|    learning_rate        | 3e-05         |
|    loss                 | 8.43          |
|    n_updates            | 180           |
|    policy_gradient_loss | -0.00162      |
|    std                  | 0.998         |
|    value_loss           | 22.5          |
-------------------------------------------
13:38:04 [WARNING] rl_uav.envs.as2_test_env: Skipping velocity reset; simulator service reset required (terminal_out_of_bounds)
[ERROR] [1783165087.665553173] [drone0.drone0_interface]: Service returned failure
[ERROR] [1783165089.513130451] [drone0.drone0_interface]: Service returned failure
13:38:16 [INFO] rl_uav.envs.as2_test_env: Reset complete. Initial obs: [-0.00797619 -0.7843545  -0.04359011 -0.91158444]
13:38:21 [WARNING] rl_uav.envs.as2_test_env: Skipping velocity reset; simulator service reset required (terminal_out_of_bounds)
[ERROR] [1783165104.339663552] [drone0.drone0_interface]: Service returned failure
[ERROR] [1783165106.227158935] [drone0.drone0_interface]: Service returned failure
13:38:33 [INFO] rl_uav.envs.as2_test_env: Reset complete. Initial obs: [-0.15086263 -0.19325717  0.01407943  0.48213336]
13:38:35 [WARNING] rl_uav.envs.as2_test_env: Skipping velocity reset; simulator service reset required (terminal_out_of_bounds)
[ERROR] [1783165118.854404343] [drone0.drone0_interface]: Service returned failure
[ERROR] [1783165120.745561384] [drone0.drone0_interface]: Service returned failure
13:38:48 [INFO] rl_uav.envs.as2_test_env: Reset complete. Initial obs: [ 0.455601    0.09906705  0.02324884 -0.9183799 ]
13:38:55 [WARNING] rl_uav.envs.as2_test_env: Skipping velocity reset; simulator service reset required (terminal_out_of_bounds)
[ERROR] [1783165138.253496905] [drone0.drone0_interface]: Service returned failure
[ERROR] [1783165140.149249401] [drone0.drone0_interface]: Service returned failure
13:39:07 [INFO] rl_uav.envs.as2_test_env: Reset complete. Initial obs: [0.01101138 0.4668586  0.17851056 0.7581258 ]
13:39:14 [WARNING] rl_uav.envs.as2_test_env: Skipping velocity reset; simulator service reset required (terminal_out_of_bounds)
[ERROR] [1783165157.674710750] [drone0.drone0_interface]: Service returned failure
[ERROR] [1783165159.578833264] [drone0.drone0_interface]: Service returned failure
13:39:26 [INFO] rl_uav.envs.as2_test_env: Reset complete. Initial obs: [ 0.44636247  0.61552703  0.0151776  -0.05786213]
13:39:42 [WARNING] rl_uav.envs.as2_test_env: Skipping velocity reset; simulator service reset required (terminal_out_of_bounds)
[ERROR] [1783165185.475655732] [drone0.drone0_interface]: Service returned failure
[ERROR] [1783165188.571141417] [drone0.drone0_interface]: Service returned failure
13:39:55 [INFO] rl_uav.envs.as2_test_env: Reset complete. Initial obs: [ 0.15981701 -0.65717226  0.11025022  0.36566833]
13:40:09 [WARNING] rl_uav.envs.as2_test_env: Skipping velocity reset; simulator service reset required (terminal_out_of_bounds)
[ERROR] [1783165212.075804482] [drone0.drone0_interface]: Service returned failure
[ERROR] [1783165213.994115981] [drone0.drone0_interface]: Service returned failure
13:40:21 [INFO] rl_uav.envs.as2_test_env: Reset complete. Initial obs: [ 0.3697086  -0.12113502 -0.01327925 -0.34919807]
13:40:28 [WARNING] rl_uav.envs.as2_test_env: Skipping velocity reset; simulator service reset required (terminal_out_of_bounds)
[ERROR] [1783165231.592484027] [drone0.drone0_interface]: Service returned failure
[ERROR] [1783165233.525040123] [drone0.drone0_interface]: Service returned failure
13:40:40 [INFO] rl_uav.envs.as2_test_env: Reset complete. Initial obs: [-0.16669258  0.6528091  -0.0702152   0.7128384 ]
13:41:14 [WARNING] rl_uav.envs.as2_test_env: Reset started at valid low altitude z=0.374; climbing to hover 1.400m with bounded velocity recovery
13:41:19 [WARNING] rl_uav.envs.as2_test_env: Skipping velocity reset; simulator service reset required (terminal_out_of_bounds)
[ERROR] [1783165281.206488731] [drone0.drone0_interface]: Service returned failure
[ERROR] [1783165283.146194353] [drone0.drone0_interface]: Service returned failure
13:41:30 [INFO] rl_uav.envs.as2_test_env: Reset complete. Initial obs: [ 0.12497734  0.7694755  -0.14068912 -0.67599964]
13:41:34 [WARNING] rl_uav.envs.as2_test_env: Skipping velocity reset; simulator service reset required (terminal_out_of_bounds)
[ERROR] [1783165297.201976144] [drone0.drone0_interface]: Service returned failure
[ERROR] [1783165299.146671625] [drone0.drone0_interface]: Service returned failure
13:41:46 [INFO] rl_uav.envs.as2_test_env: Reset complete. Initial obs: [ 0.4182442  -0.7426858  -0.02699003  0.36354515]
-------------------------------------------
| rollout/                |               |
|    ep_len_mean          | 74.4          |
|    ep_rew_mean          | -42.5         |
|    success_rate         | 0.04          |
| time/                   |               |
|    fps                  | 3             |
|    iterations           | 38            |
|    time_elapsed         | 6317          |
|    total_timesteps      | 19456         |
| train/                  |               |
|    approx_kl            | 0.00041288335 |
|    clip_fraction        | 0.000781      |
|    clip_range           | 0.2           |
|    entropy_loss         | -5.43         |
|    explained_variance   | 0.474         |
|    learning_rate        | 3e-05         |
|    loss                 | 3.74          |
|    n_updates            | 185           |
|    policy_gradient_loss | -0.00186      |
|    std                  | 0.998         |
|    value_loss           | 9.33          |
-------------------------------------------
13:41:52 [WARNING] rl_uav.envs.as2_test_env: Skipping velocity reset; simulator service reset required (terminal_out_of_bounds)
[ERROR] [1783165315.603352958] [drone0.drone0_interface]: Service returned failure
[ERROR] [1783165317.550776253] [drone0.drone0_interface]: Service returned failure
13:42:04 [INFO] rl_uav.envs.as2_test_env: Reset complete. Initial obs: [ 0.7143337  -0.6474271   0.19018237  0.1042955 ]
13:42:34 [WARNING] rl_uav.envs.as2_test_env: Skipping velocity reset; simulator service reset required (terminal_out_of_bounds)
[ERROR] [1783165358.023763141] [drone0.drone0_interface]: Service returned failure
[ERROR] [1783165359.983326481] [drone0.drone0_interface]: Service returned failure
13:42:47 [INFO] rl_uav.envs.as2_test_env: Reset complete. Initial obs: [ 0.68580806 -0.13255206  0.041485    0.36872894]
13:43:06 [WARNING] rl_uav.envs.as2_test_env: Reset started at valid low altitude z=0.485; climbing to hover 1.400m with bounded velocity recovery
13:43:10 [WARNING] rl_uav.envs.as2_test_env: Skipping velocity reset; simulator service reset required (terminal_out_of_bounds)
[ERROR] [1783165392.429077399] [drone0.drone0_interface]: Service returned failure
[ERROR] [1783165394.395615751] [drone0.drone0_interface]: Service returned failure
13:43:21 [INFO] rl_uav.envs.as2_test_env: Reset complete. Initial obs: [ 0.06514957 -0.37093174 -0.14587408 -0.7096246 ]
13:43:23 [WARNING] rl_uav.envs.as2_test_env: Reset started at valid low altitude z=0.440; climbing to hover 1.400m with bounded velocity recovery
13:43:27 [WARNING] rl_uav.envs.as2_test_env: Skipping velocity reset; simulator service reset required (terminal_out_of_bounds)
[ERROR] [1783165409.821678233] [drone0.drone0_interface]: Service returned failure
[ERROR] [1783165411.798179034] [drone0.drone0_interface]: Service returned failure
13:43:39 [INFO] rl_uav.envs.as2_test_env: Reset complete. Initial obs: [ 0.59763616  0.69943535 -0.09402638  0.287938  ]
13:44:20 [INFO] rl_uav.envs.as2_test_env: Keeping drone airborne for velocity reset...
13:44:20 [WARNING] rl_uav.envs.as2_test_env: Reset started at valid low altitude z=1.036; climbing to hover 1.400m with bounded velocity recovery
[ERROR] [1783165465.929433761] [drone0.drone0_interface]: Service returned failure
[ERROR] [1783165467.913731536] [drone0.drone0_interface]: Service returned failure
13:44:48 [INFO] rl_uav.envs.as2_test_env: Reset complete. Initial obs: [ 0.280645    0.00467684 -0.05666191 -0.7440927 ]
-------------------------------------------
| rollout/                |               |
|    ep_len_mean          | 75            |
|    ep_rew_mean          | -43.4         |
|    success_rate         | 0.03          |
| time/                   |               |
|    fps                  | 3             |
|    iterations           | 39            |
|    time_elapsed         | 6506          |
|    total_timesteps      | 19968         |
| train/                  |               |
|    approx_kl            | 0.00059935043 |
|    clip_fraction        | 0             |
|    clip_range           | 0.2           |
|    entropy_loss         | -6.28         |
|    explained_variance   | 0.0951        |
|    learning_rate        | 3e-05         |
|    loss                 | 8.79          |
|    n_updates            | 190           |
|    policy_gradient_loss | -0.00525      |
|    std                  | 0.998         |
|    value_loss           | 21.6          |
-------------------------------------------
13:45:17 [WARNING] rl_uav.envs.as2_test_env: Skipping velocity reset; simulator service reset required (terminal_out_of_bounds)
[ERROR] [1783165520.746326772] [drone0.drone0_interface]: Service returned failure
[ERROR] [1783165522.736480487] [drone0.drone0_interface]: Service returned failure
13:45:30 [INFO] rl_uav.envs.as2_test_env: Reset complete. Initial obs: [-0.08165504 -0.28210965 -0.03251595  0.08549074]
13:45:43 [WARNING] rl_uav.envs.as2_test_env: Reset started at valid low altitude z=0.417; climbing to hover 1.400m with bounded velocity recovery
13:45:47 [WARNING] rl_uav.envs.as2_test_env: Skipping velocity reset; simulator service reset required (terminal_out_of_bounds)
[ERROR] [1783165549.743549164] [drone0.drone0_interface]: Service returned failure
[ERROR] [1783165551.746363075] [drone0.drone0_interface]: Service returned failure
13:45:59 [INFO] rl_uav.envs.as2_test_env: Reset complete. Initial obs: [-0.16894677 -0.1586957   0.0287511   0.8708536 ]
13:46:06 [WARNING] rl_uav.envs.as2_test_env: Skipping velocity reset; simulator service reset required (terminal_out_of_bounds)
[ERROR] [1783165569.957045211] [drone0.drone0_interface]: Service returned failure
[ERROR] [1783165571.967550183] [drone0.drone0_interface]: Service returned failure
13:46:19 [INFO] rl_uav.envs.as2_test_env: Reset complete. Initial obs: [ 0.35596776 -0.259687   -0.13259152  0.4638206 ]
13:46:47 [WARNING] rl_uav.envs.as2_test_env: Reset started at valid low altitude z=0.461; climbing to hover 1.400m with bounded velocity recovery
13:46:51 [WARNING] rl_uav.envs.as2_test_env: Skipping velocity reset; simulator service reset required (terminal_out_of_bounds)
[ERROR] [1783165613.381697091] [drone0.drone0_interface]: Service returned failure
[ERROR] [1783165615.391329583] [drone0.drone0_interface]: Service returned failure
13:47:02 [INFO] rl_uav.envs.as2_test_env: Reset complete. Initial obs: [-0.53518796 -0.7806319   0.12679926  0.22330476]
13:47:14 [WARNING] rl_uav.envs.as2_test_env: Reset started at valid low altitude z=0.381; climbing to hover 1.400m with bounded velocity recovery
13:47:17 [WARNING] rl_uav.envs.as2_test_env: Skipping velocity reset; simulator service reset required (terminal_out_of_bounds)
[ERROR] [1783165640.186117127] [drone0.drone0_interface]: Service returned failure
[ERROR] [1783165642.208101587] [drone0.drone0_interface]: Service returned failure
13:47:29 [INFO] rl_uav.envs.as2_test_env: Reset complete. Initial obs: [-0.5694521  -0.28290322 -0.17664759  0.4080063 ]
13:47:37 [WARNING] rl_uav.envs.as2_test_env: Skipping velocity reset; simulator service reset required (terminal_out_of_bounds)
[ERROR] [1783165660.784481477] [drone0.drone0_interface]: Service returned failure
[ERROR] [1783165662.812464227] [drone0.drone0_interface]: Service returned failure
13:47:50 [INFO] rl_uav.envs.as2_test_env: Reset complete. Initial obs: [-0.8076856  -0.17072934  0.01722479 -0.06937567]
------------------------------------------
| rollout/                |              |
|    ep_len_mean          | 75           |
|    ep_rew_mean          | -43.7        |
|    success_rate         | 0.03         |
| time/                   |              |
|    fps                  | 3            |
|    iterations           | 40           |
|    time_elapsed         | 6696         |
|    total_timesteps      | 20480        |
| train/                  |              |
|    approx_kl            | 0.0008692924 |
|    clip_fraction        | 0.000391     |
|    clip_range           | 0.2          |
|    entropy_loss         | -6.71        |
|    explained_variance   | 0.404        |
|    learning_rate        | 3e-05        |
|    loss                 | 9.35         |
|    n_updates            | 195          |
|    policy_gradient_loss | -0.000987    |
|    std                  | 0.998        |
|    value_loss           | 23.8         |
------------------------------------------
13:48:16 [WARNING] rl_uav.envs.as2_test_env: Skipping velocity reset; simulator service reset required (terminal_out_of_bounds)
[ERROR] [1783165699.799331892] [drone0.drone0_interface]: Service returned failure
[ERROR] [1783165701.840475278] [drone0.drone0_interface]: Service returned failure
13:48:29 [INFO] rl_uav.envs.as2_test_env: Reset complete. Initial obs: [ 0.62978953 -0.07695354  0.03462863  0.15170135]
13:48:45 [WARNING] rl_uav.envs.as2_test_env: Skipping velocity reset; simulator service reset required (terminal_out_of_bounds)
[ERROR] [1783165728.506740802] [drone0.drone0_interface]: Service returned failure
[ERROR] [1783165730.554453965] [drone0.drone0_interface]: Service returned failure
13:48:58 [INFO] rl_uav.envs.as2_test_env: Reset complete. Initial obs: [-0.1116276  -0.28051478  0.08302726 -0.62668097]
13:49:07 [WARNING] rl_uav.envs.as2_test_env: Skipping velocity reset; simulator service reset required (terminal_out_of_bounds)
[ERROR] [1783165750.610538971] [drone0.drone0_interface]: Service returned failure
[ERROR] [1783165752.665909475] [drone0.drone0_interface]: Service returned failure
13:49:20 [INFO] rl_uav.envs.as2_test_env: Reset complete. Initial obs: [-0.28786635  0.88447165  0.06089199 -0.44150373]
13:49:42 [WARNING] rl_uav.envs.as2_test_env: Skipping velocity reset; simulator service reset required (terminal_out_of_bounds)
[ERROR] [1783165785.817363788] [drone0.drone0_interface]: Service returned failure
[ERROR] [1783165787.874810651] [drone0.drone0_interface]: Service returned failure
13:49:55 [INFO] rl_uav.envs.as2_test_env: Reset complete. Initial obs: [ 0.30789453 -0.05682719  0.03905344 -0.31026372]
13:50:23 [WARNING] rl_uav.envs.as2_test_env: Skipping velocity reset; simulator service reset required (terminal_out_of_bounds)
[ERROR] [1783165826.333758715] [drone0.drone0_interface]: Service returned failure
[ERROR] [1783165828.403085707] [drone0.drone0_interface]: Service returned failure
13:50:36 [INFO] rl_uav.envs.as2_test_env: Reset complete. Initial obs: [-0.14121121  0.7491597   0.20309144  0.54023385]
13:50:41 [WARNING] rl_uav.envs.as2_test_env: Skipping velocity reset; simulator service reset required (terminal_out_of_bounds)
[ERROR] [1783165844.637610312] [drone0.drone0_interface]: Service returned failure
[ERROR] [1783165846.714480645] [drone0.drone0_interface]: Service returned failure
13:50:54 [INFO] rl_uav.envs.as2_test_env: Reset complete. Initial obs: [ 0.701024    0.46110174  0.12372343 -0.39204517]
13:51:08 [WARNING] rl_uav.envs.as2_test_env: Skipping velocity reset; simulator service reset required (terminal_out_of_bounds)
[ERROR] [1783165872.142233235] [drone0.drone0_interface]: Service returned failure
[ERROR] [1783165874.224489136] [drone0.drone0_interface]: Service returned failure
13:51:22 [INFO] rl_uav.envs.as2_test_env: Reset complete. Initial obs: [0.19313504 0.6736909  0.07602214 0.79603964]
13:51:25 [WARNING] rl_uav.envs.as2_test_env: Skipping velocity reset; simulator service reset required (terminal_out_of_bounds)
[ERROR] [1783165889.253867419] [drone0.drone0_interface]: Service returned failure
[ERROR] [1783165891.341951469] [drone0.drone0_interface]: Service returned failure
13:51:39 [INFO] rl_uav.envs.as2_test_env: Reset complete. Initial obs: [-0.17374192  0.22398895  0.00815171 -0.5824596 ]
------------------------------------------
| rollout/                |              |
|    ep_len_mean          | 73.9         |
|    ep_rew_mean          | -43.1        |
|    success_rate         | 0.03         |
| time/                   |              |
|    fps                  | 3            |
|    iterations           | 41           |
|    time_elapsed         | 6906         |
|    total_timesteps      | 20992        |
| train/                  |              |
|    approx_kl            | 0.0015505656 |
|    clip_fraction        | 0.00469      |
|    clip_range           | 0.2          |
|    entropy_loss         | -6.27        |
|    explained_variance   | 0.188        |
|    learning_rate        | 3e-05        |
|    loss                 | 7.4          |
|    n_updates            | 200          |
|    policy_gradient_loss | -0.0034      |
|    std                  | 0.998        |
|    value_loss           | 17.1         |
------------------------------------------
13:51:43 [INFO] rl_uav.envs.as2_test_env: Keeping drone airborne for velocity reset...
13:51:43 [WARNING] rl_uav.envs.as2_test_env: Reset started at valid low altitude z=0.968; climbing to hover 1.400m with bounded velocity recovery
[ERROR] [1783165908.960384756] [drone0.drone0_interface]: Service returned failure
[ERROR] [1783165912.419306938] [drone0.drone0_interface]: Service returned failure
13:52:06 [INFO] rl_uav.envs.as2_test_env: Reset complete. Initial obs: [-0.949893   -0.2143838  -0.01233842 -0.6950318 ]
13:52:22 [WARNING] rl_uav.envs.as2_test_env: Skipping velocity reset; simulator service reset required (terminal_out_of_bounds)
[ERROR] [1783165945.768353790] [drone0.drone0_interface]: Service returned failure
[ERROR] [1783165947.875256189] [drone0.drone0_interface]: Service returned failure
13:52:35 [INFO] rl_uav.envs.as2_test_env: Reset complete. Initial obs: [ 0.05135961  0.7165104  -0.03876556  0.52729774]
13:52:44 [WARNING] rl_uav.envs.as2_test_env: Reset started at valid low altitude z=0.340; climbing to hover 1.400m with bounded velocity recovery
13:52:49 [WARNING] rl_uav.envs.as2_test_env: Skipping velocity reset; simulator service reset required (terminal_out_of_bounds)
[ERROR] [1783165972.082235303] [drone0.drone0_interface]: Service returned failure
[ERROR] [1783165974.194739414] [drone0.drone0_interface]: Service returned failure
13:53:02 [INFO] rl_uav.envs.as2_test_env: Reset complete. Initial obs: [-0.50439054  0.683753    0.02060136 -0.32512218]
13:53:11 [WARNING] rl_uav.envs.as2_test_env: Reset started at valid low altitude z=0.301; climbing to hover 1.400m with bounded velocity recovery
13:53:14 [WARNING] rl_uav.envs.as2_test_env: Skipping velocity reset; simulator service reset required (terminal_out_of_bounds)
[ERROR] [1783165997.188558528] [drone0.drone0_interface]: Service returned failure
[ERROR] [1783165999.307251871] [drone0.drone0_interface]: Service returned failure
13:53:27 [INFO] rl_uav.envs.as2_test_env: Reset complete. Initial obs: [-0.18766163  0.12121806  0.02700943 -0.00506952]
13:53:36 [INFO] rl_uav.envs.as2_test_env: Keeping drone airborne for velocity reset...
[ERROR] [1783166019.694238913] [drone0.drone0_interface]: Service returned failure
[ERROR] [1783166021.829767666] [drone0.drone0_interface]: Service returned failure
13:54:01 [INFO] rl_uav.envs.as2_test_env: Reset complete. Initial obs: [-0.59123886  0.58357203  0.09775888 -0.99876755]
13:54:03 [WARNING] rl_uav.envs.as2_test_env: Skipping velocity reset; simulator service reset required (terminal_out_of_bounds)
[ERROR] [1783166046.509361513] [drone0.drone0_interface]: Service returned failure
[ERROR] [1783166048.652934572] [drone0.drone0_interface]: Service returned failure
13:54:16 [INFO] rl_uav.envs.as2_test_env: Reset complete. Initial obs: [ 0.6808438   0.19407143 -0.06380387  0.9756205 ]
13:54:19 [WARNING] rl_uav.envs.as2_test_env: Skipping velocity reset; simulator service reset required (terminal_out_of_bounds)
[ERROR] [1783166062.698901026] [drone0.drone0_interface]: Service returned failure
[ERROR] [1783166064.849487365] [drone0.drone0_interface]: Service returned failure
13:54:32 [INFO] rl_uav.envs.as2_test_env: Reset complete. Initial obs: [ 0.24438755 -0.43971184 -0.19062828  0.40689287]
13:54:47 [WARNING] rl_uav.envs.as2_test_env: Skipping velocity reset; simulator service reset required (terminal_out_of_bounds)
[ERROR] [1783166090.520362559] [drone0.drone0_interface]: Service returned failure
[ERROR] [1783166092.679653530] [drone0.drone0_interface]: Service returned failure
13:55:00 [INFO] rl_uav.envs.as2_test_env: Reset complete. Initial obs: [-0.3769372  -0.6031875   0.00480481  0.5400055 ]
13:55:28 [WARNING] rl_uav.envs.as2_test_env: Reset started at valid low altitude z=0.408; climbing to hover 1.400m with bounded velocity recovery
13:55:31 [WARNING] rl_uav.envs.as2_test_env: Skipping velocity reset; simulator service reset required (terminal_out_of_bounds)
[ERROR] [1783166134.212994211] [drone0.drone0_interface]: Service returned failure
[ERROR] [1783166136.381747896] [drone0.drone0_interface]: Service returned failure
13:55:44 [INFO] rl_uav.envs.as2_test_env: Reset complete. Initial obs: [ 0.03977605 -0.6674884  -0.11108905 -0.9951949 ]
13:55:56 [WARNING] rl_uav.envs.as2_test_env: Skipping velocity reset; simulator service reset required (terminal_out_of_bounds)
[ERROR] [1783166159.922185336] [drone0.drone0_interface]: Service returned failure
[ERROR] [1783166163.479170681] [drone0.drone0_interface]: Service returned failure
13:56:11 [INFO] rl_uav.envs.as2_test_env: Reset complete. Initial obs: [ 0.19424507 -0.62067604 -0.18970838  0.68039805]
------------------------------------------
| rollout/                |              |
|    ep_len_mean          | 71.6         |
|    ep_rew_mean          | -41.2        |
|    success_rate         | 0.05         |
| time/                   |              |
|    fps                  | 2            |
|    iterations           | 42           |
|    time_elapsed         | 7178         |
|    total_timesteps      | 21504        |
| train/                  |              |
|    approx_kl            | 0.0014804029 |
|    clip_fraction        | 0.00156      |
|    clip_range           | 0.2          |
|    entropy_loss         | -6.78        |
|    explained_variance   | 0.324        |
|    learning_rate        | 3e-05        |
|    loss                 | 9            |
|    n_updates            | 205          |
|    policy_gradient_loss | -0.00263     |
|    std                  | 0.998        |
|    value_loss           | 20.4         |
------------------------------------------
13:56:14 [WARNING] rl_uav.envs.as2_test_env: Reset started at valid low altitude z=0.424; climbing to hover 1.400m with bounded velocity recovery
13:56:17 [WARNING] rl_uav.envs.as2_test_env: Skipping velocity reset; simulator service reset required (terminal_out_of_bounds)
[ERROR] [1783166180.335154625] [drone0.drone0_interface]: Service returned failure
[ERROR] [1783166182.517601275] [drone0.drone0_interface]: Service returned failure
13:56:30 [INFO] rl_uav.envs.as2_test_env: Reset complete. Initial obs: [0.4050162  0.6648868  0.02905809 0.44743836]
13:56:42 [WARNING] rl_uav.envs.as2_test_env: Skipping velocity reset; simulator service reset required (terminal_out_of_bounds)
[ERROR] [1783166206.253327068] [drone0.drone0_interface]: Service returned failure
[ERROR] [1783166208.438690857] [drone0.drone0_interface]: Service returned failure
13:56:56 [INFO] rl_uav.envs.as2_test_env: Reset complete. Initial obs: [ 0.01760286  0.39487228 -0.01501092  0.04550187]
13:57:03 [WARNING] rl_uav.envs.as2_test_env: Skipping velocity reset; simulator service reset required (terminal_out_of_bounds)
[ERROR] [1783166226.850319865] [drone0.drone0_interface]: Service returned failure
[ERROR] [1783166229.039262276] [drone0.drone0_interface]: Service returned failure
13:57:17 [INFO] rl_uav.envs.as2_test_env: Reset complete. Initial obs: [ 0.29282233 -0.40829512  0.00390357 -0.7995323 ]
13:57:18 [WARNING] rl_uav.envs.as2_test_env: Skipping velocity reset; simulator service reset required (terminal_out_of_bounds)
[ERROR] [1783166242.064989556] [drone0.drone0_interface]: Service returned failure
[ERROR] [1783166244.263261132] [drone0.drone0_interface]: Service returned failure
13:57:32 [INFO] rl_uav.envs.as2_test_env: Reset complete. Initial obs: [ 0.8344642  -0.44017315  0.02678091  0.3948752 ]
13:57:47 [WARNING] rl_uav.envs.as2_test_env: Reset started at valid low altitude z=0.450; climbing to hover 1.400m with bounded velocity recovery
13:57:51 [WARNING] rl_uav.envs.as2_test_env: Skipping velocity reset; simulator service reset required (terminal_out_of_bounds)
[ERROR] [1783166274.173429464] [drone0.drone0_interface]: Service returned failure
[ERROR] [1783166276.381269976] [drone0.drone0_interface]: Service returned failure
13:58:04 [INFO] rl_uav.envs.as2_test_env: Reset complete. Initial obs: [-0.5943177   0.250487    0.06364416  0.80869055]
13:58:07 [WARNING] rl_uav.envs.as2_test_env: Skipping velocity reset; simulator service reset required (terminal_out_of_bounds)
[ERROR] [1783166290.877265844] [drone0.drone0_interface]: Service returned failure
[ERROR] [1783166293.099156267] [drone0.drone0_interface]: Service returned failure
13:58:21 [INFO] rl_uav.envs.as2_test_env: Reset complete. Initial obs: [ 3.6877070e-02  3.0926633e-01  1.4802346e-04 -6.1323041e-01]
13:58:25 [WARNING] rl_uav.envs.as2_test_env: Skipping velocity reset; simulator service reset required (terminal_out_of_bounds)
[ERROR] [1783166309.084905622] [drone0.drone0_interface]: Service returned failure
[ERROR] [1783166311.307473114] [drone0.drone0_interface]: Service returned failure
13:58:39 [INFO] rl_uav.envs.as2_test_env: Reset complete. Initial obs: [ 0.47875866  0.6641081   0.12249111 -0.1205032 ]
13:58:42 [WARNING] rl_uav.envs.as2_test_env: Skipping velocity reset; simulator service reset required (terminal_out_of_bounds)
[ERROR] [1783166325.997320676] [drone0.drone0_interface]: Service returned failure
[ERROR] [1783166328.232463263] [drone0.drone0_interface]: Service returned failure
13:58:56 [INFO] rl_uav.envs.as2_test_env: Reset complete. Initial obs: [-0.08971076 -0.8534745  -0.10455184 -0.88214743]
13:59:37 [INFO] rl_uav.envs.as2_test_env: Keeping drone airborne for velocity reset...
[ERROR] [1783166380.806941527] [drone0.drone0_interface]: Service returned failure
[ERROR] [1783166383.048049582] [drone0.drone0_interface]: Service returned failure
14:00:06 [INFO] rl_uav.envs.as2_test_env: Reset complete. Initial obs: [-0.14180614 -0.08317029 -0.21455264  0.69639623]
14:00:20 [WARNING] rl_uav.envs.as2_test_env: Skipping velocity reset; simulator service reset required (terminal_out_of_bounds)
[ERROR] [1783166424.313152336] [drone0.drone0_interface]: Service returned failure
[ERROR] [1783166426.560737884] [drone0.drone0_interface]: Service returned failure
14:00:34 [INFO] rl_uav.envs.as2_test_env: Reset complete. Initial obs: [ 0.43456316  0.20655249 -0.04666661 -0.51160604]
------------------------------------------
| rollout/                |              |
|    ep_len_mean          | 67.1         |
|    ep_rew_mean          | -40          |
|    success_rate         | 0.04         |
| time/                   |              |
|    fps                  | 2            |
|    iterations           | 43           |
|    time_elapsed         | 7444         |
|    total_timesteps      | 22016        |
| train/                  |              |
|    approx_kl            | 0.0035395576 |
|    clip_fraction        | 0.0137       |
|    clip_range           | 0.2          |
|    entropy_loss         | -6.67        |
|    explained_variance   | 0.266        |
|    learning_rate        | 3e-05        |
|    loss                 | 23.3         |
|    n_updates            | 210          |
|    policy_gradient_loss | -0.00172     |
|    std                  | 0.998        |
|    value_loss           | 48.9         |
------------------------------------------
14:01:05 [INFO] rl_uav.envs.as2_test_env: Keeping drone airborne for velocity reset...
14:01:05 [WARNING] rl_uav.envs.as2_test_env: Reset started at valid low altitude z=0.912; climbing to hover 1.400m with bounded velocity recovery
[ERROR] [1783166472.126837627] [drone0.drone0_interface]: Service returned failure
[ERROR] [1783166474.390950576] [drone0.drone0_interface]: Service returned failure
14:01:38 [INFO] rl_uav.envs.as2_test_env: Reset complete. Initial obs: [0.17730573 0.8002627  0.00490927 0.4168108 ]
14:01:55 [WARNING] rl_uav.envs.as2_test_env: Reset started at valid low altitude z=0.325; climbing to hover 1.400m with bounded velocity recovery
14:01:58 [WARNING] rl_uav.envs.as2_test_env: Skipping velocity reset; simulator service reset required (terminal_out_of_bounds)
[ERROR] [1783166521.641062501] [drone0.drone0_interface]: Service returned failure
[ERROR] [1783166525.333376883] [drone0.drone0_interface]: Service returned failure
14:02:13 [INFO] rl_uav.envs.as2_test_env: Reset complete. Initial obs: [-0.19209763  0.93134475 -0.01170825  0.6727949 ]
14:02:23 [WARNING] rl_uav.envs.as2_test_env: Skipping velocity reset; simulator service reset required (terminal_out_of_bounds)
[ERROR] [1783166547.145287728] [drone0.drone0_interface]: Service returned failure
[ERROR] [1783166549.424509690] [drone0.drone0_interface]: Service returned failure
14:02:37 [INFO] rl_uav.envs.as2_test_env: Reset complete. Initial obs: [ 0.45859072  0.36082327 -0.0483954   0.29824358]
14:02:46 [WARNING] rl_uav.envs.as2_test_env: Reset started at valid low altitude z=0.487; climbing to hover 1.400m with bounded velocity recovery
14:02:49 [WARNING] rl_uav.envs.as2_test_env: Skipping velocity reset; simulator service reset required (terminal_out_of_bounds)
[ERROR] [1783166572.649695360] [drone0.drone0_interface]: Service returned failure
[ERROR] [1783166574.934569000] [drone0.drone0_interface]: Service returned failure
14:03:03 [INFO] rl_uav.envs.as2_test_env: Reset complete. Initial obs: [ 0.42889413 -0.5613413   0.06572789  0.51526254]
14:03:20 [WARNING] rl_uav.envs.as2_test_env: Skipping velocity reset; simulator service reset required (terminal_out_of_bounds)
[ERROR] [1783166604.055615557] [drone0.drone0_interface]: Service returned failure
[ERROR] [1783166606.347418979] [drone0.drone0_interface]: Service returned failure
14:03:34 [INFO] rl_uav.envs.as2_test_env: Reset complete. Initial obs: [-0.44149545  0.18560062 -0.12035219 -0.08615293]
14:03:46 [WARNING] rl_uav.envs.as2_test_env: Skipping velocity reset; simulator service reset required (terminal_out_of_bounds)
[ERROR] [1783166629.659210326] [drone0.drone0_interface]: Service returned failure
[ERROR] [1783166631.961861882] [drone0.drone0_interface]: Service returned failure
14:04:00 [INFO] rl_uav.envs.as2_test_env: Reset complete. Initial obs: [ 0.34366816 -0.03399049 -0.02558201 -0.36468473]
------------------------------------------
| rollout/                |              |
|    ep_len_mean          | 67.3         |
|    ep_rew_mean          | -39.8        |
|    success_rate         | 0.04         |
| time/                   |              |
|    fps                  | 2            |
|    iterations           | 44           |
|    time_elapsed         | 7661         |
|    total_timesteps      | 22528        |
| train/                  |              |
|    approx_kl            | 0.0037201038 |
|    clip_fraction        | 0.0141       |
|    clip_range           | 0.2          |
|    entropy_loss         | -6.34        |
|    explained_variance   | 0.716        |
|    learning_rate        | 3e-05        |
|    loss                 | 4.17         |
|    n_updates            | 215          |
|    policy_gradient_loss | -0.00752     |
|    std                  | 0.998        |
|    value_loss           | 14.5         |
------------------------------------------
14:04:25 [WARNING] rl_uav.envs.as2_test_env: Skipping velocity reset; simulator service reset required (terminal_out_of_bounds)
[ERROR] [1783166669.269491787] [drone0.drone0_interface]: Service returned failure
[ERROR] [1783166671.576813807] [drone0.drone0_interface]: Service returned failure
14:04:40 [INFO] rl_uav.envs.as2_test_env: Reset complete. Initial obs: [-0.39544064 -0.23154904  0.14428256 -0.3427893 ]
14:04:41 [WARNING] rl_uav.envs.as2_test_env: Skipping velocity reset; simulator service reset required (terminal_out_of_bounds)
[ERROR] [1783166685.177204906] [drone0.drone0_interface]: Service returned failure
[ERROR] [1783166687.492912585] [drone0.drone0_interface]: Service returned failure
14:04:56 [INFO] rl_uav.envs.as2_test_env: Reset complete. Initial obs: [ 0.5889073  -0.75523984  0.03214008 -0.62751013]
14:05:11 [WARNING] rl_uav.envs.as2_test_env: Skipping velocity reset; simulator service reset required (terminal_out_of_bounds)
[ERROR] [1783166715.088179685] [drone0.drone0_interface]: Service returned failure
[ERROR] [1783166717.412463432] [drone0.drone0_interface]: Service returned failure
14:05:26 [INFO] rl_uav.envs.as2_test_env: Reset complete. Initial obs: [-0.3388087  -0.33402532  0.03290474 -0.1461842 ]
14:06:05 [WARNING] rl_uav.envs.as2_test_env: Skipping velocity reset; simulator service reset required (terminal_out_of_bounds)
[ERROR] [1783166768.891780212] [drone0.drone0_interface]: Service returned failure
[ERROR] [1783166771.224896212] [drone0.drone0_interface]: Service returned failure
14:06:19 [INFO] rl_uav.envs.as2_test_env: Reset complete. Initial obs: [-0.8081611   0.484364   -0.09121616 -0.10633995]
14:06:24 [WARNING] rl_uav.envs.as2_test_env: Skipping velocity reset; simulator service reset required (terminal_out_of_bounds)
[ERROR] [1783166787.707180182] [drone0.drone0_interface]: Service returned failure
[ERROR] [1783166790.053068293] [drone0.drone0_interface]: Service returned failure
14:06:38 [INFO] rl_uav.envs.as2_test_env: Reset complete. Initial obs: [-0.06363231 -0.69777745  0.17187275 -0.5111506 ]
14:07:03 [WARNING] rl_uav.envs.as2_test_env: Skipping velocity reset; simulator service reset required (terminal_out_of_bounds)
[ERROR] [1783166827.402834254] [drone0.drone0_interface]: Service returned failure
[ERROR] [1783166829.663143224] [drone0.drone0_interface]: Service returned failure
14:07:17 [INFO] rl_uav.envs.as2_test_env: Reset complete. Initial obs: [-0.18269673  0.67609465 -0.02812604 -0.42547467]
14:07:20 [WARNING] rl_uav.envs.as2_test_env: Reset started at valid low altitude z=0.484; climbing to hover 1.400m with bounded velocity recovery
14:07:24 [WARNING] rl_uav.envs.as2_test_env: Skipping velocity reset; simulator service reset required (terminal_out_of_bounds)
[ERROR] [1783166846.907926101] [drone0.drone0_interface]: Service returned failure
[ERROR] [1783166849.136356421] [drone0.drone0_interface]: Service returned failure
14:07:37 [INFO] rl_uav.envs.as2_test_env: Reset complete. Initial obs: [-0.19358423  0.30545565 -0.0108527   0.21981342]
14:07:40 [WARNING] rl_uav.envs.as2_test_env: Skipping velocity reset; simulator service reset required (terminal_out_of_bounds)
[ERROR] [1783166864.113548309] [drone0.drone0_interface]: Service returned failure
[ERROR] [1783166866.471732200] [drone0.drone0_interface]: Service returned failure
14:07:55 [INFO] rl_uav.envs.as2_test_env: Reset complete. Initial obs: [-0.52947474 -0.53055054  0.0089569  -0.5893148 ]
-----------------------------------------
| rollout/                |             |
|    ep_len_mean          | 65.2        |
|    ep_rew_mean          | -38.1       |
|    success_rate         | 0.04        |
| time/                   |             |
|    fps                  | 2           |
|    iterations           | 45          |
|    time_elapsed         | 7885        |
|    total_timesteps      | 23040       |
| train/                  |             |
|    approx_kl            | 0.004564681 |
|    clip_fraction        | 0.0168      |
|    clip_range           | 0.2         |
|    entropy_loss         | -6.15       |
|    explained_variance   | 0.141       |
|    learning_rate        | 3e-05       |
|    loss                 | 11.4        |
|    n_updates            | 220         |
|    policy_gradient_loss | -0.00353    |
|    std                  | 0.998       |
|    value_loss           | 25.4        |
-----------------------------------------
14:08:03 [WARNING] rl_uav.envs.as2_test_env: Skipping velocity reset; simulator service reset required (terminal_out_of_bounds)
[ERROR] [1783166887.321219891] [drone0.drone0_interface]: Service returned failure
[ERROR] [1783166889.691994319] [drone0.drone0_interface]: Service returned failure
14:08:18 [INFO] rl_uav.envs.as2_test_env: Reset complete. Initial obs: [-0.4533786   0.04436139  0.0242593  -0.99936664]
14:08:25 [WARNING] rl_uav.envs.as2_test_env: Skipping velocity reset; simulator service reset required (terminal_out_of_bounds)
[ERROR] [1783166908.850372868] [drone0.drone0_interface]: Service returned failure
[ERROR] [1783166911.180706082] [drone0.drone0_interface]: Service returned failure
14:08:39 [INFO] rl_uav.envs.as2_test_env: Reset complete. Initial obs: [-0.20216815  0.552814   -0.15969695 -0.6953922 ]
14:08:52 [WARNING] rl_uav.envs.as2_test_env: Reset started at valid low altitude z=0.315; climbing to hover 1.400m with bounded velocity recovery
14:08:56 [WARNING] rl_uav.envs.as2_test_env: Skipping velocity reset; simulator service reset required (terminal_out_of_bounds)
[ERROR] [1783166939.838322008] [drone0.drone0_interface]: Service returned failure
[ERROR] [1783166943.725277491] [drone0.drone0_interface]: Service returned failure
14:09:12 [INFO] rl_uav.envs.as2_test_env: Reset complete. Initial obs: [ 0.2547342  -0.05431125 -0.05329102 -0.8454113 ]
14:09:15 [WARNING] rl_uav.envs.as2_test_env: Skipping velocity reset; simulator service reset required (terminal_out_of_bounds)
[ERROR] [1783166959.159243137] [drone0.drone0_interface]: Service returned failure
[ERROR] [1783166963.061832347] [drone0.drone0_interface]: Service returned failure
14:09:31 [INFO] rl_uav.envs.as2_test_env: Reset complete. Initial obs: [ 0.247073    0.16594449  0.08363059 -0.48670876]
14:09:42 [WARNING] rl_uav.envs.as2_test_env: Skipping velocity reset; simulator service reset required (terminal_out_of_bounds)
[ERROR] [1783166986.652327179] [drone0.drone0_interface]: Service returned failure
[ERROR] [1783166988.937177991] [drone0.drone0_interface]: Service returned failure
14:09:57 [INFO] rl_uav.envs.as2_test_env: Reset complete. Initial obs: [ 0.1698797   0.06082766  0.12938966 -0.30072942]
14:09:59 [WARNING] rl_uav.envs.as2_test_env: Skipping velocity reset; simulator service reset required (terminal_out_of_bounds)
[ERROR] [1783167002.973609109] [drone0.drone0_interface]: Service returned failure
[ERROR] [1783167005.382081824] [drone0.drone0_interface]: Service returned failure
14:10:14 [INFO] rl_uav.envs.as2_test_env: Reset complete. Initial obs: [ 0.21505682 -0.6920575  -0.05484036  0.26812837]
14:10:41 [WARNING] rl_uav.envs.as2_test_env: Skipping velocity reset; simulator service reset required (terminal_out_of_bounds)
[ERROR] [1783167045.080625522] [drone0.drone0_interface]: Service returned failure
[ERROR] [1783167047.488678030] [drone0.drone0_interface]: Service returned failure
14:10:56 [INFO] rl_uav.envs.as2_test_env: Reset complete. Initial obs: [ 0.40969148 -0.41328537  0.2077794  -0.95037794]
14:11:18 [WARNING] rl_uav.envs.as2_test_env: Reset started at valid low altitude z=0.335; climbing to hover 1.400m with bounded velocity recovery
14:11:22 [WARNING] rl_uav.envs.as2_test_env: Skipping velocity reset; simulator service reset required (terminal_out_of_bounds)
[ERROR] [1783167085.781852942] [drone0.drone0_interface]: Service returned failure
[ERROR] [1783167088.198549530] [drone0.drone0_interface]: Service returned failure
14:11:37 [INFO] rl_uav.envs.as2_test_env: Reset complete. Initial obs: [ 0.6797525  -0.13370231 -0.03274733 -0.49806678]
14:11:46 [WARNING] rl_uav.envs.as2_test_env: Skipping velocity reset; simulator service reset required (terminal_out_of_bounds)
[ERROR] [1783167109.986087261] [drone0.drone0_interface]: Service returned failure
[ERROR] [1783167112.412463388] [drone0.drone0_interface]: Service returned failure
14:12:01 [INFO] rl_uav.envs.as2_test_env: Reset complete. Initial obs: [-0.2449401  0.3773217 -0.1454309 -0.9890201]
14:12:02 [WARNING] rl_uav.envs.as2_test_env: Reset started at valid low altitude z=0.384; climbing to hover 1.400m with bounded velocity recovery
14:12:06 [WARNING] rl_uav.envs.as2_test_env: Skipping velocity reset; simulator service reset required (terminal_out_of_bounds)
[ERROR] [1783167129.702842512] [drone0.drone0_interface]: Service returned failure
[ERROR] [1783167132.147903217] [drone0.drone0_interface]: Service returned failure
14:12:21 [INFO] rl_uav.envs.as2_test_env: Reset complete. Initial obs: [-0.39062834  0.00270033  0.08845256  0.48402104]
14:12:22 [WARNING] rl_uav.envs.as2_test_env: Skipping velocity reset; simulator service reset required (terminal_out_of_bounds)
[ERROR] [1783167146.509316748] [drone0.drone0_interface]: Service returned failure
[ERROR] [1783167148.958779749] [drone0.drone0_interface]: Service returned failure
14:12:37 [INFO] rl_uav.envs.as2_test_env: Reset complete. Initial obs: [ 0.5802398   0.3678879   0.14642048 -0.7264441 ]
-----------------------------------------
| rollout/                |             |
|    ep_len_mean          | 64.5        |
|    ep_rew_mean          | -38.2       |
|    success_rate         | 0.04        |
| time/                   |             |
|    fps                  | 2           |
|    iterations           | 46          |
|    time_elapsed         | 8166        |
|    total_timesteps      | 23552       |
| train/                  |             |
|    approx_kl            | 0.001185769 |
|    clip_fraction        | 0.00273     |
|    clip_range           | 0.2         |
|    entropy_loss         | -6.32       |
|    explained_variance   | 0.337       |
|    learning_rate        | 3e-05       |
|    loss                 | 3.13        |
|    n_updates            | 225         |
|    policy_gradient_loss | -0.00284    |
|    std                  | 0.998       |
|    value_loss           | 9.39        |
-----------------------------------------
14:12:50 [WARNING] rl_uav.envs.as2_test_env: Reset started at valid low altitude z=0.459; climbing to hover 1.400m with bounded velocity recovery
14:12:53 [WARNING] rl_uav.envs.as2_test_env: Skipping velocity reset; simulator service reset required (terminal_out_of_bounds)
[ERROR] [1783167176.916051889] [drone0.drone0_interface]: Service returned failure
[ERROR] [1783167179.365945569] [drone0.drone0_interface]: Service returned failure
14:13:08 [INFO] rl_uav.envs.as2_test_env: Reset complete. Initial obs: [-0.21930012  0.0253708   0.03654348  0.70683116]
14:13:14 [WARNING] rl_uav.envs.as2_test_env: Skipping velocity reset; simulator service reset required (terminal_out_of_bounds)
[ERROR] [1783167198.224093734] [drone0.drone0_interface]: Service returned failure
[ERROR] [1783167200.683948952] [drone0.drone0_interface]: Service returned failure
14:13:29 [INFO] rl_uav.envs.as2_test_env: Reset complete. Initial obs: [ 0.09191842 -0.46579596 -0.02841721  0.7811364 ]
14:13:49 [WARNING] rl_uav.envs.as2_test_env: Skipping velocity reset; simulator service reset required (terminal_out_of_bounds)
[ERROR] [1783167233.032359943] [drone0.drone0_interface]: Service returned failure
[ERROR] [1783167235.494224495] [drone0.drone0_interface]: Service returned failure
14:14:04 [INFO] rl_uav.envs.as2_test_env: Reset complete. Initial obs: [0.3014344 0.2033298 0.07585   0.4582554]
14:14:22 [WARNING] rl_uav.envs.as2_test_env: Reset started at valid low altitude z=0.475; climbing to hover 1.400m with bounded velocity recovery
14:14:26 [WARNING] rl_uav.envs.as2_test_env: Skipping velocity reset; simulator service reset required (terminal_out_of_bounds)
[ERROR] [1783167269.435536986] [drone0.drone0_interface]: Service returned failure
[ERROR] [1783167271.910500220] [drone0.drone0_interface]: Service returned failure
14:14:41 [INFO] rl_uav.envs.as2_test_env: Reset complete. Initial obs: [ 0.5292995  -0.10155597  0.11524535  0.58300626]
14:14:42 [WARNING] rl_uav.envs.as2_test_env: Skipping velocity reset; simulator service reset required (terminal_out_of_bounds)
[ERROR] [1783167286.442805327] [drone0.drone0_interface]: Service returned failure
[ERROR] [1783167288.928969209] [drone0.drone0_interface]: Service returned failure
14:14:58 [INFO] rl_uav.envs.as2_test_env: Reset complete. Initial obs: [-0.3984622  -0.42480016  0.06702895 -0.4583985 ]
14:15:13 [WARNING] rl_uav.envs.as2_test_env: Skipping velocity reset; simulator service reset required (terminal_out_of_bounds)
[ERROR] [1783167316.957898077] [drone0.drone0_interface]: Service returned failure
[ERROR] [1783167319.447377470] [drone0.drone0_interface]: Service returned failure
14:15:28 [INFO] rl_uav.envs.as2_test_env: Reset complete. Initial obs: [ 0.45148146  0.436909   -0.09294506  0.13586836]
14:15:31 [WARNING] rl_uav.envs.as2_test_env: Skipping velocity reset; simulator service reset required (terminal_out_of_bounds)
[ERROR] [1783167335.460424796] [drone0.drone0_interface]: Service returned failure
[ERROR] [1783167337.950414421] [drone0.drone0_interface]: Service returned failure
14:15:47 [INFO] rl_uav.envs.as2_test_env: Reset complete. Initial obs: [-0.6482404  -0.02037122  0.12837465 -0.03822933]
14:16:00 [WARNING] rl_uav.envs.as2_test_env: Skipping velocity reset; simulator service reset required (terminal_out_of_bounds)
[ERROR] [1783167364.448400266] [drone0.drone0_interface]: Service returned failure
[ERROR] [1783167366.954517722] [drone0.drone0_interface]: Service returned failure
14:16:16 [INFO] rl_uav.envs.as2_test_env: Reset complete. Initial obs: [-0.43172064  0.39177704 -0.14578125 -0.45855063]
14:16:23 [WARNING] rl_uav.envs.as2_test_env: Reset started at valid low altitude z=0.418; climbing to hover 1.400m with bounded velocity recovery
14:16:27 [WARNING] rl_uav.envs.as2_test_env: Skipping velocity reset; simulator service reset required (terminal_out_of_bounds)
[ERROR] [1783167390.565431811] [drone0.drone0_interface]: Service returned failure
[ERROR] [1783167393.170398819] [drone0.drone0_interface]: Service returned failure
14:16:42 [INFO] rl_uav.envs.as2_test_env: Reset complete. Initial obs: [-0.54498225  0.16857004 -0.10992006 -0.2797788 ]
14:16:43 [WARNING] rl_uav.envs.as2_test_env: Reset started at valid low altitude z=0.484; climbing to hover 1.400m with bounded velocity recovery
14:16:47 [WARNING] rl_uav.envs.as2_test_env: Skipping velocity reset; simulator service reset required (terminal_out_of_bounds)
[ERROR] [1783167410.759477006] [drone0.drone0_interface]: Service returned failure
[ERROR] [1783167413.284253558] [drone0.drone0_interface]: Service returned failure
14:17:02 [INFO] rl_uav.envs.as2_test_env: Reset complete. Initial obs: [-0.59088725 -0.02242768 -0.12512521 -0.01490474]
-----------------------------------------
| rollout/                |             |
|    ep_len_mean          | 60.5        |
|    ep_rew_mean          | -36.5       |
|    success_rate         | 0.03        |
| time/                   |             |
|    fps                  | 2           |
|    iterations           | 47          |
|    time_elapsed         | 8438        |
|    total_timesteps      | 24064       |
| train/                  |             |
|    approx_kl            | 0.004140438 |
|    clip_fraction        | 0.0125      |
|    clip_range           | 0.2         |
|    entropy_loss         | -6.97       |
|    explained_variance   | 0.62        |
|    learning_rate        | 3e-05       |
|    loss                 | 5.63        |
|    n_updates            | 230         |
|    policy_gradient_loss | -0.00574    |
|    std                  | 0.998       |
|    value_loss           | 11.9        |
-----------------------------------------
14:17:11 [WARNING] rl_uav.envs.as2_test_env: Skipping velocity reset; simulator service reset required (terminal_out_of_bounds)
[ERROR] [1783167435.478546619] [drone0.drone0_interface]: Service returned failure
[ERROR] [1783167438.003168270] [drone0.drone0_interface]: Service returned failure
14:17:27 [INFO] rl_uav.envs.as2_test_env: Reset complete. Initial obs: [-0.40277883 -0.630208    0.02326876 -0.66299987]
14:17:30 [WARNING] rl_uav.envs.as2_test_env: Skipping velocity reset; simulator service reset required (terminal_out_of_bounds)
[ERROR] [1783167454.180760044] [drone0.drone0_interface]: Service returned failure
[ERROR] [1783167456.718871632] [drone0.drone0_interface]: Service returned failure
14:17:45 [INFO] rl_uav.envs.as2_test_env: Reset complete. Initial obs: [ 0.71790725  0.13235246 -0.18034592  0.46968102]
14:17:47 [WARNING] rl_uav.envs.as2_test_env: Reset started at valid low altitude z=0.418; climbing to hover 1.400m with bounded velocity recovery
14:17:51 [WARNING] rl_uav.envs.as2_test_env: Skipping velocity reset; simulator service reset required (terminal_out_of_bounds)
[ERROR] [1783167474.510701633] [drone0.drone0_interface]: Service returned failure
[ERROR] [1783167477.062855550] [drone0.drone0_interface]: Service returned failure
14:18:06 [INFO] rl_uav.envs.as2_test_env: Reset complete. Initial obs: [-0.6221948   0.36825773 -0.0046189  -0.34402665]
14:18:19 [WARNING] rl_uav.envs.as2_test_env: Skipping velocity reset; simulator service reset required (terminal_out_of_bounds)
[ERROR] [1783167503.906609091] [drone0.drone0_interface]: Service returned failure
[ERROR] [1783167506.464359060] [drone0.drone0_interface]: Service returned failure
14:18:35 [INFO] rl_uav.envs.as2_test_env: Reset complete. Initial obs: [-0.64328116  0.19074367 -0.16458939  0.78050524]
14:18:46 [WARNING] rl_uav.envs.as2_test_env: Skipping velocity reset; simulator service reset required (terminal_out_of_bounds)
[ERROR] [1783167530.516410155] [drone0.drone0_interface]: Service returned failure
[ERROR] [1783167533.072196437] [drone0.drone0_interface]: Service returned failure
14:19:02 [INFO] rl_uav.envs.as2_test_env: Reset complete. Initial obs: [-0.75691384 -0.33940026 -0.15745127 -0.34886923]
14:19:03 [WARNING] rl_uav.envs.as2_test_env: Reset started at valid low altitude z=0.414; climbing to hover 1.400m with bounded velocity recovery
14:19:07 [WARNING] rl_uav.envs.as2_test_env: Skipping velocity reset; simulator service reset required (terminal_out_of_bounds)
[ERROR] [1783167551.110391239] [drone0.drone0_interface]: Service returned failure
[ERROR] [1783167553.680253663] [drone0.drone0_interface]: Service returned failure
14:19:23 [INFO] rl_uav.envs.as2_test_env: Reset complete. Initial obs: [ 0.4959595  -0.69637495  0.13531739 -0.47776866]
14:19:38 [WARNING] rl_uav.envs.as2_test_env: Skipping velocity reset; simulator service reset required (terminal_out_of_bounds)
[ERROR] [1783167582.628189136] [drone0.drone0_interface]: Service returned failure
[ERROR] [1783167586.830648920] [drone0.drone0_interface]: Service returned failure
14:19:56 [INFO] rl_uav.envs.as2_test_env: Reset complete. Initial obs: [-0.7432278   0.23029861 -0.00546756  0.47101328]
14:20:16 [WARNING] rl_uav.envs.as2_test_env: Skipping velocity reset; simulator service reset required (terminal_out_of_bounds)
[ERROR] [1783167620.535404563] [drone0.drone0_interface]: Service returned failure
[ERROR] [1783167623.113516702] [drone0.drone0_interface]: Service returned failure
14:20:32 [INFO] rl_uav.envs.as2_test_env: Reset complete. Initial obs: [-0.5729499  -0.32771215 -0.04126249 -0.28785935]
14:20:59 [WARNING] rl_uav.envs.as2_test_env: Skipping velocity reset; simulator service reset required (terminal_out_of_bounds)
[ERROR] [1783167663.332642484] [drone0.drone0_interface]: Service returned failure
[ERROR] [1783167665.924576279] [drone0.drone0_interface]: Service returned failure
14:21:15 [INFO] rl_uav.envs.as2_test_env: Reset complete. Initial obs: [-0.14579187  0.08982532  0.13040791  0.34473878]
14:21:18 [WARNING] rl_uav.envs.as2_test_env: Skipping velocity reset; simulator service reset required (terminal_out_of_bounds)
[ERROR] [1783167682.659290402] [drone0.drone0_interface]: Service returned failure
[ERROR] [1783167685.258046514] [drone0.drone0_interface]: Service returned failure
14:21:34 [INFO] rl_uav.envs.as2_test_env: Reset complete. Initial obs: [-0.30440044 -0.01066731  0.02695317  0.91080093]
14:21:37 [WARNING] rl_uav.envs.as2_test_env: Skipping velocity reset; simulator service reset required (terminal_out_of_bounds)
[ERROR] [1783167701.966323054] [drone0.drone0_interface]: Service returned failure
[ERROR] [1783167704.564359549] [drone0.drone0_interface]: Service returned failure
14:21:58 [INFO] rl_uav.envs.as2_test_env: Reset complete. Initial obs: [ 0.14814597 -0.7118718   0.03828572 -0.6587264 ]
-----------------------------------------
| rollout/                |             |
|    ep_len_mean          | 58          |
|    ep_rew_mean          | -36.6       |
|    success_rate         | 0.03        |
| time/                   |             |
|    fps                  | 2           |
|    iterations           | 48          |
|    time_elapsed         | 8730        |
|    total_timesteps      | 24576       |
| train/                  |             |
|    approx_kl            | 0.009700552 |
|    clip_fraction        | 0.0277      |
|    clip_range           | 0.2         |
|    entropy_loss         | -6.46       |
|    explained_variance   | 0.182       |
|    learning_rate        | 3e-05       |
|    loss                 | 3           |
|    n_updates            | 235         |
|    policy_gradient_loss | -0.000521   |
|    std                  | 0.997       |
|    value_loss           | 5.93        |
-----------------------------------------
14:22:08 [WARNING] rl_uav.envs.as2_test_env: Skipping velocity reset; simulator service reset required (terminal_out_of_bounds)
[ERROR] [1783167732.577935684] [drone0.drone0_interface]: Service returned failure
[ERROR] [1783167735.199466727] [drone0.drone0_interface]: Service returned failure
14:22:24 [INFO] rl_uav.envs.as2_test_env: Reset complete. Initial obs: [-0.30602297  0.04218383 -0.06714898  0.93181694]
14:22:27 [WARNING] rl_uav.envs.as2_test_env: Skipping velocity reset; simulator service reset required (terminal_out_of_bounds)
[ERROR] [1783167751.984288952] [drone0.drone0_interface]: Service returned failure
[ERROR] [1783167754.609506401] [drone0.drone0_interface]: Service returned failure
14:22:44 [INFO] rl_uav.envs.as2_test_env: Reset complete. Initial obs: [-0.04851497  0.24310522 -0.05451257 -0.14350241]
14:22:47 [WARNING] rl_uav.envs.as2_test_env: Skipping velocity reset; simulator service reset required (terminal_out_of_bounds)
[ERROR] [1783167771.491939362] [drone0.drone0_interface]: Service returned failure
[ERROR] [1783167774.118188780] [drone0.drone0_interface]: Service returned failure
14:23:03 [INFO] rl_uav.envs.as2_test_env: Reset complete. Initial obs: [0.35602024 0.4058412  0.01810868 0.18565038]
14:23:27 [WARNING] rl_uav.envs.as2_test_env: Skipping velocity reset; simulator service reset required (terminal_out_of_bounds)
[ERROR] [1783167811.799193722] [drone0.drone0_interface]: Service returned failure
[ERROR] [1783167814.437744505] [drone0.drone0_interface]: Service returned failure
14:23:48 [INFO] rl_uav.envs.as2_test_env: Reset complete. Initial obs: [0.4769596  0.79420155 0.07532272 0.21655966]
14:24:04 [WARNING] rl_uav.envs.as2_test_env: Skipping velocity reset; simulator service reset required (terminal_out_of_bounds)
[ERROR] [1783167849.107159315] [drone0.drone0_interface]: Service returned failure
[ERROR] [1783167851.761974140] [drone0.drone0_interface]: Service returned failure
14:24:25 [INFO] rl_uav.envs.as2_test_env: Reset complete. Initial obs: [-0.13329461  0.62105805  0.19430445 -0.7470473 ]
14:24:32 [WARNING] rl_uav.envs.as2_test_env: Skipping velocity reset; simulator service reset required (terminal_out_of_bounds)
[ERROR] [1783167876.727228622] [drone0.drone0_interface]: Service returned failure
[ERROR] [1783167879.383530768] [drone0.drone0_interface]: Service returned failure
14:24:49 [INFO] rl_uav.envs.as2_test_env: Reset complete. Initial obs: [-0.8368105   0.4790795  -0.01517298 -0.06921715]
14:24:55 [WARNING] rl_uav.envs.as2_test_env: Skipping velocity reset; simulator service reset required (terminal_out_of_bounds)
[ERROR] [1783167899.624164457] [drone0.drone0_interface]: Service returned failure
[ERROR] [1783167902.282405717] [drone0.drone0_interface]: Service returned failure
14:25:16 [INFO] rl_uav.envs.as2_test_env: Reset complete. Initial obs: [-0.30060753  0.49961135 -0.02564438  0.10779044]
14:25:29 [WARNING] rl_uav.envs.as2_test_env: Skipping velocity reset; simulator service reset required (terminal_out_of_bounds)
[ERROR] [1783167933.946351347] [drone0.drone0_interface]: Service returned failure
[ERROR] [1783167936.621118072] [drone0.drone0_interface]: Service returned failure
14:25:50 [INFO] rl_uav.envs.as2_test_env: Reset complete. Initial obs: [ 0.20442504 -0.1284256   0.01631752 -0.34011117]
14:26:00 [WARNING] rl_uav.envs.as2_test_env: Reset started at valid low altitude z=0.398; climbing to hover 1.400m with bounded velocity recovery
14:26:04 [WARNING] rl_uav.envs.as2_test_env: Skipping velocity reset; simulator service reset required (terminal_out_of_bounds)
[ERROR] [1783167968.221399909] [drone0.drone0_interface]: Service returned failure
[ERROR] [1783167970.901807705] [drone0.drone0_interface]: Service returned failure
14:26:24 [INFO] rl_uav.envs.as2_test_env: Reset complete. Initial obs: [ 0.53062516  0.24126017 -0.15721889 -0.50914204]
14:26:27 [WARNING] rl_uav.envs.as2_test_env: Skipping velocity reset; simulator service reset required (terminal_out_of_bounds)
[ERROR] [1783167991.429926807] [drone0.drone0_interface]: Service returned failure
[ERROR] [1783167994.134378490] [drone0.drone0_interface]: Service returned failure
14:26:48 [INFO] rl_uav.envs.as2_test_env: Reset complete. Initial obs: [ 0.17665154 -0.80639285 -0.05653748  0.46161747]
------------------------------------------
| rollout/                |              |
|    ep_len_mean          | 59.4         |
|    ep_rew_mean          | -37.5        |
|    success_rate         | 0.03         |
| time/                   |              |
|    fps                  | 2            |
|    iterations           | 49           |
|    time_elapsed         | 9030         |
|    total_timesteps      | 25088        |
| train/                  |              |
|    approx_kl            | 0.0010423391 |
|    clip_fraction        | 0.000391     |
|    clip_range           | 0.2          |
|    entropy_loss         | -7.93        |
|    explained_variance   | 0.209        |
|    learning_rate        | 3e-05        |
|    loss                 | 6.66         |
|    n_updates            | 240          |
|    policy_gradient_loss | -0.00209     |
|    std                  | 0.997        |
|    value_loss           | 18.1         |
------------------------------------------
14:27:03 [WARNING] rl_uav.envs.as2_test_env: Skipping velocity reset; simulator service reset required (terminal_out_of_bounds)
[ERROR] [1783168027.756569729] [drone0.drone0_interface]: Service returned failure
[ERROR] [1783168030.475270717] [drone0.drone0_interface]: Service returned failure
14:27:24 [INFO] rl_uav.envs.as2_test_env: Reset complete. Initial obs: [-0.35257763  0.0342675   0.18467753 -0.99283963]
14:27:33 [WARNING] rl_uav.envs.as2_test_env: Skipping velocity reset; simulator service reset required (terminal_out_of_bounds)
[ERROR] [1783168057.782849420] [drone0.drone0_interface]: Service returned failure
[ERROR] [1783168060.502010936] [drone0.drone0_interface]: Service returned failure
14:27:54 [INFO] rl_uav.envs.as2_test_env: Reset complete. Initial obs: [ 0.76354706  0.33036152 -0.08892761 -0.2907316 ]
14:28:13 [WARNING] rl_uav.envs.as2_test_env: Skipping velocity reset; simulator service reset required (terminal_out_of_bounds)
[ERROR] [1783168097.694714214] [drone0.drone0_interface]: Service returned failure
[ERROR] [1783168100.430480558] [drone0.drone0_interface]: Service returned failure
14:28:34 [INFO] rl_uav.envs.as2_test_env: Reset complete. Initial obs: [-0.33909476  0.7657756   0.01177463  0.02631412]
14:28:45 [WARNING] rl_uav.envs.as2_test_env: Skipping velocity reset; simulator service reset required (terminal_out_of_bounds)
[ERROR] [1783168129.790383957] [drone0.drone0_interface]: Service returned failure
[ERROR] [1783168132.534165868] [drone0.drone0_interface]: Service returned failure
14:29:07 [INFO] rl_uav.envs.as2_test_env: Reset complete. Initial obs: [-0.7331723 -0.6073761 -0.0996383  0.6818429]
14:29:21 [WARNING] rl_uav.envs.as2_test_env: Skipping velocity reset; simulator service reset required (terminal_out_of_bounds)
[ERROR] [1783168165.627651234] [drone0.drone0_interface]: Service returned failure
[ERROR] [1783168168.402321264] [drone0.drone0_interface]: Service returned failure
14:29:42 [INFO] rl_uav.envs.as2_test_env: Reset complete. Initial obs: [ 0.27399766 -0.3302959   0.13007216  0.660253  ]
14:30:00 [WARNING] rl_uav.envs.as2_test_env: Skipping velocity reset; simulator service reset required (terminal_out_of_bounds)
[ERROR] [1783168204.825059487] [drone0.drone0_interface]: Service returned failure
[ERROR] [1783168207.594502849] [drone0.drone0_interface]: Service returned failure
14:30:22 [INFO] rl_uav.envs.as2_test_env: Reset complete. Initial obs: [-0.15994696 -0.30316064  0.15313269  0.83425206]
14:30:51 [WARNING] rl_uav.envs.as2_test_env: Skipping velocity reset; simulator service reset required (terminal_out_of_bounds)
[ERROR] [1783168255.948919832] [drone0.drone0_interface]: Service returned failure
[ERROR] [1783168258.827877567] [drone0.drone0_interface]: Service returned failure
14:31:13 [INFO] rl_uav.envs.as2_test_env: Reset complete. Initial obs: [ 0.4958128  -0.06278307 -0.16349117  0.66825545]
14:31:15 [WARNING] rl_uav.envs.as2_test_env: Skipping velocity reset; simulator service reset required (terminal_out_of_bounds)
[ERROR] [1783168280.054918696] [drone0.drone0_interface]: Service returned failure
[ERROR] [1783168282.849913712] [drone0.drone0_interface]: Service returned failure
14:31:37 [INFO] rl_uav.envs.as2_test_env: Reset complete. Initial obs: [ 0.6644713   0.7165521  -0.12647143  0.8121375 ]
14:31:39 [WARNING] rl_uav.envs.as2_test_env: Skipping velocity reset; simulator service reset required (terminal_out_of_bounds)
[ERROR] [1783168304.267382444] [drone0.drone0_interface]: Service returned failure
[ERROR] [1783168307.068557511] [drone0.drone0_interface]: Service returned failure
14:32:01 [INFO] rl_uav.envs.as2_test_env: Reset complete. Initial obs: [-0.19543958 -0.04123838 -0.09401697 -0.4123017 ]
------------------------------------------
| rollout/                |              |
|    ep_len_mean          | 58.8         |
|    ep_rew_mean          | -37          |
|    success_rate         | 0.03         |
| time/                   |              |
|    fps                  | 2            |
|    iterations           | 50           |
|    time_elapsed         | 9329         |
|    total_timesteps      | 25600        |
| train/                  |              |
|    approx_kl            | 0.0033269934 |
|    clip_fraction        | 0.00937      |
|    clip_range           | 0.2          |
|    entropy_loss         | -7.23        |
|    explained_variance   | 0.306        |
|    learning_rate        | 3e-05        |
|    loss                 | 8.73         |
|    n_updates            | 245          |
|    policy_gradient_loss | -0.0119      |
|    std                  | 0.998        |
|    value_loss           | 15.5         |
------------------------------------------
14:32:04 [WARNING] rl_uav.envs.as2_test_env: Skipping velocity reset; simulator service reset required (terminal_out_of_bounds)
[ERROR] [1783168328.474571259] [drone0.drone0_interface]: Service returned failure
[ERROR] [1783168331.289395290] [drone0.drone0_interface]: Service returned failure
14:32:26 [INFO] rl_uav.envs.as2_test_env: Reset complete. Initial obs: [ 0.07522538 -0.2845719   0.08702689  0.22084355]
14:32:52 [WARNING] rl_uav.envs.as2_test_env: Skipping velocity reset; simulator service reset required (terminal_out_of_bounds)
[ERROR] [1783168376.687867448] [drone0.drone0_interface]: Service returned failure
[ERROR] [1783168379.517086192] [drone0.drone0_interface]: Service returned failure
14:33:14 [INFO] rl_uav.envs.as2_test_env: Reset complete. Initial obs: [ 0.22707741  0.6973518   0.09221655 -0.13456061]
14:33:16 [WARNING] rl_uav.envs.as2_test_env: Reset started at valid low altitude z=0.391; climbing to hover 1.400m with bounded velocity recovery
14:33:20 [WARNING] rl_uav.envs.as2_test_env: Skipping velocity reset; simulator service reset required (terminal_out_of_bounds)
[ERROR] [1783168404.407375236] [drone0.drone0_interface]: Service returned failure
[ERROR] [1783168407.254479851] [drone0.drone0_interface]: Service returned failure
14:33:42 [INFO] rl_uav.envs.as2_test_env: Reset complete. Initial obs: [-0.49911034 -0.7397274  -0.05348149 -0.7364357 ]
14:33:44 [WARNING] rl_uav.envs.as2_test_env: Skipping velocity reset; simulator service reset required (terminal_out_of_bounds)
[ERROR] [1783168429.000572597] [drone0.drone0_interface]: Service returned failure
[ERROR] [1783168431.854362494] [drone0.drone0_interface]: Service returned failure
14:34:06 [INFO] rl_uav.envs.as2_test_env: Reset complete. Initial obs: [-0.18259521  0.32309273 -0.09139812 -0.6842832 ]
14:34:09 [WARNING] rl_uav.envs.as2_test_env: Skipping velocity reset; simulator service reset required (terminal_out_of_bounds)
[ERROR] [1783168453.625050915] [drone0.drone0_interface]: Service returned failure
[ERROR] [1783168456.484952808] [drone0.drone0_interface]: Service returned failure
14:34:31 [INFO] rl_uav.envs.as2_test_env: Reset complete. Initial obs: [ 0.22439903 -0.308904   -0.01227806  0.51898026]
14:34:40 [INFO] rl_uav.envs.as2_test_env: Keeping drone airborne for velocity reset...
[ERROR] [1783168485.517808878] [drone0.drone0_interface]: Service returned failure
[ERROR] [1783168488.390984984] [drone0.drone0_interface]: Service returned failure
14:35:14 [INFO] rl_uav.envs.as2_test_env: Reset complete. Initial obs: [ 0.25555688 -0.00514863  0.12564917 -0.7783881 ]
14:35:46 [WARNING] rl_uav.envs.as2_test_env: Skipping velocity reset; simulator service reset required (terminal_out_of_bounds)
[ERROR] [1783168551.146645894] [drone0.drone0_interface]: Service returned failure
[ERROR] [1783168554.033871274] [drone0.drone0_interface]: Service returned failure
14:36:09 [INFO] rl_uav.envs.as2_test_env: Reset complete. Initial obs: [-0.20271604  0.543518   -0.05726028 -0.8456551 ]
14:36:27 [WARNING] rl_uav.envs.as2_test_env: Skipping velocity reset; simulator service reset required (terminal_out_of_bounds)
[ERROR] [1783168592.450951572] [drone0.drone0_interface]: Service returned failure
[ERROR] [1783168595.353963121] [drone0.drone0_interface]: Service returned failure
14:36:50 [INFO] rl_uav.envs.as2_test_env: Reset complete. Initial obs: [ 0.9747219  -0.1184816  -0.07666972  0.56932116]
14:36:54 [WARNING] rl_uav.envs.as2_test_env: Skipping velocity reset; simulator service reset required (terminal_out_of_bounds)
[ERROR] [1783168619.474839426] [drone0.drone0_interface]: Service returned failure
[ERROR] [1783168624.174011378] [drone0.drone0_interface]: Service returned failure
14:37:19 [INFO] rl_uav.envs.as2_test_env: Reset complete. Initial obs: [-0.744996    0.49669126  0.05767496 -0.7190271 ]
14:37:21 [WARNING] rl_uav.envs.as2_test_env: Skipping velocity reset; simulator service reset required (terminal_out_of_bounds)
[ERROR] [1783168646.490066004] [drone0.drone0_interface]: Service returned failure
[ERROR] [1783168649.406912945] [drone0.drone0_interface]: Service returned failure
14:37:44 [INFO] rl_uav.envs.as2_test_env: Reset complete. Initial obs: [ 0.5646906   0.76714385  0.15913747 -0.33759657]
-----------------------------------------
| rollout/                |             |
|    ep_len_mean          | 54.6        |
|    ep_rew_mean          | -34.6       |
|    success_rate         | 0.04        |
| time/                   |             |
|    fps                  | 2           |
|    iterations           | 51          |
|    time_elapsed         | 9675        |
|    total_timesteps      | 26112       |
| train/                  |             |
|    approx_kl            | 0.006936739 |
|    clip_fraction        | 0.0437      |
|    clip_range           | 0.2         |
|    entropy_loss         | -7.38       |
|    explained_variance   | 0.134       |
|    learning_rate        | 3e-05       |
|    loss                 | 7.4         |
|    n_updates            | 250         |
|    policy_gradient_loss | -0.0106     |
|    std                  | 0.998       |
|    value_loss           | 13.8        |
-----------------------------------------
14:37:49 [WARNING] rl_uav.envs.as2_test_env: Reset started at valid low altitude z=0.402; climbing to hover 1.400m with bounded velocity recovery
14:37:53 [WARNING] rl_uav.envs.as2_test_env: Skipping velocity reset; simulator service reset required (terminal_out_of_bounds)
[ERROR] [1783168677.288889644] [drone0.drone0_interface]: Service returned failure
[ERROR] [1783168680.211910365] [drone0.drone0_interface]: Service returned failure
14:38:15 [INFO] rl_uav.envs.as2_test_env: Reset complete. Initial obs: [ 0.01715698 -0.46184412 -0.02387011 -0.58269465]
14:38:28 [WARNING] rl_uav.envs.as2_test_env: Skipping velocity reset; simulator service reset required (terminal_out_of_bounds)
[ERROR] [1783168713.606165474] [drone0.drone0_interface]: Service returned failure
[ERROR] [1783168716.552586609] [drone0.drone0_interface]: Service returned failure
14:38:52 [INFO] rl_uav.envs.as2_test_env: Reset complete. Initial obs: [ 0.34705475 -0.12907238 -0.07831693 -0.0586414 ]
14:38:56 [WARNING] rl_uav.envs.as2_test_env: Skipping velocity reset; simulator service reset required (terminal_out_of_bounds)
[ERROR] [1783168741.012317503] [drone0.drone0_interface]: Service returned failure
[ERROR] [1783168743.952965923] [drone0.drone0_interface]: Service returned failure
14:39:19 [INFO] rl_uav.envs.as2_test_env: Reset complete. Initial obs: [-0.58122265  0.03350256 -0.0634559   0.18720198]
14:39:29 [WARNING] rl_uav.envs.as2_test_env: Skipping velocity reset; simulator service reset required (terminal_out_of_bounds)
[ERROR] [1783168773.925867174] [drone0.drone0_interface]: Service returned failure
[ERROR] [1783168776.896060507] [drone0.drone0_interface]: Service returned failure
14:39:52 [INFO] rl_uav.envs.as2_test_env: Reset complete. Initial obs: [ 0.89471924  0.32851022 -0.13624346 -0.1091893 ]
14:40:00 [WARNING] rl_uav.envs.as2_test_env: Skipping velocity reset; simulator service reset required (terminal_out_of_bounds)
[ERROR] [1783168805.030402783] [drone0.drone0_interface]: Service returned failure
[ERROR] [1783168807.999565083] [drone0.drone0_interface]: Service returned failure
14:40:23 [INFO] rl_uav.envs.as2_test_env: Reset complete. Initial obs: [-0.41566458  0.5421151   0.1516546   0.4685243 ]
14:41:04 [INFO] rl_uav.envs.as2_test_env: Keeping drone airborne for velocity reset...
14:41:04 [WARNING] rl_uav.envs.as2_test_env: Reset started at valid low altitude z=0.785; climbing to hover 1.400m with bounded velocity recovery
[ERROR] [1783168872.435332468] [drone0.drone0_interface]: Service returned failure
[ERROR] [1783168875.430710141] [drone0.drone0_interface]: Service returned failure
14:41:40 [INFO] rl_uav.envs.as2_test_env: Reset complete. Initial obs: [ 0.8194062  -0.20834877  0.04630429 -0.51523685]
14:41:46 [WARNING] rl_uav.envs.as2_test_env: Skipping velocity reset; simulator service reset required (terminal_out_of_bounds)
[ERROR] [1783168911.340749361] [drone0.drone0_interface]: Service returned failure
[ERROR] [1783168914.341455806] [drone0.drone0_interface]: Service returned failure
14:42:10 [INFO] rl_uav.envs.as2_test_env: Reset complete. Initial obs: [-0.39903286  0.25547037  0.11136269 -0.33621442]
14:42:12 [WARNING] rl_uav.envs.as2_test_env: Skipping velocity reset; simulator service reset required (terminal_out_of_bounds)
[ERROR] [1783168937.567047536] [drone0.drone0_interface]: Service returned failure
[ERROR] [1783168940.578589988] [drone0.drone0_interface]: Service returned failure
14:42:36 [INFO] rl_uav.envs.as2_test_env: Reset complete. Initial obs: [-0.3333577   0.7810172  -0.06288635 -0.5286774 ]
14:42:44 [WARNING] rl_uav.envs.as2_test_env: Skipping velocity reset; simulator service reset required (terminal_out_of_bounds)
[ERROR] [1783168969.287380245] [drone0.drone0_interface]: Service returned failure
[ERROR] [1783168972.319566123] [drone0.drone0_interface]: Service returned failure
14:43:08 [INFO] rl_uav.envs.as2_test_env: Reset complete. Initial obs: [-0.40709224 -0.45027477  0.03069617  0.14990339]
------------------------------------------
| rollout/                |              |
|    ep_len_mean          | 54           |
|    ep_rew_mean          | -33.9        |
|    success_rate         | 0.03         |
| time/                   |              |
|    fps                  | 2            |
|    iterations           | 52           |
|    time_elapsed         | 10006        |
|    total_timesteps      | 26624        |
| train/                  |              |
|    approx_kl            | 0.0008701477 |
|    clip_fraction        | 0            |
|    clip_range           | 0.2          |
|    entropy_loss         | -6.93        |
|    explained_variance   | 0.00246      |
|    learning_rate        | 3e-05        |
|    loss                 | 15           |
|    n_updates            | 255          |
|    policy_gradient_loss | -0.00192     |
|    std                  | 0.997        |
|    value_loss           | 30.9         |
------------------------------------------
14:43:25 [WARNING] rl_uav.envs.as2_test_env: Skipping velocity reset; simulator service reset required (terminal_out_of_bounds)
[ERROR] [1783169010.584564723] [drone0.drone0_interface]: Service returned failure
[ERROR] [1783169013.621097466] [drone0.drone0_interface]: Service returned failure
14:43:49 [INFO] rl_uav.envs.as2_test_env: Reset complete. Initial obs: [-0.49326447 -0.18326718 -0.03154866 -0.08597158]
14:43:57 [WARNING] rl_uav.envs.as2_test_env: Skipping velocity reset; simulator service reset required (terminal_out_of_bounds)
[ERROR] [1783169042.702222963] [drone0.drone0_interface]: Service returned failure
[ERROR] [1783169045.749820990] [drone0.drone0_interface]: Service returned failure
14:44:21 [INFO] rl_uav.envs.as2_test_env: Reset complete. Initial obs: [-0.4865996  -0.69947755  0.06434867  0.2873097 ]
14:44:26 [WARNING] rl_uav.envs.as2_test_env: Skipping velocity reset; simulator service reset required (terminal_out_of_bounds)
[ERROR] [1783169071.217013819] [drone0.drone0_interface]: Service returned failure
[ERROR] [1783169074.279302851] [drone0.drone0_interface]: Service returned failure
14:44:50 [INFO] rl_uav.envs.as2_test_env: Reset complete. Initial obs: [ 0.12635274 -0.14666915 -0.00979794 -0.52526337]
14:45:17 [WARNING] rl_uav.envs.as2_test_env: Skipping velocity reset; simulator service reset required (terminal_out_of_bounds)
[ERROR] [1783169122.732875542] [drone0.drone0_interface]: Service returned failure
[ERROR] [1783169125.799882276] [drone0.drone0_interface]: Service returned failure
14:45:41 [INFO] rl_uav.envs.as2_test_env: Reset complete. Initial obs: [ 0.31677485 -0.21454467 -0.00495104  0.30069408]
14:45:44 [WARNING] rl_uav.envs.as2_test_env: Skipping velocity reset; simulator service reset required (terminal_out_of_bounds)
[ERROR] [1783169149.441233657] [drone0.drone0_interface]: Service returned failure
[ERROR] [1783169152.529764166] [drone0.drone0_interface]: Service returned failure
14:46:08 [INFO] rl_uav.envs.as2_test_env: Reset complete. Initial obs: [-0.44828707  0.39313152  0.08585672 -0.69676125]
14:46:17 [WARNING] rl_uav.envs.as2_test_env: Skipping velocity reset; simulator service reset required (terminal_out_of_bounds)
[ERROR] [1783169182.153991226] [drone0.drone0_interface]: Service returned failure
[ERROR] [1783169185.252522704] [drone0.drone0_interface]: Service returned failure
14:46:41 [INFO] rl_uav.envs.as2_test_env: Reset complete. Initial obs: [-0.14992723 -0.9612118  -0.07599301  0.7048913 ]
14:46:46 [WARNING] rl_uav.envs.as2_test_env: Skipping velocity reset; simulator service reset required (terminal_out_of_bounds)
[ERROR] [1783169210.963371917] [drone0.drone0_interface]: Service returned failure
[ERROR] [1783169214.067805681] [drone0.drone0_interface]: Service returned failure
14:47:10 [INFO] rl_uav.envs.as2_test_env: Reset complete. Initial obs: [-0.5452169  -0.8031051   0.16042863 -0.7283839 ]
14:47:18 [WARNING] rl_uav.envs.as2_test_env: Skipping velocity reset; simulator service reset required (terminal_out_of_bounds)
[ERROR] [1783169243.785979123] [drone0.drone0_interface]: Service returned failure
[ERROR] [1783169246.911090398] [drone0.drone0_interface]: Service returned failure
14:47:43 [INFO] rl_uav.envs.as2_test_env: Reset complete. Initial obs: [-0.5145142   0.17686114 -0.10408639 -0.28198355]
14:47:57 [WARNING] rl_uav.envs.as2_test_env: Skipping velocity reset; simulator service reset required (terminal_out_of_bounds)
[ERROR] [1783169282.290352491] [drone0.drone0_interface]: Service returned failure
[ERROR] [1783169285.417551703] [drone0.drone0_interface]: Service returned failure
14:48:21 [INFO] rl_uav.envs.as2_test_env: Reset complete. Initial obs: [-0.87447333  0.24839784 -0.00260223 -0.35258302]
14:48:24 [WARNING] rl_uav.envs.as2_test_env: Skipping velocity reset; simulator service reset required (terminal_out_of_bounds)
[ERROR] [1783169309.508416177] [drone0.drone0_interface]: Service returned failure
[ERROR] [1783169314.626580412] [drone0.drone0_interface]: Service returned failure
14:48:51 [INFO] rl_uav.envs.as2_test_env: Reset complete. Initial obs: [ 0.12984233 -0.9344805   0.11847886  0.41321155]
-----------------------------------------
| rollout/                |             |
|    ep_len_mean          | 54.4        |
|    ep_rew_mean          | -34         |
|    success_rate         | 0.02        |
| time/                   |             |
|    fps                  | 2           |
|    iterations           | 53          |
|    time_elapsed         | 10355       |
|    total_timesteps      | 27136       |
| train/                  |             |
|    approx_kl            | 0.002053274 |
|    clip_fraction        | 0.00586     |
|    clip_range           | 0.2         |
|    entropy_loss         | -7.07       |
|    explained_variance   | -0.0795     |
|    learning_rate        | 3e-05       |
|    loss                 | 2.69        |
|    n_updates            | 260         |
|    policy_gradient_loss | -0.00706    |
|    std                  | 0.997       |
|    value_loss           | 6.51        |
-----------------------------------------
14:49:28 [WARNING] rl_uav.envs.as2_test_env: Skipping velocity reset; simulator service reset required (terminal_out_of_bounds)
[ERROR] [1783169373.406532931] [drone0.drone0_interface]: Service returned failure
[ERROR] [1783169376.562702685] [drone0.drone0_interface]: Service returned failure
14:49:53 [INFO] rl_uav.envs.as2_test_env: Reset complete. Initial obs: [ 0.44355947 -0.24231893 -0.01796739 -0.93656164]
14:49:57 [WARNING] rl_uav.envs.as2_test_env: Reset started at valid low altitude z=0.466; climbing to hover 1.400m with bounded velocity recovery
14:50:02 [WARNING] rl_uav.envs.as2_test_env: Skipping velocity reset; simulator service reset required (terminal_out_of_bounds)
[ERROR] [1783169406.807466558] [drone0.drone0_interface]: Service returned failure
[ERROR] [1783169409.960026090] [drone0.drone0_interface]: Service returned failure
14:50:26 [INFO] rl_uav.envs.as2_test_env: Reset complete. Initial obs: [-0.07492368 -0.45130864  0.01186506 -0.875254  ]
14:50:29 [WARNING] rl_uav.envs.as2_test_env: Skipping velocity reset; simulator service reset required (terminal_out_of_bounds)
[ERROR] [1783169434.534830410] [drone0.drone0_interface]: Service returned failure
[ERROR] [1783169437.712179276] [drone0.drone0_interface]: Service returned failure
14:50:54 [INFO] rl_uav.envs.as2_test_env: Reset complete. Initial obs: [ 0.14906314 -0.4500188   0.10950832  0.22715814]
14:51:12 [WARNING] rl_uav.envs.as2_test_env: Reset started at valid low altitude z=0.304; climbing to hover 1.400m with bounded velocity recovery
14:51:17 [WARNING] rl_uav.envs.as2_test_env: Skipping velocity reset; simulator service reset required (terminal_out_of_bounds)
[ERROR] [1783169482.153526482] [drone0.drone0_interface]: Service returned failure
[ERROR] [1783169485.342964071] [drone0.drone0_interface]: Service returned failure
14:51:42 [INFO] rl_uav.envs.as2_test_env: Reset complete. Initial obs: [0.69194126 0.11919452 0.16685861 0.3130083 ]
14:51:47 [WARNING] rl_uav.envs.as2_test_env: Skipping velocity reset; simulator service reset required (terminal_out_of_bounds)
[ERROR] [1783169512.165562035] [drone0.drone0_interface]: Service returned failure
[ERROR] [1783169515.365159354] [drone0.drone0_interface]: Service returned failure
14:52:12 [INFO] rl_uav.envs.as2_test_env: Reset complete. Initial obs: [-0.33975035 -0.3884146  -0.0179053  -0.05109698]
14:52:19 [WARNING] rl_uav.envs.as2_test_env: Skipping velocity reset; simulator service reset required (terminal_out_of_bounds)
[ERROR] [1783169544.181948374] [drone0.drone0_interface]: Service returned failure
[ERROR] [1783169549.447811387] [drone0.drone0_interface]: Service returned failure
14:52:46 [INFO] rl_uav.envs.as2_test_env: Reset complete. Initial obs: [ 0.07070651  0.71209663 -0.05056406  0.41000915]
14:52:49 [WARNING] rl_uav.envs.as2_test_env: Reset started at valid low altitude z=0.445; climbing to hover 1.400m with bounded velocity recovery
14:52:54 [WARNING] rl_uav.envs.as2_test_env: Skipping velocity reset; simulator service reset required (terminal_out_of_bounds)
[ERROR] [1783169578.392520059] [drone0.drone0_interface]: Service returned failure
[ERROR] [1783169581.605567781] [drone0.drone0_interface]: Service returned failure
14:53:18 [INFO] rl_uav.envs.as2_test_env: Reset complete. Initial obs: [ 0.07296399 -0.23741949 -0.07958979  0.4901142 ]
14:53:29 [WARNING] rl_uav.envs.as2_test_env: Skipping velocity reset; simulator service reset required (terminal_out_of_bounds)
[ERROR] [1783169614.497951015] [drone0.drone0_interface]: Service returned failure
[ERROR] [1783169617.735641880] [drone0.drone0_interface]: Service returned failure
14:53:54 [INFO] rl_uav.envs.as2_test_env: Reset complete. Initial obs: [ 0.1434319  -0.14690658  0.05552549  0.7772504 ]
14:54:13 [WARNING] rl_uav.envs.as2_test_env: Skipping velocity reset; simulator service reset required (terminal_out_of_bounds)
[ERROR] [1783169658.904534365] [drone0.drone0_interface]: Service returned failure
[ERROR] [1783169662.141205418] [drone0.drone0_interface]: Service returned failure
14:54:39 [INFO] rl_uav.envs.as2_test_env: Reset complete. Initial obs: [-0.5109936  -0.31161928 -0.05408909 -0.35911366]
14:54:52 [WARNING] rl_uav.envs.as2_test_env: Skipping velocity reset; simulator service reset required (terminal_out_of_bounds)
[ERROR] [1783169697.218913405] [drone0.drone0_interface]: Service returned failure
[ERROR] [1783169700.476817339] [drone0.drone0_interface]: Service returned failure
14:55:17 [INFO] rl_uav.envs.as2_test_env: Reset complete. Initial obs: [ 0.30210337  0.8288337   0.06566683 -0.09651276]
-----------------------------------------
| rollout/                |             |
|    ep_len_mean          | 53.1        |
|    ep_rew_mean          | -33.5       |
|    success_rate         | 0.01        |
| time/                   |             |
|    fps                  | 2           |
|    iterations           | 54          |
|    time_elapsed         | 10726       |
|    total_timesteps      | 27648       |
| train/                  |             |
|    approx_kl            | 0.007428693 |
|    clip_fraction        | 0.0258      |
|    clip_range           | 0.2         |
|    entropy_loss         | -6.95       |
|    explained_variance   | 0.495       |
|    learning_rate        | 3e-05       |
|    loss                 | 2.5         |
|    n_updates            | 265         |
|    policy_gradient_loss | 0.00553     |
|    std                  | 0.996       |
|    value_loss           | 4.76        |
-----------------------------------------
14:55:20 [WARNING] rl_uav.envs.as2_test_env: Skipping velocity reset; simulator service reset required (terminal_out_of_bounds)
[ERROR] [1783169725.728502711] [drone0.drone0_interface]: Service returned failure
[ERROR] [1783169728.994146157] [drone0.drone0_interface]: Service returned failure
14:55:46 [INFO] rl_uav.envs.as2_test_env: Reset complete. Initial obs: [ 0.47067025  0.18454519 -0.18311496 -0.86901134]
14:55:55 [WARNING] rl_uav.envs.as2_test_env: Skipping velocity reset; simulator service reset required (terminal_out_of_bounds)
[ERROR] [1783169760.260461463] [drone0.drone0_interface]: Service returned failure
[ERROR] [1783169765.588813620] [drone0.drone0_interface]: Service returned failure
14:56:22 [INFO] rl_uav.envs.as2_test_env: Reset complete. Initial obs: [-0.70242804 -0.22437643 -0.07880245  0.46510896]
14:56:33 [WARNING] rl_uav.envs.as2_test_env: Reset started at valid low altitude z=0.337; climbing to hover 1.400m with bounded velocity recovery
14:56:38 [WARNING] rl_uav.envs.as2_test_env: Skipping velocity reset; simulator service reset required (terminal_out_of_bounds)
[ERROR] [1783169803.154004988] [drone0.drone0_interface]: Service returned failure
[ERROR] [1783169806.446355865] [drone0.drone0_interface]: Service returned failure
14:57:03 [INFO] rl_uav.envs.as2_test_env: Reset complete. Initial obs: [-0.29653376 -0.19513239  0.04914754  0.5053609 ]
14:57:14 [WARNING] rl_uav.envs.as2_test_env: Skipping velocity reset; simulator service reset required (terminal_out_of_bounds)
[ERROR] [1783169839.956190545] [drone0.drone0_interface]: Service returned failure
[ERROR] [1783169843.247169576] [drone0.drone0_interface]: Service returned failure
14:57:40 [INFO] rl_uav.envs.as2_test_env: Reset complete. Initial obs: [-0.5723686  -0.2856251  -0.0755061  -0.18672806]
14:57:47 [WARNING] rl_uav.envs.as2_test_env: Skipping velocity reset; simulator service reset required (terminal_out_of_bounds)
[ERROR] [1783169872.973753587] [drone0.drone0_interface]: Service returned failure
[ERROR] [1783169878.364289946] [drone0.drone0_interface]: Service returned failure
14:58:15 [INFO] rl_uav.envs.as2_test_env: Reset complete. Initial obs: [ 0.06920671 -0.73105514  0.13770956  0.24415056]
14:58:22 [WARNING] rl_uav.envs.as2_test_env: Skipping velocity reset; simulator service reset required (terminal_out_of_bounds)
[ERROR] [1783169908.029014408] [drone0.drone0_interface]: Service returned failure
[ERROR] [1783169911.346480793] [drone0.drone0_interface]: Service returned failure
14:58:48 [INFO] rl_uav.envs.as2_test_env: Reset complete. Initial obs: [ 0.26680893 -0.80699265  0.02430499 -0.6021142 ]
14:58:51 [WARNING] rl_uav.envs.as2_test_env: Skipping velocity reset; simulator service reset required (terminal_out_of_bounds)
[ERROR] [1783169937.191920783] [drone0.drone0_interface]: Service returned failure
[ERROR] [1783169942.617407176] [drone0.drone0_interface]: Service returned failure
14:59:20 [INFO] rl_uav.envs.as2_test_env: Reset complete. Initial obs: [0.15878683 0.23574187 0.04615487 0.06529594]
14:59:23 [WARNING] rl_uav.envs.as2_test_env: Skipping velocity reset; simulator service reset required (terminal_out_of_bounds)
[ERROR] [1783169968.709205152] [drone0.drone0_interface]: Service returned failure
[ERROR] [1783169974.170275709] [drone0.drone0_interface]: Service returned failure
14:59:44 [INFO] rl_uav.envs.as2_test_env: Reset complete. Initial obs: [ 0.36461812 -0.12043665  0.00638196 -0.8061216 ]
14:59:48 [WARNING] rl_uav.envs.as2_test_env: Skipping velocity reset; simulator service reset required (terminal_out_of_bounds)
[ERROR] [1783169994.021754665] [drone0.drone0_interface]: Service returned failure
[ERROR] [1783169997.375755606] [drone0.drone0_interface]: Service returned failure
15:00:14 [INFO] rl_uav.envs.as2_test_env: Reset complete. Initial obs: [-0.29880986  0.32137072  0.0911972  -0.25965512]
15:00:19 [WARNING] rl_uav.envs.as2_test_env: Skipping velocity reset; simulator service reset required (terminal_out_of_bounds)
[ERROR] [1783170024.692275949] [drone0.drone0_interface]: Service returned failure
[ERROR] [1783170027.939935083] [drone0.drone0_interface]: Service returned failure
15:00:45 [INFO] rl_uav.envs.as2_test_env: Reset complete. Initial obs: [ 0.22771426 -0.6775541  -0.14507104 -0.38391986]
15:00:57 [WARNING] rl_uav.envs.as2_test_env: Reset started at valid low altitude z=0.435; climbing to hover 1.400m with bounded velocity recovery
15:01:02 [WARNING] rl_uav.envs.as2_test_env: Skipping velocity reset; simulator service reset required (terminal_out_of_bounds)
[ERROR] [1783170066.742334709] [drone0.drone0_interface]: Service returned failure
[ERROR] [1783170072.259922019] [drone0.drone0_interface]: Service returned failure
15:01:30 [INFO] rl_uav.envs.as2_test_env: Reset complete. Initial obs: [ 0.70107514 -0.40093526  0.04252144  0.27741554]
15:01:33 [WARNING] rl_uav.envs.as2_test_env: Reset started at valid low altitude z=0.385; climbing to hover 1.400m with bounded velocity recovery
15:01:38 [WARNING] rl_uav.envs.as2_test_env: Skipping velocity reset; simulator service reset required (terminal_out_of_bounds)
[ERROR] [1783170102.654275601] [drone0.drone0_interface]: Service returned failure
[ERROR] [1783170106.049769694] [drone0.drone0_interface]: Service returned failure
15:01:56 [INFO] rl_uav.envs.as2_test_env: Reset complete. Initial obs: [0.07089477 0.41679603 0.17810842 0.2957943 ]
15:02:00 [WARNING] rl_uav.envs.as2_test_env: Skipping velocity reset; simulator service reset required (terminal_out_of_bounds)
[ERROR] [1783170126.162878929] [drone0.drone0_interface]: Service returned failure
[ERROR] [1783170131.699202216] [drone0.drone0_interface]: Service returned failure
15:02:29 [INFO] rl_uav.envs.as2_test_env: Reset complete. Initial obs: [-0.48446673 -0.20104696  0.07618117  0.35866228]
------------------------------------------
| rollout/                |              |
|    ep_len_mean          | 48.7         |
|    ep_rew_mean          | -31.8        |
|    success_rate         | 0.01         |
| time/                   |              |
|    fps                  | 2            |
|    iterations           | 55           |
|    time_elapsed         | 11181        |
|    total_timesteps      | 28160        |
| train/                  |              |
|    approx_kl            | 0.0036895252 |
|    clip_fraction        | 0.00977      |
|    clip_range           | 0.2          |
|    entropy_loss         | -7.34        |
|    explained_variance   | 0.151        |
|    learning_rate        | 3e-05        |
|    loss                 | 3.12         |
|    n_updates            | 270          |
|    policy_gradient_loss | -0.00954     |
|    std                  | 0.996        |
|    value_loss           | 9.14         |
------------------------------------------
15:02:59 [WARNING] rl_uav.envs.as2_test_env: Skipping velocity reset; simulator service reset required (terminal_out_of_bounds)
[ERROR] [1783170185.364696978] [drone0.drone0_interface]: Service returned failure
[ERROR] [1783170188.859625091] [drone0.drone0_interface]: Service returned failure
15:03:26 [INFO] rl_uav.envs.as2_test_env: Reset complete. Initial obs: [ 0.36274016 -0.49592525  0.09771908 -0.11557207]
15:03:36 [WARNING] rl_uav.envs.as2_test_env: Skipping velocity reset; simulator service reset required (terminal_out_of_bounds)
[ERROR] [1783170221.472361364] [drone0.drone0_interface]: Service returned failure
[ERROR] [1783170227.053145809] [drone0.drone0_interface]: Service returned failure
15:04:05 [INFO] rl_uav.envs.as2_test_env: Reset complete. Initial obs: [ 0.19022118 -0.1702739   0.06152945  0.08037251]
15:04:16 [WARNING] rl_uav.envs.as2_test_env: Skipping velocity reset; simulator service reset required (terminal_out_of_bounds)
[ERROR] [1783170262.093963916] [drone0.drone0_interface]: Service returned failure
[ERROR] [1783170265.536080765] [drone0.drone0_interface]: Service returned failure
15:04:36 [INFO] rl_uav.envs.as2_test_env: Reset complete. Initial obs: [ 0.04851026 -0.4446228   0.03617777 -0.0940238 ]
15:04:50 [WARNING] rl_uav.envs.as2_test_env: Skipping velocity reset; simulator service reset required (terminal_out_of_bounds)
[ERROR] [1783170296.384456174] [drone0.drone0_interface]: Service returned failure
[ERROR] [1783170299.821554267] [drone0.drone0_interface]: Service returned failure
15:05:17 [INFO] rl_uav.envs.as2_test_env: Reset complete. Initial obs: [ 0.12997384 -0.14751968  0.10099388 -0.74693185]
15:05:20 [WARNING] rl_uav.envs.as2_test_env: Skipping velocity reset; simulator service reset required (terminal_out_of_bounds)
[ERROR] [1783170326.607307552] [drone0.drone0_interface]: Service returned failure
[ERROR] [1783170330.052672132] [drone0.drone0_interface]: Service returned failure
15:05:40 [INFO] rl_uav.envs.as2_test_env: Reset complete. Initial obs: [ 0.05270063  0.5483311  -0.0991133  -0.0165462 ]
15:05:44 [WARNING] rl_uav.envs.as2_test_env: Skipping velocity reset; simulator service reset required (terminal_out_of_bounds)
[ERROR] [1783170350.419044443] [drone0.drone0_interface]: Service returned failure
[ERROR] [1783170353.876085194] [drone0.drone0_interface]: Service returned failure
15:06:04 [INFO] rl_uav.envs.as2_test_env: Reset complete. Initial obs: [-0.5233775  -0.37346494 -0.02411894 -0.65156454]
15:06:23 [WARNING] rl_uav.envs.as2_test_env: Skipping velocity reset; simulator service reset required (terminal_out_of_bounds)
[ERROR] [1783170389.334846082] [drone0.drone0_interface]: Service returned failure
[ERROR] [1783170392.800272298] [drone0.drone0_interface]: Service returned failure
15:06:43 [INFO] rl_uav.envs.as2_test_env: Reset complete. Initial obs: [-0.02174444  0.519681    0.01824099 -0.5884899 ]
15:06:49 [WARNING] rl_uav.envs.as2_test_env: Reset started at valid low altitude z=0.435; climbing to hover 1.400m with bounded velocity recovery
15:06:55 [WARNING] rl_uav.envs.as2_test_env: Skipping velocity reset; simulator service reset required (terminal_out_of_bounds)
[ERROR] [1783170419.812087360] [drone0.drone0_interface]: Service returned failure
[ERROR] [1783170425.484660318] [drone0.drone0_interface]: Service returned failure
15:07:16 [INFO] rl_uav.envs.as2_test_env: Reset complete. Initial obs: [-0.1975046  -0.49240822  0.02179864  0.9579716 ]
15:07:24 [WARNING] rl_uav.envs.as2_test_env: Reset started at valid low altitude z=0.450; climbing to hover 1.400m with bounded velocity recovery
15:07:30 [WARNING] rl_uav.envs.as2_test_env: Skipping velocity reset; simulator service reset required (terminal_out_of_bounds)
[ERROR] [1783170454.842850936] [drone0.drone0_interface]: Service returned failure
[ERROR] [1783170460.545124306] [drone0.drone0_interface]: Service returned failure
15:07:51 [INFO] rl_uav.envs.as2_test_env: Reset complete. Initial obs: [-0.29234034  0.5311753  -0.14851105  0.70178235]
15:07:57 [WARNING] rl_uav.envs.as2_test_env: Skipping velocity reset; simulator service reset required (terminal_out_of_bounds)
[ERROR] [1783170483.434917664] [drone0.drone0_interface]: Service returned failure
[ERROR] [1783170486.910005776] [drone0.drone0_interface]: Service returned failure
15:08:17 [INFO] rl_uav.envs.as2_test_env: Reset complete. Initial obs: [0.69961494 0.11418858 0.06006422 0.45770305]
15:08:26 [WARNING] rl_uav.envs.as2_test_env: Skipping velocity reset; simulator service reset required (terminal_out_of_bounds)
[ERROR] [1783170511.857375974] [drone0.drone0_interface]: Service returned failure
[ERROR] [1783170517.547802917] [drone0.drone0_interface]: Service returned failure
15:08:48 [INFO] rl_uav.envs.as2_test_env: Reset complete. Initial obs: [ 0.4277199  -0.12874211 -0.12796761 -0.6129446 ]
15:08:50 [WARNING] rl_uav.envs.as2_test_env: Skipping velocity reset; simulator service reset required (terminal_out_of_bounds)
[ERROR] [1783170536.164245502] [drone0.drone0_interface]: Service returned failure
[ERROR] [1783170539.661584111] [drone0.drone0_interface]: Service returned failure
15:09:10 [INFO] rl_uav.envs.as2_test_env: Reset complete. Initial obs: [-0.1227496  -0.4559072  -0.01902095  0.5918072 ]
------------------------------------------
| rollout/                |              |
|    ep_len_mean          | 48.3         |
|    ep_rew_mean          | -31.2        |
|    success_rate         | 0.01         |
| time/                   |              |
|    fps                  | 2            |
|    iterations           | 56           |
|    time_elapsed         | 11562        |
|    total_timesteps      | 28672        |
| train/                  |              |
|    approx_kl            | 0.0055415398 |
|    clip_fraction        | 0.0121       |
|    clip_range           | 0.2          |
|    entropy_loss         | -7.45        |
|    explained_variance   | -0.0739      |
|    learning_rate        | 3e-05        |
|    loss                 | 2.75         |
|    n_updates            | 275          |
|    policy_gradient_loss | 0.000655     |
|    std                  | 0.996        |
|    value_loss           | 5.81         |
------------------------------------------
15:09:27 [WARNING] rl_uav.envs.as2_test_env: Skipping velocity reset; simulator service reset required (terminal_out_of_bounds)
[ERROR] [1783170573.469756637] [drone0.drone0_interface]: Service returned failure
[ERROR] [1783170579.193464581] [drone0.drone0_interface]: Service returned failure
15:09:50 [INFO] rl_uav.envs.as2_test_env: Reset complete. Initial obs: [ 0.8334825  -0.30893195  0.04521661  0.3712156 ]
15:10:03 [WARNING] rl_uav.envs.as2_test_env: Skipping velocity reset; simulator service reset required (terminal_out_of_bounds)
[ERROR] [1783170608.771569029] [drone0.drone0_interface]: Service returned failure
[ERROR] [1783170614.515813479] [drone0.drone0_interface]: Service returned failure
15:10:25 [INFO] rl_uav.envs.as2_test_env: Reset complete. Initial obs: [-0.30519277 -0.44416746 -0.0199484  -0.48588476]
15:10:34 [WARNING] rl_uav.envs.as2_test_env: Skipping velocity reset; simulator service reset required (terminal_out_of_bounds)
[ERROR] [1783170639.680198882] [drone0.drone0_interface]: Service returned failure
[ERROR] [1783170643.208068662] [drone0.drone0_interface]: Service returned failure
15:10:54 [INFO] rl_uav.envs.as2_test_env: Reset complete. Initial obs: [ 0.31838015 -0.54168963  0.09239963 -0.9011748 ]
15:10:58 [WARNING] rl_uav.envs.as2_test_env: Skipping velocity reset; simulator service reset required (terminal_out_of_bounds)
[ERROR] [1783170664.199059730] [drone0.drone0_interface]: Service returned failure
[ERROR] [1783170667.726379499] [drone0.drone0_interface]: Service returned failure
15:11:18 [INFO] rl_uav.envs.as2_test_env: Reset complete. Initial obs: [-0.15135646  0.5569717  -0.1624602  -0.40395895]
15:11:20 [WARNING] rl_uav.envs.as2_test_env: Skipping velocity reset; simulator service reset required (terminal_out_of_bounds)
[ERROR] [1783170686.407053900] [drone0.drone0_interface]: Service returned failure
[ERROR] [1783170692.167435404] [drone0.drone0_interface]: Service returned failure
15:11:43 [INFO] rl_uav.envs.as2_test_env: Reset complete. Initial obs: [-0.36442718  0.20535225  0.03044269 -0.30068645]
15:11:49 [WARNING] rl_uav.envs.as2_test_env: Skipping velocity reset; simulator service reset required (terminal_out_of_bounds)
[ERROR] [1783170715.305865347] [drone0.drone0_interface]: Service returned failure
[ERROR] [1783170718.848177148] [drone0.drone0_interface]: Service returned failure
15:12:09 [INFO] rl_uav.envs.as2_test_env: Reset complete. Initial obs: [-0.16375022  0.950741    0.05247615 -0.6222075 ]
15:12:18 [WARNING] rl_uav.envs.as2_test_env: Skipping velocity reset; simulator service reset required (terminal_out_of_bounds)
[ERROR] [1783170744.217401363] [drone0.drone0_interface]: Service returned failure
[ERROR] [1783170750.000506764] [drone0.drone0_interface]: Service returned failure
15:12:40 [INFO] rl_uav.envs.as2_test_env: Reset complete. Initial obs: [ 0.6909981  -0.22930966 -0.07211253 -0.70157695]
15:13:05 [WARNING] rl_uav.envs.as2_test_env: Skipping velocity reset; simulator service reset required (terminal_out_of_bounds)
[ERROR] [1783170790.715658074] [drone0.drone0_interface]: Service returned failure
[ERROR] [1783170796.517513226] [drone0.drone0_interface]: Service returned failure
15:13:27 [INFO] rl_uav.envs.as2_test_env: Reset complete. Initial obs: [-0.4209534   0.89973134  0.09181105  0.67932975]
15:13:34 [WARNING] rl_uav.envs.as2_test_env: Skipping velocity reset; simulator service reset required (terminal_out_of_bounds)
[ERROR] [1783170819.729294285] [drone0.drone0_interface]: Service returned failure
[ERROR] [1783170823.297976763] [drone0.drone0_interface]: Service returned failure
15:13:54 [INFO] rl_uav.envs.as2_test_env: Reset complete. Initial obs: [0.1480384  0.41349924 0.06406052 0.65850407]
15:14:11 [WARNING] rl_uav.envs.as2_test_env: Skipping velocity reset; simulator service reset required (terminal_out_of_bounds)
[ERROR] [1783170857.549446726] [drone0.drone0_interface]: Service returned failure
[ERROR] [1783170863.378950810] [drone0.drone0_interface]: Service returned failure
15:14:34 [INFO] rl_uav.envs.as2_test_env: Reset complete. Initial obs: [-0.75073963  0.34940934  0.04807855  0.48964942]
------------------------------------------
| rollout/                |              |
|    ep_len_mean          | 50.3         |
|    ep_rew_mean          | -31.8        |
|    success_rate         | 0.01         |
| time/                   |              |
|    fps                  | 2            |
|    iterations           | 57           |
|    time_elapsed         | 11881        |
|    total_timesteps      | 29184        |
| train/                  |              |
|    approx_kl            | 0.0026862137 |
|    clip_fraction        | 0.0117       |
|    clip_range           | 0.2          |
|    entropy_loss         | -7.44        |
|    explained_variance   | 0.296        |
|    learning_rate        | 3e-05        |
|    loss                 | 4.25         |
|    n_updates            | 280          |
|    policy_gradient_loss | 0.00265      |
|    std                  | 0.995        |
|    value_loss           | 6.3          |
------------------------------------------
15:14:36 [WARNING] rl_uav.envs.as2_test_env: Skipping velocity reset; simulator service reset required (terminal_out_of_bounds)
[ERROR] [1783170882.343481495] [drone0.drone0_interface]: Service returned failure
[ERROR] [1783170888.183321034] [drone0.drone0_interface]: Service returned failure
15:14:59 [INFO] rl_uav.envs.as2_test_env: Reset complete. Initial obs: [-0.28022066 -0.33006087 -0.018014    0.1905483 ]
15:15:12 [WARNING] rl_uav.envs.as2_test_env: Skipping velocity reset; simulator service reset required (terminal_out_of_bounds)
[ERROR] [1783170918.055375026] [drone0.drone0_interface]: Service returned failure
[ERROR] [1783170921.652175941] [drone0.drone0_interface]: Service returned failure
15:15:32 [INFO] rl_uav.envs.as2_test_env: Reset complete. Initial obs: [-0.10770842  0.76046455  0.1238557  -0.20959774]
15:15:34 [WARNING] rl_uav.envs.as2_test_env: Skipping velocity reset; simulator service reset required (terminal_out_of_bounds)
[ERROR] [1783170940.671302022] [drone0.drone0_interface]: Service returned failure
[ERROR] [1783170946.527310677] [drone0.drone0_interface]: Service returned failure
15:15:57 [INFO] rl_uav.envs.as2_test_env: Reset complete. Initial obs: [ 0.03187719  0.47364283 -0.00219929 -0.0614943 ]
15:15:59 [WARNING] rl_uav.envs.as2_test_env: Skipping velocity reset; simulator service reset required (terminal_out_of_bounds)
[ERROR] [1783170965.471274364] [drone0.drone0_interface]: Service returned failure
[ERROR] [1783170971.328244457] [drone0.drone0_interface]: Service returned failure
15:16:22 [INFO] rl_uav.envs.as2_test_env: Reset complete. Initial obs: [ 0.26704216  0.5569379   0.02139056 -0.3760522 ]
15:16:24 [WARNING] rl_uav.envs.as2_test_env: Skipping velocity reset; simulator service reset required (terminal_out_of_bounds)
[ERROR] [1783170990.181037839] [drone0.drone0_interface]: Service returned failure
[ERROR] [1783170993.782567872] [drone0.drone0_interface]: Service returned failure
15:16:44 [INFO] rl_uav.envs.as2_test_env: Reset complete. Initial obs: [ 0.3021863   0.15452558  0.09848562 -0.22035751]
15:16:55 [WARNING] rl_uav.envs.as2_test_env: Skipping velocity reset; simulator service reset required (terminal_out_of_bounds)
[ERROR] [1783171021.688648123] [drone0.drone0_interface]: Service returned failure
[ERROR] [1783171027.581060438] [drone0.drone0_interface]: Service returned failure
15:17:18 [INFO] rl_uav.envs.as2_test_env: Reset complete. Initial obs: [-0.5266873   0.6122705  -0.02421124  0.4384676 ]
15:17:20 [WARNING] rl_uav.envs.as2_test_env: Reset started at valid low altitude z=0.363; climbing to hover 1.400m with bounded velocity recovery
15:17:26 [WARNING] rl_uav.envs.as2_test_env: Skipping velocity reset; simulator service reset required (terminal_out_of_bounds)
[ERROR] [1783171051.186004346] [drone0.drone0_interface]: Service returned failure
[ERROR] [1783171054.815390495] [drone0.drone0_interface]: Service returned failure
15:17:45 [INFO] rl_uav.envs.as2_test_env: Reset complete. Initial obs: [ 0.70675397 -0.6122063   0.169053   -0.07183064]
15:17:52 [WARNING] rl_uav.envs.as2_test_env: Reset started at valid low altitude z=0.383; climbing to hover 1.400m with bounded velocity recovery
15:17:57 [WARNING] rl_uav.envs.as2_test_env: Skipping velocity reset; simulator service reset required (terminal_out_of_bounds)
[ERROR] [1783171082.882344604] [drone0.drone0_interface]: Service returned failure
[ERROR] [1783171086.521126313] [drone0.drone0_interface]: Service returned failure
15:18:17 [INFO] rl_uav.envs.as2_test_env: Reset complete. Initial obs: [ 0.92195296 -0.11848695  0.10656975  0.15387648]
15:18:28 [WARNING] rl_uav.envs.as2_test_env: Skipping velocity reset; simulator service reset required (terminal_out_of_bounds)
[ERROR] [1783171114.596482261] [drone0.drone0_interface]: Service returned failure
[ERROR] [1783171118.243683438] [drone0.drone0_interface]: Service returned failure
15:18:49 [INFO] rl_uav.envs.as2_test_env: Reset complete. Initial obs: [ 0.7255313   0.27556372  0.05869219 -0.7481607 ]
15:19:00 [WARNING] rl_uav.envs.as2_test_env: Skipping velocity reset; simulator service reset required (terminal_out_of_bounds)
[ERROR] [1783171146.289587350] [drone0.drone0_interface]: Service returned failure
[ERROR] [1783171149.941531935] [drone0.drone0_interface]: Service returned failure
15:19:21 [INFO] rl_uav.envs.as2_test_env: Reset complete. Initial obs: [-0.5442534   0.08660842 -0.15624352  0.22392908]
15:19:39 [WARNING] rl_uav.envs.as2_test_env: Skipping velocity reset; simulator service reset required (terminal_out_of_bounds)
[ERROR] [1783171184.916099154] [drone0.drone0_interface]: Service returned failure
[ERROR] [1783171190.851626123] [drone0.drone0_interface]: Service returned failure
15:20:01 [INFO] rl_uav.envs.as2_test_env: Reset complete. Initial obs: [-0.8413774   0.47077945  0.0039709  -0.5670628 ]
15:20:06 [WARNING] rl_uav.envs.as2_test_env: Skipping velocity reset; simulator service reset required (terminal_out_of_bounds)
[ERROR] [1783171212.230556034] [drone0.drone0_interface]: Service returned failure
[ERROR] [1783171215.895656614] [drone0.drone0_interface]: Service returned failure
15:20:27 [INFO] rl_uav.envs.as2_test_env: Reset complete. Initial obs: [ 0.82883185 -0.3037552   0.06405026  0.4926562 ]
------------------------------------------
| rollout/                |              |
|    ep_len_mean          | 47.8         |
|    ep_rew_mean          | -30.2        |
|    success_rate         | 0.01         |
| time/                   |              |
|    fps                  | 2            |
|    iterations           | 58           |
|    time_elapsed         | 12252        |
|    total_timesteps      | 29696        |
| train/                  |              |
|    approx_kl            | 0.0069471933 |
|    clip_fraction        | 0.034        |
|    clip_range           | 0.2          |
|    entropy_loss         | -7.7         |
|    explained_variance   | 0.452        |
|    learning_rate        | 3e-05        |
|    loss                 | 2.54         |
|    n_updates            | 285          |
|    policy_gradient_loss | -0.00898     |
|    std                  | 0.995        |
|    value_loss           | 5.86         |
------------------------------------------
15:20:54 [WARNING] rl_uav.envs.as2_test_env: Skipping velocity reset; simulator service reset required (terminal_out_of_bounds)
[ERROR] [1783171260.044252200] [drone0.drone0_interface]: Service returned failure
[ERROR] [1783171265.993340569] [drone0.drone0_interface]: Service returned failure
15:21:17 [INFO] rl_uav.envs.as2_test_env: Reset complete. Initial obs: [ 0.28611723 -0.48202473  0.1676559  -0.09024216]
15:21:21 [WARNING] rl_uav.envs.as2_test_env: Skipping velocity reset; simulator service reset required (terminal_out_of_bounds)
[ERROR] [1783171287.547425717] [drone0.drone0_interface]: Service returned failure
[ERROR] [1783171293.521934845] [drone0.drone0_interface]: Service returned failure
15:21:44 [INFO] rl_uav.envs.as2_test_env: Reset complete. Initial obs: [-0.47939157 -0.2529808   0.0758383   0.3481033 ]
15:21:53 [WARNING] rl_uav.envs.as2_test_env: Skipping velocity reset; simulator service reset required (terminal_out_of_bounds)
[ERROR] [1783171319.641197245] [drone0.drone0_interface]: Service returned failure
[ERROR] [1783171325.605564317] [drone0.drone0_interface]: Service returned failure
15:22:16 [INFO] rl_uav.envs.as2_test_env: Reset complete. Initial obs: [-0.8971476  -0.33528492 -0.070499   -0.11107968]
15:22:25 [WARNING] rl_uav.envs.as2_test_env: Skipping velocity reset; simulator service reset required (terminal_out_of_bounds)
[ERROR] [1783171351.768804592] [drone0.drone0_interface]: Service returned failure
[ERROR] [1783171355.462494645] [drone0.drone0_interface]: Service returned failure
15:22:46 [INFO] rl_uav.envs.as2_test_env: Reset complete. Initial obs: [-0.24567077 -0.44215837  0.02984896 -0.28892982]
15:22:55 [WARNING] rl_uav.envs.as2_test_env: Skipping velocity reset; simulator service reset required (terminal_out_of_bounds)
[ERROR] [1783171381.859258586] [drone0.drone0_interface]: Service returned failure
[ERROR] [1783171385.555690872] [drone0.drone0_interface]: Service returned failure
15:23:16 [INFO] rl_uav.envs.as2_test_env: Reset complete. Initial obs: [-0.10063365 -0.23486874  0.03474721 -0.22684231]
15:23:19 [WARNING] rl_uav.envs.as2_test_env: Skipping velocity reset; simulator service reset required (terminal_out_of_bounds)
[ERROR] [1783171405.072926386] [drone0.drone0_interface]: Service returned failure
[ERROR] [1783171411.095785318] [drone0.drone0_interface]: Service returned failure
15:23:42 [INFO] rl_uav.envs.as2_test_env: Reset complete. Initial obs: [-5.1186776e-01  1.3180315e-01 -3.3543471e-04 -1.6065197e-01]
15:23:49 [WARNING] rl_uav.envs.as2_test_env: Skipping velocity reset; simulator service reset required (terminal_out_of_bounds)
[ERROR] [1783171435.181802886] [drone0.drone0_interface]: Service returned failure
[ERROR] [1783171441.320458657] [drone0.drone0_interface]: Service returned failure
15:24:12 [INFO] rl_uav.envs.as2_test_env: Reset complete. Initial obs: [ 0.5318948   0.34752792 -0.02534776 -0.01337278]
15:24:19 [WARNING] rl_uav.envs.as2_test_env: Skipping velocity reset; simulator service reset required (terminal_out_of_bounds)
[ERROR] [1783171465.394610258] [drone0.drone0_interface]: Service returned failure
[ERROR] [1783171471.462116751] [drone0.drone0_interface]: Service returned failure
15:24:42 [INFO] rl_uav.envs.as2_test_env: Reset complete. Initial obs: [-0.10358252  0.96681875  0.10860769 -0.43882415]
15:24:45 [WARNING] rl_uav.envs.as2_test_env: Reset started at valid low altitude z=0.441; climbing to hover 1.400m with bounded velocity recovery
15:24:50 [WARNING] rl_uav.envs.as2_test_env: Skipping velocity reset; simulator service reset required (terminal_out_of_bounds)
[ERROR] [1783171495.607187434] [drone0.drone0_interface]: Service returned failure
[ERROR] [1783171501.665393187] [drone0.drone0_interface]: Service returned failure
15:25:13 [INFO] rl_uav.envs.as2_test_env: Reset complete. Initial obs: [ 0.8086198   0.2756623   0.05094414 -0.7920038 ]
15:25:15 [WARNING] rl_uav.envs.as2_test_env: Skipping velocity reset; simulator service reset required (terminal_out_of_bounds)
[ERROR] [1783171521.301035567] [drone0.drone0_interface]: Service returned failure
[ERROR] [1783171527.364675561] [drone0.drone0_interface]: Service returned failure
15:25:38 [INFO] rl_uav.envs.as2_test_env: Reset complete. Initial obs: [ 0.16667993 -0.6486464   0.08248589 -0.570642  ]
15:25:43 [WARNING] rl_uav.envs.as2_test_env: Skipping velocity reset; simulator service reset required (terminal_out_of_bounds)
[ERROR] [1783171549.218234666] [drone0.drone0_interface]: Service returned failure
[ERROR] [1783171555.297732706] [drone0.drone0_interface]: Service returned failure
15:26:06 [INFO] rl_uav.envs.as2_test_env: Reset complete. Initial obs: [ 0.7972731  -0.27116302  0.01238556 -0.94333243]
15:26:13 [WARNING] rl_uav.envs.as2_test_env: Skipping velocity reset; simulator service reset required (terminal_out_of_bounds)
[ERROR] [1783171579.629623486] [drone0.drone0_interface]: Service returned failure
[ERROR] [1783171585.721206000] [drone0.drone0_interface]: Service returned failure
15:26:37 [INFO] rl_uav.envs.as2_test_env: Reset complete. Initial obs: [-0.38754696 -0.05412295 -0.00934915 -0.1465035 ]
15:26:39 [WARNING] rl_uav.envs.as2_test_env: Skipping velocity reset; simulator service reset required (terminal_out_of_bounds)
[ERROR] [1783171605.329578193] [drone0.drone0_interface]: Service returned failure
[ERROR] [1783171611.443781222] [drone0.drone0_interface]: Service returned failure
15:27:02 [INFO] rl_uav.envs.as2_test_env: Reset complete. Initial obs: [-0.54790294  0.38623837 -0.1432094  -0.26889595]
15:27:07 [WARNING] rl_uav.envs.as2_test_env: Skipping velocity reset; simulator service reset required (terminal_out_of_bounds)
[ERROR] [1783171633.444301383] [drone0.drone0_interface]: Service returned failure
[ERROR] [1783171639.564599635] [drone0.drone0_interface]: Service returned failure
15:27:30 [INFO] rl_uav.envs.as2_test_env: Reset complete. Initial obs: [ 0.32001668 -0.28358957 -0.00756804 -0.57687646]
15:27:33 [WARNING] rl_uav.envs.as2_test_env: Skipping velocity reset; simulator service reset required (terminal_out_of_bounds)
[ERROR] [1783171659.240609456] [drone0.drone0_interface]: Service returned failure
[ERROR] [1783171665.469791435] [drone0.drone0_interface]: Service returned failure
15:27:56 [INFO] rl_uav.envs.as2_test_env: Reset complete. Initial obs: [-0.24342519 -0.1541653   0.01865497 -0.9585318 ]
15:28:06 [WARNING] rl_uav.envs.as2_test_env: Skipping velocity reset; simulator service reset required (terminal_out_of_bounds)
[ERROR] [1783171692.056471190] [drone0.drone0_interface]: Service returned failure
[ERROR] [1783171698.204579674] [drone0.drone0_interface]: Service returned failure
15:28:29 [INFO] rl_uav.envs.as2_test_env: Reset complete. Initial obs: [ 0.21951625 -0.22619799 -0.15933864  0.4257478 ]
-------------------------------------------
| rollout/                |               |
|    ep_len_mean          | 44            |
|    ep_rew_mean          | -29           |
|    success_rate         | 0.01          |
| time/                   |               |
|    fps                  | 2             |
|    iterations           | 59            |
|    time_elapsed         | 12731         |
|    total_timesteps      | 30208         |
| train/                  |               |
|    approx_kl            | 0.00047859713 |
|    clip_fraction        | 0             |
|    clip_range           | 0.2           |
|    entropy_loss         | -8.31         |
|    explained_variance   | 0.301         |
|    learning_rate        | 3e-05         |
|    loss                 | 3.31          |
|    n_updates            | 290           |
|    policy_gradient_loss | 0.00145       |
|    std                  | 0.995         |
|    value_loss           | 7.81          |
-------------------------------------------
15:28:55 [WARNING] rl_uav.envs.as2_test_env: Skipping velocity reset; simulator service reset required (terminal_out_of_bounds)
[ERROR] [1783171741.050583082] [drone0.drone0_interface]: Service returned failure
[ERROR] [1783171744.846242488] [drone0.drone0_interface]: Service returned failure
15:29:16 [INFO] rl_uav.envs.as2_test_env: Reset complete. Initial obs: [0.46477503 0.37433082 0.12711608 0.9186978 ]
15:29:27 [WARNING] rl_uav.envs.as2_test_env: Reset started at valid low altitude z=0.493; climbing to hover 1.400m with bounded velocity recovery
15:29:33 [WARNING] rl_uav.envs.as2_test_env: Skipping velocity reset; simulator service reset required (terminal_out_of_bounds)
[ERROR] [1783171778.471288337] [drone0.drone0_interface]: Service returned failure
[ERROR] [1783171784.638083335] [drone0.drone0_interface]: Service returned failure
15:29:56 [INFO] rl_uav.envs.as2_test_env: Reset complete. Initial obs: [ 0.57935214  0.7347971  -0.09075131 -0.5478474 ]
15:29:58 [WARNING] rl_uav.envs.as2_test_env: Reset started at valid low altitude z=0.410; climbing to hover 1.400m with bounded velocity recovery
15:30:04 [WARNING] rl_uav.envs.as2_test_env: Skipping velocity reset; simulator service reset required (terminal_out_of_bounds)
[ERROR] [1783171809.169175898] [drone0.drone0_interface]: Service returned failure
[ERROR] [1783171815.346758328] [drone0.drone0_interface]: Service returned failure
15:30:26 [INFO] rl_uav.envs.as2_test_env: Reset complete. Initial obs: [ 0.24815524  0.61417735  0.07697125 -0.93137777]
15:30:42 [WARNING] rl_uav.envs.as2_test_env: Skipping velocity reset; simulator service reset required (terminal_out_of_bounds)
[ERROR] [1783171849.065004751] [drone0.drone0_interface]: Service returned failure
[ERROR] [1783171852.891403100] [drone0.drone0_interface]: Service returned failure
15:31:04 [INFO] rl_uav.envs.as2_test_env: Reset complete. Initial obs: [-0.5071579   0.6911681  -0.13101134 -0.8700977 ]
15:31:18 [WARNING] rl_uav.envs.as2_test_env: Skipping velocity reset; simulator service reset required (terminal_out_of_bounds)
[ERROR] [1783171884.480500406] [drone0.drone0_interface]: Service returned failure
[ERROR] [1783171890.681429477] [drone0.drone0_interface]: Service returned failure
15:31:42 [INFO] rl_uav.envs.as2_test_env: Reset complete. Initial obs: [-0.09090333 -0.35527018  0.17144416  0.04705367]
15:31:46 [WARNING] rl_uav.envs.as2_test_env: Skipping velocity reset; simulator service reset required (terminal_out_of_bounds)
[ERROR] [1783171912.978025216] [drone0.drone0_interface]: Service returned failure
[ERROR] [1783171919.184997671] [drone0.drone0_interface]: Service returned failure
15:32:10 [INFO] rl_uav.envs.as2_test_env: Reset complete. Initial obs: [ 0.35271558 -0.23555489 -0.10386968 -0.7852678 ]
15:32:31 [WARNING] rl_uav.envs.as2_test_env: Skipping velocity reset; simulator service reset required (terminal_out_of_bounds)
[ERROR] [1783171957.780284816] [drone0.drone0_interface]: Service returned failure
[ERROR] [1783171963.997065026] [drone0.drone0_interface]: Service returned failure
15:32:55 [INFO] rl_uav.envs.as2_test_env: Reset complete. Initial obs: [ 0.5501035   0.21456863 -0.10572073 -0.03001204]
15:33:00 [WARNING] rl_uav.envs.as2_test_env: Skipping velocity reset; simulator service reset required (terminal_out_of_bounds)
[ERROR] [1783171986.213997935] [drone0.drone0_interface]: Service returned failure
[ERROR] [1783171990.062408633] [drone0.drone0_interface]: Service returned failure
15:33:21 [INFO] rl_uav.envs.as2_test_env: Reset complete. Initial obs: [ 0.12754497 -0.55001855  0.05832449 -0.5340615 ]
15:33:24 [WARNING] rl_uav.envs.as2_test_env: Skipping velocity reset; simulator service reset required (terminal_out_of_bounds)
[ERROR] [1783172010.217978473] [drone0.drone0_interface]: Service returned failure
[ERROR] [1783172014.059106873] [drone0.drone0_interface]: Service returned failure
15:33:45 [INFO] rl_uav.envs.as2_test_env: Reset complete. Initial obs: [-0.25127295 -0.6386055   0.0452695  -0.48916933]
15:33:47 [WARNING] rl_uav.envs.as2_test_env: Reset started at valid low altitude z=0.424; climbing to hover 1.400m with bounded velocity recovery
15:33:53 [WARNING] rl_uav.envs.as2_test_env: Skipping velocity reset; simulator service reset required (terminal_out_of_bounds)
[ERROR] [1783172038.905465969] [drone0.drone0_interface]: Service returned failure
[ERROR] [1783172045.163408179] [drone0.drone0_interface]: Service returned failure
15:34:16 [INFO] rl_uav.envs.as2_test_env: Reset complete. Initial obs: [ 0.2903161   0.17481911  0.01281405 -0.6578591 ]
-----------------------------------------
| rollout/                |             |
|    ep_len_mean          | 44.6        |
|    ep_rew_mean          | -29.4       |
|    success_rate         | 0           |
| time/                   |             |
|    fps                  | 2           |
|    iterations           | 60          |
|    time_elapsed         | 13079       |
|    total_timesteps      | 30720       |
| train/                  |             |
|    approx_kl            | 0.002107592 |
|    clip_fraction        | 0.00586     |
|    clip_range           | 0.2         |
|    entropy_loss         | -7.98       |
|    explained_variance   | 0.00142     |
|    learning_rate        | 3e-05       |
|    loss                 | 3.28        |
|    n_updates            | 295         |
|    policy_gradient_loss | -0.00449    |
|    std                  | 0.996       |
|    value_loss           | 7.72        |
-----------------------------------------
15:34:49 [WARNING] rl_uav.envs.as2_test_env: Skipping velocity reset; simulator service reset required (terminal_out_of_bounds)
[ERROR] [1783172095.735100947] [drone0.drone0_interface]: Service returned failure
[ERROR] [1783172099.610816727] [drone0.drone0_interface]: Service returned failure
15:35:11 [INFO] rl_uav.envs.as2_test_env: Reset complete. Initial obs: [ 0.39943382 -0.25020832  0.13592541 -0.63309336]
15:35:34 [WARNING] rl_uav.envs.as2_test_env: Skipping velocity reset; simulator service reset required (terminal_out_of_bounds)
[ERROR] [1783172141.035492625] [drone0.drone0_interface]: Service returned failure
[ERROR] [1783172147.323876943] [drone0.drone0_interface]: Service returned failure
15:35:59 [INFO] rl_uav.envs.as2_test_env: Reset complete. Initial obs: [ 0.16721252 -0.86865693 -0.1065295  -0.39862308]
15:36:06 [WARNING] rl_uav.envs.as2_test_env: Skipping velocity reset; simulator service reset required (terminal_out_of_bounds)
[ERROR] [1783172172.237380857] [drone0.drone0_interface]: Service returned failure
[ERROR] [1783172176.114275460] [drone0.drone0_interface]: Service returned failure
15:36:27 [INFO] rl_uav.envs.as2_test_env: Reset complete. Initial obs: [-0.55021584  0.08861762  0.0301525  -0.5046431 ]
15:36:30 [WARNING] rl_uav.envs.as2_test_env: Reset started at valid low altitude z=0.467; climbing to hover 1.400m with bounded velocity recovery
15:36:35 [WARNING] rl_uav.envs.as2_test_env: Skipping velocity reset; simulator service reset required (terminal_out_of_bounds)
[ERROR] [1783172201.252207900] [drone0.drone0_interface]: Service returned failure
[ERROR] [1783172205.134877947] [drone0.drone0_interface]: Service returned failure
15:36:56 [INFO] rl_uav.envs.as2_test_env: Reset complete. Initial obs: [ 0.0516674   0.90007776  0.00966709 -0.9460447 ]
15:37:08 [WARNING] rl_uav.envs.as2_test_env: Skipping velocity reset; simulator service reset required (terminal_out_of_bounds)
[ERROR] [1783172234.862891841] [drone0.drone0_interface]: Service returned failure
[ERROR] [1783172241.173859679] [drone0.drone0_interface]: Service returned failure
15:37:32 [INFO] rl_uav.envs.as2_test_env: Reset complete. Initial obs: [ 0.9199412  -0.2919182   0.11593433 -0.59954643]
15:37:47 [WARNING] rl_uav.envs.as2_test_env: Skipping velocity reset; simulator service reset required (terminal_out_of_bounds)
[ERROR] [1783172273.575828764] [drone0.drone0_interface]: Service returned failure
[ERROR] [1783172277.471769078] [drone0.drone0_interface]: Service returned failure
15:38:09 [INFO] rl_uav.envs.as2_test_env: Reset complete. Initial obs: [ 0.5478667  -0.01902604  0.09376398  0.2663234 ]
15:38:13 [WARNING] rl_uav.envs.as2_test_env: Skipping velocity reset; simulator service reset required (terminal_out_of_bounds)
[ERROR] [1783172300.170164488] [drone0.drone0_interface]: Service returned failure
[ERROR] [1783172306.497320936] [drone0.drone0_interface]: Service returned failure
15:38:38 [INFO] rl_uav.envs.as2_test_env: Reset complete. Initial obs: [-0.6876031  -0.18825826 -0.16400538 -0.8268901 ]
15:38:47 [WARNING] rl_uav.envs.as2_test_env: Skipping velocity reset; simulator service reset required (terminal_out_of_bounds)
[ERROR] [1783172334.084708781] [drone0.drone0_interface]: Service returned failure
[ERROR] [1783172337.998834870] [drone0.drone0_interface]: Service returned failure
15:39:09 [INFO] rl_uav.envs.as2_test_env: Reset complete. Initial obs: [ 0.8213895   0.09224219 -0.05989454  0.9725442 ]
------------------------------------------
| rollout/                |              |
|    ep_len_mean          | 45           |
|    ep_rew_mean          | -29.7        |
|    success_rate         | 0            |
| time/                   |              |
|    fps                  | 2            |
|    iterations           | 61           |
|    time_elapsed         | 13371        |
|    total_timesteps      | 31232        |
| train/                  |              |
|    approx_kl            | 0.0052364515 |
|    clip_fraction        | 0.0238       |
|    clip_range           | 0.2          |
|    entropy_loss         | -7.42        |
|    explained_variance   | 0.248        |
|    learning_rate        | 3e-05        |
|    loss                 | 1.77         |
|    n_updates            | 300          |
|    policy_gradient_loss | -0.00241     |
|    std                  | 0.996        |
|    value_loss           | 5.34         |
------------------------------------------
15:39:26 [WARNING] rl_uav.envs.as2_test_env: Skipping velocity reset; simulator service reset required (terminal_out_of_bounds)
[ERROR] [1783172372.888411438] [drone0.drone0_interface]: Service returned failure
[ERROR] [1783172379.245862807] [drone0.drone0_interface]: Service returned failure
15:39:51 [INFO] rl_uav.envs.as2_test_env: Reset complete. Initial obs: [-0.48979795 -0.414658    0.14496    -0.45084596]
15:40:00 [WARNING] rl_uav.envs.as2_test_env: Skipping velocity reset; simulator service reset required (terminal_out_of_bounds)
[ERROR] [1783172406.996287161] [drone0.drone0_interface]: Service returned failure
[ERROR] [1783172413.356357785] [drone0.drone0_interface]: Service returned failure
15:40:25 [INFO] rl_uav.envs.as2_test_env: Reset complete. Initial obs: [0.7597733  0.2642932  0.1366394  0.34125915]
15:40:29 [WARNING] rl_uav.envs.as2_test_env: Reset started at valid low altitude z=0.446; climbing to hover 1.400m with bounded velocity recovery
15:40:35 [WARNING] rl_uav.envs.as2_test_env: Skipping velocity reset; simulator service reset required (terminal_out_of_bounds)
[ERROR] [1783172441.004777035] [drone0.drone0_interface]: Service returned failure
[ERROR] [1783172444.934069783] [drone0.drone0_interface]: Service returned failure
15:40:56 [INFO] rl_uav.envs.as2_test_env: Reset complete. Initial obs: [ 0.7267322   0.09110099 -0.18251103 -0.49244198]
15:40:59 [WARNING] rl_uav.envs.as2_test_env: Reset started at valid low altitude z=0.379; climbing to hover 1.400m with bounded velocity recovery
15:41:04 [WARNING] rl_uav.envs.as2_test_env: Skipping velocity reset; simulator service reset required (terminal_out_of_bounds)
[ERROR] [1783172470.308179195] [drone0.drone0_interface]: Service returned failure
[ERROR] [1783172474.252676102] [drone0.drone0_interface]: Service returned failure
15:41:26 [INFO] rl_uav.envs.as2_test_env: Reset complete. Initial obs: [ 0.5691365   0.6239507   0.13124397 -0.2052116 ]
15:41:45 [WARNING] rl_uav.envs.as2_test_env: Skipping velocity reset; simulator service reset required (terminal_out_of_bounds)
[ERROR] [1783172511.621918126] [drone0.drone0_interface]: Service returned failure
[ERROR] [1783172515.580938566] [drone0.drone0_interface]: Service returned failure
15:42:07 [INFO] rl_uav.envs.as2_test_env: Reset complete. Initial obs: [-0.54684645 -0.21397087  0.01463877  0.25568104]
15:42:17 [WARNING] rl_uav.envs.as2_test_env: Skipping velocity reset; simulator service reset required (terminal_out_of_bounds)
[ERROR] [1783172543.433926424] [drone0.drone0_interface]: Service returned failure
[ERROR] [1783172549.667238239] [drone0.drone0_interface]: Service returned failure
15:42:41 [INFO] rl_uav.envs.as2_test_env: Reset complete. Initial obs: [ 0.12053771  0.5979139   0.14517851 -0.15650545]
15:42:55 [WARNING] rl_uav.envs.as2_test_env: Skipping velocity reset; simulator service reset required (terminal_out_of_bounds)
[ERROR] [1783172581.429157879] [drone0.drone0_interface]: Service returned failure
[ERROR] [1783172587.823286487] [drone0.drone0_interface]: Service returned failure
15:43:19 [INFO] rl_uav.envs.as2_test_env: Reset complete. Initial obs: [-0.35271862 -0.5146403  -0.01865761 -0.3257306 ]
15:44:00 [WARNING] rl_uav.envs.as2_test_env: Skipping velocity reset; simulator service reset required (terminal_out_of_bounds)
[ERROR] [1783172646.809528541] [drone0.drone0_interface]: Service returned failure
[ERROR] [1783172653.211107543] [drone0.drone0_interface]: Service returned failure
15:44:25 [INFO] rl_uav.envs.as2_test_env: Reset complete. Initial obs: [-0.03676114 -0.42723525  0.04729107 -0.5788122 ]
-------------------------------------------
| rollout/                |               |
|    ep_len_mean          | 46.9          |
|    ep_rew_mean          | -30.2         |
|    success_rate         | 0             |
| time/                   |               |
|    fps                  | 2             |
|    iterations           | 62            |
|    time_elapsed         | 13675         |
|    total_timesteps      | 31744         |
| train/                  |               |
|    approx_kl            | 0.00074375607 |
|    clip_fraction        | 0             |
|    clip_range           | 0.2           |
|    entropy_loss         | -7.92         |
|    explained_variance   | 0.564         |
|    learning_rate        | 3e-05         |
|    loss                 | 1.9           |
|    n_updates            | 305           |
|    policy_gradient_loss | -0.00528      |
|    std                  | 0.996         |
|    value_loss           | 5.59          |
-------------------------------------------
15:44:41 [WARNING] rl_uav.envs.as2_test_env: Skipping velocity reset; simulator service reset required (terminal_out_of_bounds)
[ERROR] [1783172688.242705758] [drone0.drone0_interface]: Service returned failure
[ERROR] [1783172694.779040553] [drone0.drone0_interface]: Service returned failure
15:45:06 [INFO] rl_uav.envs.as2_test_env: Reset complete. Initial obs: [-0.0861064  -0.27210337 -0.04517332 -0.19256891]
15:45:16 [WARNING] rl_uav.envs.as2_test_env: Skipping velocity reset; simulator service reset required (terminal_out_of_bounds)
[ERROR] [1783172722.656890164] [drone0.drone0_interface]: Service returned failure
[ERROR] [1783172729.105804319] [drone0.drone0_interface]: Service returned failure
15:45:41 [INFO] rl_uav.envs.as2_test_env: Reset complete. Initial obs: [-0.12327246 -0.18991768 -0.01814306 -0.73514605]
15:45:55 [WARNING] rl_uav.envs.as2_test_env: Skipping velocity reset; simulator service reset required (terminal_out_of_bounds)
[ERROR] [1783172761.930867966] [drone0.drone0_interface]: Service returned failure
[ERROR] [1783172765.926000587] [drone0.drone0_interface]: Service returned failure
15:46:17 [INFO] rl_uav.envs.as2_test_env: Reset complete. Initial obs: [0.4559872  0.5955931  0.08189172 0.07066007]
15:46:20 [WARNING] rl_uav.envs.as2_test_env: Skipping velocity reset; simulator service reset required (terminal_out_of_bounds)
[ERROR] [1783172786.752496678] [drone0.drone0_interface]: Service returned failure
[ERROR] [1783172790.761362966] [drone0.drone0_interface]: Service returned failure
15:46:42 [INFO] rl_uav.envs.as2_test_env: Reset complete. Initial obs: [-0.10198327  0.6670289  -0.12355964 -0.23705904]
15:46:45 [WARNING] rl_uav.envs.as2_test_env: Skipping velocity reset; simulator service reset required (terminal_out_of_bounds)
[ERROR] [1783172811.564041030] [drone0.drone0_interface]: Service returned failure
[ERROR] [1783172818.138884607] [drone0.drone0_interface]: Service returned failure
15:47:10 [INFO] rl_uav.envs.as2_test_env: Reset complete. Initial obs: [ 0.91100127 -0.22344592 -0.03131847 -0.00408692]
15:47:24 [WARNING] rl_uav.envs.as2_test_env: Skipping velocity reset; simulator service reset required (terminal_out_of_bounds)
[ERROR] [1783172850.972810377] [drone0.drone0_interface]: Service returned failure
[ERROR] [1783172857.476437022] [drone0.drone0_interface]: Service returned failure
15:47:49 [INFO] rl_uav.envs.as2_test_env: Reset complete. Initial obs: [ 0.2671594   0.554391   -0.01675014 -0.99034745]
15:47:54 [WARNING] rl_uav.envs.as2_test_env: Skipping velocity reset; simulator service reset required (terminal_out_of_bounds)
[ERROR] [1783172880.880838962] [drone0.drone0_interface]: Service returned failure
[ERROR] [1783172887.380174452] [drone0.drone0_interface]: Service returned failure
15:48:19 [INFO] rl_uav.envs.as2_test_env: Reset complete. Initial obs: [-0.5099649   0.35057342  0.02897489  0.19807191]
15:48:31 [WARNING] rl_uav.envs.as2_test_env: Skipping velocity reset; simulator service reset required (terminal_out_of_bounds)
[ERROR] [1783172917.870704497] [drone0.drone0_interface]: Service returned failure
[ERROR] [1783172924.207176365] [drone0.drone0_interface]: Service returned failure
15:48:55 [INFO] rl_uav.envs.as2_test_env: Reset complete. Initial obs: [-0.21949355 -0.917899   -0.1366612   0.6377234 ]
-----------------------------------------
| rollout/                |             |
|    ep_len_mean          | 46.7        |
|    ep_rew_mean          | -30.2       |
|    success_rate         | 0           |
| time/                   |             |
|    fps                  | 2           |
|    iterations           | 63          |
|    time_elapsed         | 13974       |
|    total_timesteps      | 32256       |
| train/                  |             |
|    approx_kl            | 0.002714845 |
|    clip_fraction        | 0.00195     |
|    clip_range           | 0.2         |
|    entropy_loss         | -7.46       |
|    explained_variance   | 0.296       |
|    learning_rate        | 3e-05       |
|    loss                 | 2.42        |
|    n_updates            | 310         |
|    policy_gradient_loss | -0.00776    |
|    std                  | 0.996       |
|    value_loss           | 6.79        |
-----------------------------------------
15:49:37 [INFO] rl_uav.envs.as2_test_env: Keeping drone airborne for velocity reset...
[ERROR] [1783172983.090366073] [drone0.drone0_interface]: Service returned failure
[ERROR] [1783172989.620454467] [drone0.drone0_interface]: Service returned failure
15:50:57 [WARNING] rl_uav.envs.as2_test_env: Timed out while driving to fixed_start_pose. Reset diagnostics: reason=timeout, elapsed=60.134, reset_phase=drive_xy_axis_x, phase=drive_xy_axis_x, target_pose=[-3.1775456992846625, -0.26158776362088254, 1.8777304182218302, -0.39677053841654386], final_pose=[-1.8900622129440308, -0.9366363883018494, 1.7532527446746826, -0.32502183691640474], position_error=1.459, initial_position_error=2.3371, best_position_error=0.7069, error_reduction=1.6302, dominant_axis=x, yaw_error=0.0717, last_command=[-1.0, 0.0, 0.0, 0.0]
15:50:57 [WARNING] rl_uav.envs.as2_test_env: Bounded velocity reset timed out; attempting simulator service fallback. Reset diagnostics: reason=timeout, elapsed=60.134, reset_phase=drive_xy_axis_x, phase=drive_xy_axis_x, target_pose=[-3.1775456992846625, -0.26158776362088254, 1.8777304182218302, -0.39677053841654386], final_pose=[-1.8900622129440308, -0.9366363883018494, 1.7532527446746826, -0.32502183691640474], position_error=1.459, initial_position_error=2.3371, best_position_error=0.7069, error_reduction=1.6302, dominant_axis=x, yaw_error=0.0717, last_command=[-1.0, 0.0, 0.0, 0.0]
[ERROR] [1783173062.207537448] [drone0.drone0_interface]: Service returned failure
[ERROR] [1783173066.261216675] [drone0.drone0_interface]: Service returned failure
15:51:18 [INFO] rl_uav.envs.as2_test_env: Reset complete. Initial obs: [-0.94833285  0.083303    0.05373775  0.45597956]
15:51:20 [WARNING] rl_uav.envs.as2_test_env: Skipping velocity reset; simulator service reset required (terminal_out_of_bounds)
[ERROR] [1783173087.331688094] [drone0.drone0_interface]: Service returned failure
[ERROR] [1783173091.403492122] [drone0.drone0_interface]: Service returned failure
15:51:43 [INFO] rl_uav.envs.as2_test_env: Reset complete. Initial obs: [-0.5850942   0.34479964  0.11850614 -0.28518936]
15:51:50 [WARNING] rl_uav.envs.as2_test_env: Skipping velocity reset; simulator service reset required (terminal_out_of_bounds)
[ERROR] [1783173117.502250101] [drone0.drone0_interface]: Service returned failure
[ERROR] [1783173124.047782836] [drone0.drone0_interface]: Service returned failure
15:52:16 [INFO] rl_uav.envs.as2_test_env: Reset complete. Initial obs: [ 0.38337064 -0.16097265  0.00267079 -0.5286033 ]
15:52:28 [WARNING] rl_uav.envs.as2_test_env: Reset started at valid low altitude z=0.413; climbing to hover 1.400m with bounded velocity recovery
15:52:34 [WARNING] rl_uav.envs.as2_test_env: Skipping velocity reset; simulator service reset required (terminal_out_of_bounds)
[ERROR] [1783173159.935441072] [drone0.drone0_interface]: Service returned failure
[ERROR] [1783173166.527167569] [drone0.drone0_interface]: Service returned failure
15:52:58 [INFO] rl_uav.envs.as2_test_env: Reset complete. Initial obs: [-0.03715586  0.41930652 -0.06242647  0.90821093]
15:53:08 [WARNING] rl_uav.envs.as2_test_env: Reset started at valid low altitude z=0.434; climbing to hover 1.400m with bounded velocity recovery
15:53:14 [WARNING] rl_uav.envs.as2_test_env: Skipping velocity reset; simulator service reset required (terminal_out_of_bounds)
[ERROR] [1783173200.148561986] [drone0.drone0_interface]: Service returned failure
[ERROR] [1783173206.737805805] [drone0.drone0_interface]: Service returned failure
15:53:38 [INFO] rl_uav.envs.as2_test_env: Reset complete. Initial obs: [ 0.10887497  0.8907836  -0.0343332   0.72198033]
15:53:41 [WARNING] rl_uav.envs.as2_test_env: Skipping velocity reset; simulator service reset required (terminal_out_of_bounds)
[ERROR] [1783173227.952992174] [drone0.drone0_interface]: Service returned failure
[ERROR] [1783173234.652327750] [drone0.drone0_interface]: Service returned failure
15:54:06 [INFO] rl_uav.envs.as2_test_env: Reset complete. Initial obs: [-0.48755953 -0.28166142  0.04767676 -0.90591383]
15:54:09 [WARNING] rl_uav.envs.as2_test_env: Reset started at valid low altitude z=0.332; climbing to hover 1.400m with bounded velocity recovery
15:54:15 [WARNING] rl_uav.envs.as2_test_env: Skipping velocity reset; simulator service reset required (terminal_out_of_bounds)
[ERROR] [1783173260.858031406] [drone0.drone0_interface]: Service returned failure
[ERROR] [1783173267.468552398] [drone0.drone0_interface]: Service returned failure
15:54:39 [INFO] rl_uav.envs.as2_test_env: Reset complete. Initial obs: [-0.21729463  0.22506392 -0.0337619   0.22248437]
15:54:42 [WARNING] rl_uav.envs.as2_test_env: Skipping velocity reset; simulator service reset required (terminal_out_of_bounds)
[ERROR] [1783173288.872455907] [drone0.drone0_interface]: Service returned failure
[ERROR] [1783173295.498266109] [drone0.drone0_interface]: Service returned failure
15:55:07 [INFO] rl_uav.envs.as2_test_env: Reset complete. Initial obs: [-0.32968718  0.32996467  0.03965963 -0.8939086 ]
15:55:10 [WARNING] rl_uav.envs.as2_test_env: Skipping velocity reset; simulator service reset required (terminal_out_of_bounds)
[ERROR] [1783173316.782990974] [drone0.drone0_interface]: Service returned failure
[ERROR] [1783173320.899436615] [drone0.drone0_interface]: Service returned failure
15:55:33 [INFO] rl_uav.envs.as2_test_env: Reset complete. Initial obs: [-0.04970914 -0.57922614 -0.00886446  0.7879534 ]
15:55:38 [WARNING] rl_uav.envs.as2_test_env: Skipping velocity reset; simulator service reset required (terminal_out_of_bounds)
[ERROR] [1783173344.690891919] [drone0.drone0_interface]: Service returned failure
[ERROR] [1783173351.335824371] [drone0.drone0_interface]: Service returned failure
15:56:03 [INFO] rl_uav.envs.as2_test_env: Reset complete. Initial obs: [0.9191932  0.00960121 0.05218383 0.27574512]
15:56:13 [WARNING] rl_uav.envs.as2_test_env: Skipping velocity reset; simulator service reset required (terminal_out_of_bounds)
[ERROR] [1783173380.291019548] [drone0.drone0_interface]: Service returned failure
[ERROR] [1783173386.930672451] [drone0.drone0_interface]: Service returned failure
15:56:39 [INFO] rl_uav.envs.as2_test_env: Reset complete. Initial obs: [-0.48337072 -0.15964864  0.08193249  0.8928143 ]
15:56:46 [WARNING] rl_uav.envs.as2_test_env: Reset started at valid low altitude z=0.384; climbing to hover 1.400m with bounded velocity recovery
15:56:52 [WARNING] rl_uav.envs.as2_test_env: Skipping velocity reset; simulator service reset required (terminal_out_of_bounds)
[ERROR] [1783173418.306431656] [drone0.drone0_interface]: Service returned failure
[ERROR] [1783173424.952272142] [drone0.drone0_interface]: Service returned failure
15:57:17 [INFO] rl_uav.envs.as2_test_env: Reset complete. Initial obs: [-0.07986823  0.93037087 -0.00233943  0.45701897]
15:57:19 [WARNING] rl_uav.envs.as2_test_env: Skipping velocity reset; simulator service reset required (terminal_out_of_bounds)
[ERROR] [1783173446.312077809] [drone0.drone0_interface]: Service returned failure
[ERROR] [1783173453.001493742] [drone0.drone0_interface]: Service returned failure
15:57:45 [INFO] rl_uav.envs.as2_test_env: Reset complete. Initial obs: [ 0.70095235 -0.01025955  0.1522285   0.8603427 ]
15:57:55 [WARNING] rl_uav.envs.as2_test_env: Skipping velocity reset; simulator service reset required (terminal_out_of_bounds)
[ERROR] [1783173482.024182610] [drone0.drone0_interface]: Service returned failure
[ERROR] [1783173488.700596498] [drone0.drone0_interface]: Service returned failure
15:58:21 [INFO] rl_uav.envs.as2_test_env: Reset complete. Initial obs: [ 0.8017141  -0.56106937 -0.03001271 -0.72112375]
15:58:31 [WARNING] rl_uav.envs.as2_test_env: Skipping velocity reset; simulator service reset required (terminal_out_of_bounds)
[ERROR] [1783173517.606497148] [drone0.drone0_interface]: Service returned failure
[ERROR] [1783173524.300866232] [drone0.drone0_interface]: Service returned failure
15:58:56 [INFO] rl_uav.envs.as2_test_env: Reset complete. Initial obs: [-0.1463347   0.77322394 -0.02057349 -0.538524  ]
15:59:01 [WARNING] rl_uav.envs.as2_test_env: Reset started at valid low altitude z=0.302; climbing to hover 1.400m with bounded velocity recovery
15:59:07 [WARNING] rl_uav.envs.as2_test_env: Skipping velocity reset; simulator service reset required (terminal_out_of_bounds)
[ERROR] [1783173553.324526310] [drone0.drone0_interface]: Service returned failure
[ERROR] [1783173560.022548040] [drone0.drone0_interface]: Service returned failure
15:59:32 [INFO] rl_uav.envs.as2_test_env: Reset complete. Initial obs: [ 6.7982799e-01 -1.7837600e-01 -1.9612161e-02 -3.6484486e-04]
------------------------------------------
| rollout/                |              |
|    ep_len_mean          | 47.1         |
|    ep_rew_mean          | -30.4        |
|    success_rate         | 0            |
| time/                   |              |
|    fps                  | 2            |
|    iterations           | 64           |
|    time_elapsed         | 14582        |
|    total_timesteps      | 32768        |
| train/                  |              |
|    approx_kl            | 0.0008641365 |
|    clip_fraction        | 0            |
|    clip_range           | 0.2          |
|    entropy_loss         | -7.77        |
|    explained_variance   | 0.512        |
|    learning_rate        | 3e-05        |
|    loss                 | 3.77         |
|    n_updates            | 315          |
|    policy_gradient_loss | -0.00362     |
|    std                  | 0.996        |
|    value_loss           | 8.57         |
------------------------------------------
15:59:52 [WARNING] rl_uav.envs.as2_test_env: Skipping velocity reset; simulator service reset required (terminal_out_of_bounds)
[ERROR] [1783173599.033569526] [drone0.drone0_interface]: Service returned failure
[ERROR] [1783173605.746184915] [drone0.drone0_interface]: Service returned failure
16:00:18 [INFO] rl_uav.envs.as2_test_env: Reset complete. Initial obs: [-0.35537234 -0.71069556 -0.02266308  0.8201953 ]
16:00:33 [WARNING] rl_uav.envs.as2_test_env: Skipping velocity reset; simulator service reset required (terminal_out_of_bounds)
[ERROR] [1783173639.736428508] [drone0.drone0_interface]: Service returned failure
[ERROR] [1783173643.920725326] [drone0.drone0_interface]: Service returned failure
16:00:56 [INFO] rl_uav.envs.as2_test_env: Reset complete. Initial obs: [ 0.7483951   0.26632866  0.01589629 -0.05074764]
16:01:21 [WARNING] rl_uav.envs.as2_test_env: Skipping velocity reset; simulator service reset required (terminal_out_of_bounds)
[ERROR] [1783173688.152951953] [drone0.drone0_interface]: Service returned failure
[ERROR] [1783173694.900867480] [drone0.drone0_interface]: Service returned failure
16:01:47 [INFO] rl_uav.envs.as2_test_env: Reset complete. Initial obs: [ 0.16285783 -0.1864484  -0.10714437  0.6973083 ]
16:01:49 [WARNING] rl_uav.envs.as2_test_env: Skipping velocity reset; simulator service reset required (terminal_out_of_bounds)
[ERROR] [1783173716.633208088] [drone0.drone0_interface]: Service returned failure
[ERROR] [1783173723.376926333] [drone0.drone0_interface]: Service returned failure
16:02:15 [INFO] rl_uav.envs.as2_test_env: Reset complete. Initial obs: [ 0.44776875 -0.84377944 -0.14555699 -0.88991636]
16:02:53 [WARNING] rl_uav.envs.as2_test_env: Skipping velocity reset; simulator service reset required (terminal_out_of_bounds)
[ERROR] [1783173780.168774880] [drone0.drone0_interface]: Service returned failure
[ERROR] [1783173786.923959340] [drone0.drone0_interface]: Service returned failure
16:03:19 [INFO] rl_uav.envs.as2_test_env: Reset complete. Initial obs: [-0.6798342   0.47816554 -0.02076048  0.59847194]
16:03:26 [WARNING] rl_uav.envs.as2_test_env: Skipping velocity reset; simulator service reset required (terminal_out_of_bounds)
[ERROR] [1783173813.650335251] [drone0.drone0_interface]: Service returned failure
[ERROR] [1783173820.410504297] [drone0.drone0_interface]: Service returned failure
16:03:53 [INFO] rl_uav.envs.as2_test_env: Reset complete. Initial obs: [-0.3290622  -0.62918144  0.06968825  0.04003548]
------------------------------------------
| rollout/                |              |
|    ep_len_mean          | 48.8         |
|    ep_rew_mean          | -31.4        |
|    success_rate         | 0            |
| time/                   |              |
|    fps                  | 2            |
|    iterations           | 65           |
|    time_elapsed         | 14840        |
|    total_timesteps      | 33280        |
| train/                  |              |
|    approx_kl            | 0.0011971899 |
|    clip_fraction        | 0            |
|    clip_range           | 0.2          |
|    entropy_loss         | -8.12        |
|    explained_variance   | 0.356        |
|    learning_rate        | 3e-05        |
|    loss                 | 2.34         |
|    n_updates            | 320          |
|    policy_gradient_loss | -0.00509     |
|    std                  | 0.996        |
|    value_loss           | 6.75         |
------------------------------------------
16:03:55 [WARNING] rl_uav.envs.as2_test_env: Skipping velocity reset; simulator service reset required (terminal_out_of_bounds)
[ERROR] [1783173842.170922774] [drone0.drone0_interface]: Service returned failure
[ERROR] [1783173848.962504354] [drone0.drone0_interface]: Service returned failure
16:04:21 [INFO] rl_uav.envs.as2_test_env: Reset complete. Initial obs: [ 0.58044565  0.45062113 -0.06222587  0.05150281]
16:04:39 [WARNING] rl_uav.envs.as2_test_env: Skipping velocity reset; simulator service reset required (terminal_out_of_bounds)
[ERROR] [1783173885.713705334] [drone0.drone0_interface]: Service returned failure
[ERROR] [1783173889.960296767] [drone0.drone0_interface]: Service returned failure
16:05:02 [INFO] rl_uav.envs.as2_test_env: Reset complete. Initial obs: [-0.96265495  0.22631578 -0.13991565  0.18042484]
16:05:07 [WARNING] rl_uav.envs.as2_test_env: Reset started at valid low altitude z=0.303; climbing to hover 1.400m with bounded velocity recovery
16:05:12 [WARNING] rl_uav.envs.as2_test_env: Skipping velocity reset; simulator service reset required (terminal_out_of_bounds)
[ERROR] [1783173918.768520061] [drone0.drone0_interface]: Service returned failure
[ERROR] [1783173925.583853566] [drone0.drone0_interface]: Service returned failure
16:05:38 [INFO] rl_uav.envs.as2_test_env: Reset complete. Initial obs: [ 0.15919468 -0.55613303  0.0682937   0.35801587]
16:05:48 [WARNING] rl_uav.envs.as2_test_env: Skipping velocity reset; simulator service reset required (terminal_out_of_bounds)
[ERROR] [1783173955.091222496] [drone0.drone0_interface]: Service returned failure
[ERROR] [1783173961.913562115] [drone0.drone0_interface]: Service returned failure
16:06:14 [INFO] rl_uav.envs.as2_test_env: Reset complete. Initial obs: [ 6.1132854e-01 -3.3461919e-01  5.7663033e-03 -4.2238631e-04]
16:06:32 [WARNING] rl_uav.envs.as2_test_env: Reset started at valid low altitude z=0.461; climbing to hover 1.400m with bounded velocity recovery
16:06:38 [WARNING] rl_uav.envs.as2_test_env: Skipping velocity reset; simulator service reset required (terminal_out_of_bounds)
[ERROR] [1783174004.009656359] [drone0.drone0_interface]: Service returned failure
[ERROR] [1783174010.964327597] [drone0.drone0_interface]: Service returned failure
16:07:03 [INFO] rl_uav.envs.as2_test_env: Reset complete. Initial obs: [ 0.06101083 -0.34127766 -0.05070671 -0.70634604]
16:07:13 [WARNING] rl_uav.envs.as2_test_env: Skipping velocity reset; simulator service reset required (terminal_out_of_bounds)
[ERROR] [1783174040.403203635] [drone0.drone0_interface]: Service returned failure
[ERROR] [1783174044.658748620] [drone0.drone0_interface]: Service returned failure
16:07:37 [INFO] rl_uav.envs.as2_test_env: Reset complete. Initial obs: [-0.93733054  0.17494598 -0.02414117  0.7504921 ]
16:07:39 [WARNING] rl_uav.envs.as2_test_env: Skipping velocity reset; simulator service reset required (terminal_out_of_bounds)
[ERROR] [1783174066.617959117] [drone0.drone0_interface]: Service returned failure
[ERROR] [1783174073.586819383] [drone0.drone0_interface]: Service returned failure
16:08:06 [INFO] rl_uav.envs.as2_test_env: Reset complete. Initial obs: [0.55469495 0.15224859 0.08137308 0.6316395 ]
16:08:13 [WARNING] rl_uav.envs.as2_test_env: Reset started at valid low altitude z=0.414; climbing to hover 1.400m with bounded velocity recovery
16:08:19 [WARNING] rl_uav.envs.as2_test_env: Skipping velocity reset; simulator service reset required (terminal_out_of_bounds)
[ERROR] [1783174105.835910608] [drone0.drone0_interface]: Service returned failure
[ERROR] [1783174112.703367418] [drone0.drone0_interface]: Service returned failure
16:08:45 [INFO] rl_uav.envs.as2_test_env: Reset complete. Initial obs: [-0.4750097   0.7219909  -0.07375301  0.03038898]
16:08:55 [WARNING] rl_uav.envs.as2_test_env: Skipping velocity reset; simulator service reset required (terminal_out_of_bounds)
[ERROR] [1783174142.525258081] [drone0.drone0_interface]: Service returned failure
[ERROR] [1783174149.401316832] [drone0.drone0_interface]: Service returned failure
16:09:22 [INFO] rl_uav.envs.as2_test_env: Reset complete. Initial obs: [ 0.8554662  -0.2507046   0.19359018  0.9924015 ]
16:09:27 [WARNING] rl_uav.envs.as2_test_env: Skipping velocity reset; simulator service reset required (terminal_out_of_bounds)
[ERROR] [1783174174.048896023] [drone0.drone0_interface]: Service returned failure
[ERROR] [1783174180.938624854] [drone0.drone0_interface]: Service returned failure
16:09:53 [INFO] rl_uav.envs.as2_test_env: Reset complete. Initial obs: [-0.7335299  -0.62005216  0.00556653  0.5129779 ]
16:09:58 [WARNING] rl_uav.envs.as2_test_env: Skipping velocity reset; simulator service reset required (terminal_out_of_bounds)
[ERROR] [1783174205.748489720] [drone0.drone0_interface]: Service returned failure
[ERROR] [1783174212.649596725] [drone0.drone0_interface]: Service returned failure
16:10:25 [INFO] rl_uav.envs.as2_test_env: Reset complete. Initial obs: [-0.8386477   0.06930855 -0.02331379  0.10318257]
16:10:35 [WARNING] rl_uav.envs.as2_test_env: Skipping velocity reset; simulator service reset required (terminal_out_of_bounds)
[ERROR] [1783174242.556526027] [drone0.drone0_interface]: Service returned failure
[ERROR] [1783174246.846418543] [drone0.drone0_interface]: Service returned failure
16:10:59 [INFO] rl_uav.envs.as2_test_env: Reset complete. Initial obs: [ 0.17736018  0.7278378  -0.00348213  0.37533033]
------------------------------------------
| rollout/                |              |
|    ep_len_mean          | 48.8         |
|    ep_rew_mean          | -32.1        |
|    success_rate         | 0            |
| time/                   |              |
|    fps                  | 2            |
|    iterations           | 66           |
|    time_elapsed         | 15268        |
|    total_timesteps      | 33792        |
| train/                  |              |
|    approx_kl            | 0.0040581883 |
|    clip_fraction        | 0.0191       |
|    clip_range           | 0.2          |
|    entropy_loss         | -8.24        |
|    explained_variance   | 0.515        |
|    learning_rate        | 3e-05        |
|    loss                 | 3.48         |
|    n_updates            | 325          |
|    policy_gradient_loss | -0.0136      |
|    std                  | 0.996        |
|    value_loss           | 6.09         |
------------------------------------------
16:11:10 [WARNING] rl_uav.envs.as2_test_env: Skipping velocity reset; simulator service reset required (terminal_out_of_bounds)
[ERROR] [1783174276.961795097] [drone0.drone0_interface]: Service returned failure
[ERROR] [1783174283.891713046] [drone0.drone0_interface]: Service returned failure
16:11:36 [INFO] rl_uav.envs.as2_test_env: Reset complete. Initial obs: [-0.7625741  -0.11958875  0.05124528  0.37658992]
16:11:49 [WARNING] rl_uav.envs.as2_test_env: Skipping velocity reset; simulator service reset required (terminal_out_of_bounds)
[ERROR] [1783174316.619462148] [drone0.drone0_interface]: Service returned failure
[ERROR] [1783174323.549523106] [drone0.drone0_interface]: Service returned failure
16:12:16 [INFO] rl_uav.envs.as2_test_env: Reset complete. Initial obs: [ 0.742029    0.29956993 -0.02391906  0.8948152 ]
16:12:18 [WARNING] rl_uav.envs.as2_test_env: Skipping velocity reset; simulator service reset required (terminal_out_of_bounds)
[ERROR] [1783174345.795761758] [drone0.drone0_interface]: Service returned failure
[ERROR] [1783174352.747744361] [drone0.drone0_interface]: Service returned failure
16:12:45 [INFO] rl_uav.envs.as2_test_env: Reset complete. Initial obs: [ 0.21720463  0.58086854 -0.1823327   0.17096429]
16:13:19 [WARNING] rl_uav.envs.as2_test_env: Skipping velocity reset; simulator service reset required (terminal_out_of_bounds)
[ERROR] [1783174406.095001035] [drone0.drone0_interface]: Service returned failure
[ERROR] [1783174413.054428704] [drone0.drone0_interface]: Service returned failure
16:13:45 [INFO] rl_uav.envs.as2_test_env: Reset complete. Initial obs: [-6.5510881e-01 -2.2859995e-01  1.2341279e-01 -3.9037262e-04]
16:14:11 [INFO] rl_uav.envs.as2_test_env: Keeping drone airborne for velocity reset...
[ERROR] [1783174458.799146881] [drone0.drone0_interface]: Service returned failure
[ERROR] [1783174465.766751375] [drone0.drone0_interface]: Service returned failure
16:15:34 [WARNING] rl_uav.envs.as2_test_env: Timed out while driving to fixed_start_pose. Reset diagnostics: reason=timeout, elapsed=60.163, reset_phase=drive_vertical_recovery, phase=drive_vertical_recovery, target_pose=[-1.4500721252170394, -2.6412857127161113, 1.0228443960181473, -0.7846840600629097], final_pose=[0.02762416936457157, -3.272787094116211, 0.4792364537715912, 0.3344202808886522], position_error=1.6964, initial_position_error=4.6329, best_position_error=1.5138, error_reduction=3.119, dominant_axis=x, yaw_error=1.1191, last_command=[0.0, 0.0, 0.5436, 0.0]
16:15:34 [WARNING] rl_uav.envs.as2_test_env: Bounded velocity reset timed out; attempting simulator service fallback. Reset diagnostics: reason=timeout, elapsed=60.163, reset_phase=drive_vertical_recovery, phase=drive_vertical_recovery, target_pose=[-1.4500721252170394, -2.6412857127161113, 1.0228443960181473, -0.7846840600629097], final_pose=[0.02762416936457157, -3.272787094116211, 0.4792364537715912, 0.3344202808886522], position_error=1.6964, initial_position_error=4.6329, best_position_error=1.5138, error_reduction=3.119, dominant_axis=x, yaw_error=1.1191, last_command=[0.0, 0.0, 0.5436, 0.0]
[ERROR] [1783174540.305736765] [drone0.drone0_interface]: Service returned failure
[ERROR] [1783174547.286079716] [drone0.drone0_interface]: Service returned failure
16:16:00 [INFO] rl_uav.envs.as2_test_env: Reset complete. Initial obs: [-3.6363187e-01  3.8763825e-02  1.0902138e-05  6.7401052e-01]
16:16:08 [WARNING] rl_uav.envs.as2_test_env: Skipping velocity reset; simulator service reset required (terminal_out_of_bounds)
[ERROR] [1783174574.914058841] [drone0.drone0_interface]: Service returned failure
[ERROR] [1783174581.912426145] [drone0.drone0_interface]: Service returned failure
16:16:34 [INFO] rl_uav.envs.as2_test_env: Reset complete. Initial obs: [ 0.8431936   0.2528016  -0.09132586  0.00226057]
------------------------------------------
| rollout/                |              |
|    ep_len_mean          | 49.8         |
|    ep_rew_mean          | -32.8        |
|    success_rate         | 0.01         |
| time/                   |              |
|    fps                  | 2            |
|    iterations           | 67           |
|    time_elapsed         | 15615        |
|    total_timesteps      | 34304        |
| train/                  |              |
|    approx_kl            | 0.0026129247 |
|    clip_fraction        | 0.00664      |
|    clip_range           | 0.2          |
|    entropy_loss         | -9.03        |
|    explained_variance   | 0.0543       |
|    learning_rate        | 3e-05        |
|    loss                 | 9.81         |
|    n_updates            | 330          |
|    policy_gradient_loss | -0.00668     |
|    std                  | 0.997        |
|    value_loss           | 19           |
------------------------------------------
16:16:52 [WARNING] rl_uav.envs.as2_test_env: Skipping velocity reset; simulator service reset required (terminal_out_of_bounds)
[ERROR] [1783174619.819570848] [drone0.drone0_interface]: Service returned failure
[ERROR] [1783174626.917663009] [drone0.drone0_interface]: Service returned failure
16:17:19 [INFO] rl_uav.envs.as2_test_env: Reset complete. Initial obs: [-0.49551538 -0.33883798  0.06227216 -0.3091781 ]
16:17:30 [WARNING] rl_uav.envs.as2_test_env: Skipping velocity reset; simulator service reset required (terminal_out_of_bounds)
[ERROR] [1783174657.037691919] [drone0.drone0_interface]: Service returned failure
[ERROR] [1783174664.052268007] [drone0.drone0_interface]: Service returned failure
16:17:57 [INFO] rl_uav.envs.as2_test_env: Reset complete. Initial obs: [-0.2145023   0.06499498 -0.05629975  0.35795954]
16:17:59 [WARNING] rl_uav.envs.as2_test_env: Reset started at valid low altitude z=0.476; climbing to hover 1.400m with bounded velocity recovery
16:18:05 [WARNING] rl_uav.envs.as2_test_env: Skipping velocity reset; simulator service reset required (terminal_out_of_bounds)
[ERROR] [1783174691.737343350] [drone0.drone0_interface]: Service returned failure
[ERROR] [1783174698.772534595] [drone0.drone0_interface]: Service returned failure
16:18:31 [INFO] rl_uav.envs.as2_test_env: Reset complete. Initial obs: [-0.22321394 -0.13304469  0.01014045  0.63801557]
16:18:36 [WARNING] rl_uav.envs.as2_test_env: Skipping velocity reset; simulator service reset required (terminal_out_of_bounds)
[ERROR] [1783174723.857716485] [drone0.drone0_interface]: Service returned failure
[ERROR] [1783174730.910447101] [drone0.drone0_interface]: Service returned failure
16:19:03 [INFO] rl_uav.envs.as2_test_env: Reset complete. Initial obs: [-0.4669778   0.8211296  -0.03692095 -0.06834309]
16:19:09 [WARNING] rl_uav.envs.as2_test_env: Skipping velocity reset; simulator service reset required (terminal_out_of_bounds)
[ERROR] [1783174756.227441667] [drone0.drone0_interface]: Service returned failure
[ERROR] [1783174763.283823558] [drone0.drone0_interface]: Service returned failure
16:19:36 [INFO] rl_uav.envs.as2_test_env: Reset complete. Initial obs: [-0.46005335 -0.44695938  0.06701944 -0.6033249 ]
16:19:59 [WARNING] rl_uav.envs.as2_test_env: Skipping velocity reset; simulator service reset required (terminal_out_of_bounds)
[ERROR] [1783174806.734039264] [drone0.drone0_interface]: Service returned failure
[ERROR] [1783174813.796607377] [drone0.drone0_interface]: Service returned failure
16:20:26 [INFO] rl_uav.envs.as2_test_env: Reset complete. Initial obs: [-0.79367185 -0.00562372 -0.06913291 -0.58216137]
16:20:29 [WARNING] rl_uav.envs.as2_test_env: Skipping velocity reset; simulator service reset required (terminal_out_of_bounds)
[ERROR] [1783174836.446670310] [drone0.drone0_interface]: Service returned failure
[ERROR] [1783174843.519711108] [drone0.drone0_interface]: Service returned failure
16:20:56 [INFO] rl_uav.envs.as2_test_env: Reset complete. Initial obs: [ 0.7337965  -0.24137886 -0.0208448   0.45707577]
16:20:59 [WARNING] rl_uav.envs.as2_test_env: Skipping velocity reset; simulator service reset required (terminal_out_of_bounds)
[ERROR] [1783174866.057492994] [drone0.drone0_interface]: Service returned failure
[ERROR] [1783174873.242324128] [drone0.drone0_interface]: Service returned failure
16:21:26 [INFO] rl_uav.envs.as2_test_env: Reset complete. Initial obs: [-0.6254827   0.47505382 -0.1563671  -0.97512764]
16:21:44 [WARNING] rl_uav.envs.as2_test_env: Skipping velocity reset; simulator service reset required (terminal_out_of_bounds)
[ERROR] [1783174911.572283924] [drone0.drone0_interface]: Service returned failure
[ERROR] [1783174918.673115720] [drone0.drone0_interface]: Service returned failure
16:22:11 [INFO] rl_uav.envs.as2_test_env: Reset complete. Initial obs: [-0.66127163  0.05863437  0.00725393 -0.9326046 ]
16:22:32 [WARNING] rl_uav.envs.as2_test_env: Reset started at valid low altitude z=0.415; climbing to hover 1.400m with bounded velocity recovery
16:22:39 [WARNING] rl_uav.envs.as2_test_env: Skipping velocity reset; simulator service reset required (terminal_out_of_bounds)
[ERROR] [1783174965.186122564] [drone0.drone0_interface]: Service returned failure
[ERROR] [1783174972.288603444] [drone0.drone0_interface]: Service returned failure
16:23:05 [INFO] rl_uav.envs.as2_test_env: Reset complete. Initial obs: [ 0.15858574 -0.3763122   0.06522423 -0.97129124]
16:23:07 [WARNING] rl_uav.envs.as2_test_env: Skipping velocity reset; simulator service reset required (terminal_out_of_bounds)
[ERROR] [1783174994.998246709] [drone0.drone0_interface]: Service returned failure
[ERROR] [1783175002.111532796] [drone0.drone0_interface]: Service returned failure
16:23:35 [INFO] rl_uav.envs.as2_test_env: Reset complete. Initial obs: [-0.48456374 -0.27879524  0.09347393  0.9605083 ]
16:23:40 [WARNING] rl_uav.envs.as2_test_env: Skipping velocity reset; simulator service reset required (terminal_out_of_bounds)
[ERROR] [1783175027.700100519] [drone0.drone0_interface]: Service returned failure
[ERROR] [1783175032.147214814] [drone0.drone0_interface]: Service returned failure
16:24:05 [INFO] rl_uav.envs.as2_test_env: Reset complete. Initial obs: [-0.46562687 -0.6048184   0.09119853  0.14296608]
------------------------------------------
| rollout/                |              |
|    ep_len_mean          | 50.5         |
|    ep_rew_mean          | -32.7        |
|    success_rate         | 0.01         |
| time/                   |              |
|    fps                  | 2            |
|    iterations           | 68           |
|    time_elapsed         | 16053        |
|    total_timesteps      | 34816        |
| train/                  |              |
|    approx_kl            | 0.0003024449 |
|    clip_fraction        | 0            |
|    clip_range           | 0.2          |
|    entropy_loss         | -8.49        |
|    explained_variance   | 0.335        |
|    learning_rate        | 3e-05        |
|    loss                 | 8.26         |
|    n_updates            | 335          |
|    policy_gradient_loss | -0.00221     |
|    std                  | 0.997        |
|    value_loss           | 31.4         |
------------------------------------------
16:24:18 [WARNING] rl_uav.envs.as2_test_env: Reset started at valid low altitude z=0.392; climbing to hover 1.400m with bounded velocity recovery
16:24:24 [WARNING] rl_uav.envs.as2_test_env: Skipping velocity reset; simulator service reset required (terminal_out_of_bounds)
[ERROR] [1783175071.026022179] [drone0.drone0_interface]: Service returned failure
[ERROR] [1783175078.180981745] [drone0.drone0_interface]: Service returned failure
16:24:51 [INFO] rl_uav.envs.as2_test_env: Reset complete. Initial obs: [0.4767745  0.6432325  0.11645973 0.5722911 ]
16:25:01 [WARNING] rl_uav.envs.as2_test_env: Skipping velocity reset; simulator service reset required (terminal_out_of_bounds)
[ERROR] [1783175109.017282195] [drone0.drone0_interface]: Service returned failure
[ERROR] [1783175116.168136759] [drone0.drone0_interface]: Service returned failure
16:25:29 [INFO] rl_uav.envs.as2_test_env: Reset complete. Initial obs: [ 0.7611238  -0.1340739   0.14605103  0.6342064 ]
16:25:40 [WARNING] rl_uav.envs.as2_test_env: Skipping velocity reset; simulator service reset required (terminal_out_of_bounds)
[ERROR] [1783175147.129257777] [drone0.drone0_interface]: Service returned failure
[ERROR] [1783175154.318841442] [drone0.drone0_interface]: Service returned failure
16:26:07 [INFO] rl_uav.envs.as2_test_env: Reset complete. Initial obs: [-0.2269854  -0.49130133  0.05211172  0.1829126 ]
16:26:15 [WARNING] rl_uav.envs.as2_test_env: Skipping velocity reset; simulator service reset required (terminal_out_of_bounds)
[ERROR] [1783175182.743367361] [drone0.drone0_interface]: Service returned failure
[ERROR] [1783175189.947165558] [drone0.drone0_interface]: Service returned failure
16:26:43 [INFO] rl_uav.envs.as2_test_env: Reset complete. Initial obs: [ 0.3180725  -0.61222833 -0.18942028 -0.5258245 ]
16:26:45 [WARNING] rl_uav.envs.as2_test_env: Reset started at valid low altitude z=0.321; climbing to hover 1.400m with bounded velocity recovery
16:26:52 [WARNING] rl_uav.envs.as2_test_env: Skipping velocity reset; simulator service reset required (terminal_out_of_bounds)
[ERROR] [1783175218.343385071] [drone0.drone0_interface]: Service returned failure
[ERROR] [1783175225.522458315] [drone0.drone0_interface]: Service returned failure
16:27:18 [INFO] rl_uav.envs.as2_test_env: Reset complete. Initial obs: [-0.00491601 -0.28272706 -0.00314337 -0.6675124 ]
16:27:29 [WARNING] rl_uav.envs.as2_test_env: Skipping velocity reset; simulator service reset required (terminal_out_of_bounds)
[ERROR] [1783175256.765198090] [drone0.drone0_interface]: Service returned failure
[ERROR] [1783175263.970454763] [drone0.drone0_interface]: Service returned failure
16:27:57 [INFO] rl_uav.envs.as2_test_env: Reset complete. Initial obs: [-0.6711016   0.21019137 -0.1091543  -0.68416905]
16:27:59 [WARNING] rl_uav.envs.as2_test_env: Skipping velocity reset; simulator service reset required (terminal_out_of_bounds)
[ERROR] [1783175287.043495329] [drone0.drone0_interface]: Service returned failure
[ERROR] [1783175294.255289988] [drone0.drone0_interface]: Service returned failure
16:28:27 [INFO] rl_uav.envs.as2_test_env: Reset complete. Initial obs: [-0.58255744  0.4102392   0.05970637 -0.97536236]
16:28:35 [WARNING] rl_uav.envs.as2_test_env: Skipping velocity reset; simulator service reset required (terminal_out_of_bounds)
[ERROR] [1783175322.863145528] [drone0.drone0_interface]: Service returned failure
[ERROR] [1783175330.103701263] [drone0.drone0_interface]: Service returned failure
16:29:03 [INFO] rl_uav.envs.as2_test_env: Reset complete. Initial obs: [-0.6767618   0.50209165  0.02005205  0.38886347]
16:29:08 [WARNING] rl_uav.envs.as2_test_env: Reset started at valid low altitude z=0.450; climbing to hover 1.400m with bounded velocity recovery
16:29:15 [WARNING] rl_uav.envs.as2_test_env: Skipping velocity reset; simulator service reset required (terminal_out_of_bounds)
[ERROR] [1783175361.384651602] [drone0.drone0_interface]: Service returned failure
[ERROR] [1783175368.629352079] [drone0.drone0_interface]: Service returned failure
16:29:41 [INFO] rl_uav.envs.as2_test_env: Reset complete. Initial obs: [-0.24136332 -0.83019364  0.08692484 -0.6173001 ]
16:29:44 [WARNING] rl_uav.envs.as2_test_env: Skipping velocity reset; simulator service reset required (terminal_out_of_bounds)
[ERROR] [1783175391.675735944] [drone0.drone0_interface]: Service returned failure
[ERROR] [1783175398.919062136] [drone0.drone0_interface]: Service returned failure
16:30:12 [INFO] rl_uav.envs.as2_test_env: Reset complete. Initial obs: [0.71086097 0.46662495 0.14556523 0.5215802 ]
16:30:14 [WARNING] rl_uav.envs.as2_test_env: Skipping velocity reset; simulator service reset required (terminal_out_of_bounds)
[ERROR] [1783175422.084561330] [drone0.drone0_interface]: Service returned failure
[ERROR] [1783175429.346347773] [drone0.drone0_interface]: Service returned failure
16:30:42 [INFO] rl_uav.envs.as2_test_env: Reset complete. Initial obs: [0.45672742 0.2802449  0.03682207 0.34899157]
16:30:45 [WARNING] rl_uav.envs.as2_test_env: Reset started at valid low altitude z=0.330; climbing to hover 1.400m with bounded velocity recovery
16:30:51 [WARNING] rl_uav.envs.as2_test_env: Skipping velocity reset; simulator service reset required (terminal_out_of_bounds)
[ERROR] [1783175457.896663566] [drone0.drone0_interface]: Service returned failure
[ERROR] [1783175465.262944127] [drone0.drone0_interface]: Service returned failure
16:31:18 [INFO] rl_uav.envs.as2_test_env: Reset complete. Initial obs: [-0.19898665 -0.6712848   0.18642774 -0.8688106 ]
16:31:21 [WARNING] rl_uav.envs.as2_test_env: Skipping velocity reset; simulator service reset required (terminal_out_of_bounds)
[ERROR] [1783175488.138935826] [drone0.drone0_interface]: Service returned failure
[ERROR] [1783175492.526782509] [drone0.drone0_interface]: Service returned failure
16:31:45 [INFO] rl_uav.envs.as2_test_env: Reset complete. Initial obs: [ 0.6401462   0.5970561  -0.00415469  0.61066526]
16:31:47 [WARNING] rl_uav.envs.as2_test_env: Skipping velocity reset; simulator service reset required (terminal_out_of_bounds)
[ERROR] [1783175514.813275160] [drone0.drone0_interface]: Service returned failure
[ERROR] [1783175519.270300071] [drone0.drone0_interface]: Service returned failure
16:32:12 [INFO] rl_uav.envs.as2_test_env: Reset complete. Initial obs: [-0.07560366 -0.18295628 -0.0720298  -0.4676973 ]
16:32:25 [WARNING] rl_uav.envs.as2_test_env: Skipping velocity reset; simulator service reset required (terminal_out_of_bounds)
[ERROR] [1783175552.727127804] [drone0.drone0_interface]: Service returned failure
[ERROR] [1783175560.045443562] [drone0.drone0_interface]: Service returned failure
16:32:53 [INFO] rl_uav.envs.as2_test_env: Reset complete. Initial obs: [ 0.22114418  0.07064047  0.10564259 -0.8501009 ]
16:32:56 [WARNING] rl_uav.envs.as2_test_env: Skipping velocity reset; simulator service reset required (terminal_out_of_bounds)
[ERROR] [1783175583.412774788] [drone0.drone0_interface]: Service returned failure
[ERROR] [1783175590.737932683] [drone0.drone0_interface]: Service returned failure
16:33:24 [INFO] rl_uav.envs.as2_test_env: Reset complete. Initial obs: [-0.8347091   0.11290352  0.014395   -0.55992734]
------------------------------------------
| rollout/                |              |
|    ep_len_mean          | 49.9         |
|    ep_rew_mean          | -32.8        |
|    success_rate         | 0.01         |
| time/                   |              |
|    fps                  | 2            |
|    iterations           | 69           |
|    time_elapsed         | 16615        |
|    total_timesteps      | 35328        |
| train/                  |              |
|    approx_kl            | 0.0019689207 |
|    clip_fraction        | 0.00156      |
|    clip_range           | 0.2          |
|    entropy_loss         | -8.47        |
|    explained_variance   | 0.152        |
|    learning_rate        | 3e-05        |
|    loss                 | 4.01         |
|    n_updates            | 340          |
|    policy_gradient_loss | -0.0063      |
|    std                  | 0.997        |
|    value_loss           | 10.2         |
------------------------------------------
16:33:37 [WARNING] rl_uav.envs.as2_test_env: Reset started at valid low altitude z=0.410; climbing to hover 1.400m with bounded velocity recovery
16:33:44 [WARNING] rl_uav.envs.as2_test_env: Skipping velocity reset; simulator service reset required (terminal_out_of_bounds)
[ERROR] [1783175630.439861964] [drone0.drone0_interface]: Service returned failure
[ERROR] [1783175637.777413764] [drone0.drone0_interface]: Service returned failure
16:34:11 [INFO] rl_uav.envs.as2_test_env: Reset complete. Initial obs: [ 0.41235617 -0.7898843  -0.0411321  -0.7899777 ]
16:34:19 [WARNING] rl_uav.envs.as2_test_env: Reset started at valid low altitude z=0.430; climbing to hover 1.400m with bounded velocity recovery
16:34:25 [WARNING] rl_uav.envs.as2_test_env: Skipping velocity reset; simulator service reset required (terminal_out_of_bounds)
[ERROR] [1783175672.018798476] [drone0.drone0_interface]: Service returned failure
[ERROR] [1783175679.473851939] [drone0.drone0_interface]: Service returned failure
16:34:52 [INFO] rl_uav.envs.as2_test_env: Reset complete. Initial obs: [ 0.59172237  0.48285016 -0.02894651  0.8050298 ]
16:34:55 [WARNING] rl_uav.envs.as2_test_env: Skipping velocity reset; simulator service reset required (terminal_out_of_bounds)
[ERROR] [1783175702.918000736] [drone0.drone0_interface]: Service returned failure
[ERROR] [1783175710.272910245] [drone0.drone0_interface]: Service returned failure
16:35:23 [INFO] rl_uav.envs.as2_test_env: Reset complete. Initial obs: [ 0.76650953 -0.28558397  0.12991275 -0.811784  ]
16:35:26 [WARNING] rl_uav.envs.as2_test_env: Reset started at valid low altitude z=0.367; climbing to hover 1.400m with bounded velocity recovery
16:35:32 [WARNING] rl_uav.envs.as2_test_env: Skipping velocity reset; simulator service reset required (terminal_out_of_bounds)
[ERROR] [1783175739.260238618] [drone0.drone0_interface]: Service returned failure
[ERROR] [1783175746.630025051] [drone0.drone0_interface]: Service returned failure
16:36:00 [INFO] rl_uav.envs.as2_test_env: Reset complete. Initial obs: [0.71993476 0.22116302 0.09313294 0.50343144]
16:36:08 [WARNING] rl_uav.envs.as2_test_env: Skipping velocity reset; simulator service reset required (terminal_out_of_bounds)
[ERROR] [1783175775.532159586] [drone0.drone0_interface]: Service returned failure
[ERROR] [1783175780.133620101] [drone0.drone0_interface]: Service returned failure
16:36:33 [INFO] rl_uav.envs.as2_test_env: Reset complete. Initial obs: [0.1705146  0.2946214  0.06948826 0.22555327]
16:36:55 [WARNING] rl_uav.envs.as2_test_env: Reset started at valid low altitude z=0.468; climbing to hover 1.400m with bounded velocity recovery
16:37:01 [WARNING] rl_uav.envs.as2_test_env: Skipping velocity reset; simulator service reset required (terminal_out_of_bounds)
[ERROR] [1783175828.158798372] [drone0.drone0_interface]: Service returned failure
[ERROR] [1783175832.780890425] [drone0.drone0_interface]: Service returned failure
16:37:26 [INFO] rl_uav.envs.as2_test_env: Reset complete. Initial obs: [-0.81199616  0.37715244 -0.05042427 -0.9716949 ]
16:37:29 [WARNING] rl_uav.envs.as2_test_env: Reset started at valid low altitude z=0.374; climbing to hover 1.400m with bounded velocity recovery
16:37:35 [WARNING] rl_uav.envs.as2_test_env: Skipping velocity reset; simulator service reset required (terminal_out_of_bounds)
[ERROR] [1783175861.966655803] [drone0.drone0_interface]: Service returned failure
[ERROR] [1783175869.367457331] [drone0.drone0_interface]: Service returned failure
16:38:02 [INFO] rl_uav.envs.as2_test_env: Reset complete. Initial obs: [-0.07789511  0.20076002 -0.0491932  -0.37512806]
16:38:13 [WARNING] rl_uav.envs.as2_test_env: Skipping velocity reset; simulator service reset required (terminal_out_of_bounds)
[ERROR] [1783175901.271943060] [drone0.drone0_interface]: Service returned failure
[ERROR] [1783175908.682389277] [drone0.drone0_interface]: Service returned failure
16:38:42 [INFO] rl_uav.envs.as2_test_env: Reset complete. Initial obs: [0.23250686 0.724566   0.05406083 0.9886752 ]
16:39:01 [WARNING] rl_uav.envs.as2_test_env: Skipping velocity reset; simulator service reset required (terminal_out_of_bounds)
[ERROR] [1783175948.990184526] [drone0.drone0_interface]: Service returned failure
[ERROR] [1783175956.414044423] [drone0.drone0_interface]: Service returned failure
16:39:30 [INFO] rl_uav.envs.as2_test_env: Reset complete. Initial obs: [ 0.39376783  0.08596174 -0.11832045  0.24287271]
16:39:38 [WARNING] rl_uav.envs.as2_test_env: Skipping velocity reset; simulator service reset required (terminal_out_of_bounds)
[ERROR] [1783175985.509786222] [drone0.drone0_interface]: Service returned failure
[ERROR] [1783175992.946397700] [drone0.drone0_interface]: Service returned failure
16:40:06 [INFO] rl_uav.envs.as2_test_env: Reset complete. Initial obs: [ 0.37576607 -0.56002086 -0.04261664 -0.11068461]
16:40:12 [WARNING] rl_uav.envs.as2_test_env: Skipping velocity reset; simulator service reset required (terminal_out_of_bounds)
[ERROR] [1783176019.511718061] [drone0.drone0_interface]: Service returned failure
[ERROR] [1783176026.972311744] [drone0.drone0_interface]: Service returned failure
16:40:40 [INFO] rl_uav.envs.as2_test_env: Reset complete. Initial obs: [-0.55866873  0.5214443   0.02149652  0.01392474]
------------------------------------------
| rollout/                |              |
|    ep_len_mean          | 48.6         |
|    ep_rew_mean          | -32.7        |
|    success_rate         | 0.01         |
| time/                   |              |
|    fps                  | 2            |
|    iterations           | 70           |
|    time_elapsed         | 17053        |
|    total_timesteps      | 35840        |
| train/                  |              |
|    approx_kl            | 0.0014152612 |
|    clip_fraction        | 0.00117      |
|    clip_range           | 0.2          |
|    entropy_loss         | -8.67        |
|    explained_variance   | 0.276        |
|    learning_rate        | 3e-05        |
|    loss                 | 6.93         |
|    n_updates            | 345          |
|    policy_gradient_loss | -0.0015      |
|    std                  | 0.997        |
|    value_loss           | 12           |
------------------------------------------
16:40:51 [WARNING] rl_uav.envs.as2_test_env: Skipping velocity reset; simulator service reset required (terminal_out_of_bounds)
[ERROR] [1783176059.224180228] [drone0.drone0_interface]: Service returned failure
[ERROR] [1783176066.676751944] [drone0.drone0_interface]: Service returned failure
16:41:20 [INFO] rl_uav.envs.as2_test_env: Reset complete. Initial obs: [ 0.45969936  0.79124105 -0.03517182  0.3374093 ]
16:41:23 [WARNING] rl_uav.envs.as2_test_env: Skipping velocity reset; simulator service reset required (terminal_out_of_bounds)
[ERROR] [1783176090.526247488] [drone0.drone0_interface]: Service returned failure
[ERROR] [1783176098.009257720] [drone0.drone0_interface]: Service returned failure
16:41:51 [INFO] rl_uav.envs.as2_test_env: Reset complete. Initial obs: [ 0.37667274  0.9035694   0.04920125 -0.7889526 ]
16:41:57 [WARNING] rl_uav.envs.as2_test_env: Skipping velocity reset; simulator service reset required (terminal_out_of_bounds)
[ERROR] [1783176124.719441250] [drone0.drone0_interface]: Service returned failure
[ERROR] [1783176132.211371457] [drone0.drone0_interface]: Service returned failure
16:42:25 [INFO] rl_uav.envs.as2_test_env: Reset complete. Initial obs: [-0.38861102 -0.52145255  0.03103902  0.31706244]
16:42:28 [WARNING] rl_uav.envs.as2_test_env: Skipping velocity reset; simulator service reset required (terminal_out_of_bounds)
[ERROR] [1783176156.147402362] [drone0.drone0_interface]: Service returned failure
[ERROR] [1783176163.635362371] [drone0.drone0_interface]: Service returned failure
16:42:57 [INFO] rl_uav.envs.as2_test_env: Reset complete. Initial obs: [ 0.58649933 -0.0190099   0.02898761 -0.98853904]
16:43:05 [WARNING] rl_uav.envs.as2_test_env: Skipping velocity reset; simulator service reset required (terminal_out_of_bounds)
[ERROR] [1783176193.153969810] [drone0.drone0_interface]: Service returned failure
[ERROR] [1783176200.667477813] [drone0.drone0_interface]: Service returned failure
16:43:34 [INFO] rl_uav.envs.as2_test_env: Reset complete. Initial obs: [ 0.03747088 -0.18930109 -0.07723573 -0.38231626]
16:43:40 [WARNING] rl_uav.envs.as2_test_env: Skipping velocity reset; simulator service reset required (terminal_out_of_bounds)
[ERROR] [1783176227.568483272] [drone0.drone0_interface]: Service returned failure
[ERROR] [1783176235.092610181] [drone0.drone0_interface]: Service returned failure
16:44:08 [INFO] rl_uav.envs.as2_test_env: Reset complete. Initial obs: [-0.28005672 -0.61716896 -0.02758394  0.61436975]
16:44:11 [WARNING] rl_uav.envs.as2_test_env: Skipping velocity reset; simulator service reset required (terminal_out_of_bounds)
[ERROR] [1783176259.067110783] [drone0.drone0_interface]: Service returned failure
[ERROR] [1783176266.602357044] [drone0.drone0_interface]: Service returned failure
16:44:40 [INFO] rl_uav.envs.as2_test_env: Reset complete. Initial obs: [-0.68129396 -0.43166977  0.12521955  0.19665603]
16:44:48 [WARNING] rl_uav.envs.as2_test_env: Skipping velocity reset; simulator service reset required (terminal_out_of_bounds)
[ERROR] [1783176296.279154951] [drone0.drone0_interface]: Service returned failure
[ERROR] [1783176303.804443643] [drone0.drone0_interface]: Service returned failure
16:45:17 [INFO] rl_uav.envs.as2_test_env: Reset complete. Initial obs: [-0.14324929 -0.58039623  0.05445389  0.41643885]
16:45:20 [WARNING] rl_uav.envs.as2_test_env: Skipping velocity reset; simulator service reset required (terminal_out_of_bounds)
[ERROR] [1783176327.893419352] [drone0.drone0_interface]: Service returned failure
[ERROR] [1783176335.461414081] [drone0.drone0_interface]: Service returned failure
16:45:49 [INFO] rl_uav.envs.as2_test_env: Reset complete. Initial obs: [ 0.0563136  -0.51659846  0.16206399 -0.64008933]
16:45:55 [WARNING] rl_uav.envs.as2_test_env: Skipping velocity reset; simulator service reset required (terminal_out_of_bounds)
[ERROR] [1783176362.486649102] [drone0.drone0_interface]: Service returned failure
[ERROR] [1783176370.047504087] [drone0.drone0_interface]: Service returned failure
16:46:23 [INFO] rl_uav.envs.as2_test_env: Reset complete. Initial obs: [ 0.73103106 -0.53905797 -0.03193142  0.13477175]
16:46:26 [WARNING] rl_uav.envs.as2_test_env: Skipping velocity reset; simulator service reset required (terminal_out_of_bounds)
[ERROR] [1783176394.210409800] [drone0.drone0_interface]: Service returned failure
[ERROR] [1783176401.885875730] [drone0.drone0_interface]: Service returned failure
16:46:55 [INFO] rl_uav.envs.as2_test_env: Reset complete. Initial obs: [ 0.8714937   0.10875273 -0.03874461  0.6826964 ]
16:46:58 [WARNING] rl_uav.envs.as2_test_env: Skipping velocity reset; simulator service reset required (terminal_out_of_bounds)
[ERROR] [1783176426.002561307] [drone0.drone0_interface]: Service returned failure
[ERROR] [1783176433.608675719] [drone0.drone0_interface]: Service returned failure
16:47:27 [INFO] rl_uav.envs.as2_test_env: Reset complete. Initial obs: [-0.01289054 -0.3165978   0.07828476 -0.07205176]
16:47:33 [WARNING] rl_uav.envs.as2_test_env: Skipping velocity reset; simulator service reset required (terminal_out_of_bounds)
[ERROR] [1783176460.710185437] [drone0.drone0_interface]: Service returned failure
[ERROR] [1783176468.314215887] [drone0.drone0_interface]: Service returned failure
16:48:02 [INFO] rl_uav.envs.as2_test_env: Reset complete. Initial obs: [ 0.1547824   0.7872393  -0.06233574 -0.485131  ]
16:48:04 [WARNING] rl_uav.envs.as2_test_env: Skipping velocity reset; simulator service reset required (terminal_out_of_bounds)
[ERROR] [1783176492.423799179] [drone0.drone0_interface]: Service returned failure
[ERROR] [1783176500.031519909] [drone0.drone0_interface]: Service returned failure
16:48:34 [INFO] rl_uav.envs.as2_test_env: Reset complete. Initial obs: [ 0.7147083  -0.10941926  0.00842973  0.5526255 ]
16:48:36 [WARNING] rl_uav.envs.as2_test_env: Skipping velocity reset; simulator service reset required (terminal_out_of_bounds)
[ERROR] [1783176524.331993468] [drone0.drone0_interface]: Service returned failure
[ERROR] [1783176531.984211332] [drone0.drone0_interface]: Service returned failure
16:49:05 [INFO] rl_uav.envs.as2_test_env: Reset complete. Initial obs: [ 0.6929748  -0.48025882  0.04491121 -0.833975  ]
16:49:14 [WARNING] rl_uav.envs.as2_test_env: Skipping velocity reset; simulator service reset required (terminal_out_of_bounds)
[ERROR] [1783176561.912345469] [drone0.drone0_interface]: Service returned failure
[ERROR] [1783176569.669397501] [drone0.drone0_interface]: Service returned failure
16:49:43 [INFO] rl_uav.envs.as2_test_env: Reset complete. Initial obs: [-0.7222118  -0.37264952  0.12117255  0.5131368 ]
16:49:46 [WARNING] rl_uav.envs.as2_test_env: Skipping velocity reset; simulator service reset required (terminal_out_of_bounds)
[ERROR] [1783176594.026907202] [drone0.drone0_interface]: Service returned failure
[ERROR] [1783176601.662225138] [drone0.drone0_interface]: Service returned failure
16:50:15 [INFO] rl_uav.envs.as2_test_env: Reset complete. Initial obs: [ 0.0974904   0.96677464 -0.02967942 -0.3073119 ]
------------------------------------------
| rollout/                |              |
|    ep_len_mean          | 42.9         |
|    ep_rew_mean          | -31.1        |
|    success_rate         | 0.01         |
| time/                   |              |
|    fps                  | 2            |
|    iterations           | 71           |
|    time_elapsed         | 17648        |
|    total_timesteps      | 36352        |
| train/                  |              |
|    approx_kl            | 0.0014933257 |
|    clip_fraction        | 0            |
|    clip_range           | 0.2          |
|    entropy_loss         | -8.11        |
|    explained_variance   | 0.257        |
|    learning_rate        | 3e-05        |
|    loss                 | 4.82         |
|    n_updates            | 350          |
|    policy_gradient_loss | -0.011       |
|    std                  | 0.997        |
|    value_loss           | 8.82         |
------------------------------------------
16:50:55 [WARNING] rl_uav.envs.as2_test_env: Skipping velocity reset; simulator service reset required (terminal_out_of_bounds)
[ERROR] [1783176662.637962213] [drone0.drone0_interface]: Service returned failure
[ERROR] [1783176670.290886723] [drone0.drone0_interface]: Service returned failure
16:51:24 [INFO] rl_uav.envs.as2_test_env: Reset complete. Initial obs: [-0.82429963  0.44014147 -0.02104931 -0.45292762]
16:51:44 [WARNING] rl_uav.envs.as2_test_env: Skipping velocity reset; simulator service reset required (terminal_out_of_bounds)
[ERROR] [1783176711.649335513] [drone0.drone0_interface]: Service returned failure
[ERROR] [1783176719.333956139] [drone0.drone0_interface]: Service returned failure
16:52:13 [INFO] rl_uav.envs.as2_test_env: Reset complete. Initial obs: [ 0.5041976  -0.04741409  0.05684112  0.82572836]
16:52:16 [WARNING] rl_uav.envs.as2_test_env: Skipping velocity reset; simulator service reset required (terminal_out_of_bounds)
[ERROR] [1783176743.874327472] [drone0.drone0_interface]: Service returned failure
[ERROR] [1783176751.576671908] [drone0.drone0_interface]: Service returned failure
16:52:45 [INFO] rl_uav.envs.as2_test_env: Reset complete. Initial obs: [ 0.35046303 -0.63955605  0.0978171  -0.2813171 ]
16:52:54 [WARNING] rl_uav.envs.as2_test_env: Skipping velocity reset; simulator service reset required (terminal_out_of_bounds)
[ERROR] [1783176781.653793229] [drone0.drone0_interface]: Service returned failure
[ERROR] [1783176786.463505556] [drone0.drone0_interface]: Service returned failure
16:53:20 [INFO] rl_uav.envs.as2_test_env: Reset complete. Initial obs: [-0.5232891  -0.21641691  0.03959736  0.822472  ]
16:53:43 [WARNING] rl_uav.envs.as2_test_env: Skipping velocity reset; simulator service reset required (terminal_out_of_bounds)
[ERROR] [1783176830.781495321] [drone0.drone0_interface]: Service returned failure
[ERROR] [1783176838.512362508] [drone0.drone0_interface]: Service returned failure
16:54:12 [INFO] rl_uav.envs.as2_test_env: Reset complete. Initial obs: [-0.60780835  0.38579863  0.06284799  0.60241586]
16:54:15 [WARNING] rl_uav.envs.as2_test_env: Skipping velocity reset; simulator service reset required (terminal_out_of_bounds)
[ERROR] [1783176863.180171375] [drone0.drone0_interface]: Service returned failure
[ERROR] [1783176870.910768231] [drone0.drone0_interface]: Service returned failure
16:54:44 [INFO] rl_uav.envs.as2_test_env: Reset complete. Initial obs: [-0.345363   -0.6904232  -0.05724805  0.11068246]
16:54:50 [WARNING] rl_uav.envs.as2_test_env: Skipping velocity reset; simulator service reset required (terminal_out_of_bounds)
[ERROR] [1783176898.287055169] [drone0.drone0_interface]: Service returned failure
[ERROR] [1783176906.111693938] [drone0.drone0_interface]: Service returned failure
16:55:20 [INFO] rl_uav.envs.as2_test_env: Reset complete. Initial obs: [ 0.10271251 -0.68710613 -0.19045162  0.6731131 ]
16:55:37 [WARNING] rl_uav.envs.as2_test_env: Skipping velocity reset; simulator service reset required (terminal_out_of_bounds)
[ERROR] [1783176944.904748015] [drone0.drone0_interface]: Service returned failure
[ERROR] [1783176952.646035799] [drone0.drone0_interface]: Service returned failure
16:56:06 [INFO] rl_uav.envs.as2_test_env: Reset complete. Initial obs: [ 0.17583509  0.81371236 -0.01172102 -0.1488554 ]
------------------------------------------
| rollout/                |              |
|    ep_len_mean          | 43.9         |
|    ep_rew_mean          | -31.8        |
|    success_rate         | 0.01         |
| time/                   |              |
|    fps                  | 2            |
|    iterations           | 72           |
|    time_elapsed         | 17986        |
|    total_timesteps      | 36864        |
| train/                  |              |
|    approx_kl            | 0.0003291763 |
|    clip_fraction        | 0            |
|    clip_range           | 0.2          |
|    entropy_loss         | -8.59        |
|    explained_variance   | 0.297        |
|    learning_rate        | 3e-05        |
|    loss                 | 3.65         |
|    n_updates            | 355          |
|    policy_gradient_loss | -0.00215     |
|    std                  | 0.997        |
|    value_loss           | 11.2         |
------------------------------------------
16:56:26 [WARNING] rl_uav.envs.as2_test_env: Reset started at valid low altitude z=0.496; climbing to hover 1.400m with bounded velocity recovery
16:56:33 [WARNING] rl_uav.envs.as2_test_env: Skipping velocity reset; simulator service reset required (terminal_out_of_bounds)
[ERROR] [1783177000.321914518] [drone0.drone0_interface]: Service returned failure
[ERROR] [1783177008.072943993] [drone0.drone0_interface]: Service returned failure
16:57:02 [INFO] rl_uav.envs.as2_test_env: Reset complete. Initial obs: [-0.01909587 -0.352469    0.11225456 -0.06568707]
16:57:28 [WARNING] rl_uav.envs.as2_test_env: Skipping velocity reset; simulator service reset required (terminal_out_of_bounds)
[ERROR] [1783177055.837397980] [drone0.drone0_interface]: Service returned failure
[ERROR] [1783177063.612518964] [drone0.drone0_interface]: Service returned failure
16:57:57 [INFO] rl_uav.envs.as2_test_env: Reset complete. Initial obs: [ 0.27924892  0.7174999   0.19449979 -0.47108886]
16:58:03 [WARNING] rl_uav.envs.as2_test_env: Skipping velocity reset; simulator service reset required (terminal_out_of_bounds)
[ERROR] [1783177091.222587906] [drone0.drone0_interface]: Service returned failure
[ERROR] [1783177096.098211667] [drone0.drone0_interface]: Service returned failure
16:58:30 [INFO] rl_uav.envs.as2_test_env: Reset complete. Initial obs: [ 0.625142    0.628885   -0.05511155 -0.3412606 ]
16:58:44 [WARNING] rl_uav.envs.as2_test_env: Skipping velocity reset; simulator service reset required (terminal_out_of_bounds)
[ERROR] [1783177132.536561147] [drone0.drone0_interface]: Service returned failure
[ERROR] [1783177140.341515129] [drone0.drone0_interface]: Service returned failure
16:59:14 [INFO] rl_uav.envs.as2_test_env: Reset complete. Initial obs: [-0.33087146 -0.57247597 -0.03508511  0.3184578 ]
16:59:20 [WARNING] rl_uav.envs.as2_test_env: Skipping velocity reset; simulator service reset required (terminal_out_of_bounds)
[ERROR] [1783177168.058343274] [drone0.drone0_interface]: Service returned failure
[ERROR] [1783177172.945057243] [drone0.drone0_interface]: Service returned failure
16:59:47 [INFO] rl_uav.envs.as2_test_env: Reset complete. Initial obs: [ 0.5258518   0.07304322 -0.00343661  0.9267834 ]
17:00:13 [WARNING] rl_uav.envs.as2_test_env: Skipping velocity reset; simulator service reset required (terminal_out_of_bounds)
[ERROR] [1783177221.160959092] [drone0.drone0_interface]: Service returned failure
[ERROR] [1783177228.995213147] [drone0.drone0_interface]: Service returned failure
17:00:43 [INFO] rl_uav.envs.as2_test_env: Reset complete. Initial obs: [ 0.39494297 -0.1523724   0.09260444  0.6178362 ]
------------------------------------------
| rollout/                |              |
|    ep_len_mean          | 47.5         |
|    ep_rew_mean          | -33          |
|    success_rate         | 0.01         |
| time/                   |              |
|    fps                  | 2            |
|    iterations           | 73           |
|    time_elapsed         | 18270        |
|    total_timesteps      | 37376        |
| train/                  |              |
|    approx_kl            | 0.0026673581 |
|    clip_fraction        | 0.0145       |
|    clip_range           | 0.2          |
|    entropy_loss         | -8.65        |
|    explained_variance   | 0.375        |
|    learning_rate        | 3e-05        |
|    loss                 | 6.11         |
|    n_updates            | 360          |
|    policy_gradient_loss | -0.00445     |
|    std                  | 0.997        |
|    value_loss           | 10.7         |
------------------------------------------
17:01:03 [WARNING] rl_uav.envs.as2_test_env: Skipping velocity reset; simulator service reset required (terminal_out_of_bounds)
[ERROR] [1783177271.355035111] [drone0.drone0_interface]: Service returned failure
[ERROR] [1783177276.252887799] [drone0.drone0_interface]: Service returned failure
17:01:30 [INFO] rl_uav.envs.as2_test_env: Reset complete. Initial obs: [ 0.50784785  0.14369255  0.01480499 -0.61607075]
17:01:39 [WARNING] rl_uav.envs.as2_test_env: Skipping velocity reset; simulator service reset required (terminal_out_of_bounds)
[ERROR] [1783177307.075489765] [drone0.drone0_interface]: Service returned failure
[ERROR] [1783177314.930896486] [drone0.drone0_interface]: Service returned failure
17:02:09 [INFO] rl_uav.envs.as2_test_env: Reset complete. Initial obs: [0.03458985 0.4246486  0.11466823 0.83601844]
17:02:12 [WARNING] rl_uav.envs.as2_test_env: Skipping velocity reset; simulator service reset required (terminal_out_of_bounds)
[ERROR] [1783177339.878736278] [drone0.drone0_interface]: Service returned failure
[ERROR] [1783177347.852576512] [drone0.drone0_interface]: Service returned failure
17:02:42 [INFO] rl_uav.envs.as2_test_env: Reset complete. Initial obs: [ 0.0438908   0.47896847 -0.10830345 -0.4663308 ]
17:02:47 [WARNING] rl_uav.envs.as2_test_env: Reset started at valid low altitude z=0.379; climbing to hover 1.400m with bounded velocity recovery
17:02:54 [WARNING] rl_uav.envs.as2_test_env: Skipping velocity reset; simulator service reset required (terminal_out_of_bounds)
[ERROR] [1783177381.483764700] [drone0.drone0_interface]: Service returned failure
[ERROR] [1783177389.306814872] [drone0.drone0_interface]: Service returned failure
17:03:23 [INFO] rl_uav.envs.as2_test_env: Reset complete. Initial obs: [ 0.04473557 -0.67395616  0.04735423 -0.07548326]
17:03:35 [WARNING] rl_uav.envs.as2_test_env: Skipping velocity reset; simulator service reset required (terminal_out_of_bounds)
[ERROR] [1783177423.090350481] [drone0.drone0_interface]: Service returned failure
[ERROR] [1783177430.980027426] [drone0.drone0_interface]: Service returned failure
17:04:05 [INFO] rl_uav.envs.as2_test_env: Reset complete. Initial obs: [ 0.536028    0.14147373 -0.11536109  0.15169196]
17:04:14 [WARNING] rl_uav.envs.as2_test_env: Reset started at valid low altitude z=0.438; climbing to hover 1.400m with bounded velocity recovery
17:04:20 [WARNING] rl_uav.envs.as2_test_env: Skipping velocity reset; simulator service reset required (terminal_out_of_bounds)
[ERROR] [1783177467.811711165] [drone0.drone0_interface]: Service returned failure
[ERROR] [1783177472.748467743] [drone0.drone0_interface]: Service returned failure
17:04:47 [INFO] rl_uav.envs.as2_test_env: Reset complete. Initial obs: [-0.44147158 -0.05552103  0.1038096   0.25521353]
17:04:58 [WARNING] rl_uav.envs.as2_test_env: Skipping velocity reset; simulator service reset required (terminal_out_of_bounds)
[ERROR] [1783177506.511528289] [drone0.drone0_interface]: Service returned failure
[ERROR] [1783177514.512279197] [drone0.drone0_interface]: Service returned failure
17:05:28 [INFO] rl_uav.envs.as2_test_env: Reset complete. Initial obs: [ 0.76327825  0.00470395 -0.14374043 -0.70654905]
17:05:34 [WARNING] rl_uav.envs.as2_test_env: Skipping velocity reset; simulator service reset required (terminal_out_of_bounds)
[ERROR] [1783177542.419415726] [drone0.drone0_interface]: Service returned failure
[ERROR] [1783177550.330735161] [drone0.drone0_interface]: Service returned failure
17:06:04 [INFO] rl_uav.envs.as2_test_env: Reset complete. Initial obs: [-0.20662177 -0.53395164 -0.14983058  0.6955531 ]
17:06:19 [INFO] rl_uav.envs.as2_test_env: Keeping drone airborne for velocity reset...
[ERROR] [1783177587.125010983] [drone0.drone0_interface]: Service returned failure
[ERROR] [1783177595.034759221] [drone0.drone0_interface]: Service returned failure
17:07:44 [WARNING] rl_uav.envs.as2_test_env: Timed out while driving to fixed_start_pose. Reset diagnostics: reason=timeout, elapsed=60.002, reset_phase=drive_vertical_recovery, phase=drive_vertical_recovery, target_pose=[1.536210244324212, -1.6622254904570206, 1.6474495882283222, -1.8948777045795429], final_pose=[0.004749924875795841, 2.055197238922119, 0.8562342524528503, -1.3502486234345816], position_error=4.0976, initial_position_error=4.0461, best_position_error=4.045, error_reduction=0.0011, dominant_axis=y, yaw_error=0.5446, last_command=[0.0, 0.0, 0.7912, 0.0]
17:07:44 [WARNING] rl_uav.envs.as2_test_env: Bounded velocity reset timed out; attempting simulator service fallback. Reset diagnostics: reason=timeout, elapsed=60.002, reset_phase=drive_vertical_recovery, phase=drive_vertical_recovery, target_pose=[1.536210244324212, -1.6622254904570206, 1.6474495882283222, -1.8948777045795429], final_pose=[0.004749924875795841, 2.055197238922119, 0.8562342524528503, -1.3502486234345816], position_error=4.0976, initial_position_error=4.0461, best_position_error=4.045, error_reduction=0.0011, dominant_axis=y, yaw_error=0.5446, last_command=[0.0, 0.0, 0.7912, 0.0]
[ERROR] [1783177670.136789978] [drone0.drone0_interface]: Service returned failure
[ERROR] [1783177678.079983705] [drone0.drone0_interface]: Service returned failure
17:08:12 [INFO] rl_uav.envs.as2_test_env: Reset complete. Initial obs: [ 0.1478821  -0.79660887  0.11688514  0.93976605]
17:08:15 [WARNING] rl_uav.envs.as2_test_env: Skipping velocity reset; simulator service reset required (terminal_out_of_bounds)
[ERROR] [1783177703.415573779] [drone0.drone0_interface]: Service returned failure
[ERROR] [1783177708.399419210] [drone0.drone0_interface]: Service returned failure
17:08:42 [INFO] rl_uav.envs.as2_test_env: Reset complete. Initial obs: [-0.16501415 -0.2814841  -0.03412617  0.01495341]
17:08:45 [WARNING] rl_uav.envs.as2_test_env: Skipping velocity reset; simulator service reset required (terminal_out_of_bounds)
[ERROR] [1783177733.621883672] [drone0.drone0_interface]: Service returned failure
[ERROR] [1783177738.628726831] [drone0.drone0_interface]: Service returned failure
17:09:13 [INFO] rl_uav.envs.as2_test_env: Reset complete. Initial obs: [ 0.08372678 -0.8299457  -0.00892777  0.7919685 ]
17:09:16 [WARNING] rl_uav.envs.as2_test_env: Skipping velocity reset; simulator service reset required (terminal_out_of_bounds)
[ERROR] [1783177763.944489641] [drone0.drone0_interface]: Service returned failure
[ERROR] [1783177771.919742366] [drone0.drone0_interface]: Service returned failure
17:09:46 [INFO] rl_uav.envs.as2_test_env: Reset complete. Initial obs: [-0.06395251 -0.20082097 -0.19125928  0.9264873 ]
17:10:01 [WARNING] rl_uav.envs.as2_test_env: Skipping velocity reset; simulator service reset required (terminal_out_of_bounds)
[ERROR] [1783177808.951041204] [drone0.drone0_interface]: Service returned failure
[ERROR] [1783177816.908972275] [drone0.drone0_interface]: Service returned failure
17:10:31 [INFO] rl_uav.envs.as2_test_env: Reset complete. Initial obs: [ 0.4753107   0.2781185   0.04322398 -0.92050105]
------------------------------------------
| rollout/                |              |
|    ep_len_mean          | 45.4         |
|    ep_rew_mean          | -31.7        |
|    success_rate         | 0.02         |
| time/                   |              |
|    fps                  | 2            |
|    iterations           | 74           |
|    time_elapsed         | 18850        |
|    total_timesteps      | 37888        |
| train/                  |              |
|    approx_kl            | 0.0034879574 |
|    clip_fraction        | 0.00742      |
|    clip_range           | 0.2          |
|    entropy_loss         | -7.87        |
|    explained_variance   | 0.469        |
|    learning_rate        | 3e-05        |
|    loss                 | 3.53         |
|    n_updates            | 365          |
|    policy_gradient_loss | -0.00139     |
|    std                  | 0.997        |
|    value_loss           | 9.35         |
------------------------------------------
17:10:43 [WARNING] rl_uav.envs.as2_test_env: Skipping velocity reset; simulator service reset required (terminal_out_of_bounds)
[ERROR] [1783177850.963423244] [drone0.drone0_interface]: Service returned failure
[ERROR] [1783177858.960290304] [drone0.drone0_interface]: Service returned failure
17:11:13 [INFO] rl_uav.envs.as2_test_env: Reset complete. Initial obs: [ 0.06622565  0.46339834 -0.04427433 -0.76944286]
17:11:16 [WARNING] rl_uav.envs.as2_test_env: Skipping velocity reset; simulator service reset required (terminal_out_of_bounds)
[ERROR] [1783177884.285046364] [drone0.drone0_interface]: Service returned failure
[ERROR] [1783177892.300133919] [drone0.drone0_interface]: Service returned failure
17:11:46 [INFO] rl_uav.envs.as2_test_env: Reset complete. Initial obs: [-0.86975104 -0.04455997  0.03610299 -0.865324  ]
17:12:01 [WARNING] rl_uav.envs.as2_test_env: Skipping velocity reset; simulator service reset required (terminal_out_of_bounds)
[ERROR] [1783177929.466652744] [drone0.drone0_interface]: Service returned failure
[ERROR] [1783177937.477445884] [drone0.drone0_interface]: Service returned failure
17:12:32 [INFO] rl_uav.envs.as2_test_env: Reset complete. Initial obs: [-0.23503964 -0.57377696 -0.0313043  -0.99642044]
17:12:35 [WARNING] rl_uav.envs.as2_test_env: Skipping velocity reset; simulator service reset required (terminal_out_of_bounds)
[ERROR] [1783177963.086538807] [drone0.drone0_interface]: Service returned failure
[ERROR] [1783177971.118639097] [drone0.drone0_interface]: Service returned failure
17:13:05 [INFO] rl_uav.envs.as2_test_env: Reset complete. Initial obs: [-0.30251607  0.61053455  0.01009365  0.31979617]
17:13:08 [WARNING] rl_uav.envs.as2_test_env: Skipping velocity reset; simulator service reset required (terminal_out_of_bounds)
[ERROR] [1783177996.578848594] [drone0.drone0_interface]: Service returned failure
[ERROR] [1783178004.628720344] [drone0.drone0_interface]: Service returned failure
17:13:39 [INFO] rl_uav.envs.as2_test_env: Reset complete. Initial obs: [-0.02905631  0.95809305 -0.11929146 -0.7320154 ]
17:13:48 [WARNING] rl_uav.envs.as2_test_env: Skipping velocity reset; simulator service reset required (terminal_out_of_bounds)
[ERROR] [1783178036.203997865] [drone0.drone0_interface]: Service returned failure
[ERROR] [1783178044.242739713] [drone0.drone0_interface]: Service returned failure
17:14:18 [INFO] rl_uav.envs.as2_test_env: Reset complete. Initial obs: [-0.04167849  0.28406462  0.0311018   0.30749884]
17:14:27 [WARNING] rl_uav.envs.as2_test_env: Skipping velocity reset; simulator service reset required (terminal_out_of_bounds)
[ERROR] [1783178075.729887104] [drone0.drone0_interface]: Service returned failure
[ERROR] [1783178080.793112286] [drone0.drone0_interface]: Service returned failure
17:14:55 [INFO] rl_uav.envs.as2_test_env: Reset complete. Initial obs: [ 0.35978326 -0.0631913  -0.10175459 -0.70827746]
17:15:10 [WARNING] rl_uav.envs.as2_test_env: Skipping velocity reset; simulator service reset required (terminal_out_of_bounds)
[ERROR] [1783178118.234990384] [drone0.drone0_interface]: Service returned failure
[ERROR] [1783178126.435041790] [drone0.drone0_interface]: Service returned failure
17:15:41 [INFO] rl_uav.envs.as2_test_env: Reset complete. Initial obs: [-0.9263904  -0.00446865 -0.03467007  0.6609602 ]
17:16:16 [WARNING] rl_uav.envs.as2_test_env: Skipping velocity reset; simulator service reset required (terminal_out_of_bounds)
[ERROR] [1783178184.944835722] [drone0.drone0_interface]: Service returned failure
[ERROR] [1783178193.052484562] [drone0.drone0_interface]: Service returned failure
17:16:47 [INFO] rl_uav.envs.as2_test_env: Reset complete. Initial obs: [ 0.2347216  -0.41663325  0.15911038 -0.58218   ]
17:16:50 [WARNING] rl_uav.envs.as2_test_env: Skipping velocity reset; simulator service reset required (terminal_out_of_bounds)
[ERROR] [1783178218.735410061] [drone0.drone0_interface]: Service returned failure
[ERROR] [1783178226.933442253] [drone0.drone0_interface]: Service returned failure
17:17:21 [INFO] rl_uav.envs.as2_test_env: Reset complete. Initial obs: [ 0.2382287  -0.31842965  0.18438481 -0.29628882]
17:17:30 [WARNING] rl_uav.envs.as2_test_env: Skipping velocity reset; simulator service reset required (terminal_out_of_bounds)
[ERROR] [1783178258.656461048] [drone0.drone0_interface]: Service returned failure
[ERROR] [1783178266.781539989] [drone0.drone0_interface]: Service returned failure
17:18:01 [INFO] rl_uav.envs.as2_test_env: Reset complete. Initial obs: [-0.8016872  -0.27887052 -0.01151841  0.8398227 ]
-------------------------------------------
| rollout/                |               |
|    ep_len_mean          | 46.1          |
|    ep_rew_mean          | -31.4         |
|    success_rate         | 0.02          |
| time/                   |               |
|    fps                  | 1             |
|    iterations           | 75            |
|    time_elapsed         | 19290         |
|    total_timesteps      | 38400         |
| train/                  |               |
|    approx_kl            | 0.00034144556 |
|    clip_fraction        | 0             |
|    clip_range           | 0.2           |
|    entropy_loss         | -8.31         |
|    explained_variance   | 0.172         |
|    learning_rate        | 3e-05         |
|    loss                 | 4.26          |
|    n_updates            | 370           |
|    policy_gradient_loss | -3.81e-05     |
|    std                  | 0.996         |
|    value_loss           | 33.6          |
-------------------------------------------
17:18:16 [WARNING] rl_uav.envs.as2_test_env: Skipping velocity reset; simulator service reset required (terminal_out_of_bounds)
[ERROR] [1783178304.667597664] [drone0.drone0_interface]: Service returned failure
[ERROR] [1783178309.767490909] [drone0.drone0_interface]: Service returned failure
17:18:44 [INFO] rl_uav.envs.as2_test_env: Reset complete. Initial obs: [ 0.6356089   0.27860326 -0.00481895  0.36988077]
17:18:50 [WARNING] rl_uav.envs.as2_test_env: Skipping velocity reset; simulator service reset required (terminal_out_of_bounds)
[ERROR] [1783178338.680115415] [drone0.drone0_interface]: Service returned failure
[ERROR] [1783178346.795067230] [drone0.drone0_interface]: Service returned failure
17:19:21 [INFO] rl_uav.envs.as2_test_env: Reset complete. Initial obs: [ 0.47802457  0.02771593 -0.10610745  0.49280798]
17:19:42 [WARNING] rl_uav.envs.as2_test_env: Skipping velocity reset; simulator service reset required (terminal_out_of_bounds)
[ERROR] [1783178390.756140372] [drone0.drone0_interface]: Service returned failure
[ERROR] [1783178398.910484376] [drone0.drone0_interface]: Service returned failure
17:20:13 [INFO] rl_uav.envs.as2_test_env: Reset complete. Initial obs: [ 0.39589977 -0.64019996 -0.01646798  0.3840955 ]
17:20:25 [WARNING] rl_uav.envs.as2_test_env: Skipping velocity reset; simulator service reset required (terminal_out_of_bounds)
[ERROR] [1783178433.691457898] [drone0.drone0_interface]: Service returned failure
[ERROR] [1783178441.975572412] [drone0.drone0_interface]: Service returned failure
17:20:56 [INFO] rl_uav.envs.as2_test_env: Reset complete. Initial obs: [ 0.94633144  0.17278019 -0.05847581 -0.83187777]
17:20:59 [WARNING] rl_uav.envs.as2_test_env: Skipping velocity reset; simulator service reset required (terminal_out_of_bounds)
[ERROR] [1783178467.797474861] [drone0.drone0_interface]: Service returned failure
[ERROR] [1783178475.978917744] [drone0.drone0_interface]: Service returned failure
17:21:30 [INFO] rl_uav.envs.as2_test_env: Reset complete. Initial obs: [ 0.0257179  -0.5221695  -0.06162684 -0.15560609]
17:22:12 [INFO] rl_uav.envs.as2_test_env: Keeping drone airborne for velocity reset...
[ERROR] [1783178538.001521943] [drone0.drone0_interface]: Service returned failure
[ERROR] [1783178543.250057484] [drone0.drone0_interface]: Service returned failure
17:23:33 [WARNING] rl_uav.envs.as2_test_env: Timed out while driving to fixed_start_pose. Reset diagnostics: reason=timeout, elapsed=60.003, reset_phase=drive_z_high_trim, phase=drive_z_high_trim, target_pose=[0.07306298349543328, 1.4901020537690641, 1.1699618973548704, -0.17568448333151077], final_pose=[-3.709146022796631, -1.2574901580810547, 2.4205451011657715, -2.2008930010394945], position_error=4.8392, initial_position_error=4.7241, best_position_error=4.7241, error_reduction=0.0, dominant_axis=x, yaw_error=2.0252, last_command=[0.0, 0.0, -1.0, 0.0]
17:23:33 [WARNING] rl_uav.envs.as2_test_env: Bounded velocity reset timed out; attempting simulator service fallback. Reset diagnostics: reason=timeout, elapsed=60.003, reset_phase=drive_z_high_trim, phase=drive_z_high_trim, target_pose=[0.07306298349543328, 1.4901020537690641, 1.1699618973548704, -0.17568448333151077], final_pose=[-3.709146022796631, -1.2574901580810547, 2.4205451011657715, -2.2008930010394945], position_error=4.8392, initial_position_error=4.7241, best_position_error=4.7241, error_reduction=0.0, dominant_axis=x, yaw_error=2.0252, last_command=[0.0, 0.0, -1.0, 0.0]
[ERROR] [1783178620.409031868] [drone0.drone0_interface]: Service returned failure
[ERROR] [1783178628.607244710] [drone0.drone0_interface]: Service returned failure
17:24:03 [INFO] rl_uav.envs.as2_test_env: Reset complete. Initial obs: [-0.3320988  -0.00552693 -0.01009563 -0.5042869 ]
17:24:06 [WARNING] rl_uav.envs.as2_test_env: Skipping velocity reset; simulator service reset required (terminal_out_of_bounds)
[ERROR] [1783178654.621859241] [drone0.drone0_interface]: Service returned failure
[ERROR] [1783178662.830058886] [drone0.drone0_interface]: Service returned failure
17:24:37 [INFO] rl_uav.envs.as2_test_env: Reset complete. Initial obs: [-0.85083276  0.4677115   0.08308088 -0.5978536 ]
17:24:40 [WARNING] rl_uav.envs.as2_test_env: Skipping velocity reset; simulator service reset required (terminal_out_of_bounds)
[ERROR] [1783178688.900512496] [drone0.drone0_interface]: Service returned failure
[ERROR] [1783178697.133222738] [drone0.drone0_interface]: Service returned failure
17:25:12 [INFO] rl_uav.envs.as2_test_env: Reset complete. Initial obs: [-0.4206426  -0.27652875  0.10608295  0.8456905 ]
------------------------------------------
| rollout/                |              |
|    ep_len_mean          | 45.2         |
|    ep_rew_mean          | -30.6        |
|    success_rate         | 0.01         |
| time/                   |              |
|    fps                  | 1            |
|    iterations           | 76           |
|    time_elapsed         | 19721        |
|    total_timesteps      | 38912        |
| train/                  |              |
|    approx_kl            | 0.0026675467 |
|    clip_fraction        | 0.00313      |
|    clip_range           | 0.2          |
|    entropy_loss         | -8.85        |
|    explained_variance   | 0.421        |
|    learning_rate        | 3e-05        |
|    loss                 | 5.12         |
|    n_updates            | 375          |
|    policy_gradient_loss | -0.00896     |
|    std                  | 0.996        |
|    value_loss           | 9.8          |
------------------------------------------
17:25:24 [WARNING] rl_uav.envs.as2_test_env: Skipping velocity reset; simulator service reset required (terminal_out_of_bounds)
[ERROR] [1783178732.325723035] [drone0.drone0_interface]: Service returned failure
[ERROR] [1783178740.572196570] [drone0.drone0_interface]: Service returned failure
17:25:55 [INFO] rl_uav.envs.as2_test_env: Reset complete. Initial obs: [-0.03636702  0.6633542   0.07545891  0.5853877 ]
17:26:01 [WARNING] rl_uav.envs.as2_test_env: Skipping velocity reset; simulator service reset required (terminal_out_of_bounds)
[ERROR] [1783178769.807661012] [drone0.drone0_interface]: Service returned failure
[ERROR] [1783178778.059819458] [drone0.drone0_interface]: Service returned failure
17:26:33 [INFO] rl_uav.envs.as2_test_env: Reset complete. Initial obs: [ 0.1511637  -0.26312584  0.2007226   0.05992446]
17:26:39 [WARNING] rl_uav.envs.as2_test_env: Skipping velocity reset; simulator service reset required (terminal_out_of_bounds)
[ERROR] [1783178807.348482949] [drone0.drone0_interface]: Service returned failure
[ERROR] [1783178815.616497848] [drone0.drone0_interface]: Service returned failure
17:27:10 [INFO] rl_uav.envs.as2_test_env: Reset complete. Initial obs: [-0.7020596   0.375006    0.10248286  0.8536495 ]
17:27:22 [WARNING] rl_uav.envs.as2_test_env: Skipping velocity reset; simulator service reset required (terminal_out_of_bounds)
[ERROR] [1783178850.751867544] [drone0.drone0_interface]: Service returned failure
[ERROR] [1783178859.026574087] [drone0.drone0_interface]: Service returned failure
17:27:54 [INFO] rl_uav.envs.as2_test_env: Reset complete. Initial obs: [0.31824404 0.74976933 0.12780207 0.85942274]
17:27:57 [WARNING] rl_uav.envs.as2_test_env: Skipping velocity reset; simulator service reset required (terminal_out_of_bounds)
[ERROR] [1783178885.338657727] [drone0.drone0_interface]: Service returned failure
[ERROR] [1783178893.645451413] [drone0.drone0_interface]: Service returned failure
17:28:28 [INFO] rl_uav.envs.as2_test_env: Reset complete. Initial obs: [ 0.3519442  -0.25904617  0.08968155 -0.9277403 ]
17:28:43 [WARNING] rl_uav.envs.as2_test_env: Skipping velocity reset; simulator service reset required (terminal_out_of_bounds)
[ERROR] [1783178931.953908522] [drone0.drone0_interface]: Service returned failure
[ERROR] [1783178940.229287703] [drone0.drone0_interface]: Service returned failure
17:29:15 [INFO] rl_uav.envs.as2_test_env: Reset complete. Initial obs: [-0.33588004 -0.41464803  0.11536162  0.82717603]
17:29:33 [WARNING] rl_uav.envs.as2_test_env: Skipping velocity reset; simulator service reset required (terminal_out_of_bounds)
[ERROR] [1783178981.679585201] [drone0.drone0_interface]: Service returned failure
[ERROR] [1783178989.979797299] [drone0.drone0_interface]: Service returned failure
17:30:04 [INFO] rl_uav.envs.as2_test_env: Reset complete. Initial obs: [ 0.02447667 -0.68013006  0.14972834 -0.47624624]
17:30:08 [WARNING] rl_uav.envs.as2_test_env: Skipping velocity reset; simulator service reset required (terminal_out_of_bounds)
[ERROR] [1783179016.290966284] [drone0.drone0_interface]: Service returned failure
[ERROR] [1783179024.777511248] [drone0.drone0_interface]: Service returned failure
17:30:39 [INFO] rl_uav.envs.as2_test_env: Reset complete. Initial obs: [-0.7965536   0.50486565 -0.0154122   0.20071445]
17:30:51 [WARNING] rl_uav.envs.as2_test_env: Skipping velocity reset; simulator service reset required (terminal_out_of_bounds)
[ERROR] [1783179060.273522554] [drone0.drone0_interface]: Service returned failure
[ERROR] [1783179068.576469042] [drone0.drone0_interface]: Service returned failure
17:31:23 [INFO] rl_uav.envs.as2_test_env: Reset complete. Initial obs: [ 0.5065811   0.28446415  0.15408285 -0.62869775]
17:31:26 [WARNING] rl_uav.envs.as2_test_env: Skipping velocity reset; simulator service reset required (terminal_out_of_bounds)
[ERROR] [1783179095.094225973] [drone0.drone0_interface]: Service returned failure
[ERROR] [1783179103.427560251] [drone0.drone0_interface]: Service returned failure
17:31:58 [INFO] rl_uav.envs.as2_test_env: Reset complete. Initial obs: [-0.03230242  0.37991863  0.0911793  -0.8796448 ]
17:32:01 [WARNING] rl_uav.envs.as2_test_env: Skipping velocity reset; simulator service reset required (terminal_out_of_bounds)
[ERROR] [1783179129.907360608] [drone0.drone0_interface]: Service returned failure
[ERROR] [1783179135.155880803] [drone0.drone0_interface]: Service returned failure
17:32:30 [INFO] rl_uav.envs.as2_test_env: Reset complete. Initial obs: [ 0.11464051 -0.7490624  -0.06330505  0.60206467]
------------------------------------------
| rollout/                |              |
|    ep_len_mean          | 44.8         |
|    ep_rew_mean          | -30.3        |
|    success_rate         | 0.01         |
| time/                   |              |
|    fps                  | 1            |
|    iterations           | 77           |
|    time_elapsed         | 20171        |
|    total_timesteps      | 39424        |
| train/                  |              |
|    approx_kl            | 0.0023331237 |
|    clip_fraction        | 0.00937      |
|    clip_range           | 0.2          |
|    entropy_loss         | -8.4         |
|    explained_variance   | 0.246        |
|    learning_rate        | 3e-05        |
|    loss                 | 4.58         |
|    n_updates            | 380          |
|    policy_gradient_loss | -0.00712     |
|    std                  | 0.997        |
|    value_loss           | 6.28         |
------------------------------------------
17:33:00 [WARNING] rl_uav.envs.as2_test_env: Skipping velocity reset; simulator service reset required (terminal_out_of_bounds)
[ERROR] [1783179189.218852334] [drone0.drone0_interface]: Service returned failure
[ERROR] [1783179197.589604079] [drone0.drone0_interface]: Service returned failure
17:33:32 [INFO] rl_uav.envs.as2_test_env: Reset complete. Initial obs: [0.1579544  0.38242552 0.14444017 0.40974107]
17:33:45 [WARNING] rl_uav.envs.as2_test_env: Reset started at valid low altitude z=0.478; climbing to hover 1.400m with bounded velocity recovery
17:33:52 [WARNING] rl_uav.envs.as2_test_env: Skipping velocity reset; simulator service reset required (terminal_out_of_bounds)
[ERROR] [1783179239.625158750] [drone0.drone0_interface]: Service returned failure
[ERROR] [1783179244.886699507] [drone0.drone0_interface]: Service returned failure
17:34:20 [INFO] rl_uav.envs.as2_test_env: Reset complete. Initial obs: [ 0.18329775  0.64502597  0.07037278 -0.78954136]
17:34:23 [WARNING] rl_uav.envs.as2_test_env: Skipping velocity reset; simulator service reset required (terminal_out_of_bounds)
[ERROR] [1783179271.432723286] [drone0.drone0_interface]: Service returned failure
[ERROR] [1783179279.930162816] [drone0.drone0_interface]: Service returned failure
17:34:55 [INFO] rl_uav.envs.as2_test_env: Reset complete. Initial obs: [-0.14538606  0.40812457 -0.12427066 -0.71700597]
17:35:07 [WARNING] rl_uav.envs.as2_test_env: Skipping velocity reset; simulator service reset required (terminal_out_of_bounds)
[ERROR] [1783179315.646099605] [drone0.drone0_interface]: Service returned failure
[ERROR] [1783179324.161349877] [drone0.drone0_interface]: Service returned failure
17:35:39 [INFO] rl_uav.envs.as2_test_env: Reset complete. Initial obs: [-0.27963614  0.14152107 -0.00534056  0.150015  ]
17:35:42 [WARNING] rl_uav.envs.as2_test_env: Skipping velocity reset; simulator service reset required (terminal_out_of_bounds)
[ERROR] [1783179350.740116987] [drone0.drone0_interface]: Service returned failure
[ERROR] [1783179359.156798798] [drone0.drone0_interface]: Service returned failure
17:36:14 [INFO] rl_uav.envs.as2_test_env: Reset complete. Initial obs: [ 0.34168813 -0.17613567 -0.15933366 -0.45548   ]
17:36:17 [WARNING] rl_uav.envs.as2_test_env: Skipping velocity reset; simulator service reset required (terminal_out_of_bounds)
[ERROR] [1783179385.864108420] [drone0.drone0_interface]: Service returned failure
[ERROR] [1783179391.173130067] [drone0.drone0_interface]: Service returned failure
17:36:46 [INFO] rl_uav.envs.as2_test_env: Reset complete. Initial obs: [-0.51529866 -0.5439875   0.14717245  0.16438457]
17:36:58 [WARNING] rl_uav.envs.as2_test_env: Skipping velocity reset; simulator service reset required (terminal_out_of_bounds)
[ERROR] [1783179427.158917302] [drone0.drone0_interface]: Service returned failure
[ERROR] [1783179435.711717815] [drone0.drone0_interface]: Service returned failure
17:37:30 [INFO] rl_uav.envs.as2_test_env: Reset complete. Initial obs: [ 0.14705881 -0.6007246   0.02664238  0.43907493]
17:37:34 [WARNING] rl_uav.envs.as2_test_env: Skipping velocity reset; simulator service reset required (terminal_out_of_bounds)
[ERROR] [1783179462.366245923] [drone0.drone0_interface]: Service returned failure
[ERROR] [1783179470.821120298] [drone0.drone0_interface]: Service returned failure
17:38:06 [INFO] rl_uav.envs.as2_test_env: Reset complete. Initial obs: [ 0.02226717  0.53647125 -0.06026168 -0.07241998]
17:38:09 [WARNING] rl_uav.envs.as2_test_env: Skipping velocity reset; simulator service reset required (terminal_out_of_bounds)
[ERROR] [1783179497.585370184] [drone0.drone0_interface]: Service returned failure
[ERROR] [1783179506.058464701] [drone0.drone0_interface]: Service returned failure
17:38:41 [INFO] rl_uav.envs.as2_test_env: Reset complete. Initial obs: [-0.30650714  0.28907004  0.06953278 -0.6367448 ]
17:38:44 [WARNING] rl_uav.envs.as2_test_env: Reset started at valid low altitude z=0.309; climbing to hover 1.400m with bounded velocity recovery
17:38:51 [WARNING] rl_uav.envs.as2_test_env: Skipping velocity reset; simulator service reset required (terminal_out_of_bounds)
[ERROR] [1783179539.179704617] [drone0.drone0_interface]: Service returned failure
[ERROR] [1783179547.627895045] [drone0.drone0_interface]: Service returned failure
17:39:23 [INFO] rl_uav.envs.as2_test_env: Reset complete. Initial obs: [ 0.01893649  0.63366604 -0.02960418  0.3487503 ]
17:39:54 [WARNING] rl_uav.envs.as2_test_env: Skipping velocity reset; simulator service reset required (terminal_out_of_bounds)
[ERROR] [1783179602.387523034] [drone0.drone0_interface]: Service returned failure
[ERROR] [1783179610.881469829] [drone0.drone0_interface]: Service returned failure
17:40:26 [INFO] rl_uav.envs.as2_test_env: Reset complete. Initial obs: [0.602737   0.36708984 0.1414489  0.83562946]
------------------------------------------
| rollout/                |              |
|    ep_len_mean          | 47.2         |
|    ep_rew_mean          | -30.9        |
|    success_rate         | 0.01         |
| time/                   |              |
|    fps                  | 1            |
|    iterations           | 78           |
|    time_elapsed         | 20635        |
|    total_timesteps      | 39936        |
| train/                  |              |
|    approx_kl            | 0.0013676767 |
|    clip_fraction        | 0.000391     |
|    clip_range           | 0.2          |
|    entropy_loss         | -9.12        |
|    explained_variance   | 0.178        |
|    learning_rate        | 3e-05        |
|    loss                 | 6.01         |
|    n_updates            | 385          |
|    policy_gradient_loss | -0.00222     |
|    std                  | 0.997        |
|    value_loss           | 11.7         |
------------------------------------------
17:40:29 [WARNING] rl_uav.envs.as2_test_env: Skipping velocity reset; simulator service reset required (terminal_out_of_bounds)
[ERROR] [1783179637.822530006] [drone0.drone0_interface]: Service returned failure
[ERROR] [1783179646.323402075] [drone0.drone0_interface]: Service returned failure
17:41:01 [INFO] rl_uav.envs.as2_test_env: Reset complete. Initial obs: [-0.11943184  0.7014694   0.04409364 -0.00811862]
17:41:23 [WARNING] rl_uav.envs.as2_test_env: Reset started at valid low altitude z=0.368; climbing to hover 1.400m with bounded velocity recovery
17:41:30 [WARNING] rl_uav.envs.as2_test_env: Skipping velocity reset; simulator service reset required (terminal_out_of_bounds)
[ERROR] [1783179698.066359296] [drone0.drone0_interface]: Service returned failure
[ERROR] [1783179706.566142388] [drone0.drone0_interface]: Service returned failure
17:42:01 [INFO] rl_uav.envs.as2_test_env: Reset complete. Initial obs: [-0.61325616 -0.46818915  0.13316077 -0.26610392]
17:42:08 [WARNING] rl_uav.envs.as2_test_env: Reset started at valid low altitude z=0.470; climbing to hover 1.400m with bounded velocity recovery
17:42:15 [WARNING] rl_uav.envs.as2_test_env: Skipping velocity reset; simulator service reset required (terminal_out_of_bounds)
[ERROR] [1783179742.901392017] [drone0.drone0_interface]: Service returned failure
[ERROR] [1783179751.423846669] [drone0.drone0_interface]: Service returned failure
17:42:46 [INFO] rl_uav.envs.as2_test_env: Reset complete. Initial obs: [ 0.37260032 -0.2283882  -0.03819482  0.90497553]
17:42:59 [WARNING] rl_uav.envs.as2_test_env: Skipping velocity reset; simulator service reset required (terminal_out_of_bounds)
[ERROR] [1783179787.734794838] [drone0.drone0_interface]: Service returned failure
[ERROR] [1783179796.264385277] [drone0.drone0_interface]: Service returned failure
17:43:31 [INFO] rl_uav.envs.as2_test_env: Reset complete. Initial obs: [-0.8703849   0.10141403  0.01890492  0.85629725]
17:43:40 [WARNING] rl_uav.envs.as2_test_env: Skipping velocity reset; simulator service reset required (terminal_out_of_bounds)
[ERROR] [1783179829.405444921] [drone0.drone0_interface]: Service returned failure
[ERROR] [1783179838.052459715] [drone0.drone0_interface]: Service returned failure
17:44:13 [INFO] rl_uav.envs.as2_test_env: Reset complete. Initial obs: [-0.53871894  0.47765222  0.10330792  0.3013061 ]
17:44:22 [WARNING] rl_uav.envs.as2_test_env: Skipping velocity reset; simulator service reset required (terminal_out_of_bounds)
[ERROR] [1783179871.222653204] [drone0.drone0_interface]: Service returned failure
[ERROR] [1783179879.782323162] [drone0.drone0_interface]: Service returned failure
17:44:55 [INFO] rl_uav.envs.as2_test_env: Reset complete. Initial obs: [ 0.6279533  -0.0082625   0.14733891  0.264154  ]
17:45:13 [WARNING] rl_uav.envs.as2_test_env: Skipping velocity reset; simulator service reset required (terminal_out_of_bounds)
[ERROR] [1783179922.434665104] [drone0.drone0_interface]: Service returned failure
[ERROR] [1783179931.018900224] [drone0.drone0_interface]: Service returned failure
17:45:46 [INFO] rl_uav.envs.as2_test_env: Reset complete. Initial obs: [-0.4023936  -0.19913447 -0.01581066 -0.51363426]
17:46:02 [WARNING] rl_uav.envs.as2_test_env: Skipping velocity reset; simulator service reset required (terminal_out_of_bounds)
[ERROR] [1783179970.655016839] [drone0.drone0_interface]: Service returned failure
[ERROR] [1783179979.230197543] [drone0.drone0_interface]: Service returned failure
17:46:34 [INFO] rl_uav.envs.as2_test_env: Reset complete. Initial obs: [ 0.09850261 -0.297821    0.03484083 -0.72856224]
17:46:41 [WARNING] rl_uav.envs.as2_test_env: Skipping velocity reset; simulator service reset required (terminal_out_of_bounds)
[ERROR] [1783180009.558677935] [drone0.drone0_interface]: Service returned failure
[ERROR] [1783180014.974233675] [drone0.drone0_interface]: Service returned failure
17:47:10 [INFO] rl_uav.envs.as2_test_env: Reset complete. Initial obs: [ 0.88809484  0.1678006   0.04411366 -0.57688224]
17:47:13 [WARNING] rl_uav.envs.as2_test_env: Skipping velocity reset; simulator service reset required (terminal_out_of_bounds)
[ERROR] [1783180042.082454598] [drone0.drone0_interface]: Service returned failure
[ERROR] [1783180050.694625257] [drone0.drone0_interface]: Service returned failure
17:47:46 [INFO] rl_uav.envs.as2_test_env: Reset complete. Initial obs: [0.8104818  0.32196352 0.08917015 0.4976397 ]
------------------------------------------
| rollout/                |              |
|    ep_len_mean          | 48.6         |
|    ep_rew_mean          | -31.6        |
|    success_rate         | 0.01         |
| time/                   |              |
|    fps                  | 1            |
|    iterations           | 79           |
|    time_elapsed         | 21074        |
|    total_timesteps      | 40448        |
| train/                  |              |
|    approx_kl            | 0.0030507515 |
|    clip_fraction        | 0.0121       |
|    clip_range           | 0.2          |
|    entropy_loss         | -8.19        |
|    explained_variance   | 0.243        |
|    learning_rate        | 3e-05        |
|    loss                 | 2.21         |
|    n_updates            | 390          |
|    policy_gradient_loss | -0.00511     |
|    std                  | 0.996        |
|    value_loss           | 6.27         |
------------------------------------------
17:47:49 [WARNING] rl_uav.envs.as2_test_env: Skipping velocity reset; simulator service reset required (terminal_out_of_bounds)
[ERROR] [1783180077.978333030] [drone0.drone0_interface]: Service returned failure
[ERROR] [1783180086.596846970] [drone0.drone0_interface]: Service returned failure
17:48:22 [INFO] rl_uav.envs.as2_test_env: Reset complete. Initial obs: [-0.9547173   0.03971038 -0.02591658 -0.18886605]
17:48:25 [WARNING] rl_uav.envs.as2_test_env: Skipping velocity reset; simulator service reset required (terminal_out_of_bounds)
[ERROR] [1783180113.974043886] [drone0.drone0_interface]: Service returned failure
[ERROR] [1783180122.604529577] [drone0.drone0_interface]: Service returned failure
17:48:58 [INFO] rl_uav.envs.as2_test_env: Reset complete. Initial obs: [-0.05187199 -0.89124185  0.01934833  0.3480406 ]
17:49:04 [WARNING] rl_uav.envs.as2_test_env: Skipping velocity reset; simulator service reset required (terminal_out_of_bounds)
[ERROR] [1783180152.999286187] [drone0.drone0_interface]: Service returned failure
[ERROR] [1783180161.665078434] [drone0.drone0_interface]: Service returned failure
17:49:37 [INFO] rl_uav.envs.as2_test_env: Reset complete. Initial obs: [-0.13141164 -0.2429803  -0.02002452  0.17429161]
17:49:46 [WARNING] rl_uav.envs.as2_test_env: Skipping velocity reset; simulator service reset required (terminal_out_of_bounds)
[ERROR] [1783180195.200321071] [drone0.drone0_interface]: Service returned failure
[ERROR] [1783180200.636021538] [drone0.drone0_interface]: Service returned failure
17:50:16 [INFO] rl_uav.envs.as2_test_env: Reset complete. Initial obs: [-0.78912216  0.51576453  0.16152847  0.82019573]
17:50:28 [WARNING] rl_uav.envs.as2_test_env: Skipping velocity reset; simulator service reset required (terminal_out_of_bounds)
[ERROR] [1783180237.514086175] [drone0.drone0_interface]: Service returned failure
[ERROR] [1783180246.170184330] [drone0.drone0_interface]: Service returned failure
17:51:01 [INFO] rl_uav.envs.as2_test_env: Reset complete. Initial obs: [ 0.5892989   0.23803808 -0.01462492 -0.03828413]
17:51:05 [WARNING] rl_uav.envs.as2_test_env: Skipping velocity reset; simulator service reset required (terminal_out_of_bounds)
[ERROR] [1783180273.626656296] [drone0.drone0_interface]: Service returned failure
[ERROR] [1783180282.299389454] [drone0.drone0_interface]: Service returned failure
17:51:37 [INFO] rl_uav.envs.as2_test_env: Reset complete. Initial obs: [ 0.09913864  0.34113103  0.01012186 -0.17513485]
17:51:44 [WARNING] rl_uav.envs.as2_test_env: Skipping velocity reset; simulator service reset required (terminal_out_of_bounds)
[ERROR] [1783180313.029293889] [drone0.drone0_interface]: Service returned failure
[ERROR] [1783180321.693954730] [drone0.drone0_interface]: Service returned failure
17:52:17 [INFO] rl_uav.envs.as2_test_env: Reset complete. Initial obs: [ 0.5139041   0.08015362  0.09210432 -0.6801218 ]
17:52:26 [WARNING] rl_uav.envs.as2_test_env: Skipping velocity reset; simulator service reset required (terminal_out_of_bounds)
[ERROR] [1783180355.642807866] [drone0.drone0_interface]: Service returned failure
[ERROR] [1783180364.329585303] [drone0.drone0_interface]: Service returned failure
17:53:00 [INFO] rl_uav.envs.as2_test_env: Reset complete. Initial obs: [ 0.12301381  0.84332234 -0.05905522 -0.14529057]
17:53:06 [WARNING] rl_uav.envs.as2_test_env: Skipping velocity reset; simulator service reset required (terminal_out_of_bounds)
[ERROR] [1783180394.943098239] [drone0.drone0_interface]: Service returned failure
[ERROR] [1783180403.756059660] [drone0.drone0_interface]: Service returned failure
17:53:39 [INFO] rl_uav.envs.as2_test_env: Reset complete. Initial obs: [ 0.3604557   0.33873627 -0.13897969 -0.08093186]
17:53:48 [WARNING] rl_uav.envs.as2_test_env: Skipping velocity reset; simulator service reset required (terminal_out_of_bounds)
[ERROR] [1783180437.645192079] [drone0.drone0_interface]: Service returned failure
[ERROR] [1783180443.108037993] [drone0.drone0_interface]: Service returned failure
17:54:18 [INFO] rl_uav.envs.as2_test_env: Reset complete. Initial obs: [-0.6394385   0.09862939 -0.031857    0.669436  ]
17:54:22 [WARNING] rl_uav.envs.as2_test_env: Skipping velocity reset; simulator service reset required (terminal_out_of_bounds)
[ERROR] [1783180470.760157541] [drone0.drone0_interface]: Service returned failure
[ERROR] [1783180479.486668669] [drone0.drone0_interface]: Service returned failure
17:54:55 [INFO] rl_uav.envs.as2_test_env: Reset complete. Initial obs: [-0.58600086 -0.38246012  0.02659765  0.68317   ]
17:54:58 [WARNING] rl_uav.envs.as2_test_env: Skipping velocity reset; simulator service reset required (terminal_out_of_bounds)
[ERROR] [1783180507.059734312] [drone0.drone0_interface]: Service returned failure
[ERROR] [1783180512.684643437] [drone0.drone0_interface]: Service returned failure
17:55:28 [INFO] rl_uav.envs.as2_test_env: Reset complete. Initial obs: [-0.24365816  0.1591671  -0.06042862 -0.78304833]
17:55:31 [WARNING] rl_uav.envs.as2_test_env: Skipping velocity reset; simulator service reset required (terminal_out_of_bounds)
[ERROR] [1783180540.289042180] [drone0.drone0_interface]: Service returned failure
[ERROR] [1783180545.796411707] [drone0.drone0_interface]: Service returned failure
17:56:01 [INFO] rl_uav.envs.as2_test_env: Reset complete. Initial obs: [ 0.24380596  0.16439052 -0.14899914  0.97481704]
17:56:08 [WARNING] rl_uav.envs.as2_test_env: Skipping velocity reset; simulator service reset required (terminal_out_of_bounds)
[ERROR] [1783180576.677581790] [drone0.drone0_interface]: Service returned failure
[ERROR] [1783180585.451791424] [drone0.drone0_interface]: Service returned failure
17:56:41 [INFO] rl_uav.envs.as2_test_env: Reset complete. Initial obs: [ 0.0081819  -0.20806336 -0.01874463  0.3626647 ]
17:56:50 [WARNING] rl_uav.envs.as2_test_env: Skipping velocity reset; simulator service reset required (terminal_out_of_bounds)
[ERROR] [1783180619.657573782] [drone0.drone0_interface]: Service returned failure
[ERROR] [1783180628.413126877] [drone0.drone0_interface]: Service returned failure
17:57:24 [INFO] rl_uav.envs.as2_test_env: Reset complete. Initial obs: [-0.2581427  -0.27148724  0.05298073  0.06119023]
17:57:27 [WARNING] rl_uav.envs.as2_test_env: Skipping velocity reset; simulator service reset required (terminal_out_of_bounds)
[ERROR] [1783180656.111281622] [drone0.drone0_interface]: Service returned failure
[ERROR] [1783180664.903911096] [drone0.drone0_interface]: Service returned failure
17:58:00 [INFO] rl_uav.envs.as2_test_env: Reset complete. Initial obs: [-0.24216862  0.5950174   0.04838547 -0.7529621 ]
17:58:04 [WARNING] rl_uav.envs.as2_test_env: Skipping velocity reset; simulator service reset required (terminal_out_of_bounds)
[ERROR] [1783180692.772819915] [drone0.drone0_interface]: Service returned failure
[ERROR] [1783180701.559512000] [drone0.drone0_interface]: Service returned failure
17:58:37 [INFO] rl_uav.envs.as2_test_env: Reset complete. Initial obs: [ 0.7666259  -0.09639047 -0.06078744 -0.62437695]
------------------------------------------
| rollout/                |              |
|    ep_len_mean          | 48.2         |
|    ep_rew_mean          | -31.3        |
|    success_rate         | 0.01         |
| time/                   |              |
|    fps                  | 1            |
|    iterations           | 80           |
|    time_elapsed         | 21728        |
|    total_timesteps      | 40960        |
| train/                  |              |
|    approx_kl            | 0.0046519265 |
|    clip_fraction        | 0.0117       |
|    clip_range           | 0.2          |
|    entropy_loss         | -8.91        |
|    explained_variance   | 0.0477       |
|    learning_rate        | 3e-05        |
|    loss                 | 3.44         |
|    n_updates            | 395          |
|    policy_gradient_loss | 0.00766      |
|    std                  | 0.995        |
|    value_loss           | 8.88         |
------------------------------------------
17:58:47 [WARNING] rl_uav.envs.as2_test_env: Skipping velocity reset; simulator service reset required (terminal_out_of_bounds)
[ERROR] [1783180735.881183376] [drone0.drone0_interface]: Service returned failure
[ERROR] [1783180744.656805712] [drone0.drone0_interface]: Service returned failure
17:59:20 [INFO] rl_uav.envs.as2_test_env: Reset complete. Initial obs: [ 0.5589319  -0.0442057  -0.00188507  0.77613854]
17:59:23 [WARNING] rl_uav.envs.as2_test_env: Skipping velocity reset; simulator service reset required (terminal_out_of_bounds)
[ERROR] [1783180772.501666170] [drone0.drone0_interface]: Service returned failure
[ERROR] [1783180781.444010033] [drone0.drone0_interface]: Service returned failure
17:59:57 [INFO] rl_uav.envs.as2_test_env: Reset complete. Initial obs: [ 0.19537666 -0.38566953  0.20051648 -0.31809846]
18:00:10 [WARNING] rl_uav.envs.as2_test_env: Reset started at valid low altitude z=0.432; climbing to hover 1.400m with bounded velocity recovery
18:00:17 [WARNING] rl_uav.envs.as2_test_env: Skipping velocity reset; simulator service reset required (terminal_out_of_bounds)
[ERROR] [1783180825.435267771] [drone0.drone0_interface]: Service returned failure
[ERROR] [1783180834.279474613] [drone0.drone0_interface]: Service returned failure
18:00:50 [INFO] rl_uav.envs.as2_test_env: Reset complete. Initial obs: [-0.4230935   0.36212337  0.09179229 -0.8443395 ]
18:00:53 [WARNING] rl_uav.envs.as2_test_env: Skipping velocity reset; simulator service reset required (terminal_out_of_bounds)
[ERROR] [1783180862.202052131] [drone0.drone0_interface]: Service returned failure
[ERROR] [1783180871.042129598] [drone0.drone0_interface]: Service returned failure
18:01:26 [INFO] rl_uav.envs.as2_test_env: Reset complete. Initial obs: [-0.7919398  -0.37360317 -0.19793129  0.17102063]
18:01:29 [WARNING] rl_uav.envs.as2_test_env: Skipping velocity reset; simulator service reset required (terminal_out_of_bounds)
[ERROR] [1783180898.738395565] [drone0.drone0_interface]: Service returned failure
[ERROR] [1783180907.548107291] [drone0.drone0_interface]: Service returned failure
[ERROR] [1783180931.730818316] [drone0.drone0_interface]: Service returned failure
[ERROR] [1783180940.595903053] [drone0.drone0_interface]: Service returned failure
18:02:32 [WARNING] rl_uav.envs.as2_test_env: Service reset attempt 1/3 failed (service_post_reset_command_path_failed); retrying full teleport...
[ERROR] [1783180962.351568402] [drone0.drone0_interface]: Service returned failure
[ERROR] [1783180967.949207657] [drone0.drone0_interface]: Service returned failure
[ERROR] [1783180992.840183735] [drone0.drone0_interface]: Service returned failure
[ERROR] [1783181001.714652658] [drone0.drone0_interface]: Service returned failure
18:03:33 [WARNING] rl_uav.envs.as2_test_env: Service reset attempt 2/3 failed (service_post_reset_command_path_failed); retrying full teleport...
[ERROR] [1783181023.527090105] [drone0.drone0_interface]: Service returned failure
[ERROR] [1783181032.445307325] [drone0.drone0_interface]: Service returned failure
18:04:08 [INFO] rl_uav.envs.as2_test_env: Reset complete. Initial obs: [ 0.76621     0.1462041  -0.0034631   0.43736008]
18:04:11 [WARNING] rl_uav.envs.as2_test_env: Skipping velocity reset; simulator service reset required (terminal_out_of_bounds)
[ERROR] [1783181060.670702250] [drone0.drone0_interface]: Service returned failure
[ERROR] [1783181069.590490423] [drone0.drone0_interface]: Service returned failure
[ERROR] [1783181094.584953797] [drone0.drone0_interface]: Service returned failure
[ERROR] [1783181103.473305270] [drone0.drone0_interface]: Service returned failure
18:05:15 [WARNING] rl_uav.envs.as2_test_env: Service reset attempt 1/3 failed (service_post_reset_command_path_failed); retrying full teleport...
[ERROR] [1783181125.397417598] [drone0.drone0_interface]: Service returned failure
[ERROR] [1783181131.027080625] [drone0.drone0_interface]: Service returned failure
[ERROR] [1783181156.113730701] [drone0.drone0_interface]: Service returned failure
[ERROR] [1783181161.736807690] [drone0.drone0_interface]: Service returned failure
18:06:13 [WARNING] rl_uav.envs.as2_test_env: Service reset attempt 2/3 failed (service_post_reset_command_path_failed); retrying full teleport...
[ERROR] [1783181183.727072187] [drone0.drone0_interface]: Service returned failure
[ERROR] [1783181192.686747339] [drone0.drone0_interface]: Service returned failure
[ERROR] [1783181217.812850298] [drone0.drone0_interface]: Service returned failure
[ERROR] [1783181226.753833350] [drone0.drone0_interface]: Service returned failure
18:07:18 [INFO] rl_uav.envs.as2_test_env: Closing environment...
18:07:25 [INFO] rl_uav.envs.as2_test_env: DroneInterface shut down
18:07:25 [INFO] rl_uav.envs.as2_test_env: Environment closed
Traceback (most recent call last):
  File "/home/jordi/TFM/rl_uav_aerostack2/scripts/train_ppo.py", line 153, in <module>
    raise SystemExit(main())
  File "/home/jordi/TFM/rl_uav_aerostack2/scripts/train_ppo.py", line 138, in main
    model.learn(
  File "/home/jordi/miniconda3/envs/rl_uav/lib/python3.10/site-packages/stable_baselines3/ppo/ppo.py", line 311, in learn
    return super().learn(
  File "/home/jordi/miniconda3/envs/rl_uav/lib/python3.10/site-packages/stable_baselines3/common/on_policy_algorithm.py", line 324, in learn
    continue_training = self.collect_rollouts(self.env, callback, self.rollout_buffer, n_rollout_steps=self.n_steps)
  File "/home/jordi/miniconda3/envs/rl_uav/lib/python3.10/site-packages/stable_baselines3/common/on_policy_algorithm.py", line 218, in collect_rollouts
    new_obs, rewards, dones, infos = env.step(clipped_actions)
  File "/home/jordi/miniconda3/envs/rl_uav/lib/python3.10/site-packages/stable_baselines3/common/vec_env/base_vec_env.py", line 222, in step
    return self.step_wait()
  File "/home/jordi/miniconda3/envs/rl_uav/lib/python3.10/site-packages/stable_baselines3/common/vec_env/vec_monitor.py", line 75, in step_wait
    obs, rewards, dones, infos = self.venv.step_wait()
  File "/home/jordi/miniconda3/envs/rl_uav/lib/python3.10/site-packages/stable_baselines3/common/vec_env/dummy_vec_env.py", line 71, in step_wait
    obs, self.reset_infos[env_idx] = self.envs[env_idx].reset()
  File "/home/jordi/miniconda3/envs/rl_uav/lib/python3.10/site-packages/gymnasium/wrappers/common.py", line 400, in reset
    return super().reset(seed=seed, options=options)
  File "/home/jordi/miniconda3/envs/rl_uav/lib/python3.10/site-packages/gymnasium/core.py", line 333, in reset
    return self.env.reset(seed=seed, options=options)
  File "/home/jordi/miniconda3/envs/rl_uav/lib/python3.10/site-packages/gymnasium/wrappers/common.py", line 295, in reset
    return self.env.reset(seed=seed, options=options)
  File "/home/jordi/TFM/rl_uav_aerostack2/rl_uav/envs/as2_test_env.py", line 3217, in reset
    self._raise_required_service_reset_failure(required_service_reset_reason)
  File "/home/jordi/TFM/rl_uav_aerostack2/rl_uav/envs/as2_test_env.py", line 3040, in _raise_required_service_reset_failure
    raise RuntimeError(
RuntimeError: Simulator service reset is required after unsafe/out-of-bounds state; refusing velocity reset flyback. required_reason=terminal_out_of_bounds. Reset diagnostics: reason=service_post_reset_command_path_failed, failure_class=post_reset_command_path_failed, reset_service_attempts=3, reset_service_attempt_failures=[{'attempt': 1, 'reason': 'service_post_reset_command_path_failed', 'failure_class': 'post_reset_command_path_failed'}, {'attempt': 2, 'reason': 'service_post_reset_command_path_failed', 'failure_class': 'post_reset_command_path_failed'}, {'attempt': 3, 'reason': 'service_post_reset_command_path_failed', 'failure_class': 'post_reset_command_path_failed'}], elapsed=1.206, reset_phase=hold, phase=hold, settle_elapsed=0.201, target_pose=[0.5881536557833105, -0.6535400335798824, 1.1046440713409458, 2.241405219164313], final_pose=[0.5881534814834595, -0.6535403728485107, 1.1057827472686768, 2.2414052197676817], position_error=0.0011, yaw_error=0.0, service_name=/drone0/platform/reset_simulator_state, message=reset state applied, post_reset_platform_reassertion_attempted=False, post_reset_platform_fsm_ready=True, post_reset_platform_state={'connected': True, 'armed': True, 'offboard': True, 'state': 3, 'control_mode': 2}, post_reset_platform_control_mode=2, post_reset_takeoff_ready=True, post_reset_offboard_ready=True, post_reset_controller_ready=True, post_reset_controller_hold_ready=True, post_reset_pose_ready=True, post_reset_pose_observed=True, post_reset_observed_pose=[0.5881534814834595, -0.6535403728485107, 1.1057827472686768, 2.2414052197676817], post_reset_observed_position_error=0.0011, post_reset_actionability_ready=False, post_reset_actionability_recovered=False, post_reset_actionability={'first_probe': {'accepted': True, 'stop_accepted': True, 'actionable': False, 'reason': 'probe_motion_not_confirmed', 'probe_twist': [-0.048140689730644226, -0.08764972537755966, 0.0], 'twist_frame_id': 'earth', 'position_before': [0.5881534731750525, -0.6535403587842692, 1.105782751613499], 'position_after': [0.5881534731750525, -0.6535403587842692, 1.105782751613499], 'position_after_command': [0.5881534731750525, -0.6535403587842692, 1.105782751613499], 'position_after_stop': [0.5881534731750525, -0.6535403587842692, 1.105782751613499], 'position_delta': [0.0, 0.0, 0.0], 'forward_delta': 0.0, 'delta_norm': 0.0, 'min_forward_delta': 0.012, 'probe_iterations': 12, 'stop_iterations': 4, 'observation_samples': 25, 'observation_timeout': 1.25}, 'recovery_attempted': True, 'recovery_ready': True, 'second_probe': {'accepted': True, 'stop_accepted': True, 'actionable': False, 'reason': 'probe_motion_not_confirmed', 'probe_twist': [-0.048140689730644226, -0.08764972537755966, 0.0], 'twist_frame_id': 'earth', 'position_before': [0.5587780279303637, -0.7070240617020078, 1.105840640463017], 'position_after': [0.5587821428257055, -0.7070166383614408, 1.1058483652133062], 'position_after_command': [0.5587821428257055, -0.7070166383614408, 1.1058483652133062], 'position_after_stop': [0.5587821428257055, -0.7070166383614408, 1.1058483652133062], 'position_delta': [4.112720489501953e-06, 7.3909759521484375e-06, 7.62939453125e-06], 'forward_delta': -1e-05, 'delta_norm': 1e-05, 'min_forward_delta': 0.012, 'probe_iterations': 12, 'stop_iterations': 4, 'observation_samples': 25, 'observation_timeout': 1.25}}, last_command=[0.0, 0.0, 0.0, 0.0]
