Using cpu device
19:06:31 [INFO] train_ppo: === PPO infrastructure ready ===
19:06:31 [INFO] train_ppo: Config: /home/jordi/TFM/rl_uav_aerostack2/configs/train_ppo_phase1_exp013.yaml
19:06:31 [INFO] train_ppo: Run dir: /home/jordi/TFM/rl_uav_aerostack2/runs/ppo/ppo_phase1_exp013_predictive_guard_50k_20260704_190630
19:06:31 [INFO] train_ppo: Tensorboard dir: /home/jordi/TFM/rl_uav_aerostack2/runs/ppo/ppo_phase1_exp013_predictive_guard_50k_20260704_190630/tensorboard
19:06:31 [INFO] train_ppo: Monitor dir: /home/jordi/TFM/rl_uav_aerostack2/runs/ppo/ppo_phase1_exp013_predictive_guard_50k_20260704_190630/monitor
19:06:31 [INFO] train_ppo: Checkpoints dir: /home/jordi/TFM/rl_uav_aerostack2/runs/ppo/ppo_phase1_exp013_predictive_guard_50k_20260704_190630/checkpoints
19:06:31 [INFO] train_ppo: Num envs: 1
19:06:31 [INFO] train_ppo: Namespaces: ['drone0']
19:06:31 [INFO] train_ppo: Policy kwargs: {'activation_fn': 'ReLU', 'net_arch': {'pi': [128, 128], 'vf': [128, 128]}}
19:06:31 [INFO] train_ppo: Checkpoint callback: every 5000 steps
19:06:31 [INFO] train_ppo: Total timesteps: 50000
19:06:31 [INFO] train_ppo: Starting PPO learn() ...
19:06:31 [INFO] rl_uav.envs.as2_test_env: ROS2 initialized (process-wide)
[INFO] [1783184791.543556290] [drone0.drone0_interface]: Starting drone0
[INFO] [1783184792.078744087] [drone0.drone0_interface]: drone0 interface initialized
19:06:32 [INFO] rl_uav.envs.as2_test_env: Target marker publisher created on topic 'visualization_marker' frame 'earth'
19:06:32 [INFO] rl_uav.envs.as2_test_env: DroneInterface created for 'drone0'
19:06:32 [INFO] rl_uav.envs.as2_test_env: Arming drone...
19:06:32 [INFO] rl_uav.envs.as2_test_env:   Arm: OK
19:06:32 [INFO] rl_uav.envs.as2_test_env: Setting offboard mode...
19:06:32 [INFO] rl_uav.envs.as2_test_env:   Offboard: OK
19:06:32 [INFO] rl_uav.envs.as2_test_env: Taking off to 1.0m...
19:06:35 [INFO] rl_uav.envs.as2_test_env:   Takeoff: OK
[ERROR] [1783184795.550366233] [drone0.drone0_interface]: Service returned failure
[ERROR] [1783184795.594660041] [drone0.drone0_interface]: Service returned failure
19:06:40 [INFO] rl_uav.envs.as2_test_env: Reset complete. Initial obs: [-0.1852209  -0.11045452 -0.13905086  0.21957761]
Logging to runs/ppo/ppo_phase1_exp013_predictive_guard_50k_20260704_190630/tensorboard/PPO_1
19:06:51 [INFO] rl_uav.envs.as2_test_env: Keeping drone airborne for velocity reset...
[ERROR] [1783184811.503034021] [drone0.drone0_interface]: Service returned failure
[ERROR] [1783184811.535536187] [drone0.drone0_interface]: Service returned failure
19:07:00 [INFO] rl_uav.envs.as2_test_env: Reset complete. Initial obs: [-0.6035262   0.65938383  0.10150984 -0.14508368]
19:07:41 [INFO] rl_uav.envs.as2_test_env: Keeping drone airborne for velocity reset...
[ERROR] [1783184862.046999703] [drone0.drone0_interface]: Service returned failure
[ERROR] [1783184862.112529553] [drone0.drone0_interface]: Service returned failure
19:07:50 [INFO] rl_uav.envs.as2_test_env: Reset complete. Initial obs: [ 0.6442426  -0.48089796  0.00210203 -0.88122696]
19:08:30 [INFO] rl_uav.envs.as2_test_env: Keeping drone airborne for velocity reset...
[ERROR] [1783184910.911014021] [drone0.drone0_interface]: Service returned failure
[ERROR] [1783184910.959314035] [drone0.drone0_interface]: Service returned failure
19:08:42 [INFO] rl_uav.envs.as2_test_env: Reset complete. Initial obs: [-0.13036107 -0.09280821  0.09558506 -0.6459706 ]
19:08:44 [INFO] rl_uav.envs.as2_test_env: Keeping drone airborne for velocity reset...
[ERROR] [1783184924.160568681] [drone0.drone0_interface]: Service returned failure
[ERROR] [1783184924.251255144] [drone0.drone0_interface]: Service returned failure
19:08:54 [INFO] rl_uav.envs.as2_test_env: Reset complete. Initial obs: [-0.45830366 -0.6106914  -0.04005277  0.08934348]
---------------------------------
| rollout/           |          |
|    ep_len_mean     | 115      |
|    ep_rew_mean     | -27.2    |
|    success_rate    | 0.5      |
| time/              |          |
|    fps             | 3        |
|    iterations      | 1        |
|    time_elapsed    | 154      |
|    total_timesteps | 512      |
---------------------------------
19:09:36 [INFO] rl_uav.envs.as2_test_env: Keeping drone airborne for velocity reset...
19:09:36 [WARNING] rl_uav.envs.as2_test_env: Reset started at valid low altitude z=0.902; climbing to hover 1.400m with bounded velocity recovery
[ERROR] [1783184979.067313270] [drone0.drone0_interface]: Service returned failure
[ERROR] [1783184979.168379237] [drone0.drone0_interface]: Service returned failure
19:09:50 [INFO] rl_uav.envs.as2_test_env: Reset complete. Initial obs: [ 0.19660975  0.09958867 -0.04991004  0.62925833]
19:09:53 [INFO] rl_uav.envs.as2_test_env: Keeping drone airborne for velocity reset...
19:09:53 [WARNING] rl_uav.envs.as2_test_env: Reset started at valid low altitude z=1.050; climbing to hover 1.400m with bounded velocity recovery
[ERROR] [1783184996.472204372] [drone0.drone0_interface]: Service returned failure
[ERROR] [1783184996.584895427] [drone0.drone0_interface]: Service returned failure
19:10:02 [INFO] rl_uav.envs.as2_test_env: Reset complete. Initial obs: [-0.8367911  -0.40561262 -0.07589762 -0.04172056]
19:10:44 [INFO] rl_uav.envs.as2_test_env: Keeping drone airborne for velocity reset...
19:10:44 [WARNING] rl_uav.envs.as2_test_env: Reset started at valid low altitude z=1.066; climbing to hover 1.400m with bounded velocity recovery
[ERROR] [1783185046.466451068] [drone0.drone0_interface]: Service returned failure
[ERROR] [1783185046.592724620] [drone0.drone0_interface]: Service returned failure
19:10:53 [INFO] rl_uav.envs.as2_test_env: Reset complete. Initial obs: [-0.294235    0.53424203 -0.04771438 -0.66591877]
-----------------------------------------
| rollout/                |             |
|    ep_len_mean          | 125         |
|    ep_rew_mean          | -43.2       |
|    success_rate         | 0.429       |
| time/                   |             |
|    fps                  | 3           |
|    iterations           | 2           |
|    time_elapsed         | 292         |
|    total_timesteps      | 1024        |
| train/                  |             |
|    approx_kl            | 0.001989787 |
|    clip_fraction        | 0.00391     |
|    clip_range           | 0.2         |
|    entropy_loss         | -3.44       |
|    explained_variance   | -0.00819    |
|    learning_rate        | 3e-05       |
|    loss                 | 11.4        |
|    n_updates            | 5           |
|    policy_gradient_loss | -0.00487    |
|    std                  | 1           |
|    value_loss           | 33.2        |
-----------------------------------------
19:11:34 [INFO] rl_uav.envs.as2_test_env: Keeping drone airborne for velocity reset...
[ERROR] [1783185095.169579593] [drone0.drone0_interface]: Service returned failure
[ERROR] [1783185095.307472814] [drone0.drone0_interface]: Service returned failure
19:11:46 [INFO] rl_uav.envs.as2_test_env: Reset complete. Initial obs: [-0.6411711 -0.2451372  0.0081604  0.0831596]
19:12:27 [INFO] rl_uav.envs.as2_test_env: Keeping drone airborne for velocity reset...
[ERROR] [1783185147.893803687] [drone0.drone0_interface]: Service returned failure
[ERROR] [1783185148.040683168] [drone0.drone0_interface]: Service returned failure
19:12:40 [INFO] rl_uav.envs.as2_test_env: Reset complete. Initial obs: [-0.7410236   0.5605688   0.03777945 -0.41152894]
19:13:22 [INFO] rl_uav.envs.as2_test_env: Keeping drone airborne for velocity reset...
[ERROR] [1783185202.303802114] [drone0.drone0_interface]: Service returned failure
[ERROR] [1783185202.454431196] [drone0.drone0_interface]: Service returned failure
19:13:34 [INFO] rl_uav.envs.as2_test_env: Reset complete. Initial obs: [-0.5911707   0.13595006  0.00465929 -0.5724836 ]
-------------------------------------------
| rollout/                |               |
|    ep_len_mean          | 148           |
|    ep_rew_mean          | -58.4         |
|    success_rate         | 0.3           |
| time/                   |               |
|    fps                  | 3             |
|    iterations           | 3             |
|    time_elapsed         | 435           |
|    total_timesteps      | 1536          |
| train/                  |               |
|    approx_kl            | 0.00056916045 |
|    clip_fraction        | 0             |
|    clip_range           | 0.2           |
|    entropy_loss         | -5.65         |
|    explained_variance   | 0.00124       |
|    learning_rate        | 3e-05         |
|    loss                 | 40.1          |
|    n_updates            | 10            |
|    policy_gradient_loss | -0.00344      |
|    std                  | 1             |
|    value_loss           | 68.1          |
-------------------------------------------
19:14:15 [INFO] rl_uav.envs.as2_test_env: Keeping drone airborne for velocity reset...
[ERROR] [1783185255.815313461] [drone0.drone0_interface]: Service returned failure
[ERROR] [1783185255.969216799] [drone0.drone0_interface]: Service returned failure
19:14:28 [INFO] rl_uav.envs.as2_test_env: Reset complete. Initial obs: [-0.24479328  0.4462786   0.13625418 -0.3829439 ]
19:15:09 [INFO] rl_uav.envs.as2_test_env: Keeping drone airborne for velocity reset...
[ERROR] [1783185309.826981292] [drone0.drone0_interface]: Service returned failure
[ERROR] [1783185309.985857548] [drone0.drone0_interface]: Service returned failure
19:15:19 [INFO] rl_uav.envs.as2_test_env: Reset complete. Initial obs: [ 0.4127114  -0.40961546 -0.09503219  0.9773418 ]
------------------------------------------
| rollout/                |              |
|    ep_len_mean          | 156          |
|    ep_rew_mean          | -61.8        |
|    success_rate         | 0.25         |
| time/                   |              |
|    fps                  | 3            |
|    iterations           | 4            |
|    time_elapsed         | 563          |
|    total_timesteps      | 2048         |
| train/                  |              |
|    approx_kl            | 0.0045128874 |
|    clip_fraction        | 0.0117       |
|    clip_range           | 0.2          |
|    entropy_loss         | -5.2         |
|    explained_variance   | -0.00861     |
|    learning_rate        | 3e-05        |
|    loss                 | 20           |
|    n_updates            | 15           |
|    policy_gradient_loss | 0.00893      |
|    std                  | 0.999        |
|    value_loss           | 54.6         |
------------------------------------------
19:16:01 [INFO] rl_uav.envs.as2_test_env: Keeping drone airborne for velocity reset...
19:16:01 [WARNING] rl_uav.envs.as2_test_env: Reset started at valid low altitude z=1.123; climbing to hover 1.400m with bounded velocity recovery
[ERROR] [1783185363.636728925] [drone0.drone0_interface]: Service returned failure
[ERROR] [1783185363.938563434] [drone0.drone0_interface]: Service returned failure
19:16:14 [INFO] rl_uav.envs.as2_test_env: Reset complete. Initial obs: [-0.7367108  -0.09632365 -0.09249666  0.68515205]
19:16:55 [INFO] rl_uav.envs.as2_test_env: Keeping drone airborne for velocity reset...
19:16:55 [WARNING] rl_uav.envs.as2_test_env: Reset started at valid low altitude z=1.013; climbing to hover 1.400m with bounded velocity recovery
[ERROR] [1783185418.250902709] [drone0.drone0_interface]: Service returned failure
[ERROR] [1783185418.457836101] [drone0.drone0_interface]: Service returned failure
19:17:09 [INFO] rl_uav.envs.as2_test_env: Reset complete. Initial obs: [-0.0306691   0.3338385   0.09786905 -0.35673746]
19:17:50 [INFO] rl_uav.envs.as2_test_env: Keeping drone airborne for velocity reset...
[ERROR] [1783185470.960807613] [drone0.drone0_interface]: Service returned failure
[ERROR] [1783185471.180141322] [drone0.drone0_interface]: Service returned failure
19:18:06 [INFO] rl_uav.envs.as2_test_env: Reset complete. Initial obs: [ 0.4008066   0.03956347 -0.09919114  0.25098303]
------------------------------------------
| rollout/                |              |
|    ep_len_mean          | 165          |
|    ep_rew_mean          | -68.2        |
|    success_rate         | 0.2          |
| time/                   |              |
|    fps                  | 3            |
|    iterations           | 5            |
|    time_elapsed         | 712          |
|    total_timesteps      | 2560         |
| train/                  |              |
|    approx_kl            | 0.0016423409 |
|    clip_fraction        | 0.0117       |
|    clip_range           | 0.2          |
|    entropy_loss         | -5.46        |
|    explained_variance   | 0.0298       |
|    learning_rate        | 3e-05        |
|    loss                 | 25           |
|    n_updates            | 20           |
|    policy_gradient_loss | -0.00479     |
|    std                  | 1            |
|    value_loss           | 55           |
------------------------------------------
19:18:48 [INFO] rl_uav.envs.as2_test_env: Keeping drone airborne for velocity reset...
[ERROR] [1783185528.573150790] [drone0.drone0_interface]: Service returned failure
[ERROR] [1783185528.803429181] [drone0.drone0_interface]: Service returned failure
19:18:59 [INFO] rl_uav.envs.as2_test_env: Reset complete. Initial obs: [-0.17540571 -0.212093   -0.09683017 -0.3042774 ]
19:19:40 [INFO] rl_uav.envs.as2_test_env: Keeping drone airborne for velocity reset...
[ERROR] [1783185581.182687452] [drone0.drone0_interface]: Service returned failure
[ERROR] [1783185581.422043024] [drone0.drone0_interface]: Service returned failure
19:19:49 [INFO] rl_uav.envs.as2_test_env: Reset complete. Initial obs: [ 0.59975874 -0.33895427 -0.1051465   0.5305156 ]
-----------------------------------------
| rollout/                |             |
|    ep_len_mean          | 169         |
|    ep_rew_mean          | -66.7       |
|    success_rate         | 0.176       |
| time/                   |             |
|    fps                  | 3           |
|    iterations           | 6           |
|    time_elapsed         | 838         |
|    total_timesteps      | 3072        |
| train/                  |             |
|    approx_kl            | 0.006554325 |
|    clip_fraction        | 0.0254      |
|    clip_range           | 0.2         |
|    entropy_loss         | -4.71       |
|    explained_variance   | 0.0269      |
|    learning_rate        | 3e-05       |
|    loss                 | 21.8        |
|    n_updates            | 25          |
|    policy_gradient_loss | 0.00501     |
|    std                  | 0.999       |
|    value_loss           | 48.7        |
-----------------------------------------
19:20:30 [INFO] rl_uav.envs.as2_test_env: Keeping drone airborne for velocity reset...
[ERROR] [1783185630.796835188] [drone0.drone0_interface]: Service returned failure
[ERROR] [1783185631.050575671] [drone0.drone0_interface]: Service returned failure
19:20:46 [INFO] rl_uav.envs.as2_test_env: Reset complete. Initial obs: [-0.08512235  0.5654245   0.06282354 -0.10583664]
19:21:28 [INFO] rl_uav.envs.as2_test_env: Keeping drone airborne for velocity reset...
[ERROR] [1783185688.506745082] [drone0.drone0_interface]: Service returned failure
[ERROR] [1783185688.769567887] [drone0.drone0_interface]: Service returned failure
19:21:34 [INFO] rl_uav.envs.as2_test_env: Reset complete. Initial obs: [-0.92100054 -0.08553584  0.03474022 -0.80361307]
19:22:15 [INFO] rl_uav.envs.as2_test_env: Keeping drone airborne for velocity reset...
[ERROR] [1783185735.631027139] [drone0.drone0_interface]: Service returned failure
[ERROR] [1783185735.906667268] [drone0.drone0_interface]: Service returned failure
19:22:24 [INFO] rl_uav.envs.as2_test_env: Reset complete. Initial obs: [ 0.35760656  0.1448803   0.0221294  -0.74872637]
19:22:32 [INFO] rl_uav.envs.as2_test_env: Keeping drone airborne for velocity reset...
19:22:32 [WARNING] rl_uav.envs.as2_test_env: Reset started at valid low altitude z=1.123; climbing to hover 1.400m with bounded velocity recovery
[ERROR] [1783185755.029204083] [drone0.drone0_interface]: Service returned failure
[ERROR] [1783185755.317543324] [drone0.drone0_interface]: Service returned failure
19:22:45 [INFO] rl_uav.envs.as2_test_env: Reset complete. Initial obs: [ 0.23475923 -0.6916111  -0.10972214  0.09238144]
------------------------------------------
| rollout/                |              |
|    ep_len_mean          | 168          |
|    ep_rew_mean          | -66.4        |
|    success_rate         | 0.19         |
| time/                   |              |
|    fps                  | 3            |
|    iterations           | 7            |
|    time_elapsed         | 988          |
|    total_timesteps      | 3584         |
| train/                  |              |
|    approx_kl            | 0.0015291031 |
|    clip_fraction        | 0.00273      |
|    clip_range           | 0.2          |
|    entropy_loss         | -4.63        |
|    explained_variance   | 0.06         |
|    learning_rate        | 3e-05        |
|    loss                 | 16.1         |
|    n_updates            | 30           |
|    policy_gradient_loss | 0.00344      |
|    std                  | 1            |
|    value_loss           | 30.9         |
------------------------------------------
19:23:27 [INFO] rl_uav.envs.as2_test_env: Keeping drone airborne for velocity reset...
[ERROR] [1783185807.741198139] [drone0.drone0_interface]: Service returned failure
[ERROR] [1783185808.038138773] [drone0.drone0_interface]: Service returned failure
19:23:35 [INFO] rl_uav.envs.as2_test_env: Reset complete. Initial obs: [-0.26770043  0.28257692  0.02454158 -0.23564512]
19:24:16 [INFO] rl_uav.envs.as2_test_env: Keeping drone airborne for velocity reset...
[ERROR] [1783185857.451915366] [drone0.drone0_interface]: Service returned failure
[ERROR] [1783185857.758468965] [drone0.drone0_interface]: Service returned failure
19:24:28 [INFO] rl_uav.envs.as2_test_env: Reset complete. Initial obs: [0.91259104 0.16177858 0.08140066 0.17884992]
-----------------------------------------
| rollout/                |             |
|    ep_len_mean          | 170         |
|    ep_rew_mean          | -69.2       |
|    success_rate         | 0.174       |
| time/                   |             |
|    fps                  | 3           |
|    iterations           | 8           |
|    time_elapsed         | 1113        |
|    total_timesteps      | 4096        |
| train/                  |             |
|    approx_kl            | 0.001252383 |
|    clip_fraction        | 0.00195     |
|    clip_range           | 0.2         |
|    entropy_loss         | -5.06       |
|    explained_variance   | 0.0367      |
|    learning_rate        | 3e-05       |
|    loss                 | 21.9        |
|    n_updates            | 35          |
|    policy_gradient_loss | -0.00389    |
|    std                  | 1           |
|    value_loss           | 49.9        |
-----------------------------------------
19:25:09 [INFO] rl_uav.envs.as2_test_env: Keeping drone airborne for velocity reset...
[ERROR] [1783185910.262072221] [drone0.drone0_interface]: Service returned failure
[ERROR] [1783185910.584265771] [drone0.drone0_interface]: Service returned failure
19:25:19 [INFO] rl_uav.envs.as2_test_env: Reset complete. Initial obs: [ 0.33128497  0.2562589  -0.0126862  -0.58979726]
19:26:00 [INFO] rl_uav.envs.as2_test_env: Keeping drone airborne for velocity reset...
[ERROR] [1783185961.474282238] [drone0.drone0_interface]: Service returned failure
[ERROR] [1783185961.802860900] [drone0.drone0_interface]: Service returned failure
19:26:14 [INFO] rl_uav.envs.as2_test_env: Reset complete. Initial obs: [-0.42655128  0.05303563 -0.09202742  0.5411187 ]
19:26:55 [INFO] rl_uav.envs.as2_test_env: Keeping drone airborne for velocity reset...
[ERROR] [1783186016.184526806] [drone0.drone0_interface]: Service returned failure
[ERROR] [1783186016.527833207] [drone0.drone0_interface]: Service returned failure
19:27:08 [INFO] rl_uav.envs.as2_test_env: Reset complete. Initial obs: [-0.43221217 -0.3701393   0.05564704 -0.6988531 ]
-------------------------------------------
| rollout/                |               |
|    ep_len_mean          | 174           |
|    ep_rew_mean          | -72.9         |
|    success_rate         | 0.154         |
| time/                   |               |
|    fps                  | 3             |
|    iterations           | 9             |
|    time_elapsed         | 1256          |
|    total_timesteps      | 4608          |
| train/                  |               |
|    approx_kl            | 0.00092098827 |
|    clip_fraction        | 0.00625       |
|    clip_range           | 0.2           |
|    entropy_loss         | -5.98         |
|    explained_variance   | 0.0209        |
|    learning_rate        | 3e-05         |
|    loss                 | 36.1          |
|    n_updates            | 40            |
|    policy_gradient_loss | -0.0025       |
|    std                  | 1             |
|    value_loss           | 81.2          |
-------------------------------------------
19:27:50 [INFO] rl_uav.envs.as2_test_env: Keeping drone airborne for velocity reset...
[ERROR] [1783186070.899420710] [drone0.drone0_interface]: Service returned failure
[ERROR] [1783186071.253149200] [drone0.drone0_interface]: Service returned failure
19:27:59 [INFO] rl_uav.envs.as2_test_env: Reset complete. Initial obs: [-0.18702719  0.10661037  0.04127601 -0.2765239 ]
19:28:29 [INFO] rl_uav.envs.as2_test_env: Keeping drone airborne for velocity reset...
[ERROR] [1783186110.207624863] [drone0.drone0_interface]: Service returned failure
[ERROR] [1783186110.572104110] [drone0.drone0_interface]: Service returned failure
19:28:40 [INFO] rl_uav.envs.as2_test_env: Reset complete. Initial obs: [-0.4429228   0.02261662  0.05828207 -0.5401962 ]
19:29:22 [INFO] rl_uav.envs.as2_test_env: Keeping drone airborne for velocity reset...
[ERROR] [1783186162.717903725] [drone0.drone0_interface]: Service returned failure
[ERROR] [1783186163.092333826] [drone0.drone0_interface]: Service returned failure
19:29:33 [INFO] rl_uav.envs.as2_test_env: Reset complete. Initial obs: [ 0.65677696  0.17542218  0.05599219 -0.43835646]
-------------------------------------------
| rollout/                |               |
|    ep_len_mean          | 175           |
|    ep_rew_mean          | -69.9         |
|    success_rate         | 0.172         |
| time/                   |               |
|    fps                  | 3             |
|    iterations           | 10            |
|    time_elapsed         | 1393          |
|    total_timesteps      | 5120          |
| train/                  |               |
|    approx_kl            | 0.00051523047 |
|    clip_fraction        | 0             |
|    clip_range           | 0.2           |
|    entropy_loss         | -5.31         |
|    explained_variance   | 0.0255        |
|    learning_rate        | 3e-05         |
|    loss                 | 18.3          |
|    n_updates            | 45            |
|    policy_gradient_loss | -0.00273      |
|    std                  | 1             |
|    value_loss           | 38.5          |
-------------------------------------------
19:30:14 [INFO] rl_uav.envs.as2_test_env: Keeping drone airborne for velocity reset...
19:30:14 [WARNING] rl_uav.envs.as2_test_env: Reset started at valid low altitude z=1.010; climbing to hover 1.400m with bounded velocity recovery
[ERROR] [1783186217.126810430] [drone0.drone0_interface]: Service returned failure
[ERROR] [1783186217.514081688] [drone0.drone0_interface]: Service returned failure
19:30:27 [INFO] rl_uav.envs.as2_test_env: Reset complete. Initial obs: [-0.76365656 -0.09689632  0.00292403  0.93468297]
19:31:08 [INFO] rl_uav.envs.as2_test_env: Keeping drone airborne for velocity reset...
[ERROR] [1783186269.339982385] [drone0.drone0_interface]: Service returned failure
[ERROR] [1783186269.724585789] [drone0.drone0_interface]: Service returned failure
19:31:20 [INFO] rl_uav.envs.as2_test_env: Reset complete. Initial obs: [-0.20119083  0.41107938  0.02048497 -0.5647149 ]
------------------------------------------
| rollout/                |              |
|    ep_len_mean          | 176          |
|    ep_rew_mean          | -72.3        |
|    success_rate         | 0.161        |
| time/                   |              |
|    fps                  | 3            |
|    iterations           | 11           |
|    time_elapsed         | 1523         |
|    total_timesteps      | 5632         |
| train/                  |              |
|    approx_kl            | 0.0044302186 |
|    clip_fraction        | 0.0148       |
|    clip_range           | 0.2          |
|    entropy_loss         | -4.24        |
|    explained_variance   | -0.0215      |
|    learning_rate        | 3e-05        |
|    loss                 | 9.79         |
|    n_updates            | 50           |
|    policy_gradient_loss | 0.000912     |
|    std                  | 1            |
|    value_loss           | 23.5         |
------------------------------------------
19:32:01 [INFO] rl_uav.envs.as2_test_env: Keeping drone airborne for velocity reset...
[ERROR] [1783186322.048230852] [drone0.drone0_interface]: Service returned failure
[ERROR] [1783186322.458478150] [drone0.drone0_interface]: Service returned failure
19:32:11 [INFO] rl_uav.envs.as2_test_env: Reset complete. Initial obs: [-0.39925256  0.01317225  0.09021916  0.81855553]
19:32:52 [INFO] rl_uav.envs.as2_test_env: Keeping drone airborne for velocity reset...
[ERROR] [1783186372.964601277] [drone0.drone0_interface]: Service returned failure
[ERROR] [1783186373.386493671] [drone0.drone0_interface]: Service returned failure
19:32:59 [INFO] rl_uav.envs.as2_test_env: Reset complete. Initial obs: [-0.13153596 -0.24575323  0.03930856 -0.040633  ]
19:33:40 [INFO] rl_uav.envs.as2_test_env: Keeping drone airborne for velocity reset...
[ERROR] [1783186421.372335772] [drone0.drone0_interface]: Service returned failure
[ERROR] [1783186421.807077267] [drone0.drone0_interface]: Service returned failure
19:33:54 [INFO] rl_uav.envs.as2_test_env: Reset complete. Initial obs: [-0.32268792  0.8564267  -0.02682445  0.73932743]
-------------------------------------------
| rollout/                |               |
|    ep_len_mean          | 178           |
|    ep_rew_mean          | -72           |
|    success_rate         | 0.147         |
| time/                   |               |
|    fps                  | 3             |
|    iterations           | 12            |
|    time_elapsed         | 1659          |
|    total_timesteps      | 6144          |
| train/                  |               |
|    approx_kl            | 0.00076451886 |
|    clip_fraction        | 0             |
|    clip_range           | 0.2           |
|    entropy_loss         | -6.24         |
|    explained_variance   | 0.08          |
|    learning_rate        | 3e-05         |
|    loss                 | 28.4          |
|    n_updates            | 55            |
|    policy_gradient_loss | 0.000553      |
|    std                  | 1             |
|    value_loss           | 56.9          |
-------------------------------------------
19:34:31 [INFO] rl_uav.envs.as2_test_env: Keeping drone airborne for velocity reset...
[ERROR] [1783186472.183384202] [drone0.drone0_interface]: Service returned failure
[ERROR] [1783186472.625299596] [drone0.drone0_interface]: Service returned failure
19:34:48 [INFO] rl_uav.envs.as2_test_env: Reset complete. Initial obs: [-0.7720258  -0.11880679 -0.13528195 -0.87351054]
19:35:29 [INFO] rl_uav.envs.as2_test_env: Keeping drone airborne for velocity reset...
[ERROR] [1783186530.600836577] [drone0.drone0_interface]: Service returned failure
[ERROR] [1783186531.058919664] [drone0.drone0_interface]: Service returned failure
19:35:43 [INFO] rl_uav.envs.as2_test_env: Reset complete. Initial obs: [ 0.8872878  -0.42964292  0.07779229  0.84185344]
19:36:24 [INFO] rl_uav.envs.as2_test_env: Keeping drone airborne for velocity reset...
[ERROR] [1783186585.210409795] [drone0.drone0_interface]: Service returned failure
[ERROR] [1783186585.678172004] [drone0.drone0_interface]: Service returned failure
19:36:40 [INFO] rl_uav.envs.as2_test_env: Reset complete. Initial obs: [ 0.17211916  0.74230874 -0.05700713 -0.17788434]
------------------------------------------
| rollout/                |              |
|    ep_len_mean          | 180          |
|    ep_rew_mean          | -73.1        |
|    success_rate         | 0.162        |
| time/                   |              |
|    fps                  | 3            |
|    iterations           | 13           |
|    time_elapsed         | 1811         |
|    total_timesteps      | 6656         |
| train/                  |              |
|    approx_kl            | 0.0077899727 |
|    clip_fraction        | 0.0254       |
|    clip_range           | 0.2          |
|    entropy_loss         | -5.4         |
|    explained_variance   | 0.102        |
|    learning_rate        | 3e-05        |
|    loss                 | 13.3         |
|    n_updates            | 60           |
|    policy_gradient_loss | -0.00649     |
|    std                  | 1            |
|    value_loss           | 26.9         |
------------------------------------------
19:37:21 [INFO] rl_uav.envs.as2_test_env: Keeping drone airborne for velocity reset...
[ERROR] [1783186642.523213762] [drone0.drone0_interface]: Service returned failure
[ERROR] [1783186642.999190843] [drone0.drone0_interface]: Service returned failure
19:37:32 [INFO] rl_uav.envs.as2_test_env: Reset complete. Initial obs: [-0.49814633 -0.47001818  0.02444875  0.57920915]
19:38:13 [INFO] rl_uav.envs.as2_test_env: Keeping drone airborne for velocity reset...
[ERROR] [1783186693.932017102] [drone0.drone0_interface]: Service returned failure
[ERROR] [1783186694.418807851] [drone0.drone0_interface]: Service returned failure
19:38:27 [INFO] rl_uav.envs.as2_test_env: Reset complete. Initial obs: [ 0.21839258 -0.23807193 -0.03647092 -0.1531222 ]
-------------------------------------------
| rollout/                |               |
|    ep_len_mean          | 181           |
|    ep_rew_mean          | -75.2         |
|    success_rate         | 0.154         |
| time/                   |               |
|    fps                  | 3             |
|    iterations           | 14            |
|    time_elapsed         | 1941          |
|    total_timesteps      | 7168          |
| train/                  |               |
|    approx_kl            | 0.00091674284 |
|    clip_fraction        | 0.00391       |
|    clip_range           | 0.2           |
|    entropy_loss         | -6.32         |
|    explained_variance   | 0.0911        |
|    learning_rate        | 3e-05         |
|    loss                 | 36.9          |
|    n_updates            | 65            |
|    policy_gradient_loss | 3.66e-05      |
|    std                  | 1             |
|    value_loss           | 59.4          |
-------------------------------------------
19:39:08 [INFO] rl_uav.envs.as2_test_env: Keeping drone airborne for velocity reset...
19:39:08 [WARNING] rl_uav.envs.as2_test_env: Reset started at valid low altitude z=1.135; climbing to hover 1.400m with bounded velocity recovery
[ERROR] [1783186751.936859296] [drone0.drone0_interface]: Service returned failure
[ERROR] [1783186752.436646550] [drone0.drone0_interface]: Service returned failure
19:39:21 [INFO] rl_uav.envs.as2_test_env: Reset complete. Initial obs: [ 0.5245478  -0.21476434  0.00326464  0.6608911 ]
19:40:02 [INFO] rl_uav.envs.as2_test_env: Keeping drone airborne for velocity reset...
19:40:02 [WARNING] rl_uav.envs.as2_test_env: Reset started at valid low altitude z=1.100; climbing to hover 1.400m with bounded velocity recovery
[ERROR] [1783186805.251137686] [drone0.drone0_interface]: Service returned failure
[ERROR] [1783186805.762488304] [drone0.drone0_interface]: Service returned failure
19:40:17 [INFO] rl_uav.envs.as2_test_env: Reset complete. Initial obs: [-0.7319019  -0.5932583   0.04178745 -0.53103554]
19:40:58 [INFO] rl_uav.envs.as2_test_env: Keeping drone airborne for velocity reset...
[ERROR] [1783186859.563510450] [drone0.drone0_interface]: Service returned failure
[ERROR] [1783186860.089201843] [drone0.drone0_interface]: Service returned failure
19:41:15 [INFO] rl_uav.envs.as2_test_env: Reset complete. Initial obs: [-0.57451344  0.242948   -0.09112176 -0.8095865 ]
-------------------------------------------
| rollout/                |               |
|    ep_len_mean          | 182           |
|    ep_rew_mean          | -78.1         |
|    success_rate         | 0.143         |
| time/                   |               |
|    fps                  | 3             |
|    iterations           | 15            |
|    time_elapsed         | 2091          |
|    total_timesteps      | 7680          |
| train/                  |               |
|    approx_kl            | 0.00047415018 |
|    clip_fraction        | 0.00273       |
|    clip_range           | 0.2           |
|    entropy_loss         | -6.56         |
|    explained_variance   | 0.174         |
|    learning_rate        | 3e-05         |
|    loss                 | 38.5          |
|    n_updates            | 70            |
|    policy_gradient_loss | -0.000582     |
|    std                  | 1             |
|    value_loss           | 77.5          |
-------------------------------------------
19:41:56 [INFO] rl_uav.envs.as2_test_env: Keeping drone airborne for velocity reset...
[ERROR] [1783186917.777265245] [drone0.drone0_interface]: Service returned failure
[ERROR] [1783186918.314258409] [drone0.drone0_interface]: Service returned failure
19:42:09 [INFO] rl_uav.envs.as2_test_env: Reset complete. Initial obs: [-0.28725833 -0.51136535 -0.17132522  0.05690411]
19:42:50 [INFO] rl_uav.envs.as2_test_env: Keeping drone airborne for velocity reset...
[ERROR] [1783186971.292278810] [drone0.drone0_interface]: Service returned failure
[ERROR] [1783186971.842686831] [drone0.drone0_interface]: Service returned failure
19:43:04 [INFO] rl_uav.envs.as2_test_env: Reset complete. Initial obs: [ 0.05654369  0.9824118   0.06024332 -0.4167038 ]
----------------------------------------
| rollout/                |            |
|    ep_len_mean          | 183        |
|    ep_rew_mean          | -77.5      |
|    success_rate         | 0.136      |
| time/                   |            |
|    fps                  | 3          |
|    iterations           | 16         |
|    time_elapsed         | 2223       |
|    total_timesteps      | 8192       |
| train/                  |            |
|    approx_kl            | 0.00049944 |
|    clip_fraction        | 0          |
|    clip_range           | 0.2        |
|    entropy_loss         | -6.97      |
|    explained_variance   | 0.152      |
|    learning_rate        | 3e-05      |
|    loss                 | 37.4       |
|    n_updates            | 75         |
|    policy_gradient_loss | -0.00182   |
|    std                  | 1          |
|    value_loss           | 79         |
----------------------------------------
19:43:45 [INFO] rl_uav.envs.as2_test_env: Keeping drone airborne for velocity reset...
[ERROR] [1783187026.699323902] [drone0.drone0_interface]: Service returned failure
[ERROR] [1783187027.255980820] [drone0.drone0_interface]: Service returned failure
19:44:02 [INFO] rl_uav.envs.as2_test_env: Reset complete. Initial obs: [-0.5346717  -0.01468613 -0.0119062  -0.56122756]
19:44:44 [INFO] rl_uav.envs.as2_test_env: Keeping drone airborne for velocity reset...
[ERROR] [1783187084.911800378] [drone0.drone0_interface]: Service returned failure
[ERROR] [1783187085.478944838] [drone0.drone0_interface]: Service returned failure
19:44:54 [INFO] rl_uav.envs.as2_test_env: Reset complete. Initial obs: [-0.05201724 -0.53904366  0.1536911   0.7289465 ]
19:45:35 [INFO] rl_uav.envs.as2_test_env: Keeping drone airborne for velocity reset...
[ERROR] [1783187136.125961226] [drone0.drone0_interface]: Service returned failure
[ERROR] [1783187136.707844551] [drone0.drone0_interface]: Service returned failure
19:45:42 [INFO] rl_uav.envs.as2_test_env: Reset complete. Initial obs: [-0.6288196  -0.5221783  -0.01981947  0.6631714 ]
-----------------------------------------
| rollout/                |             |
|    ep_len_mean          | 184         |
|    ep_rew_mean          | -76.9       |
|    success_rate         | 0.128       |
| time/                   |             |
|    fps                  | 3           |
|    iterations           | 17          |
|    time_elapsed         | 2363        |
|    total_timesteps      | 8704        |
| train/                  |             |
|    approx_kl            | 0.001355264 |
|    clip_fraction        | 0           |
|    clip_range           | 0.2         |
|    entropy_loss         | -4.67       |
|    explained_variance   | 0.126       |
|    learning_rate        | 3e-05       |
|    loss                 | 10.4        |
|    n_updates            | 80          |
|    policy_gradient_loss | 0.00258     |
|    std                  | 1           |
|    value_loss           | 21.8        |
-----------------------------------------
19:46:23 [INFO] rl_uav.envs.as2_test_env: Keeping drone airborne for velocity reset...
[ERROR] [1783187184.335270797] [drone0.drone0_interface]: Service returned failure
[ERROR] [1783187184.930761383] [drone0.drone0_interface]: Service returned failure
19:46:37 [INFO] rl_uav.envs.as2_test_env: Reset complete. Initial obs: [ 0.23755078 -0.17430797  0.09793472 -0.40350822]
19:47:18 [INFO] rl_uav.envs.as2_test_env: Keeping drone airborne for velocity reset...
[ERROR] [1783187239.738721303] [drone0.drone0_interface]: Service returned failure
[ERROR] [1783187240.335137503] [drone0.drone0_interface]: Service returned failure
19:47:28 [INFO] rl_uav.envs.as2_test_env: Reset complete. Initial obs: [-0.6329227  -0.02272967  0.02829753  0.78481853]
-----------------------------------------
| rollout/                |             |
|    ep_len_mean          | 185         |
|    ep_rew_mean          | -76.3       |
|    success_rate         | 0.122       |
| time/                   |             |
|    fps                  | 3           |
|    iterations           | 18          |
|    time_elapsed         | 2492        |
|    total_timesteps      | 9216        |
| train/                  |             |
|    approx_kl            | 0.005845229 |
|    clip_fraction        | 0.0215      |
|    clip_range           | 0.2         |
|    entropy_loss         | -5.81       |
|    explained_variance   | 0.277       |
|    learning_rate        | 3e-05       |
|    loss                 | 13.1        |
|    n_updates            | 85          |
|    policy_gradient_loss | -0.00339    |
|    std                  | 1           |
|    value_loss           | 27.4        |
-----------------------------------------
19:48:09 [INFO] rl_uav.envs.as2_test_env: Keeping drone airborne for velocity reset...
19:48:09 [WARNING] rl_uav.envs.as2_test_env: Reset started at valid low altitude z=0.985; climbing to hover 1.400m with bounded velocity recovery
[ERROR] [1783187292.557539513] [drone0.drone0_interface]: Service returned failure
[ERROR] [1783187293.172570259] [drone0.drone0_interface]: Service returned failure
19:48:27 [INFO] rl_uav.envs.as2_test_env: Reset complete. Initial obs: [ 0.45198637  0.34083605  0.02095434 -0.46738532]
19:49:09 [INFO] rl_uav.envs.as2_test_env: Keeping drone airborne for velocity reset...
[ERROR] [1783187350.166329802] [drone0.drone0_interface]: Service returned failure
[ERROR] [1783187350.789420235] [drone0.drone0_interface]: Service returned failure
19:49:26 [INFO] rl_uav.envs.as2_test_env: Reset complete. Initial obs: [ 0.2161361  -0.8191915  -0.05159304  0.97509784]
19:50:08 [INFO] rl_uav.envs.as2_test_env: Keeping drone airborne for velocity reset...
[ERROR] [1783187408.977094916] [drone0.drone0_interface]: Service returned failure
[ERROR] [1783187409.607681572] [drone0.drone0_interface]: Service returned failure
19:50:14 [INFO] rl_uav.envs.as2_test_env: Reset complete. Initial obs: [ 0.15349884 -0.2123272   0.14977318  0.6410876 ]
-----------------------------------------
| rollout/                |             |
|    ep_len_mean          | 185         |
|    ep_rew_mean          | -79.2       |
|    success_rate         | 0.115       |
| time/                   |             |
|    fps                  | 3           |
|    iterations           | 19          |
|    time_elapsed         | 2640        |
|    total_timesteps      | 9728        |
| train/                  |             |
|    approx_kl            | 0.002966619 |
|    clip_fraction        | 0.00508     |
|    clip_range           | 0.2         |
|    entropy_loss         | -5.7        |
|    explained_variance   | 0.253       |
|    learning_rate        | 3e-05       |
|    loss                 | 17.3        |
|    n_updates            | 90          |
|    policy_gradient_loss | 6.26e-05    |
|    std                  | 1           |
|    value_loss           | 33.7        |
-----------------------------------------
19:50:55 [INFO] rl_uav.envs.as2_test_env: Keeping drone airborne for velocity reset...
[ERROR] [1783187456.293892392] [drone0.drone0_interface]: Service returned failure
[ERROR] [1783187456.941989874] [drone0.drone0_interface]: Service returned failure
19:51:08 [INFO] rl_uav.envs.as2_test_env: Reset complete. Initial obs: [-0.60070246  0.4915079   0.05230821 -0.6231356 ]
19:51:49 [INFO] rl_uav.envs.as2_test_env: Keeping drone airborne for velocity reset...
[ERROR] [1783187510.398932073] [drone0.drone0_interface]: Service returned failure
[ERROR] [1783187511.059434758] [drone0.drone0_interface]: Service returned failure
19:52:03 [INFO] rl_uav.envs.as2_test_env: Reset complete. Initial obs: [ 0.23355252  0.05703489  0.0453898  -0.28930807]
19:52:10 [INFO] rl_uav.envs.as2_test_env: Keeping drone airborne for velocity reset...
[ERROR] [1783187531.106742099] [drone0.drone0_interface]: Service returned failure
[ERROR] [1783187531.776506588] [drone0.drone0_interface]: Service returned failure
19:52:22 [INFO] rl_uav.envs.as2_test_env: Reset complete. Initial obs: [-0.4160444   0.32269493  0.06149473 -0.9003101 ]
-------------------------------------------
| rollout/                |               |
|    ep_len_mean          | 183           |
|    ep_rew_mean          | -77.5         |
|    success_rate         | 0.127         |
| time/                   |               |
|    fps                  | 3             |
|    iterations           | 20            |
|    time_elapsed         | 2784          |
|    total_timesteps      | 10240         |
| train/                  |               |
|    approx_kl            | 0.00021173747 |
|    clip_fraction        | 0             |
|    clip_range           | 0.2           |
|    entropy_loss         | -6.85         |
|    explained_variance   | 0.0849        |
|    learning_rate        | 3e-05         |
|    loss                 | 47            |
|    n_updates            | 95            |
|    policy_gradient_loss | -0.00192      |
|    std                  | 1             |
|    value_loss           | 95.4          |
-------------------------------------------
19:53:03 [INFO] rl_uav.envs.as2_test_env: Keeping drone airborne for velocity reset...
[ERROR] [1783187584.624355475] [drone0.drone0_interface]: Service returned failure
[ERROR] [1783187585.300820321] [drone0.drone0_interface]: Service returned failure
19:53:19 [INFO] rl_uav.envs.as2_test_env: Reset complete. Initial obs: [0.12993275 0.3638732  0.10322277 0.3309278 ]
19:54:00 [INFO] rl_uav.envs.as2_test_env: Keeping drone airborne for velocity reset...
19:54:00 [WARNING] rl_uav.envs.as2_test_env: Reset started at valid low altitude z=0.923; climbing to hover 1.400m with bounded velocity recovery
[ERROR] [1783187643.438623520] [drone0.drone0_interface]: Service returned failure
[ERROR] [1783187644.134990172] [drone0.drone0_interface]: Service returned failure
19:54:14 [INFO] rl_uav.envs.as2_test_env: Reset complete. Initial obs: [-0.4283402   0.07506149 -0.07872976  0.52147585]
19:54:55 [INFO] rl_uav.envs.as2_test_env: Keeping drone airborne for velocity reset...
[ERROR] [1783187696.741575601] [drone0.drone0_interface]: Service returned failure
[ERROR] [1783187697.435949757] [drone0.drone0_interface]: Service returned failure
19:55:08 [INFO] rl_uav.envs.as2_test_env: Reset complete. Initial obs: [ 0.50752944  0.18947944 -0.11523178 -0.94996697]
------------------------------------------
| rollout/                |              |
|    ep_len_mean          | 184          |
|    ep_rew_mean          | -79.2        |
|    success_rate         | 0.121        |
| time/                   |              |
|    fps                  | 3            |
|    iterations           | 21           |
|    time_elapsed         | 2933         |
|    total_timesteps      | 10752        |
| train/                  |              |
|    approx_kl            | 0.0003235899 |
|    clip_fraction        | 0            |
|    clip_range           | 0.2          |
|    entropy_loss         | -5.79        |
|    explained_variance   | 0.171        |
|    learning_rate        | 3e-05        |
|    loss                 | 25.7         |
|    n_updates            | 100          |
|    policy_gradient_loss | -0.00185     |
|    std                  | 1            |
|    value_loss           | 41.1         |
------------------------------------------
19:55:50 [INFO] rl_uav.envs.as2_test_env: Keeping drone airborne for velocity reset...
[ERROR] [1783187751.551541257] [drone0.drone0_interface]: Service returned failure
[ERROR] [1783187752.269111830] [drone0.drone0_interface]: Service returned failure
19:56:02 [INFO] rl_uav.envs.as2_test_env: Reset complete. Initial obs: [ 0.44755134 -0.26948467 -0.0270218   0.82004863]
19:56:44 [INFO] rl_uav.envs.as2_test_env: Keeping drone airborne for velocity reset...
[ERROR] [1783187805.168575191] [drone0.drone0_interface]: Service returned failure
[ERROR] [1783187805.897617655] [drone0.drone0_interface]: Service returned failure
19:56:59 [INFO] rl_uav.envs.as2_test_env: Reset complete. Initial obs: [-0.02730938  1.          0.00822326 -0.5965823 ]
-------------------------------------------
| rollout/                |               |
|    ep_len_mean          | 185           |
|    ep_rew_mean          | -79.5         |
|    success_rate         | 0.117         |
| time/                   |               |
|    fps                  | 3             |
|    iterations           | 22            |
|    time_elapsed         | 3066          |
|    total_timesteps      | 11264         |
| train/                  |               |
|    approx_kl            | 0.00014242798 |
|    clip_fraction        | 0             |
|    clip_range           | 0.2           |
|    entropy_loss         | -5.92         |
|    explained_variance   | 0.128         |
|    learning_rate        | 3e-05         |
|    loss                 | 33.5          |
|    n_updates            | 105           |
|    policy_gradient_loss | -0.00157      |
|    std                  | 1             |
|    value_loss           | 74.3          |
-------------------------------------------
19:57:40 [INFO] rl_uav.envs.as2_test_env: Keeping drone airborne for velocity reset...
[ERROR] [1783187861.678192559] [drone0.drone0_interface]: Service returned failure
[ERROR] [1783187862.417304493] [drone0.drone0_interface]: Service returned failure
19:57:53 [INFO] rl_uav.envs.as2_test_env: Reset complete. Initial obs: [ 0.35092166 -0.644157   -0.00432048  0.40911758]
19:58:34 [INFO] rl_uav.envs.as2_test_env: Keeping drone airborne for velocity reset...
[ERROR] [1783187915.654692352] [drone0.drone0_interface]: Service returned failure
[ERROR] [1783187916.409293763] [drone0.drone0_interface]: Service returned failure
19:58:48 [INFO] rl_uav.envs.as2_test_env: Reset complete. Initial obs: [-0.73301804  0.21962683  0.08989418 -0.23922366]
19:59:29 [INFO] rl_uav.envs.as2_test_env: Keeping drone airborne for velocity reset...
[ERROR] [1783187970.669046892] [drone0.drone0_interface]: Service returned failure
[ERROR] [1783187971.389155661] [drone0.drone0_interface]: Service returned failure
19:59:43 [INFO] rl_uav.envs.as2_test_env: Reset complete. Initial obs: [-0.33882803  0.25929117 -0.02535171 -0.6802421 ]
-------------------------------------------
| rollout/                |               |
|    ep_len_mean          | 185           |
|    ep_rew_mean          | -80.5         |
|    success_rate         | 0.111         |
| time/                   |               |
|    fps                  | 3             |
|    iterations           | 23            |
|    time_elapsed         | 3212          |
|    total_timesteps      | 11776         |
| train/                  |               |
|    approx_kl            | 0.00040522334 |
|    clip_fraction        | 0             |
|    clip_range           | 0.2           |
|    entropy_loss         | -5.74         |
|    explained_variance   | 0.0979        |
|    learning_rate        | 3e-05         |
|    loss                 | 23.5          |
|    n_updates            | 110           |
|    policy_gradient_loss | -0.00252      |
|    std                  | 1             |
|    value_loss           | 48.3          |
-------------------------------------------
20:00:25 [INFO] rl_uav.envs.as2_test_env: Keeping drone airborne for velocity reset...
[ERROR] [1783188026.206207925] [drone0.drone0_interface]: Service returned failure
[ERROR] [1783188026.963554846] [drone0.drone0_interface]: Service returned failure
20:00:36 [INFO] rl_uav.envs.as2_test_env: Reset complete. Initial obs: [-0.21430846  0.5492529  -0.07367846  0.2364884 ]
20:01:17 [INFO] rl_uav.envs.as2_test_env: Keeping drone airborne for velocity reset...
[ERROR] [1783188078.733251009] [drone0.drone0_interface]: Service returned failure
[ERROR] [1783188079.520820129] [drone0.drone0_interface]: Service returned failure
20:01:30 [INFO] rl_uav.envs.as2_test_env: Reset complete. Initial obs: [ 0.29059508  0.12290592  0.10306276 -0.46473694]
20:02:11 [INFO] rl_uav.envs.as2_test_env: Keeping drone airborne for velocity reset...
20:02:11 [WARNING] rl_uav.envs.as2_test_env: Reset started at valid low altitude z=1.040; climbing to hover 1.400m with bounded velocity recovery
[ERROR] [1783188135.838197004] [drone0.drone0_interface]: Service returned failure
[ERROR] [1783188136.635167923] [drone0.drone0_interface]: Service returned failure
20:02:28 [INFO] rl_uav.envs.as2_test_env: Reset complete. Initial obs: [-0.15358093 -0.51905036 -0.12693898 -0.42347902]
-------------------------------------------
| rollout/                |               |
|    ep_len_mean          | 186           |
|    ep_rew_mean          | -79.9         |
|    success_rate         | 0.106         |
| time/                   |               |
|    fps                  | 3             |
|    iterations           | 24            |
|    time_elapsed         | 3359          |
|    total_timesteps      | 12288         |
| train/                  |               |
|    approx_kl            | 7.0875394e-05 |
|    clip_fraction        | 0             |
|    clip_range           | 0.2           |
|    entropy_loss         | -6.25         |
|    explained_variance   | 0.312         |
|    learning_rate        | 3e-05         |
|    loss                 | 19.1          |
|    n_updates            | 115           |
|    policy_gradient_loss | -0.00157      |
|    std                  | 1             |
|    value_loss           | 54.4          |
-------------------------------------------
20:03:09 [INFO] rl_uav.envs.as2_test_env: Keeping drone airborne for velocity reset...
[ERROR] [1783188191.043563063] [drone0.drone0_interface]: Service returned failure
[ERROR] [1783188191.842905500] [drone0.drone0_interface]: Service returned failure
20:03:23 [INFO] rl_uav.envs.as2_test_env: Reset complete. Initial obs: [-0.8054448  -0.16405234  0.02037452  0.55594784]
20:04:04 [INFO] rl_uav.envs.as2_test_env: Keeping drone airborne for velocity reset...
[ERROR] [1783188245.358413905] [drone0.drone0_interface]: Service returned failure
[ERROR] [1783188246.182174504] [drone0.drone0_interface]: Service returned failure
20:04:15 [INFO] rl_uav.envs.as2_test_env: Reset complete. Initial obs: [ 0.47121075 -0.50925875  0.06699729 -0.8916409 ]
------------------------------------------
| rollout/                |              |
|    ep_len_mean          | 186          |
|    ep_rew_mean          | -79.8        |
|    success_rate         | 0.103        |
| time/                   |              |
|    fps                  | 3            |
|    iterations           | 25           |
|    time_elapsed         | 3489         |
|    total_timesteps      | 12800        |
| train/                  |              |
|    approx_kl            | 0.0008806172 |
|    clip_fraction        | 0            |
|    clip_range           | 0.2          |
|    entropy_loss         | -5.68        |
|    explained_variance   | 0.167        |
|    learning_rate        | 3e-05        |
|    loss                 | 16.7         |
|    n_updates            | 120          |
|    policy_gradient_loss | -0.00311     |
|    std                  | 1            |
|    value_loss           | 28.6         |
------------------------------------------
20:04:57 [INFO] rl_uav.envs.as2_test_env: Keeping drone airborne for velocity reset...
[ERROR] [1783188298.168589147] [drone0.drone0_interface]: Service returned failure
[ERROR] [1783188298.993131386] [drone0.drone0_interface]: Service returned failure
20:05:08 [INFO] rl_uav.envs.as2_test_env: Reset complete. Initial obs: [-0.3527499   0.20176393  0.06114851 -0.34968403]
20:05:50 [INFO] rl_uav.envs.as2_test_env: Keeping drone airborne for velocity reset...
20:05:50 [WARNING] rl_uav.envs.as2_test_env: Reset started at valid low altitude z=1.091; climbing to hover 1.400m with bounded velocity recovery
[ERROR] [1783188353.680498339] [drone0.drone0_interface]: Service returned failure
[ERROR] [1783188354.521775058] [drone0.drone0_interface]: Service returned failure
20:06:08 [INFO] rl_uav.envs.as2_test_env: Reset complete. Initial obs: [-0.50607026  0.03953726 -0.11352554 -0.37960362]
20:06:50 [INFO] rl_uav.envs.as2_test_env: Keeping drone airborne for velocity reset...
[ERROR] [1783188411.091780233] [drone0.drone0_interface]: Service returned failure
[ERROR] [1783188411.943970689] [drone0.drone0_interface]: Service returned failure
20:07:03 [INFO] rl_uav.envs.as2_test_env: Reset complete. Initial obs: [-0.52163965 -0.37632322  0.04313342 -0.2325984 ]
------------------------------------------
| rollout/                |              |
|    ep_len_mean          | 187          |
|    ep_rew_mean          | -80.3        |
|    success_rate         | 0.0986       |
| time/                   |              |
|    fps                  | 3            |
|    iterations           | 26           |
|    time_elapsed         | 3640         |
|    total_timesteps      | 13312        |
| train/                  |              |
|    approx_kl            | 0.0005529749 |
|    clip_fraction        | 0            |
|    clip_range           | 0.2          |
|    entropy_loss         | -6.8         |
|    explained_variance   | 0.282        |
|    learning_rate        | 3e-05        |
|    loss                 | 15.4         |
|    n_updates            | 125          |
|    policy_gradient_loss | 0.000821     |
|    std                  | 1            |
|    value_loss           | 34.3         |
------------------------------------------
20:07:21 [INFO] rl_uav.envs.as2_test_env: Keeping drone airborne for velocity reset...
[ERROR] [1783188442.600087203] [drone0.drone0_interface]: Service returned failure
[ERROR] [1783188443.460453471] [drone0.drone0_interface]: Service returned failure
20:07:31 [INFO] rl_uav.envs.as2_test_env: Reset complete. Initial obs: [ 0.91352475  0.0774553   0.02302108 -0.34778616]
20:08:13 [INFO] rl_uav.envs.as2_test_env: Keeping drone airborne for velocity reset...
[ERROR] [1783188494.506108153] [drone0.drone0_interface]: Service returned failure
[ERROR] [1783188495.384955234] [drone0.drone0_interface]: Service returned failure
20:08:30 [INFO] rl_uav.envs.as2_test_env: Reset complete. Initial obs: [ 0.56236804  0.4106031  -0.0354696  -0.73349845]
20:09:12 [INFO] rl_uav.envs.as2_test_env: Keeping drone airborne for velocity reset...
[ERROR] [1783188553.327856621] [drone0.drone0_interface]: Service returned failure
[ERROR] [1783188554.217412597] [drone0.drone0_interface]: Service returned failure
20:09:23 [INFO] rl_uav.envs.as2_test_env: Reset complete. Initial obs: [ 0.73781794  0.09765048  0.01147233 -0.7390319 ]
------------------------------------------
| rollout/                |              |
|    ep_len_mean          | 186          |
|    ep_rew_mean          | -78.9        |
|    success_rate         | 0.108        |
| time/                   |              |
|    fps                  | 3            |
|    iterations           | 27           |
|    time_elapsed         | 3785         |
|    total_timesteps      | 13824        |
| train/                  |              |
|    approx_kl            | 0.0018874754 |
|    clip_fraction        | 0.0043       |
|    clip_range           | 0.2          |
|    entropy_loss         | -5.92        |
|    explained_variance   | 0.336        |
|    learning_rate        | 3e-05        |
|    loss                 | 15.4         |
|    n_updates            | 130          |
|    policy_gradient_loss | -0.00668     |
|    std                  | 1            |
|    value_loss           | 36.2         |
------------------------------------------
20:10:05 [INFO] rl_uav.envs.as2_test_env: Keeping drone airborne for velocity reset...
[ERROR] [1783188606.540159401] [drone0.drone0_interface]: Service returned failure
[ERROR] [1783188607.437015830] [drone0.drone0_interface]: Service returned failure
20:10:19 [INFO] rl_uav.envs.as2_test_env: Reset complete. Initial obs: [ 0.360865    0.31929153 -0.12765987 -0.7629453 ]
20:11:00 [INFO] rl_uav.envs.as2_test_env: Keeping drone airborne for velocity reset...
[ERROR] [1783188661.649896921] [drone0.drone0_interface]: Service returned failure
[ERROR] [1783188662.544148306] [drone0.drone0_interface]: Service returned failure
20:11:15 [INFO] rl_uav.envs.as2_test_env: Reset complete. Initial obs: [-0.10888252  0.67455095 -0.00786361 -0.44627827]
------------------------------------------
| rollout/                |              |
|    ep_len_mean          | 186          |
|    ep_rew_mean          | -79.5        |
|    success_rate         | 0.105        |
| time/                   |              |
|    fps                  | 3            |
|    iterations           | 28           |
|    time_elapsed         | 3920         |
|    total_timesteps      | 14336        |
| train/                  |              |
|    approx_kl            | 0.0014604031 |
|    clip_fraction        | 0.00273      |
|    clip_range           | 0.2          |
|    entropy_loss         | -5.02        |
|    explained_variance   | 0.23         |
|    learning_rate        | 3e-05        |
|    loss                 | 12.9         |
|    n_updates            | 135          |
|    policy_gradient_loss | -0.00514     |
|    std                  | 1            |
|    value_loss           | 29           |
------------------------------------------
20:11:56 [INFO] rl_uav.envs.as2_test_env: Keeping drone airborne for velocity reset...
[ERROR] [1783188718.064859683] [drone0.drone0_interface]: Service returned failure
[ERROR] [1783188718.991110171] [drone0.drone0_interface]: Service returned failure
20:12:09 [INFO] rl_uav.envs.as2_test_env: Reset complete. Initial obs: [ 0.27440485 -0.930904   -0.12293307  0.9039731 ]
20:12:51 [INFO] rl_uav.envs.as2_test_env: Keeping drone airborne for velocity reset...
20:12:51 [WARNING] rl_uav.envs.as2_test_env: Reset started at valid low altitude z=1.025; climbing to hover 1.400m with bounded velocity recovery
[ERROR] [1783188774.481336137] [drone0.drone0_interface]: Service returned failure
[ERROR] [1783188775.415941630] [drone0.drone0_interface]: Service returned failure
20:13:08 [INFO] rl_uav.envs.as2_test_env: Reset complete. Initial obs: [ 0.49378204  0.5257238  -0.12680347  0.9849396 ]
20:13:25 [INFO] rl_uav.envs.as2_test_env: Keeping drone airborne for velocity reset...
[ERROR] [1783188807.085332769] [drone0.drone0_interface]: Service returned failure
[ERROR] [1783188808.028745644] [drone0.drone0_interface]: Service returned failure
20:13:35 [INFO] rl_uav.envs.as2_test_env: Reset complete. Initial obs: [-0.65668744 -0.54323316  0.05128469 -0.34691858]
20:14:17 [INFO] rl_uav.envs.as2_test_env: Keeping drone airborne for velocity reset...
[ERROR] [1783188858.301493528] [drone0.drone0_interface]: Service returned failure
[ERROR] [1783188859.258003269] [drone0.drone0_interface]: Service returned failure
20:14:27 [INFO] rl_uav.envs.as2_test_env: Reset complete. Initial obs: [ 0.545938    0.459224    0.14278762 -0.7417167 ]
-------------------------------------------
| rollout/                |               |
|    ep_len_mean          | 186           |
|    ep_rew_mean          | -79.2         |
|    success_rate         | 0.113         |
| time/                   |               |
|    fps                  | 3             |
|    iterations           | 29            |
|    time_elapsed         | 4077          |
|    total_timesteps      | 14848         |
| train/                  |               |
|    approx_kl            | 0.00087359536 |
|    clip_fraction        | 0             |
|    clip_range           | 0.2           |
|    entropy_loss         | -5.76         |
|    explained_variance   | 0.332         |
|    learning_rate        | 3e-05         |
|    loss                 | 21            |
|    n_updates            | 140           |
|    policy_gradient_loss | -0.00127      |
|    std                  | 1             |
|    value_loss           | 40.6          |
-------------------------------------------
20:15:08 [INFO] rl_uav.envs.as2_test_env: Keeping drone airborne for velocity reset...
[ERROR] [1783188910.207423033] [drone0.drone0_interface]: Service returned failure
[ERROR] [1783188911.170489674] [drone0.drone0_interface]: Service returned failure
20:15:26 [INFO] rl_uav.envs.as2_test_env: Reset complete. Initial obs: [0.5979058  0.5259485  0.04385388 0.8902603 ]
20:16:07 [INFO] rl_uav.envs.as2_test_env: Keeping drone airborne for velocity reset...
[ERROR] [1783188968.718089956] [drone0.drone0_interface]: Service returned failure
[ERROR] [1783188969.697420252] [drone0.drone0_interface]: Service returned failure
20:16:23 [INFO] rl_uav.envs.as2_test_env: Reset complete. Initial obs: [-0.3693179  -0.7830485   0.10465223 -0.05518257]
------------------------------------------
| rollout/                |              |
|    ep_len_mean          | 186          |
|    ep_rew_mean          | -79          |
|    success_rate         | 0.11         |
| time/                   |              |
|    fps                  | 3            |
|    iterations           | 30           |
|    time_elapsed         | 4216         |
|    total_timesteps      | 15360        |
| train/                  |              |
|    approx_kl            | 0.0001864701 |
|    clip_fraction        | 0            |
|    clip_range           | 0.2          |
|    entropy_loss         | -6.98        |
|    explained_variance   | 0.298        |
|    learning_rate        | 3e-05        |
|    loss                 | 24.7         |
|    n_updates            | 145          |
|    policy_gradient_loss | -0.00169     |
|    std                  | 1            |
|    value_loss           | 58.7         |
------------------------------------------
20:17:05 [INFO] rl_uav.envs.as2_test_env: Keeping drone airborne for velocity reset...
[ERROR] [1783189026.733561266] [drone0.drone0_interface]: Service returned failure
[ERROR] [1783189028.331950527] [drone0.drone0_interface]: Service returned failure
20:17:21 [INFO] rl_uav.envs.as2_test_env: Reset complete. Initial obs: [-0.39990312  0.34165642  0.04751144 -0.6960987 ]
20:18:03 [INFO] rl_uav.envs.as2_test_env: Keeping drone airborne for velocity reset...
[ERROR] [1783189084.342084956] [drone0.drone0_interface]: Service returned failure
[ERROR] [1783189085.338528959] [drone0.drone0_interface]: Service returned failure
20:18:24 [INFO] rl_uav.envs.as2_test_env: Reset complete. Initial obs: [ 0.7606079  -0.26265138  0.00399245  0.12612884]
20:19:05 [INFO] rl_uav.envs.as2_test_env: Keeping drone airborne for velocity reset...
[ERROR] [1783189146.560776130] [drone0.drone0_interface]: Service returned failure
[ERROR] [1783189147.574874337] [drone0.drone0_interface]: Service returned failure
20:19:17 [INFO] rl_uav.envs.as2_test_env: Reset complete. Initial obs: [-0.00809267  0.31524026  0.03816038  0.12807591]
-----------------------------------------
| rollout/                |             |
|    ep_len_mean          | 186         |
|    ep_rew_mean          | -80         |
|    success_rate         | 0.106       |
| time/                   |             |
|    fps                  | 3           |
|    iterations           | 31          |
|    time_elapsed         | 4372        |
|    total_timesteps      | 15872       |
| train/                  |             |
|    approx_kl            | 0.002642152 |
|    clip_fraction        | 0.0082      |
|    clip_range           | 0.2         |
|    entropy_loss         | -6.44       |
|    explained_variance   | 0.458       |
|    learning_rate        | 3e-05       |
|    loss                 | 13.8        |
|    n_updates            | 150         |
|    policy_gradient_loss | -0.00947    |
|    std                  | 1           |
|    value_loss           | 30.9        |
-----------------------------------------
20:19:58 [INFO] rl_uav.envs.as2_test_env: Keeping drone airborne for velocity reset...
[ERROR] [1783189200.456960930] [drone0.drone0_interface]: Service returned failure
[ERROR] [1783189201.479026551] [drone0.drone0_interface]: Service returned failure
20:20:18 [INFO] rl_uav.envs.as2_test_env: Reset complete. Initial obs: [ 0.46255025  0.64340043 -0.14531338  0.38008568]
20:20:59 [INFO] rl_uav.envs.as2_test_env: Keeping drone airborne for velocity reset...
[ERROR] [1783189261.471188572] [drone0.drone0_interface]: Service returned failure
[ERROR] [1783189262.499421437] [drone0.drone0_interface]: Service returned failure
20:21:14 [INFO] rl_uav.envs.as2_test_env: Reset complete. Initial obs: [ 0.7765419  -0.19495387 -0.08474009  0.82603645]
------------------------------------------
| rollout/                |              |
|    ep_len_mean          | 187          |
|    ep_rew_mean          | -79.5        |
|    success_rate         | 0.103        |
| time/                   |              |
|    fps                  | 3            |
|    iterations           | 32           |
|    time_elapsed         | 4512         |
|    total_timesteps      | 16384        |
| train/                  |              |
|    approx_kl            | 0.0008371532 |
|    clip_fraction        | 0            |
|    clip_range           | 0.2          |
|    entropy_loss         | -6.83        |
|    explained_variance   | 0.233        |
|    learning_rate        | 3e-05        |
|    loss                 | 22.6         |
|    n_updates            | 155          |
|    policy_gradient_loss | 0.00124      |
|    std                  | 1            |
|    value_loss           | 47.5         |
------------------------------------------
20:21:56 [INFO] rl_uav.envs.as2_test_env: Keeping drone airborne for velocity reset...
[ERROR] [1783189317.991652910] [drone0.drone0_interface]: Service returned failure
[ERROR] [1783189319.689301701] [drone0.drone0_interface]: Service returned failure
20:22:09 [INFO] rl_uav.envs.as2_test_env: Reset complete. Initial obs: [-0.08066863  0.64078426  0.05248746 -0.67576677]
20:22:51 [INFO] rl_uav.envs.as2_test_env: Keeping drone airborne for velocity reset...
[ERROR] [1783189372.498228152] [drone0.drone0_interface]: Service returned failure
[ERROR] [1783189373.555299126] [drone0.drone0_interface]: Service returned failure
20:23:10 [INFO] rl_uav.envs.as2_test_env: Reset complete. Initial obs: [-0.02220831 -0.28125864 -0.11289988 -0.17004575]
20:23:51 [INFO] rl_uav.envs.as2_test_env: Keeping drone airborne for velocity reset...
[ERROR] [1783189432.708624756] [drone0.drone0_interface]: Service returned failure
[ERROR] [1783189433.775737190] [drone0.drone0_interface]: Service returned failure
20:24:05 [INFO] rl_uav.envs.as2_test_env: Reset complete. Initial obs: [ 0.5286689  -0.41975257  0.01662952 -0.7307245 ]
------------------------------------------
| rollout/                |              |
|    ep_len_mean          | 187          |
|    ep_rew_mean          | -79.8        |
|    success_rate         | 0.1          |
| time/                   |              |
|    fps                  | 3            |
|    iterations           | 33           |
|    time_elapsed         | 4665         |
|    total_timesteps      | 16896        |
| train/                  |              |
|    approx_kl            | 0.0034707785 |
|    clip_fraction        | 0.0168       |
|    clip_range           | 0.2          |
|    entropy_loss         | -5.71        |
|    explained_variance   | 0.48         |
|    learning_rate        | 3e-05        |
|    loss                 | 16.6         |
|    n_updates            | 160          |
|    policy_gradient_loss | 0.00851      |
|    std                  | 1            |
|    value_loss           | 41.9         |
------------------------------------------
20:24:46 [INFO] rl_uav.envs.as2_test_env: Keeping drone airborne for velocity reset...
[ERROR] [1783189488.722998762] [drone0.drone0_interface]: Service returned failure
[ERROR] [1783189489.805819442] [drone0.drone0_interface]: Service returned failure
20:25:05 [INFO] rl_uav.envs.as2_test_env: Reset complete. Initial obs: [0.24440765 0.10661155 0.0569879  0.00575628]
20:25:37 [INFO] rl_uav.envs.as2_test_env: Keeping drone airborne for velocity reset...
[ERROR] [1783189539.334430429] [drone0.drone0_interface]: Service returned failure
[ERROR] [1783189540.428397827] [drone0.drone0_interface]: Service returned failure
20:25:54 [INFO] rl_uav.envs.as2_test_env: Reset complete. Initial obs: [-0.11591179  0.30207095  0.10318415 -0.2617698 ]
20:26:08 [INFO] rl_uav.envs.as2_test_env: Keeping drone airborne for velocity reset...
[ERROR] [1783189570.344887900] [drone0.drone0_interface]: Service returned failure
[ERROR] [1783189571.444027330] [drone0.drone0_interface]: Service returned failure
20:26:27 [INFO] rl_uav.envs.as2_test_env: Reset complete. Initial obs: [ 0.30072516 -0.300985   -0.14400592 -0.30014122]
------------------------------------------
| rollout/                |              |
|    ep_len_mean          | 186          |
|    ep_rew_mean          | -78.6        |
|    success_rate         | 0.118        |
| time/                   |              |
|    fps                  | 3            |
|    iterations           | 34           |
|    time_elapsed         | 4826         |
|    total_timesteps      | 17408        |
| train/                  |              |
|    approx_kl            | 0.0026980257 |
|    clip_fraction        | 0.00508      |
|    clip_range           | 0.2          |
|    entropy_loss         | -5.91        |
|    explained_variance   | 0.55         |
|    learning_rate        | 3e-05        |
|    loss                 | 7.9          |
|    n_updates            | 165          |
|    policy_gradient_loss | 0.00174      |
|    std                  | 1            |
|    value_loss           | 17           |
------------------------------------------
20:27:08 [INFO] rl_uav.envs.as2_test_env: Keeping drone airborne for velocity reset...
[ERROR] [1783189630.154240434] [drone0.drone0_interface]: Service returned failure
[ERROR] [1783189631.264384343] [drone0.drone0_interface]: Service returned failure
20:27:24 [INFO] rl_uav.envs.as2_test_env: Reset complete. Initial obs: [ 0.3779094  -0.4527554  -0.06081395 -0.576837  ]
20:28:05 [INFO] rl_uav.envs.as2_test_env: Keeping drone airborne for velocity reset...
20:28:05 [WARNING] rl_uav.envs.as2_test_env: Reset started at valid low altitude z=0.911; climbing to hover 1.400m with bounded velocity recovery
[ERROR] [1783189689.972075459] [drone0.drone0_interface]: Service returned failure
[ERROR] [1783189691.101577207] [drone0.drone0_interface]: Service returned failure
20:28:22 [INFO] rl_uav.envs.as2_test_env: Reset complete. Initial obs: [ 0.38782308 -0.65894556 -0.03723663 -0.19352804]
20:29:03 [INFO] rl_uav.envs.as2_test_env: Keeping drone airborne for velocity reset...
20:29:03 [WARNING] rl_uav.envs.as2_test_env: Reset started at valid low altitude z=1.016; climbing to hover 1.400m with bounded velocity recovery
[ERROR] [1783189747.284793270] [drone0.drone0_interface]: Service returned failure
[ERROR] [1783189748.415950537] [drone0.drone0_interface]: Service returned failure
20:29:21 [INFO] rl_uav.envs.as2_test_env: Reset complete. Initial obs: [-0.18186378  0.95391804 -0.06532388  0.5847061 ]
------------------------------------------
| rollout/                |              |
|    ep_len_mean          | 186          |
|    ep_rew_mean          | -78.3        |
|    success_rate         | 0.115        |
| time/                   |              |
|    fps                  | 3            |
|    iterations           | 35           |
|    time_elapsed         | 4981         |
|    total_timesteps      | 17920        |
| train/                  |              |
|    approx_kl            | 0.0035085785 |
|    clip_fraction        | 0.00547      |
|    clip_range           | 0.2          |
|    entropy_loss         | -5.65        |
|    explained_variance   | 0.376        |
|    learning_rate        | 3e-05        |
|    loss                 | 26.9         |
|    n_updates            | 170          |
|    policy_gradient_loss | 0.00501      |
|    std                  | 0.999        |
|    value_loss           | 44.4         |
------------------------------------------
20:30:02 [INFO] rl_uav.envs.as2_test_env: Keeping drone airborne for velocity reset...
[ERROR] [1783189803.692420007] [drone0.drone0_interface]: Service returned failure
[ERROR] [1783189804.836207888] [drone0.drone0_interface]: Service returned failure
20:30:19 [INFO] rl_uav.envs.as2_test_env: Reset complete. Initial obs: [ 0.75767416 -0.49236476 -0.13459662  0.9859166 ]
20:31:00 [INFO] rl_uav.envs.as2_test_env: Keeping drone airborne for velocity reset...
[ERROR] [1783189862.183262832] [drone0.drone0_interface]: Service returned failure
[ERROR] [1783189863.341517659] [drone0.drone0_interface]: Service returned failure
20:31:25 [INFO] rl_uav.envs.as2_test_env: Reset complete. Initial obs: [-0.070048   -0.9350737  -0.07090869  0.49435034]
------------------------------------------
| rollout/                |              |
|    ep_len_mean          | 186          |
|    ep_rew_mean          | -79.4        |
|    success_rate         | 0.112        |
| time/                   |              |
|    fps                  | 3            |
|    iterations           | 36           |
|    time_elapsed         | 5128         |
|    total_timesteps      | 18432        |
| train/                  |              |
|    approx_kl            | 0.0008508697 |
|    clip_fraction        | 0            |
|    clip_range           | 0.2          |
|    entropy_loss         | -6.66        |
|    explained_variance   | 0.47         |
|    learning_rate        | 3e-05        |
|    loss                 | 11           |
|    n_updates            | 175          |
|    policy_gradient_loss | -0.000419    |
|    std                  | 0.999        |
|    value_loss           | 25.7         |
------------------------------------------
20:32:06 [INFO] rl_uav.envs.as2_test_env: Keeping drone airborne for velocity reset...
[ERROR] [1783189928.102265460] [drone0.drone0_interface]: Service returned failure
[ERROR] [1783189929.275012858] [drone0.drone0_interface]: Service returned failure
20:32:26 [INFO] rl_uav.envs.as2_test_env: Reset complete. Initial obs: [-0.51244634  0.33614886 -0.08906242  0.7163155 ]
20:33:07 [INFO] rl_uav.envs.as2_test_env: Keeping drone airborne for velocity reset...
[ERROR] [1783189989.013656317] [drone0.drone0_interface]: Service returned failure
[ERROR] [1783189990.192490622] [drone0.drone0_interface]: Service returned failure
20:33:30 [INFO] rl_uav.envs.as2_test_env: Reset complete. Initial obs: [0.158319   0.1637669  0.10274608 0.4562085 ]
20:34:11 [INFO] rl_uav.envs.as2_test_env: Keeping drone airborne for velocity reset...
[ERROR] [1783190052.838020997] [drone0.drone0_interface]: Service returned failure
[ERROR] [1783190054.032994463] [drone0.drone0_interface]: Service returned failure
20:34:29 [INFO] rl_uav.envs.as2_test_env: Reset complete. Initial obs: [-0.3217669   0.761327   -0.02699306 -0.7111727 ]
-------------------------------------------
| rollout/                |               |
|    ep_len_mean          | 188           |
|    ep_rew_mean          | -80.8         |
|    success_rate         | 0.1           |
| time/                   |               |
|    fps                  | 3             |
|    iterations           | 37            |
|    time_elapsed         | 5295          |
|    total_timesteps      | 18944         |
| train/                  |               |
|    approx_kl            | 0.00013857754 |
|    clip_fraction        | 0             |
|    clip_range           | 0.2           |
|    entropy_loss         | -8.17         |
|    explained_variance   | 0.236         |
|    learning_rate        | 3e-05         |
|    loss                 | 43.7          |
|    n_updates            | 180           |
|    policy_gradient_loss | 0.00036       |
|    std                  | 0.999         |
|    value_loss           | 87.1          |
-------------------------------------------
20:35:10 [INFO] rl_uav.envs.as2_test_env: Keeping drone airborne for velocity reset...
[ERROR] [1783190112.742588026] [drone0.drone0_interface]: Service returned failure
[ERROR] [1783190113.941929325] [drone0.drone0_interface]: Service returned failure
20:35:33 [INFO] rl_uav.envs.as2_test_env: Reset complete. Initial obs: [ 0.33012617 -0.12060835 -0.09539432  0.5370996 ]
20:35:40 [INFO] rl_uav.envs.as2_test_env: Keeping drone airborne for velocity reset...
[ERROR] [1783190142.351459393] [drone0.drone0_interface]: Service returned failure
[ERROR] [1783190143.565119171] [drone0.drone0_interface]: Service returned failure
20:35:58 [INFO] rl_uav.envs.as2_test_env: Reset complete. Initial obs: [0.5292388  0.76969975 0.00521278 0.32240555]
20:36:39 [INFO] rl_uav.envs.as2_test_env: Keeping drone airborne for velocity reset...
[ERROR] [1783190201.558737645] [drone0.drone0_interface]: Service returned failure
[ERROR] [1783190202.784692290] [drone0.drone0_interface]: Service returned failure
20:36:56 [INFO] rl_uav.envs.as2_test_env: Reset complete. Initial obs: [ 0.5663305   0.3521516   0.07115517 -0.6101377 ]
-------------------------------------------
| rollout/                |               |
|    ep_len_mean          | 188           |
|    ep_rew_mean          | -81.9         |
|    success_rate         | 0.1           |
| time/                   |               |
|    fps                  | 3             |
|    iterations           | 38            |
|    time_elapsed         | 5458          |
|    total_timesteps      | 19456         |
| train/                  |               |
|    approx_kl            | 0.00030274794 |
|    clip_fraction        | 0             |
|    clip_range           | 0.2           |
|    entropy_loss         | -6.18         |
|    explained_variance   | 0.417         |
|    learning_rate        | 3e-05         |
|    loss                 | 5.94          |
|    n_updates            | 185           |
|    policy_gradient_loss | -0.000527     |
|    std                  | 0.999         |
|    value_loss           | 17.8          |
-------------------------------------------
20:37:38 [INFO] rl_uav.envs.as2_test_env: Keeping drone airborne for velocity reset...
20:37:38 [WARNING] rl_uav.envs.as2_test_env: Reset started at valid low altitude z=1.157; climbing to hover 1.400m with bounded velocity recovery
[ERROR] [1783190263.381262280] [drone0.drone0_interface]: Service returned failure
[ERROR] [1783190264.615760966] [drone0.drone0_interface]: Service returned failure
20:37:57 [INFO] rl_uav.envs.as2_test_env: Reset complete. Initial obs: [-0.33176056 -0.10177076  0.00984661 -0.04778465]
20:38:39 [INFO] rl_uav.envs.as2_test_env: Keeping drone airborne for velocity reset...
[ERROR] [1783190321.090142014] [drone0.drone0_interface]: Service returned failure
[ERROR] [1783190322.334021152] [drone0.drone0_interface]: Service returned failure
20:38:55 [INFO] rl_uav.envs.as2_test_env: Reset complete. Initial obs: [ 0.15469238 -0.7630375   0.0311668  -0.6150116 ]
20:39:36 [INFO] rl_uav.envs.as2_test_env: Keeping drone airborne for velocity reset...
20:39:36 [WARNING] rl_uav.envs.as2_test_env: Reset started at valid low altitude z=0.851; climbing to hover 1.400m with bounded velocity recovery
[ERROR] [1783190381.295505560] [drone0.drone0_interface]: Service returned failure
[ERROR] [1783190382.557333262] [drone0.drone0_interface]: Service returned failure
20:39:55 [INFO] rl_uav.envs.as2_test_env: Reset complete. Initial obs: [-0.7049999  -0.05221434 -0.15182441  0.80150914]
----------------------------------------
| rollout/                |            |
|    ep_len_mean          | 190        |
|    ep_rew_mean          | -82.3      |
|    success_rate         | 0.09       |
| time/                   |            |
|    fps                  | 3          |
|    iterations           | 39         |
|    time_elapsed         | 5619       |
|    total_timesteps      | 19968      |
| train/                  |            |
|    approx_kl            | 0.00037941 |
|    clip_fraction        | 0          |
|    clip_range           | 0.2        |
|    entropy_loss         | -6.98      |
|    explained_variance   | -0.0156    |
|    learning_rate        | 3e-05      |
|    loss                 | 20.6       |
|    n_updates            | 190        |
|    policy_gradient_loss | -0.00287   |
|    std                  | 0.999      |
|    value_loss           | 53.3       |
----------------------------------------
20:40:37 [INFO] rl_uav.envs.as2_test_env: Keeping drone airborne for velocity reset...
[ERROR] [1783190439.216310583] [drone0.drone0_interface]: Service returned failure
[ERROR] [1783190440.487979861] [drone0.drone0_interface]: Service returned failure
20:40:53 [INFO] rl_uav.envs.as2_test_env: Reset complete. Initial obs: [ 0.13985682  0.9108631  -0.18721107 -0.33265236]
20:41:34 [INFO] rl_uav.envs.as2_test_env: Keeping drone airborne for velocity reset...
20:41:34 [WARNING] rl_uav.envs.as2_test_env: Reset started at valid low altitude z=1.043; climbing to hover 1.400m with bounded velocity recovery
[ERROR] [1783190498.828151742] [drone0.drone0_interface]: Service returned failure
[ERROR] [1783190500.111650501] [drone0.drone0_interface]: Service returned failure
20:41:51 [INFO] rl_uav.envs.as2_test_env: Reset complete. Initial obs: [-0.44303954  0.02114353  0.01321229  0.8276656 ]
------------------------------------------
| rollout/                |              |
|    ep_len_mean          | 190          |
|    ep_rew_mean          | -82.4        |
|    success_rate         | 0.09         |
| time/                   |              |
|    fps                  | 3            |
|    iterations           | 40           |
|    time_elapsed         | 5758         |
|    total_timesteps      | 20480        |
| train/                  |              |
|    approx_kl            | 0.0040813023 |
|    clip_fraction        | 0.0125       |
|    clip_range           | 0.2          |
|    entropy_loss         | -6.62        |
|    explained_variance   | 0.135        |
|    learning_rate        | 3e-05        |
|    loss                 | 7.86         |
|    n_updates            | 195          |
|    policy_gradient_loss | -0.00184     |
|    std                  | 0.999        |
|    value_loss           | 14.6         |
------------------------------------------
20:42:33 [INFO] rl_uav.envs.as2_test_env: Keeping drone airborne for velocity reset...
[ERROR] [1783190555.238390945] [drone0.drone0_interface]: Service returned failure
[ERROR] [1783190556.533480145] [drone0.drone0_interface]: Service returned failure
20:42:47 [INFO] rl_uav.envs.as2_test_env: Reset complete. Initial obs: [ 0.06051727 -0.73157394 -0.07855877  0.5828787 ]
20:43:29 [INFO] rl_uav.envs.as2_test_env: Keeping drone airborne for velocity reset...
20:43:29 [WARNING] rl_uav.envs.as2_test_env: Reset started at valid low altitude z=1.008; climbing to hover 1.400m with bounded velocity recovery
[ERROR] [1783190613.848780931] [drone0.drone0_interface]: Service returned failure
[ERROR] [1783190615.149938416] [drone0.drone0_interface]: Service returned failure
20:43:48 [INFO] rl_uav.envs.as2_test_env: Reset complete. Initial obs: [-0.70039743  0.3157524   0.10726471  0.9186482 ]
20:44:29 [INFO] rl_uav.envs.as2_test_env: Keeping drone airborne for velocity reset...
[ERROR] [1783190671.363656915] [drone0.drone0_interface]: Service returned failure
[ERROR] [1783190672.679143066] [drone0.drone0_interface]: Service returned failure
20:44:44 [INFO] rl_uav.envs.as2_test_env: Reset complete. Initial obs: [ 0.21944577  0.42961854  0.03248154 -0.24407025]
-------------------------------------------
| rollout/                |               |
|    ep_len_mean          | 190           |
|    ep_rew_mean          | -82.2         |
|    success_rate         | 0.09          |
| time/                   |               |
|    fps                  | 3             |
|    iterations           | 41            |
|    time_elapsed         | 5912          |
|    total_timesteps      | 20992         |
| train/                  |               |
|    approx_kl            | 0.00034053787 |
|    clip_fraction        | 0             |
|    clip_range           | 0.2           |
|    entropy_loss         | -6.87         |
|    explained_variance   | 0.585         |
|    learning_rate        | 3e-05         |
|    loss                 | 11            |
|    n_updates            | 200           |
|    policy_gradient_loss | 0.00117       |
|    std                  | 0.999         |
|    value_loss           | 29.3          |
-------------------------------------------
20:45:25 [INFO] rl_uav.envs.as2_test_env: Keeping drone airborne for velocity reset...
[ERROR] [1783190728.069758244] [drone0.drone0_interface]: Service returned failure
[ERROR] [1783190729.396103613] [drone0.drone0_interface]: Service returned failure
20:45:41 [INFO] rl_uav.envs.as2_test_env: Reset complete. Initial obs: [ 0.23436181 -0.5288957  -0.01320176  0.94274783]
20:46:22 [INFO] rl_uav.envs.as2_test_env: Keeping drone airborne for velocity reset...
[ERROR] [1783190784.580943919] [drone0.drone0_interface]: Service returned failure
[ERROR] [1783190785.914532515] [drone0.drone0_interface]: Service returned failure
20:46:44 [INFO] rl_uav.envs.as2_test_env: Reset complete. Initial obs: [-0.49660295  0.3981586  -0.17689943 -0.64351195]
20:47:25 [INFO] rl_uav.envs.as2_test_env: Keeping drone airborne for velocity reset...
[ERROR] [1783190847.396107786] [drone0.drone0_interface]: Service returned failure
[ERROR] [1783190848.752544136] [drone0.drone0_interface]: Service returned failure
20:47:41 [INFO] rl_uav.envs.as2_test_env: Reset complete. Initial obs: [-0.2579187  -0.6670056  -0.03563018 -0.91650784]
-------------------------------------------
| rollout/                |               |
|    ep_len_mean          | 190           |
|    ep_rew_mean          | -81.8         |
|    success_rate         | 0.09          |
| time/                   |               |
|    fps                  | 3             |
|    iterations           | 42            |
|    time_elapsed         | 6071          |
|    total_timesteps      | 21504         |
| train/                  |               |
|    approx_kl            | 0.00088828744 |
|    clip_fraction        | 0.00156       |
|    clip_range           | 0.2           |
|    entropy_loss         | -6.63         |
|    explained_variance   | 0.311         |
|    learning_rate        | 3e-05         |
|    loss                 | 7.46          |
|    n_updates            | 205           |
|    policy_gradient_loss | -0.00119      |
|    std                  | 0.999         |
|    value_loss           | 17.3          |
-------------------------------------------
20:48:23 [INFO] rl_uav.envs.as2_test_env: Keeping drone airborne for velocity reset...
[ERROR] [1783190905.105541870] [drone0.drone0_interface]: Service returned failure
[ERROR] [1783190906.462223692] [drone0.drone0_interface]: Service returned failure
20:48:42 [INFO] rl_uav.envs.as2_test_env: Reset complete. Initial obs: [ 0.41732132 -0.5950235  -0.08894078  0.1385021 ]
20:49:23 [INFO] rl_uav.envs.as2_test_env: Keeping drone airborne for velocity reset...
[ERROR] [1783190965.419174852] [drone0.drone0_interface]: Service returned failure
[ERROR] [1783190966.790470415] [drone0.drone0_interface]: Service returned failure
20:49:42 [INFO] rl_uav.envs.as2_test_env: Reset complete. Initial obs: [ 0.15958664 -0.256553    0.05652072  0.46391863]
------------------------------------------
| rollout/                |              |
|    ep_len_mean          | 190          |
|    ep_rew_mean          | -83.1        |
|    success_rate         | 0.09         |
| time/                   |              |
|    fps                  | 3            |
|    iterations           | 43           |
|    time_elapsed         | 6215         |
|    total_timesteps      | 22016        |
| train/                  |              |
|    approx_kl            | 0.0005495136 |
|    clip_fraction        | 0            |
|    clip_range           | 0.2          |
|    entropy_loss         | -7.14        |
|    explained_variance   | 0.419        |
|    learning_rate        | 3e-05        |
|    loss                 | 8.53         |
|    n_updates            | 210          |
|    policy_gradient_loss | 0.00042      |
|    std                  | 0.999        |
|    value_loss           | 23.7         |
------------------------------------------
20:50:23 [INFO] rl_uav.envs.as2_test_env: Keeping drone airborne for velocity reset...
[ERROR] [1783191025.826419247] [drone0.drone0_interface]: Service returned failure
[ERROR] [1783191027.214420711] [drone0.drone0_interface]: Service returned failure
20:50:44 [INFO] rl_uav.envs.as2_test_env: Reset complete. Initial obs: [-1.         -0.06743184  0.06330483 -0.9842777 ]
20:51:25 [INFO] rl_uav.envs.as2_test_env: Keeping drone airborne for velocity reset...
[ERROR] [1783191088.138729882] [drone0.drone0_interface]: Service returned failure
[ERROR] [1783191089.530429125] [drone0.drone0_interface]: Service returned failure
20:51:47 [INFO] rl_uav.envs.as2_test_env: Reset complete. Initial obs: [ 0.8453729  -0.1386246  -0.10925686  0.12810019]
20:52:29 [INFO] rl_uav.envs.as2_test_env: Keeping drone airborne for velocity reset...
[ERROR] [1783191151.353048280] [drone0.drone0_interface]: Service returned failure
[ERROR] [1783191152.763779443] [drone0.drone0_interface]: Service returned failure
20:52:52 [INFO] rl_uav.envs.as2_test_env: Reset complete. Initial obs: [-0.11636218 -0.5615911   0.04816411 -0.3802833 ]
------------------------------------------
| rollout/                |              |
|    ep_len_mean          | 190          |
|    ep_rew_mean          | -82.5        |
|    success_rate         | 0.09         |
| time/                   |              |
|    fps                  | 3            |
|    iterations           | 44           |
|    time_elapsed         | 6388         |
|    total_timesteps      | 22528        |
| train/                  |              |
|    approx_kl            | 0.0013341799 |
|    clip_fraction        | 0.00195      |
|    clip_range           | 0.2          |
|    entropy_loss         | -7.56        |
|    explained_variance   | 0.466        |
|    learning_rate        | 3e-05        |
|    loss                 | 12           |
|    n_updates            | 215          |
|    policy_gradient_loss | -0.00227     |
|    std                  | 0.999        |
|    value_loss           | 37.5         |
------------------------------------------
20:53:34 [INFO] rl_uav.envs.as2_test_env: Keeping drone airborne for velocity reset...
[ERROR] [1783191216.461776856] [drone0.drone0_interface]: Service returned failure
[ERROR] [1783191217.876835985] [drone0.drone0_interface]: Service returned failure
20:53:54 [INFO] rl_uav.envs.as2_test_env: Reset complete. Initial obs: [ 0.6162334   0.71932954  0.07143906 -0.8385723 ]
20:54:35 [INFO] rl_uav.envs.as2_test_env: Keeping drone airborne for velocity reset...
[ERROR] [1783191278.167608056] [drone0.drone0_interface]: Service returned failure
[ERROR] [1783191279.597895038] [drone0.drone0_interface]: Service returned failure
20:54:58 [INFO] rl_uav.envs.as2_test_env: Reset complete. Initial obs: [-0.4672112   0.05930071 -0.13901979  0.3474473 ]
------------------------------------------
| rollout/                |              |
|    ep_len_mean          | 192          |
|    ep_rew_mean          | -83          |
|    success_rate         | 0.08         |
| time/                   |              |
|    fps                  | 3            |
|    iterations           | 45           |
|    time_elapsed         | 6536         |
|    total_timesteps      | 23040        |
| train/                  |              |
|    approx_kl            | 0.0013981125 |
|    clip_fraction        | 0            |
|    clip_range           | 0.2          |
|    entropy_loss         | -6.64        |
|    explained_variance   | 0.405        |
|    learning_rate        | 3e-05        |
|    loss                 | 4.3          |
|    n_updates            | 220          |
|    policy_gradient_loss | -0.00773     |
|    std                  | 0.999        |
|    value_loss           | 16.5         |
------------------------------------------
20:55:39 [INFO] rl_uav.envs.as2_test_env: Keeping drone airborne for velocity reset...
[ERROR] [1783191341.676802410] [drone0.drone0_interface]: Service returned failure
[ERROR] [1783191343.117408573] [drone0.drone0_interface]: Service returned failure
20:55:56 [INFO] rl_uav.envs.as2_test_env: Reset complete. Initial obs: [-0.19309865  0.37783146  0.18784648  0.14819026]
20:56:37 [INFO] rl_uav.envs.as2_test_env: Keeping drone airborne for velocity reset...
[ERROR] [1783191400.279595958] [drone0.drone0_interface]: Service returned failure
[ERROR] [1783191401.724683015] [drone0.drone0_interface]: Service returned failure
20:57:01 [INFO] rl_uav.envs.as2_test_env: Reset complete. Initial obs: [0.5314515  0.27528864 0.09819004 0.9754187 ]
20:57:42 [INFO] rl_uav.envs.as2_test_env: Keeping drone airborne for velocity reset...
[ERROR] [1783191464.204105151] [drone0.drone0_interface]: Service returned failure
[ERROR] [1783191465.665648535] [drone0.drone0_interface]: Service returned failure
20:58:00 [INFO] rl_uav.envs.as2_test_env: Reset complete. Initial obs: [-0.6654254   0.03946339  0.01305842  0.12513912]
-----------------------------------------
| rollout/                |             |
|    ep_len_mean          | 192         |
|    ep_rew_mean          | -81.9       |
|    success_rate         | 0.08        |
| time/                   |             |
|    fps                  | 3           |
|    iterations           | 46          |
|    time_elapsed         | 6700        |
|    total_timesteps      | 23552       |
| train/                  |             |
|    approx_kl            | 0.002142679 |
|    clip_fraction        | 0           |
|    clip_range           | 0.2         |
|    entropy_loss         | -6.77       |
|    explained_variance   | 0.416       |
|    learning_rate        | 3e-05       |
|    loss                 | 5.93        |
|    n_updates            | 225         |
|    policy_gradient_loss | -0.00195    |
|    std                  | 0.999       |
|    value_loss           | 12.6        |
-----------------------------------------
20:58:42 [INFO] rl_uav.envs.as2_test_env: Keeping drone airborne for velocity reset...
[ERROR] [1783191524.112049192] [drone0.drone0_interface]: Service returned failure
[ERROR] [1783191525.584240310] [drone0.drone0_interface]: Service returned failure
20:59:06 [INFO] rl_uav.envs.as2_test_env: Reset complete. Initial obs: [-0.859257    0.39860055  0.02801635 -0.6181022 ]
20:59:47 [INFO] rl_uav.envs.as2_test_env: Keeping drone airborne for velocity reset...
20:59:47 [WARNING] rl_uav.envs.as2_test_env: Reset started at valid low altitude z=0.980; climbing to hover 1.400m with bounded velocity recovery
[ERROR] [1783191592.925064558] [drone0.drone0_interface]: Service returned failure
[ERROR] [1783191594.412186223] [drone0.drone0_interface]: Service returned failure
21:00:08 [INFO] rl_uav.envs.as2_test_env: Reset complete. Initial obs: [-0.01418244  0.46324608  0.0045645  -0.15491214]
21:00:17 [INFO] rl_uav.envs.as2_test_env: Keeping drone airborne for velocity reset...
[ERROR] [1783191619.742836609] [drone0.drone0_interface]: Service returned failure
[ERROR] [1783191621.239483253] [drone0.drone0_interface]: Service returned failure
21:00:35 [INFO] rl_uav.envs.as2_test_env: Reset complete. Initial obs: [-0.56868196  0.08356587  0.02324018 -0.86571   ]
------------------------------------------
| rollout/                |              |
|    ep_len_mean          | 191          |
|    ep_rew_mean          | -81.9        |
|    success_rate         | 0.08         |
| time/                   |              |
|    fps                  | 3            |
|    iterations           | 47           |
|    time_elapsed         | 6869         |
|    total_timesteps      | 24064        |
| train/                  |              |
|    approx_kl            | 0.0012490299 |
|    clip_fraction        | 0            |
|    clip_range           | 0.2          |
|    entropy_loss         | -7.02        |
|    explained_variance   | 0.396        |
|    learning_rate        | 3e-05        |
|    loss                 | 3.65         |
|    n_updates            | 230          |
|    policy_gradient_loss | -0.00168     |
|    std                  | 0.999        |
|    value_loss           | 12.6         |
------------------------------------------
21:01:16 [INFO] rl_uav.envs.as2_test_env: Keeping drone airborne for velocity reset...
21:01:16 [WARNING] rl_uav.envs.as2_test_env: Reset started at valid low altitude z=0.736; climbing to hover 1.400m with bounded velocity recovery
[ERROR] [1783191681.855948027] [drone0.drone0_interface]: Service returned failure
[ERROR] [1783191683.364922217] [drone0.drone0_interface]: Service returned failure
21:01:40 [INFO] rl_uav.envs.as2_test_env: Reset complete. Initial obs: [0.79433346 0.11222237 0.13083631 0.9922156 ]
21:02:21 [INFO] rl_uav.envs.as2_test_env: Keeping drone airborne for velocity reset...
[ERROR] [1783191743.865249645] [drone0.drone0_interface]: Service returned failure
[ERROR] [1783191745.387336276] [drone0.drone0_interface]: Service returned failure
21:02:42 [INFO] rl_uav.envs.as2_test_env: Reset complete. Initial obs: [-0.04440251  0.8682535  -0.01336138  0.4960516 ]
21:03:23 [INFO] rl_uav.envs.as2_test_env: Keeping drone airborne for velocity reset...
21:03:23 [WARNING] rl_uav.envs.as2_test_env: Reset started at valid low altitude z=1.153; climbing to hover 1.400m with bounded velocity recovery
[ERROR] [1783191808.868418742] [drone0.drone0_interface]: Service returned failure
[ERROR] [1783191810.395485643] [drone0.drone0_interface]: Service returned failure
21:03:41 [INFO] rl_uav.envs.as2_test_env: Reset complete. Initial obs: [-0.36572894  0.1961367   0.01760391 -0.18620734]
------------------------------------------
| rollout/                |              |
|    ep_len_mean          | 191          |
|    ep_rew_mean          | -82.4        |
|    success_rate         | 0.08         |
| time/                   |              |
|    fps                  | 3            |
|    iterations           | 48           |
|    time_elapsed         | 7037         |
|    total_timesteps      | 24576        |
| train/                  |              |
|    approx_kl            | 0.0012112416 |
|    clip_fraction        | 0.00313      |
|    clip_range           | 0.2          |
|    entropy_loss         | -7.11        |
|    explained_variance   | 0.271        |
|    learning_rate        | 3e-05        |
|    loss                 | 5.33         |
|    n_updates            | 235          |
|    policy_gradient_loss | -0.00706     |
|    std                  | 0.999        |
|    value_loss           | 26.2         |
------------------------------------------
21:04:01 [INFO] rl_uav.envs.as2_test_env: Keeping drone airborne for velocity reset...
[ERROR] [1783191844.087110324] [drone0.drone0_interface]: Service returned failure
[ERROR] [1783191845.630100707] [drone0.drone0_interface]: Service returned failure
21:04:16 [INFO] rl_uav.envs.as2_test_env: Reset complete. Initial obs: [-6.0145372e-01  6.4410573e-01  4.8453655e-02  2.8823837e-05]
21:04:58 [INFO] rl_uav.envs.as2_test_env: Keeping drone airborne for velocity reset...
21:04:58 [WARNING] rl_uav.envs.as2_test_env: Reset started at valid low altitude z=1.002; climbing to hover 1.400m with bounded velocity recovery
[ERROR] [1783191903.295364974] [drone0.drone0_interface]: Service returned failure
[ERROR] [1783191904.845597193] [drone0.drone0_interface]: Service returned failure
21:05:23 [INFO] rl_uav.envs.as2_test_env: Reset complete. Initial obs: [ 0.24476555  0.5121      0.06225557 -0.88044006]
21:06:04 [INFO] rl_uav.envs.as2_test_env: Keeping drone airborne for velocity reset...
[ERROR] [1783191966.605403413] [drone0.drone0_interface]: Service returned failure
[ERROR] [1783191968.166586464] [drone0.drone0_interface]: Service returned failure
21:06:22 [INFO] rl_uav.envs.as2_test_env: Reset complete. Initial obs: [ 0.9143021  -0.18266134  0.00837144 -0.9772197 ]
-------------------------------------------
| rollout/                |               |
|    ep_len_mean          | 190           |
|    ep_rew_mean          | -82.1         |
|    success_rate         | 0.09          |
| time/                   |               |
|    fps                  | 3             |
|    iterations           | 49            |
|    time_elapsed         | 7202          |
|    total_timesteps      | 25088         |
| train/                  |               |
|    approx_kl            | 5.7140016e-05 |
|    clip_fraction        | 0             |
|    clip_range           | 0.2           |
|    entropy_loss         | -7.42         |
|    explained_variance   | 0.21          |
|    learning_rate        | 3e-05         |
|    loss                 | 9.66          |
|    n_updates            | 240           |
|    policy_gradient_loss | -0.00231      |
|    std                  | 0.999         |
|    value_loss           | 36            |
-------------------------------------------
21:07:04 [INFO] rl_uav.envs.as2_test_env: Keeping drone airborne for velocity reset...
[ERROR] [1783192026.013946944] [drone0.drone0_interface]: Service returned failure
[ERROR] [1783192027.594545500] [drone0.drone0_interface]: Service returned failure
21:07:21 [INFO] rl_uav.envs.as2_test_env: Reset complete. Initial obs: [ 0.5610294  -0.20229916  0.02742954 -0.09068365]
21:08:01 [INFO] rl_uav.envs.as2_test_env: Keeping drone airborne for velocity reset...
[ERROR] [1783192083.528307447] [drone0.drone0_interface]: Service returned failure
[ERROR] [1783192085.115539372] [drone0.drone0_interface]: Service returned failure
21:08:18 [INFO] rl_uav.envs.as2_test_env: Reset complete. Initial obs: [-0.1751252  -0.08505379  0.14456163 -0.48306283]
------------------------------------------
| rollout/                |              |
|    ep_len_mean          | 190          |
|    ep_rew_mean          | -81.9        |
|    success_rate         | 0.09         |
| time/                   |              |
|    fps                  | 3            |
|    iterations           | 50           |
|    time_elapsed         | 7342         |
|    total_timesteps      | 25600        |
| train/                  |              |
|    approx_kl            | 0.0060829083 |
|    clip_fraction        | 0.0273       |
|    clip_range           | 0.2          |
|    entropy_loss         | -6.91        |
|    explained_variance   | 0.243        |
|    learning_rate        | 3e-05        |
|    loss                 | 26.1         |
|    n_updates            | 245          |
|    policy_gradient_loss | -0.00583     |
|    std                  | 0.999        |
|    value_loss           | 43.6         |
------------------------------------------
21:09:00 [INFO] rl_uav.envs.as2_test_env: Keeping drone airborne for velocity reset...
[ERROR] [1783192142.039381970] [drone0.drone0_interface]: Service returned failure
[ERROR] [1783192143.637259743] [drone0.drone0_interface]: Service returned failure
21:09:21 [INFO] rl_uav.envs.as2_test_env: Reset complete. Initial obs: [-0.02881132 -0.4123683  -0.12981032  0.38717622]
21:10:03 [INFO] rl_uav.envs.as2_test_env: Keeping drone airborne for velocity reset...
[ERROR] [1783192205.043077835] [drone0.drone0_interface]: Service returned failure
[ERROR] [1783192206.653646804] [drone0.drone0_interface]: Service returned failure
21:10:24 [INFO] rl_uav.envs.as2_test_env: Reset complete. Initial obs: [ 0.08056359  0.25179273 -0.06465105  0.4661587 ]
21:11:05 [INFO] rl_uav.envs.as2_test_env: Keeping drone airborne for velocity reset...
[ERROR] [1783192267.869713165] [drone0.drone0_interface]: Service returned failure
[ERROR] [1783192269.497273936] [drone0.drone0_interface]: Service returned failure
21:11:28 [INFO] rl_uav.envs.as2_test_env: Reset complete. Initial obs: [ 0.15127926 -0.9275912  -0.01440329  0.7219854 ]
------------------------------------------
| rollout/                |              |
|    ep_len_mean          | 190          |
|    ep_rew_mean          | -80.2        |
|    success_rate         | 0.09         |
| time/                   |              |
|    fps                  | 3            |
|    iterations           | 51           |
|    time_elapsed         | 7513         |
|    total_timesteps      | 26112        |
| train/                  |              |
|    approx_kl            | 0.0066634025 |
|    clip_fraction        | 0.0289       |
|    clip_range           | 0.2          |
|    entropy_loss         | -6.61        |
|    explained_variance   | 0.31         |
|    learning_rate        | 3e-05        |
|    loss                 | 19.6         |
|    n_updates            | 250          |
|    policy_gradient_loss | -0.00327     |
|    std                  | 0.999        |
|    value_loss           | 32.9         |
------------------------------------------
21:12:09 [INFO] rl_uav.envs.as2_test_env: Keeping drone airborne for velocity reset...
21:12:09 [WARNING] rl_uav.envs.as2_test_env: Reset started at valid low altitude z=0.942; climbing to hover 1.400m with bounded velocity recovery
[ERROR] [1783192333.680589784] [drone0.drone0_interface]: Service returned failure
[ERROR] [1783192335.313021718] [drone0.drone0_interface]: Service returned failure
21:12:35 [INFO] rl_uav.envs.as2_test_env: Reset complete. Initial obs: [ 0.4525102   0.07194924  0.0492723  -0.48415217]
21:12:41 [INFO] rl_uav.envs.as2_test_env: Keeping drone airborne for velocity reset...
[ERROR] [1783192364.384263903] [drone0.drone0_interface]: Service returned failure
[ERROR] [1783192366.027855413] [drone0.drone0_interface]: Service returned failure
21:13:06 [INFO] rl_uav.envs.as2_test_env: Reset complete. Initial obs: [ 0.7020506  -0.29682967 -0.0655771  -0.6775978 ]
21:13:15 [INFO] rl_uav.envs.as2_test_env: Keeping drone airborne for velocity reset...
[ERROR] [1783192398.300475800] [drone0.drone0_interface]: Service returned failure
[ERROR] [1783192399.962072978] [drone0.drone0_interface]: Service returned failure
21:13:43 [INFO] rl_uav.envs.as2_test_env: Reset complete. Initial obs: [ 0.06380615  0.31830314 -0.0432679  -0.64815855]
21:14:24 [INFO] rl_uav.envs.as2_test_env: Keeping drone airborne for velocity reset...
[ERROR] [1783192466.511126780] [drone0.drone0_interface]: Service returned failure
[ERROR] [1783192468.184503979] [drone0.drone0_interface]: Service returned failure
21:14:42 [INFO] rl_uav.envs.as2_test_env: Reset complete. Initial obs: [-0.00939157  0.5205924   0.05637818  0.42148268]
-----------------------------------------
| rollout/                |             |
|    ep_len_mean          | 187         |
|    ep_rew_mean          | -77.7       |
|    success_rate         | 0.11        |
| time/                   |             |
|    fps                  | 3           |
|    iterations           | 52          |
|    time_elapsed         | 7715        |
|    total_timesteps      | 26624       |
| train/                  |             |
|    approx_kl            | 0.004801889 |
|    clip_fraction        | 0.0125      |
|    clip_range           | 0.2         |
|    entropy_loss         | -6.64       |
|    explained_variance   | 0.696       |
|    learning_rate        | 3e-05       |
|    loss                 | 2.95        |
|    n_updates            | 255         |
|    policy_gradient_loss | -0.00241    |
|    std                  | 0.998       |
|    value_loss           | 7.47        |
-----------------------------------------
21:15:23 [INFO] rl_uav.envs.as2_test_env: Keeping drone airborne for velocity reset...
21:15:23 [WARNING] rl_uav.envs.as2_test_env: Reset started at valid low altitude z=0.804; climbing to hover 1.400m with bounded velocity recovery
[ERROR] [1783192530.318346602] [drone0.drone0_interface]: Service returned failure
[ERROR] [1783192531.993175142] [drone0.drone0_interface]: Service returned failure
21:15:50 [INFO] rl_uav.envs.as2_test_env: Reset complete. Initial obs: [-0.23710963 -0.5257075   0.06867316 -0.98512655]
21:16:32 [INFO] rl_uav.envs.as2_test_env: Keeping drone airborne for velocity reset...
[ERROR] [1783192594.338876829] [drone0.drone0_interface]: Service returned failure
[ERROR] [1783192596.030510060] [drone0.drone0_interface]: Service returned failure
21:16:52 [INFO] rl_uav.envs.as2_test_env: Reset complete. Initial obs: [-0.4160448   0.15476647 -0.0841267   0.24652316]
21:17:33 [INFO] rl_uav.envs.as2_test_env: Keeping drone airborne for velocity reset...
[ERROR] [1783192656.044381517] [drone0.drone0_interface]: Service returned failure
[ERROR] [1783192657.749317618] [drone0.drone0_interface]: Service returned failure
21:17:56 [INFO] rl_uav.envs.as2_test_env: Reset complete. Initial obs: [ 0.9441241   0.31907183 -0.06014278  0.1386671 ]
------------------------------------------
| rollout/                |              |
|    ep_len_mean          | 187          |
|    ep_rew_mean          | -77.7        |
|    success_rate         | 0.11         |
| time/                   |              |
|    fps                  | 3            |
|    iterations           | 53           |
|    time_elapsed         | 7891         |
|    total_timesteps      | 27136        |
| train/                  |              |
|    approx_kl            | 0.0027227278 |
|    clip_fraction        | 0.0141       |
|    clip_range           | 0.2          |
|    entropy_loss         | -6.88        |
|    explained_variance   | 0.367        |
|    learning_rate        | 3e-05        |
|    loss                 | 10.2         |
|    n_updates            | 260          |
|    policy_gradient_loss | -0.00215     |
|    std                  | 0.998        |
|    value_loss           | 53.6         |
------------------------------------------
21:18:38 [INFO] rl_uav.envs.as2_test_env: Keeping drone airborne for velocity reset...
[ERROR] [1783192720.153244948] [drone0.drone0_interface]: Service returned failure
[ERROR] [1783192721.861699757] [drone0.drone0_interface]: Service returned failure
21:18:59 [INFO] rl_uav.envs.as2_test_env: Reset complete. Initial obs: [ 0.4106906  -0.13520926  0.06991332  0.37120605]
21:19:41 [INFO] rl_uav.envs.as2_test_env: Keeping drone airborne for velocity reset...
[ERROR] [1783192783.264152911] [drone0.drone0_interface]: Service returned failure
[ERROR] [1783192784.988162217] [drone0.drone0_interface]: Service returned failure
21:20:01 [INFO] rl_uav.envs.as2_test_env: Reset complete. Initial obs: [-0.8670227  -0.44500297 -0.14881538  0.11704315]
21:20:28 [WARNING] rl_uav.envs.as2_test_env: Skipping velocity reset; simulator service reset required (terminal_out_of_bounds)
[ERROR] [1783192830.979713513] [drone0.drone0_interface]: Service returned failure
[ERROR] [1783192832.712996012] [drone0.drone0_interface]: Service returned failure
21:20:39 [INFO] rl_uav.envs.as2_test_env: Reset complete. Initial obs: [-0.4117618   0.19399635  0.02381581  0.61057454]
-----------------------------------------
| rollout/                |             |
|    ep_len_mean          | 186         |
|    ep_rew_mean          | -78.7       |
|    success_rate         | 0.11        |
| time/                   |             |
|    fps                  | 3           |
|    iterations           | 54          |
|    time_elapsed         | 8051        |
|    total_timesteps      | 27648       |
| train/                  |             |
|    approx_kl            | 0.009848289 |
|    clip_fraction        | 0.0363      |
|    clip_range           | 0.2         |
|    entropy_loss         | -7.24       |
|    explained_variance   | 0.474       |
|    learning_rate        | 3e-05       |
|    loss                 | 3.43        |
|    n_updates            | 265         |
|    policy_gradient_loss | 0.00167     |
|    std                  | 0.998       |
|    value_loss           | 6.44        |
-----------------------------------------
21:21:21 [INFO] rl_uav.envs.as2_test_env: Keeping drone airborne for velocity reset...
21:21:21 [WARNING] rl_uav.envs.as2_test_env: Reset started at valid low altitude z=0.861; climbing to hover 1.400m with bounded velocity recovery
[ERROR] [1783192886.873737007] [drone0.drone0_interface]: Service returned failure
[ERROR] [1783192889.788439379] [drone0.drone0_interface]: Service returned failure
21:21:50 [INFO] rl_uav.envs.as2_test_env: Reset complete. Initial obs: [-0.62463313  0.32164764  0.00338097  0.23566706]
21:22:31 [INFO] rl_uav.envs.as2_test_env: Keeping drone airborne for velocity reset...
[ERROR] [1783192954.790358269] [drone0.drone0_interface]: Service returned failure
[ERROR] [1783192956.547191781] [drone0.drone0_interface]: Service returned failure
21:22:57 [INFO] rl_uav.envs.as2_test_env: Reset complete. Initial obs: [ 0.37058342 -0.14541543  0.12993197 -0.79892695]
-------------------------------------------
| rollout/                |               |
|    ep_len_mean          | 186           |
|    ep_rew_mean          | -77.3         |
|    success_rate         | 0.11          |
| time/                   |               |
|    fps                  | 3             |
|    iterations           | 55            |
|    time_elapsed         | 8212          |
|    total_timesteps      | 28160         |
| train/                  |               |
|    approx_kl            | 0.00078863767 |
|    clip_fraction        | 0             |
|    clip_range           | 0.2           |
|    entropy_loss         | -8.05         |
|    explained_variance   | 0.22          |
|    learning_rate        | 3e-05         |
|    loss                 | 19.9          |
|    n_updates            | 270           |
|    policy_gradient_loss | -0.00416      |
|    std                  | 0.997         |
|    value_loss           | 28.9          |
-------------------------------------------
21:23:30 [WARNING] rl_uav.envs.as2_test_env: Skipping velocity reset; simulator service reset required (terminal_out_of_bounds)
[ERROR] [1783193013.308441690] [drone0.drone0_interface]: Service returned failure
[ERROR] [1783193015.073712752] [drone0.drone0_interface]: Service returned failure
21:23:42 [INFO] rl_uav.envs.as2_test_env: Reset complete. Initial obs: [ 0.8575077  -0.35706103 -0.00858263 -0.94455785]
21:24:01 [INFO] rl_uav.envs.as2_test_env: Keeping drone airborne for velocity reset...
[ERROR] [1783193043.821457230] [drone0.drone0_interface]: Service returned failure
[ERROR] [1783193045.593904497] [drone0.drone0_interface]: Service returned failure
21:24:17 [INFO] rl_uav.envs.as2_test_env: Reset complete. Initial obs: [-0.03080124 -0.53072214  0.01912087 -0.70617723]
21:24:39 [INFO] rl_uav.envs.as2_test_env: Keeping drone airborne for velocity reset...
[ERROR] [1783193082.023417267] [drone0.drone0_interface]: Service returned failure
[ERROR] [1783193083.801911749] [drone0.drone0_interface]: Service returned failure
21:24:56 [INFO] rl_uav.envs.as2_test_env: Reset complete. Initial obs: [-0.74607337  0.06704397 -0.125351    0.73534137]
21:25:38 [INFO] rl_uav.envs.as2_test_env: Keeping drone airborne for velocity reset...
[ERROR] [1783193140.642470041] [drone0.drone0_interface]: Service returned failure
[ERROR] [1783193142.434370890] [drone0.drone0_interface]: Service returned failure
21:26:00 [INFO] rl_uav.envs.as2_test_env: Reset complete. Initial obs: [ 0.8323655   0.31784263 -0.05565123  0.75934815]
------------------------------------------
| rollout/                |              |
|    ep_len_mean          | 185          |
|    ep_rew_mean          | -77          |
|    success_rate         | 0.12         |
| time/                   |              |
|    fps                  | 3            |
|    iterations           | 56           |
|    time_elapsed         | 8386         |
|    total_timesteps      | 28672        |
| train/                  |              |
|    approx_kl            | 0.0018663548 |
|    clip_fraction        | 0.00547      |
|    clip_range           | 0.2          |
|    entropy_loss         | -7.76        |
|    explained_variance   | 0.759        |
|    learning_rate        | 3e-05        |
|    loss                 | 6.71         |
|    n_updates            | 275          |
|    policy_gradient_loss | -0.000202    |
|    std                  | 0.997        |
|    value_loss           | 18.5         |
------------------------------------------
21:26:41 [INFO] rl_uav.envs.as2_test_env: Keeping drone airborne for velocity reset...
[ERROR] [1783193204.044828917] [drone0.drone0_interface]: Service returned failure
[ERROR] [1783193205.845848419] [drone0.drone0_interface]: Service returned failure
21:27:06 [INFO] rl_uav.envs.as2_test_env: Reset complete. Initial obs: [0.12943493 0.8934793  0.04822409 0.47060534]
21:27:47 [INFO] rl_uav.envs.as2_test_env: Keeping drone airborne for velocity reset...
21:27:47 [WARNING] rl_uav.envs.as2_test_env: Reset started at valid low altitude z=0.716; climbing to hover 1.400m with bounded velocity recovery
[ERROR] [1783193273.755416013] [drone0.drone0_interface]: Service returned failure
[ERROR] [1783193275.571974515] [drone0.drone0_interface]: Service returned failure
21:28:13 [INFO] rl_uav.envs.as2_test_env: Reset complete. Initial obs: [0.31693766 0.5974604  0.09163435 0.8100943 ]
------------------------------------------
| rollout/                |              |
|    ep_len_mean          | 185          |
|    ep_rew_mean          | -76.5        |
|    success_rate         | 0.12         |
| time/                   |              |
|    fps                  | 3            |
|    iterations           | 57           |
|    time_elapsed         | 8542         |
|    total_timesteps      | 29184        |
| train/                  |              |
|    approx_kl            | 0.0037076692 |
|    clip_fraction        | 0.0211       |
|    clip_range           | 0.2          |
|    entropy_loss         | -7.86        |
|    explained_variance   | 0.209        |
|    learning_rate        | 3e-05        |
|    loss                 | 10.1         |
|    n_updates            | 280          |
|    policy_gradient_loss | -0.00525     |
|    std                  | 0.997        |
|    value_loss           | 79           |
------------------------------------------
21:28:54 [INFO] rl_uav.envs.as2_test_env: Keeping drone airborne for velocity reset...
21:28:54 [WARNING] rl_uav.envs.as2_test_env: Reset started at valid low altitude z=1.082; climbing to hover 1.400m with bounded velocity recovery
[ERROR] [1783193339.766176038] [drone0.drone0_interface]: Service returned failure
[ERROR] [1783193341.591007451] [drone0.drone0_interface]: Service returned failure
21:29:23 [INFO] rl_uav.envs.as2_test_env: Reset complete. Initial obs: [-0.6358217   0.07348405  0.12715077  0.76631445]
21:30:04 [INFO] rl_uav.envs.as2_test_env: Keeping drone airborne for velocity reset...
[ERROR] [1783193407.180741031] [drone0.drone0_interface]: Service returned failure
[ERROR] [1783193409.019325374] [drone0.drone0_interface]: Service returned failure
21:30:23 [INFO] rl_uav.envs.as2_test_env: Reset complete. Initial obs: [-0.80186    -0.55183625 -0.05303584 -0.48351818]
21:30:30 [WARNING] rl_uav.envs.as2_test_env: Skipping velocity reset; simulator service reset required (terminal_out_of_bounds)
[ERROR] [1783193433.802714436] [drone0.drone0_interface]: Service returned failure
[ERROR] [1783193435.653146784] [drone0.drone0_interface]: Service returned failure
21:30:43 [INFO] rl_uav.envs.as2_test_env: Reset complete. Initial obs: [ 0.61214894  0.0185683  -0.09547865  0.38722873]
21:31:24 [INFO] rl_uav.envs.as2_test_env: Keeping drone airborne for velocity reset...
[ERROR] [1783193486.803126573] [drone0.drone0_interface]: Service returned failure
[ERROR] [1783193488.670701392] [drone0.drone0_interface]: Service returned failure
21:31:45 [INFO] rl_uav.envs.as2_test_env: Reset complete. Initial obs: [-0.25625914 -0.12447599  0.17144363  0.56356484]
21:31:47 [WARNING] rl_uav.envs.as2_test_env: Skipping velocity reset; simulator service reset required (terminal_out_of_bounds)
[ERROR] [1783193510.012455066] [drone0.drone0_interface]: Service returned failure
[ERROR] [1783193511.881239770] [drone0.drone0_interface]: Service returned failure
21:31:59 [INFO] rl_uav.envs.as2_test_env: Reset complete. Initial obs: [-0.2853821  -0.5108527   0.01128622 -0.2571662 ]
------------------------------------------
| rollout/                |              |
|    ep_len_mean          | 182          |
|    ep_rew_mean          | -74.8        |
|    success_rate         | 0.12         |
| time/                   |              |
|    fps                  | 3            |
|    iterations           | 58           |
|    time_elapsed         | 8741         |
|    total_timesteps      | 29696        |
| train/                  |              |
|    approx_kl            | 0.0007835444 |
|    clip_fraction        | 0            |
|    clip_range           | 0.2          |
|    entropy_loss         | -8.09        |
|    explained_variance   | 0.418        |
|    learning_rate        | 3e-05        |
|    loss                 | 6.51         |
|    n_updates            | 285          |
|    policy_gradient_loss | -0.0035      |
|    std                  | 0.997        |
|    value_loss           | 16.5         |
------------------------------------------
21:32:40 [INFO] rl_uav.envs.as2_test_env: Keeping drone airborne for velocity reset...
[ERROR] [1783193563.326825296] [drone0.drone0_interface]: Service returned failure
[ERROR] [1783193565.200370142] [drone0.drone0_interface]: Service returned failure
21:32:59 [INFO] rl_uav.envs.as2_test_env: Reset complete. Initial obs: [ 0.1559561   0.86433107  0.09196953 -0.0687714 ]
21:33:41 [INFO] rl_uav.envs.as2_test_env: Keeping drone airborne for velocity reset...
[ERROR] [1783193623.834031140] [drone0.drone0_interface]: Service returned failure
[ERROR] [1783193625.722257961] [drone0.drone0_interface]: Service returned failure
21:34:09 [INFO] rl_uav.envs.as2_test_env: Reset complete. Initial obs: [ 0.2369261  -0.11330524 -0.0260524  -0.8776239 ]
------------------------------------------
| rollout/                |              |
|    ep_len_mean          | 182          |
|    ep_rew_mean          | -74.6        |
|    success_rate         | 0.12         |
| time/                   |              |
|    fps                  | 3            |
|    iterations           | 59           |
|    time_elapsed         | 8894         |
|    total_timesteps      | 30208        |
| train/                  |              |
|    approx_kl            | 0.0021356316 |
|    clip_fraction        | 0.0102       |
|    clip_range           | 0.2          |
|    entropy_loss         | -8.14        |
|    explained_variance   | 0.407        |
|    learning_rate        | 3e-05        |
|    loss                 | 4.83         |
|    n_updates            | 290          |
|    policy_gradient_loss | -0.00958     |
|    std                  | 0.997        |
|    value_loss           | 14.8         |
------------------------------------------
21:34:50 [INFO] rl_uav.envs.as2_test_env: Keeping drone airborne for velocity reset...
[ERROR] [1783193693.232546487] [drone0.drone0_interface]: Service returned failure
[ERROR] [1783193695.133520300] [drone0.drone0_interface]: Service returned failure
21:35:20 [INFO] rl_uav.envs.as2_test_env: Reset complete. Initial obs: [ 0.0868059   0.20489863  0.02183209 -0.8785492 ]
21:36:01 [INFO] rl_uav.envs.as2_test_env: Keeping drone airborne for velocity reset...
[ERROR] [1783193764.253533072] [drone0.drone0_interface]: Service returned failure
[ERROR] [1783193766.164810559] [drone0.drone0_interface]: Service returned failure
21:36:31 [INFO] rl_uav.envs.as2_test_env: Reset complete. Initial obs: [-0.56201136 -0.18812627 -0.05005885 -0.17737871]
21:37:13 [INFO] rl_uav.envs.as2_test_env: Keeping drone airborne for velocity reset...
21:37:13 [WARNING] rl_uav.envs.as2_test_env: Reset started at valid low altitude z=1.015; climbing to hover 1.400m with bounded velocity recovery
[ERROR] [1783193838.868789274] [drone0.drone0_interface]: Service returned failure
[ERROR] [1783193840.787071980] [drone0.drone0_interface]: Service returned failure
21:37:42 [INFO] rl_uav.envs.as2_test_env: Reset complete. Initial obs: [0.716162   0.48468736 0.04703795 0.8381778 ]
-----------------------------------------
| rollout/                |             |
|    ep_len_mean          | 182         |
|    ep_rew_mean          | -74.2       |
|    success_rate         | 0.12        |
| time/                   |             |
|    fps                  | 3           |
|    iterations           | 60          |
|    time_elapsed         | 9089        |
|    total_timesteps      | 30720       |
| train/                  |             |
|    approx_kl            | 0.015862036 |
|    clip_fraction        | 0.0777      |
|    clip_range           | 0.2         |
|    entropy_loss         | -7.43       |
|    explained_variance   | 0.0673      |
|    learning_rate        | 3e-05       |
|    loss                 | 2.02        |
|    n_updates            | 295         |
|    policy_gradient_loss | -0.00524    |
|    std                  | 0.997       |
|    value_loss           | 5.06        |
-----------------------------------------
21:38:18 [WARNING] rl_uav.envs.as2_test_env: Skipping velocity reset; simulator service reset required (terminal_out_of_bounds)
[ERROR] [1783193902.180745507] [drone0.drone0_interface]: Service returned failure
[ERROR] [1783193904.119211003] [drone0.drone0_interface]: Service returned failure
21:38:31 [INFO] rl_uav.envs.as2_test_env: Reset complete. Initial obs: [0.2928277  0.49286893 0.00486986 0.12457022]
21:39:13 [INFO] rl_uav.envs.as2_test_env: Keeping drone airborne for velocity reset...
[ERROR] [1783193955.277985425] [drone0.drone0_interface]: Service returned failure
[ERROR] [1783193957.221925576] [drone0.drone0_interface]: Service returned failure
21:39:40 [INFO] rl_uav.envs.as2_test_env: Reset complete. Initial obs: [0.15269431 0.2626238  0.03884848 0.810167  ]
21:39:41 [WARNING] rl_uav.envs.as2_test_env: Skipping velocity reset; simulator service reset required (terminal_out_of_bounds)
[ERROR] [1783193985.099282202] [drone0.drone0_interface]: Service returned failure
[ERROR] [1783193987.049071375] [drone0.drone0_interface]: Service returned failure
21:39:54 [INFO] rl_uav.envs.as2_test_env: Reset complete. Initial obs: [ 0.19221056 -0.4242017  -0.00366634 -0.37894788]
21:40:18 [INFO] rl_uav.envs.as2_test_env: Keeping drone airborne for velocity reset...
[ERROR] [1783194021.406653478] [drone0.drone0_interface]: Service returned failure
[ERROR] [1783194023.371097576] [drone0.drone0_interface]: Service returned failure
21:40:46 [INFO] rl_uav.envs.as2_test_env: Reset complete. Initial obs: [-0.18716435 -0.6302686   0.17268051 -0.6891839 ]
------------------------------------------
| rollout/                |              |
|    ep_len_mean          | 179          |
|    ep_rew_mean          | -72.8        |
|    success_rate         | 0.13         |
| time/                   |              |
|    fps                  | 3            |
|    iterations           | 61           |
|    time_elapsed         | 9276         |
|    total_timesteps      | 31232        |
| train/                  |              |
|    approx_kl            | 0.0026647733 |
|    clip_fraction        | 0.00977      |
|    clip_range           | 0.2          |
|    entropy_loss         | -7.66        |
|    explained_variance   | 0.491        |
|    learning_rate        | 3e-05        |
|    loss                 | 3.74         |
|    n_updates            | 300          |
|    policy_gradient_loss | -0.0136      |
|    std                  | 0.997        |
|    value_loss           | 9.83         |
------------------------------------------
21:41:28 [INFO] rl_uav.envs.as2_test_env: Keeping drone airborne for velocity reset...
21:41:28 [WARNING] rl_uav.envs.as2_test_env: Reset started at valid low altitude z=0.869; climbing to hover 1.400m with bounded velocity recovery
[ERROR] [1783194093.019013644] [drone0.drone0_interface]: Service returned failure
[ERROR] [1783194094.994750187] [drone0.drone0_interface]: Service returned failure
21:41:56 [INFO] rl_uav.envs.as2_test_env: Reset complete. Initial obs: [ 0.2920181   0.2976736   0.21896619 -0.80410284]
21:42:16 [INFO] rl_uav.envs.as2_test_env: Keeping drone airborne for velocity reset...
[ERROR] [1783194139.828475947] [drone0.drone0_interface]: Service returned failure
[ERROR] [1783194141.814988216] [drone0.drone0_interface]: Service returned failure
21:42:42 [INFO] rl_uav.envs.as2_test_env: Reset complete. Initial obs: [ 0.5594264  -0.21114422  0.04805604 -0.9402057 ]
21:43:23 [INFO] rl_uav.envs.as2_test_env: Keeping drone airborne for velocity reset...
21:43:23 [WARNING] rl_uav.envs.as2_test_env: Reset started at valid low altitude z=0.904; climbing to hover 1.400m with bounded velocity recovery
[ERROR] [1783194210.233991230] [drone0.drone0_interface]: Service returned failure
[ERROR] [1783194212.228030332] [drone0.drone0_interface]: Service returned failure
21:43:50 [INFO] rl_uav.envs.as2_test_env: Reset complete. Initial obs: [ 0.16838719 -0.08710574  0.04408877  0.39050075]
-------------------------------------------
| rollout/                |               |
|    ep_len_mean          | 179           |
|    ep_rew_mean          | -72.6         |
|    success_rate         | 0.13          |
| time/                   |               |
|    fps                  | 3             |
|    iterations           | 62            |
|    time_elapsed         | 9463          |
|    total_timesteps      | 31744         |
| train/                  |               |
|    approx_kl            | 0.00089703617 |
|    clip_fraction        | 0             |
|    clip_range           | 0.2           |
|    entropy_loss         | -7.56         |
|    explained_variance   | 0.24          |
|    learning_rate        | 3e-05         |
|    loss                 | 7.37          |
|    n_updates            | 305           |
|    policy_gradient_loss | -0.00193      |
|    std                  | 0.997         |
|    value_loss           | 41.7          |
-------------------------------------------
21:44:31 [INFO] rl_uav.envs.as2_test_env: Keeping drone airborne for velocity reset...
21:44:31 [WARNING] rl_uav.envs.as2_test_env: Reset started at valid low altitude z=1.156; climbing to hover 1.400m with bounded velocity recovery
[ERROR] [1783194276.648238384] [drone0.drone0_interface]: Service returned failure
[ERROR] [1783194278.652792267] [drone0.drone0_interface]: Service returned failure
21:44:56 [INFO] rl_uav.envs.as2_test_env: Reset complete. Initial obs: [-0.00629009 -0.797043   -0.04159561  0.34755656]
21:45:06 [WARNING] rl_uav.envs.as2_test_env: Reset started at valid low altitude z=0.417; climbing to hover 1.400m with bounded velocity recovery
21:45:09 [WARNING] rl_uav.envs.as2_test_env: Skipping velocity reset; simulator service reset required (terminal_out_of_bounds)
[ERROR] [1783194312.161586609] [drone0.drone0_interface]: Service returned failure
[ERROR] [1783194314.180539943] [drone0.drone0_interface]: Service returned failure
21:45:22 [INFO] rl_uav.envs.as2_test_env: Reset complete. Initial obs: [-0.15108024 -0.19234605  0.01227178  0.4820798 ]
21:46:03 [INFO] rl_uav.envs.as2_test_env: Keeping drone airborne for velocity reset...
[ERROR] [1783194365.662430855] [drone0.drone0_interface]: Service returned failure
[ERROR] [1783194367.685218152] [drone0.drone0_interface]: Service returned failure
21:46:29 [INFO] rl_uav.envs.as2_test_env: Reset complete. Initial obs: [0.43151197 0.09299065 0.00305733 0.14095788]
------------------------------------------
| rollout/                |              |
|    ep_len_mean          | 177          |
|    ep_rew_mean          | -71.4        |
|    success_rate         | 0.13         |
| time/                   |              |
|    fps                  | 3            |
|    iterations           | 63           |
|    time_elapsed         | 9636         |
|    total_timesteps      | 32256        |
| train/                  |              |
|    approx_kl            | 0.0027627049 |
|    clip_fraction        | 0.00313      |
|    clip_range           | 0.2          |
|    entropy_loss         | -7.43        |
|    explained_variance   | 0.228        |
|    learning_rate        | 3e-05        |
|    loss                 | 1.11         |
|    n_updates            | 310          |
|    policy_gradient_loss | -0.000542    |
|    std                  | 0.997        |
|    value_loss           | 30.3         |
------------------------------------------
21:47:11 [INFO] rl_uav.envs.as2_test_env: Keeping drone airborne for velocity reset...
[ERROR] [1783194433.878870615] [drone0.drone0_interface]: Service returned failure
[ERROR] [1783194435.912463879] [drone0.drone0_interface]: Service returned failure
21:47:31 [INFO] rl_uav.envs.as2_test_env: Reset complete. Initial obs: [-0.01615856  0.4716054   0.16517442  0.0061    ]
21:48:12 [INFO] rl_uav.envs.as2_test_env: Keeping drone airborne for velocity reset...
[ERROR] [1783194495.868560396] [drone0.drone0_interface]: Service returned failure
[ERROR] [1783194497.915040218] [drone0.drone0_interface]: Service returned failure
21:48:44 [INFO] rl_uav.envs.as2_test_env: Reset complete. Initial obs: [0.4522824  0.6277888  0.02763471 0.15459265]
21:49:25 [INFO] rl_uav.envs.as2_test_env: Keeping drone airborne for velocity reset...
[ERROR] [1783194568.700125754] [drone0.drone0_interface]: Service returned failure
[ERROR] [1783194570.758970591] [drone0.drone0_interface]: Service returned failure
21:49:47 [INFO] rl_uav.envs.as2_test_env: Reset complete. Initial obs: [ 0.17222193 -0.65602237  0.06031925  0.09008285]
------------------------------------------
| rollout/                |              |
|    ep_len_mean          | 178          |
|    ep_rew_mean          | -71.3        |
|    success_rate         | 0.12         |
| time/                   |              |
|    fps                  | 3            |
|    iterations           | 64           |
|    time_elapsed         | 9815         |
|    total_timesteps      | 32768        |
| train/                  |              |
|    approx_kl            | 0.0060602995 |
|    clip_fraction        | 0.0223       |
|    clip_range           | 0.2          |
|    entropy_loss         | -7.68        |
|    explained_variance   | 0.414        |
|    learning_rate        | 3e-05        |
|    loss                 | 1.99         |
|    n_updates            | 315          |
|    policy_gradient_loss | -0.00675     |
|    std                  | 0.997        |
|    value_loss           | 7.97         |
------------------------------------------
21:50:25 [WARNING] rl_uav.envs.as2_test_env: Skipping velocity reset; simulator service reset required (terminal_out_of_bounds)
[ERROR] [1783194628.713189480] [drone0.drone0_interface]: Service returned failure
[ERROR] [1783194630.777375807] [drone0.drone0_interface]: Service returned failure
21:50:39 [INFO] rl_uav.envs.as2_test_env: Reset complete. Initial obs: [ 0.36961663 -0.12074751 -0.01089577 -0.34897235]
21:51:20 [INFO] rl_uav.envs.as2_test_env: Keeping drone airborne for velocity reset...
[ERROR] [1783194683.418180786] [drone0.drone0_interface]: Service returned failure
[ERROR] [1783194685.496436596] [drone0.drone0_interface]: Service returned failure
21:51:46 [INFO] rl_uav.envs.as2_test_env: Reset complete. Initial obs: [-0.19558018  0.6765754  -0.04630863  0.6024126 ]
21:52:27 [INFO] rl_uav.envs.as2_test_env: Keeping drone airborne for velocity reset...
[ERROR] [1783194750.332457944] [drone0.drone0_interface]: Service returned failure
[ERROR] [1783194752.418373078] [drone0.drone0_interface]: Service returned failure
21:52:58 [INFO] rl_uav.envs.as2_test_env: Reset complete. Initial obs: [ 0.14499669  0.80588776 -0.0902404   0.961178  ]
21:53:00 [WARNING] rl_uav.envs.as2_test_env: Reset started at valid low altitude z=0.497; climbing to hover 1.400m with bounded velocity recovery
21:53:04 [WARNING] rl_uav.envs.as2_test_env: Skipping velocity reset; simulator service reset required (terminal_out_of_bounds)
[ERROR] [1783194786.643446362] [drone0.drone0_interface]: Service returned failure
[ERROR] [1783194788.737105786] [drone0.drone0_interface]: Service returned failure
21:53:17 [INFO] rl_uav.envs.as2_test_env: Reset complete. Initial obs: [ 0.41788176 -0.7426358  -0.02188808  0.36406833]
----------------------------------------
| rollout/                |            |
|    ep_len_mean          | 176        |
|    ep_rew_mean          | -70.2      |
|    success_rate         | 0.12       |
| time/                   |            |
|    fps                  | 3          |
|    iterations           | 65         |
|    time_elapsed         | 10009      |
|    total_timesteps      | 33280      |
| train/                  |            |
|    approx_kl            | 0.00078757 |
|    clip_fraction        | 0.000391   |
|    clip_range           | 0.2        |
|    entropy_loss         | -8.28      |
|    explained_variance   | 0.732      |
|    learning_rate        | 3e-05      |
|    loss                 | 4.37       |
|    n_updates            | 320        |
|    policy_gradient_loss | -0.00398   |
|    std                  | 0.997      |
|    value_loss           | 10.1       |
----------------------------------------
21:53:58 [INFO] rl_uav.envs.as2_test_env: Keeping drone airborne for velocity reset...
[ERROR] [1783194841.143339090] [drone0.drone0_interface]: Service returned failure
[ERROR] [1783194843.237387940] [drone0.drone0_interface]: Service returned failure
21:54:23 [INFO] rl_uav.envs.as2_test_env: Reset complete. Initial obs: [ 0.7468108  -0.6517946   0.15457362  0.48776314]
21:55:05 [INFO] rl_uav.envs.as2_test_env: Keeping drone airborne for velocity reset...
[ERROR] [1783194908.355887786] [drone0.drone0_interface]: Service returned failure
[ERROR] [1783194910.476771435] [drone0.drone0_interface]: Service returned failure
21:55:32 [INFO] rl_uav.envs.as2_test_env: Reset complete. Initial obs: [ 0.69091207 -0.12828034  0.04245953 -0.02969992]
21:55:42 [WARNING] rl_uav.envs.as2_test_env: Reset started at valid low altitude z=0.402; climbing to hover 1.400m with bounded velocity recovery
21:55:46 [WARNING] rl_uav.envs.as2_test_env: Skipping velocity reset; simulator service reset required (terminal_out_of_bounds)
[ERROR] [1783194948.964747348] [drone0.drone0_interface]: Service returned failure
[ERROR] [1783194951.090419712] [drone0.drone0_interface]: Service returned failure
21:55:59 [INFO] rl_uav.envs.as2_test_env: Reset complete. Initial obs: [ 0.06493668 -0.37064373 -0.12134644 -0.7093631 ]
-----------------------------------------
| rollout/                |             |
|    ep_len_mean          | 175         |
|    ep_rew_mean          | -70.3       |
|    success_rate         | 0.12        |
| time/                   |             |
|    fps                  | 3           |
|    iterations           | 66          |
|    time_elapsed         | 10184       |
|    total_timesteps      | 33792       |
| train/                  |             |
|    approx_kl            | 0.001591684 |
|    clip_fraction        | 0.00195     |
|    clip_range           | 0.2         |
|    entropy_loss         | -8.68       |
|    explained_variance   | 0.433       |
|    learning_rate        | 3e-05       |
|    loss                 | 7.72        |
|    n_updates            | 325         |
|    policy_gradient_loss | -0.000476   |
|    std                  | 0.997       |
|    value_loss           | 17.1        |
-----------------------------------------
21:56:41 [INFO] rl_uav.envs.as2_test_env: Keeping drone airborne for velocity reset...
[ERROR] [1783195003.672646918] [drone0.drone0_interface]: Service returned failure
[ERROR] [1783195005.809842527] [drone0.drone0_interface]: Service returned failure
21:57:12 [INFO] rl_uav.envs.as2_test_env: Reset complete. Initial obs: [ 0.59909797  0.71140397 -0.08301682 -0.3642443 ]
21:57:53 [INFO] rl_uav.envs.as2_test_env: Keeping drone airborne for velocity reset...
[ERROR] [1783195076.591505152] [drone0.drone0_interface]: Service returned failure
[ERROR] [1783195078.743585017] [drone0.drone0_interface]: Service returned failure
21:58:23 [INFO] rl_uav.envs.as2_test_env: Reset complete. Initial obs: [ 0.2068114  0.0077674 -0.0242825  0.9509453]
-----------------------------------------
| rollout/                |             |
|    ep_len_mean          | 175         |
|    ep_rew_mean          | -70         |
|    success_rate         | 0.12        |
| time/                   |             |
|    fps                  | 3           |
|    iterations           | 67          |
|    time_elapsed         | 10352       |
|    total_timesteps      | 34304       |
| train/                  |             |
|    approx_kl            | 0.024436038 |
|    clip_fraction        | 0.084       |
|    clip_range           | 0.2         |
|    entropy_loss         | -8.59       |
|    explained_variance   | 0.598       |
|    learning_rate        | 3e-05       |
|    loss                 | 2.34        |
|    n_updates            | 330         |
|    policy_gradient_loss | 0.00895     |
|    std                  | 0.996       |
|    value_loss           | 11.9        |
-----------------------------------------
21:59:05 [INFO] rl_uav.envs.as2_test_env: Keeping drone airborne for velocity reset...
[ERROR] [1783195148.205466973] [drone0.drone0_interface]: Service returned failure
[ERROR] [1783195150.366328628] [drone0.drone0_interface]: Service returned failure
21:59:42 [INFO] rl_uav.envs.as2_test_env: Reset complete. Initial obs: [-0.05790422 -0.2515342  -0.00391408  0.6519887 ]
22:00:23 [INFO] rl_uav.envs.as2_test_env: Keeping drone airborne for velocity reset...
[ERROR] [1783195227.014246569] [drone0.drone0_interface]: Service returned failure
[ERROR] [1783195229.182934214] [drone0.drone0_interface]: Service returned failure
22:00:48 [INFO] rl_uav.envs.as2_test_env: Reset complete. Initial obs: [-0.18232176 -0.19950604  0.04493931  0.8494255 ]
22:00:50 [INFO] rl_uav.envs.as2_test_env: Keeping drone airborne for velocity reset...
[ERROR] [1783195254.085081266] [drone0.drone0_interface]: Service returned failure
[ERROR] [1783195256.270771680] [drone0.drone0_interface]: Service returned failure
22:01:13 [INFO] rl_uav.envs.as2_test_env: Reset complete. Initial obs: [ 0.35908496 -0.26250732 -0.08876222 -0.50086266]
22:01:54 [INFO] rl_uav.envs.as2_test_env: Keeping drone airborne for velocity reset...
[ERROR] [1783195318.018048773] [drone0.drone0_interface]: Service returned failure
[ERROR] [1783195320.205971280] [drone0.drone0_interface]: Service returned failure
22:02:23 [INFO] rl_uav.envs.as2_test_env: Reset complete. Initial obs: [-0.5301709  -0.8054933   0.09993851  0.3782289 ]
------------------------------------------
| rollout/                |              |
|    ep_len_mean          | 175          |
|    ep_rew_mean          | -69.3        |
|    success_rate         | 0.11         |
| time/                   |              |
|    fps                  | 3            |
|    iterations           | 68           |
|    time_elapsed         | 10571        |
|    total_timesteps      | 34816        |
| train/                  |              |
|    approx_kl            | 0.0027309135 |
|    clip_fraction        | 0.00586      |
|    clip_range           | 0.2          |
|    entropy_loss         | -8.21        |
|    explained_variance   | 0.75         |
|    learning_rate        | 3e-05        |
|    loss                 | 4.84         |
|    n_updates            | 335          |
|    policy_gradient_loss | -0.014       |
|    std                  | 0.996        |
|    value_loss           | 11.3         |
------------------------------------------
22:03:04 [INFO] rl_uav.envs.as2_test_env: Keeping drone airborne for velocity reset...
[ERROR] [1783195387.348248017] [drone0.drone0_interface]: Service returned failure
[ERROR] [1783195389.544087761] [drone0.drone0_interface]: Service returned failure
22:03:34 [INFO] rl_uav.envs.as2_test_env: Reset complete. Initial obs: [-0.53339267 -0.29527205 -0.14947602  0.91334367]
22:03:44 [WARNING] rl_uav.envs.as2_test_env: Skipping velocity reset; simulator service reset required (terminal_out_of_bounds)
[ERROR] [1783195428.339030276] [drone0.drone0_interface]: Service returned failure
[ERROR] [1783195430.553578602] [drone0.drone0_interface]: Service returned failure
22:03:59 [INFO] rl_uav.envs.as2_test_env: Reset complete. Initial obs: [-0.80794656 -0.17103826  0.01446215 -0.06974313]
22:04:31 [WARNING] rl_uav.envs.as2_test_env: Skipping velocity reset; simulator service reset required (terminal_out_of_bounds)
[ERROR] [1783195475.159690835] [drone0.drone0_interface]: Service returned failure
[ERROR] [1783195477.376203899] [drone0.drone0_interface]: Service returned failure
22:04:44 [INFO] rl_uav.envs.as2_test_env: Reset complete. Initial obs: [ 0.6299481  -0.07702173  0.02893639  0.15164977]
------------------------------------------
| rollout/                |              |
|    ep_len_mean          | 173          |
|    ep_rew_mean          | -69.8        |
|    success_rate         | 0.11         |
| time/                   |              |
|    fps                  | 3            |
|    iterations           | 69           |
|    time_elapsed         | 10734        |
|    total_timesteps      | 35328        |
| train/                  |              |
|    approx_kl            | 0.0069866423 |
|    clip_fraction        | 0.025        |
|    clip_range           | 0.2          |
|    entropy_loss         | -8.72        |
|    explained_variance   | 0.201        |
|    learning_rate        | 3e-05        |
|    loss                 | 34.3         |
|    n_updates            | 340          |
|    policy_gradient_loss | -0.0103      |
|    std                  | 0.996        |
|    value_loss           | 29.2         |
------------------------------------------
22:05:26 [INFO] rl_uav.envs.as2_test_env: Keeping drone airborne for velocity reset...
[ERROR] [1783195529.578086724] [drone0.drone0_interface]: Service returned failure
[ERROR] [1783195531.818294035] [drone0.drone0_interface]: Service returned failure
22:05:46 [INFO] rl_uav.envs.as2_test_env: Reset complete. Initial obs: [-0.10341685 -0.30177736  0.07336953  0.18606764]
22:06:27 [INFO] rl_uav.envs.as2_test_env: Keeping drone airborne for velocity reset...
22:06:27 [WARNING] rl_uav.envs.as2_test_env: Reset started at valid low altitude z=0.590; climbing to hover 1.400m with bounded velocity recovery
[ERROR] [1783195593.989978755] [drone0.drone0_interface]: Service returned failure
[ERROR] [1783195596.241040333] [drone0.drone0_interface]: Service returned failure
22:06:50 [INFO] rl_uav.envs.as2_test_env: Reset complete. Initial obs: [-0.2778865   0.8461757   0.03303485 -0.2042147 ]
22:07:24 [INFO] rl_uav.envs.as2_test_env: Keeping drone airborne for velocity reset...
[ERROR] [1783195647.794058368] [drone0.drone0_interface]: Service returned failure
[ERROR] [1783195650.051515407] [drone0.drone0_interface]: Service returned failure
22:07:49 [INFO] rl_uav.envs.as2_test_env: Reset complete. Initial obs: [ 0.2888508  -0.05955119  0.03809292 -0.50711906]
------------------------------------------
| rollout/                |              |
|    ep_len_mean          | 172          |
|    ep_rew_mean          | -66.7        |
|    success_rate         | 0.12         |
| time/                   |              |
|    fps                  | 3            |
|    iterations           | 70           |
|    time_elapsed         | 10908        |
|    total_timesteps      | 35840        |
| train/                  |              |
|    approx_kl            | 0.0006059918 |
|    clip_fraction        | 0            |
|    clip_range           | 0.2          |
|    entropy_loss         | -9.33        |
|    explained_variance   | 0.496        |
|    learning_rate        | 3e-05        |
|    loss                 | 6.11         |
|    n_updates            | 345          |
|    policy_gradient_loss | -0.00524     |
|    std                  | 0.997        |
|    value_loss           | 16.3         |
------------------------------------------
22:08:30 [INFO] rl_uav.envs.as2_test_env: Keeping drone airborne for velocity reset...
[ERROR] [1783195713.814112031] [drone0.drone0_interface]: Service returned failure
[ERROR] [1783195716.084169167] [drone0.drone0_interface]: Service returned failure
22:08:55 [INFO] rl_uav.envs.as2_test_env: Reset complete. Initial obs: [-0.1442759   0.7297643   0.20211932 -0.4771338 ]
22:09:36 [INFO] rl_uav.envs.as2_test_env: Keeping drone airborne for velocity reset...
[ERROR] [1783195779.819040089] [drone0.drone0_interface]: Service returned failure
[ERROR] [1783195782.090133008] [drone0.drone0_interface]: Service returned failure
22:10:08 [INFO] rl_uav.envs.as2_test_env: Reset complete. Initial obs: [0.7433131  0.48554096 0.07605087 0.6801561 ]
22:10:15 [WARNING] rl_uav.envs.as2_test_env: Skipping velocity reset; simulator service reset required (terminal_out_of_bounds)
[ERROR] [1783195818.925837401] [drone0.drone0_interface]: Service returned failure
[ERROR] [1783195821.213807126] [drone0.drone0_interface]: Service returned failure
22:10:30 [INFO] rl_uav.envs.as2_test_env: Reset complete. Initial obs: [0.19337155 0.6739207  0.06344668 0.796201  ]
22:11:11 [INFO] rl_uav.envs.as2_test_env: Keeping drone airborne for velocity reset...
22:11:11 [WARNING] rl_uav.envs.as2_test_env: Reset started at valid low altitude z=0.701; climbing to hover 1.400m with bounded velocity recovery
[ERROR] [1783195878.941223587] [drone0.drone0_interface]: Service returned failure
[ERROR] [1783195881.242829665] [drone0.drone0_interface]: Service returned failure
22:11:43 [INFO] rl_uav.envs.as2_test_env: Reset complete. Initial obs: [-0.16010562  0.22064386  0.02527408  0.7883773 ]
------------------------------------------
| rollout/                |              |
|    ep_len_mean          | 172          |
|    ep_rew_mean          | -66.7        |
|    success_rate         | 0.11         |
| time/                   |              |
|    fps                  | 3            |
|    iterations           | 71           |
|    time_elapsed         | 11118        |
|    total_timesteps      | 36352        |
| train/                  |              |
|    approx_kl            | 0.0006722644 |
|    clip_fraction        | 0            |
|    clip_range           | 0.2          |
|    entropy_loss         | -8.12        |
|    explained_variance   | 0.218        |
|    learning_rate        | 3e-05        |
|    loss                 | 2.86         |
|    n_updates            | 350          |
|    policy_gradient_loss | -0.00118     |
|    std                  | 0.997        |
|    value_loss           | 33.7         |
------------------------------------------
22:12:24 [INFO] rl_uav.envs.as2_test_env: Keeping drone airborne for velocity reset...
[ERROR] [1783195948.249412858] [drone0.drone0_interface]: Service returned failure
[ERROR] [1783195950.564119959] [drone0.drone0_interface]: Service returned failure
22:12:51 [INFO] rl_uav.envs.as2_test_env: Reset complete. Initial obs: [-1.         -0.19934139 -0.01179393  0.76350594]
22:13:32 [INFO] rl_uav.envs.as2_test_env: Keeping drone airborne for velocity reset...
[ERROR] [1783196015.964389150] [drone0.drone0_interface]: Service returned failure
[ERROR] [1783196018.287744214] [drone0.drone0_interface]: Service returned failure
22:14:00 [INFO] rl_uav.envs.as2_test_env: Reset complete. Initial obs: [ 0.05792312  0.73679096 -0.0393411   0.51353043]
------------------------------------------
| rollout/                |              |
|    ep_len_mean          | 172          |
|    ep_rew_mean          | -65.8        |
|    success_rate         | 0.11         |
| time/                   |              |
|    fps                  | 3            |
|    iterations           | 72           |
|    time_elapsed         | 11278        |
|    total_timesteps      | 36864        |
| train/                  |              |
|    approx_kl            | 0.0063024093 |
|    clip_fraction        | 0.0203       |
|    clip_range           | 0.2          |
|    entropy_loss         | -8.56        |
|    explained_variance   | 0.408        |
|    learning_rate        | 3e-05        |
|    loss                 | 4.27         |
|    n_updates            | 355          |
|    policy_gradient_loss | -0.00857     |
|    std                  | 0.997        |
|    value_loss           | 11.1         |
------------------------------------------
22:14:42 [INFO] rl_uav.envs.as2_test_env: Keeping drone airborne for velocity reset...
[ERROR] [1783196085.571284766] [drone0.drone0_interface]: Service returned failure
[ERROR] [1783196087.891359951] [drone0.drone0_interface]: Service returned failure
22:15:14 [INFO] rl_uav.envs.as2_test_env: Reset complete. Initial obs: [-0.5539196   0.6794691   0.02674742 -0.04015757]
22:15:22 [WARNING] rl_uav.envs.as2_test_env: Reset started at valid low altitude z=0.365; climbing to hover 1.400m with bounded velocity recovery
22:15:26 [WARNING] rl_uav.envs.as2_test_env: Skipping velocity reset; simulator service reset required (terminal_out_of_bounds)
[ERROR] [1783196129.773824446] [drone0.drone0_interface]: Service returned failure
[ERROR] [1783196132.121495759] [drone0.drone0_interface]: Service returned failure
22:15:41 [INFO] rl_uav.envs.as2_test_env: Reset complete. Initial obs: [-0.18767291  0.1211337   0.02266017 -0.00554008]
22:16:22 [INFO] rl_uav.envs.as2_test_env: Keeping drone airborne for velocity reset...
[ERROR] [1783196185.884824658] [drone0.drone0_interface]: Service returned failure
[ERROR] [1783196188.240271578] [drone0.drone0_interface]: Service returned failure
22:16:54 [INFO] rl_uav.envs.as2_test_env: Reset complete. Initial obs: [-0.5770933   0.59598017  0.04316058  0.28275925]
22:17:11 [WARNING] rl_uav.envs.as2_test_env: Reset started at valid low altitude z=0.499; climbing to hover 1.400m with bounded velocity recovery
22:17:15 [WARNING] rl_uav.envs.as2_test_env: Skipping velocity reset; simulator service reset required (terminal_out_of_bounds)
[ERROR] [1783196238.587624817] [drone0.drone0_interface]: Service returned failure
[ERROR] [1783196240.946610275] [drone0.drone0_interface]: Service returned failure
22:17:36 [INFO] rl_uav.envs.as2_test_env: Reset complete. Initial obs: [ 0.6809576   0.19446012 -0.05230128  0.9760111 ]
----------------------------------------
| rollout/                |            |
|    ep_len_mean          | 169        |
|    ep_rew_mean          | -64.7      |
|    success_rate         | 0.11       |
| time/                   |            |
|    fps                  | 3          |
|    iterations           | 73         |
|    time_elapsed         | 11491      |
|    total_timesteps      | 37376      |
| train/                  |            |
|    approx_kl            | 0.01331742 |
|    clip_fraction        | 0.0297     |
|    clip_range           | 0.2        |
|    entropy_loss         | -8.99      |
|    explained_variance   | 0.617      |
|    learning_rate        | 3e-05      |
|    loss                 | 2.82       |
|    n_updates            | 360        |
|    policy_gradient_loss | -0.00295   |
|    std                  | 0.997      |
|    value_loss           | 8.14       |
----------------------------------------
22:18:17 [INFO] rl_uav.envs.as2_test_env: Keeping drone airborne for velocity reset...
[ERROR] [1783196300.602256383] [drone0.drone0_interface]: Service returned failure
[ERROR] [1783196302.987356300] [drone0.drone0_interface]: Service returned failure
22:18:54 [INFO] rl_uav.envs.as2_test_env: Reset complete. Initial obs: [ 0.25453183 -0.4807759  -0.14532168  0.11961394]
22:19:35 [INFO] rl_uav.envs.as2_test_env: Keeping drone airborne for velocity reset...
[ERROR] [1783196378.213431694] [drone0.drone0_interface]: Service returned failure
[ERROR] [1783196380.602418509] [drone0.drone0_interface]: Service returned failure
22:20:10 [INFO] rl_uav.envs.as2_test_env: Reset complete. Initial obs: [-0.38362417 -0.6015761   0.01111064 -0.3147573 ]
22:20:51 [INFO] rl_uav.envs.as2_test_env: Keeping drone airborne for velocity reset...
[ERROR] [1783196454.741793352] [drone0.drone0_interface]: Service returned failure
[ERROR] [1783196457.140010125] [drone0.drone0_interface]: Service returned failure
22:21:35 [INFO] rl_uav.envs.as2_test_env: Reset complete. Initial obs: [ 0.06016932 -0.6957102  -0.05923182 -0.70440185]
22:21:43 [WARNING] rl_uav.envs.as2_test_env: Reset started at valid low altitude z=0.459; climbing to hover 1.400m with bounded velocity recovery
22:21:47 [WARNING] rl_uav.envs.as2_test_env: Skipping velocity reset; simulator service reset required (terminal_out_of_bounds)
[ERROR] [1783196510.644164555] [drone0.drone0_interface]: Service returned failure
[ERROR] [1783196513.043811455] [drone0.drone0_interface]: Service returned failure
22:22:02 [INFO] rl_uav.envs.as2_test_env: Reset complete. Initial obs: [ 0.1942913  -0.6205046  -0.15733755  0.6798679 ]
------------------------------------------
| rollout/                |              |
|    ep_len_mean          | 168          |
|    ep_rew_mean          | -64.1        |
|    success_rate         | 0.11         |
| time/                   |              |
|    fps                  | 3            |
|    iterations           | 74           |
|    time_elapsed         | 11731        |
|    total_timesteps      | 37888        |
| train/                  |              |
|    approx_kl            | 0.0039811833 |
|    clip_fraction        | 0.0203       |
|    clip_range           | 0.2          |
|    entropy_loss         | -8.18        |
|    explained_variance   | 0.226        |
|    learning_rate        | 3e-05        |
|    loss                 | 5.45         |
|    n_updates            | 365          |
|    policy_gradient_loss | 0.00361      |
|    std                  | 0.996        |
|    value_loss           | 11.3         |
------------------------------------------
22:22:21 [INFO] rl_uav.envs.as2_test_env: Keeping drone airborne for velocity reset...
[ERROR] [1783196545.765825928] [drone0.drone0_interface]: Service returned failure
[ERROR] [1783196548.186326951] [drone0.drone0_interface]: Service returned failure
22:22:46 [INFO] rl_uav.envs.as2_test_env: Reset complete. Initial obs: [0.43126526 0.6356242  0.02467633 0.18554446]
22:23:28 [INFO] rl_uav.envs.as2_test_env: Keeping drone airborne for velocity reset...
22:23:28 [WARNING] rl_uav.envs.as2_test_env: Reset started at valid low altitude z=0.779; climbing to hover 1.400m with bounded velocity recovery
[ERROR] [1783196614.671731094] [drone0.drone0_interface]: Service returned failure
[ERROR] [1783196617.097558162] [drone0.drone0_interface]: Service returned failure
22:24:08 [INFO] rl_uav.envs.as2_test_env: Reset complete. Initial obs: [ 0.01663516  0.41116664 -0.0205836  -0.80757886]
22:24:18 [WARNING] rl_uav.envs.as2_test_env: Reset started at valid low altitude z=0.469; climbing to hover 1.400m with bounded velocity recovery
22:24:22 [WARNING] rl_uav.envs.as2_test_env: Skipping velocity reset; simulator service reset required (terminal_out_of_bounds)
[ERROR] [1783196665.880746837] [drone0.drone0_interface]: Service returned failure
[ERROR] [1783196668.301703440] [drone0.drone0_interface]: Service returned failure
22:24:37 [INFO] rl_uav.envs.as2_test_env: Reset complete. Initial obs: [ 0.2931579  -0.40810397  0.00369467 -0.79918957]
22:24:39 [WARNING] rl_uav.envs.as2_test_env: Skipping velocity reset; simulator service reset required (terminal_out_of_bounds)
[ERROR] [1783196683.486564773] [drone0.drone0_interface]: Service returned failure
[ERROR] [1783196685.937290124] [drone0.drone0_interface]: Service returned failure
22:24:55 [INFO] rl_uav.envs.as2_test_env: Reset complete. Initial obs: [ 0.8342528  -0.44006813  0.02237005  0.39451408]
-----------------------------------------
| rollout/                |             |
|    ep_len_mean          | 163         |
|    ep_rew_mean          | -61.2       |
|    success_rate         | 0.12        |
| time/                   |             |
|    fps                  | 3           |
|    iterations           | 75          |
|    time_elapsed         | 11938       |
|    total_timesteps      | 38400       |
| train/                  |             |
|    approx_kl            | 0.004664502 |
|    clip_fraction        | 0.0168      |
|    clip_range           | 0.2         |
|    entropy_loss         | -9.17       |
|    explained_variance   | 0.408       |
|    learning_rate        | 3e-05       |
|    loss                 | 4.83        |
|    n_updates            | 370         |
|    policy_gradient_loss | -0.01       |
|    std                  | 0.997       |
|    value_loss           | 7.2         |
-----------------------------------------
22:25:37 [INFO] rl_uav.envs.as2_test_env: Keeping drone airborne for velocity reset...
22:25:37 [WARNING] rl_uav.envs.as2_test_env: Reset started at valid low altitude z=0.894; climbing to hover 1.400m with bounded velocity recovery
[ERROR] [1783196742.789725419] [drone0.drone0_interface]: Service returned failure
[ERROR] [1783196745.233263280] [drone0.drone0_interface]: Service returned failure
22:26:16 [INFO] rl_uav.envs.as2_test_env: Reset complete. Initial obs: [-0.6285863   0.22672237  0.07612306 -0.66852796]
22:26:58 [INFO] rl_uav.envs.as2_test_env: Keeping drone airborne for velocity reset...
[ERROR] [1783196821.501407785] [drone0.drone0_interface]: Service returned failure
[ERROR] [1783196823.961717679] [drone0.drone0_interface]: Service returned failure
22:27:26 [INFO] rl_uav.envs.as2_test_env: Reset complete. Initial obs: [ 0.04863757  0.3130365   0.0249792  -0.6015115 ]
22:28:07 [INFO] rl_uav.envs.as2_test_env: Keeping drone airborne for velocity reset...
22:28:07 [WARNING] rl_uav.envs.as2_test_env: Reset started at valid low altitude z=1.155; climbing to hover 1.400m with bounded velocity recovery
[ERROR] [1783196893.818291037] [drone0.drone0_interface]: Service returned failure
[ERROR] [1783196896.290170805] [drone0.drone0_interface]: Service returned failure
22:28:41 [INFO] rl_uav.envs.as2_test_env: Reset complete. Initial obs: [0.52971864 0.6800499  0.09961111 0.08653297]
------------------------------------------
| rollout/                |              |
|    ep_len_mean          | 163          |
|    ep_rew_mean          | -61.2        |
|    success_rate         | 0.12         |
| time/                   |              |
|    fps                  | 3            |
|    iterations           | 76           |
|    time_elapsed         | 12146        |
|    total_timesteps      | 38912        |
| train/                  |              |
|    approx_kl            | 0.0029198434 |
|    clip_fraction        | 0.00313      |
|    clip_range           | 0.2          |
|    entropy_loss         | -9.5         |
|    explained_variance   | 0.47         |
|    learning_rate        | 3e-05        |
|    loss                 | 23           |
|    n_updates            | 375          |
|    policy_gradient_loss | -0.00373     |
|    std                  | 0.997        |
|    value_loss           | 49.3         |
------------------------------------------
22:29:23 [INFO] rl_uav.envs.as2_test_env: Keeping drone airborne for velocity reset...
[ERROR] [1783196966.231895438] [drone0.drone0_interface]: Service returned failure
[ERROR] [1783196968.723962102] [drone0.drone0_interface]: Service returned failure
22:29:55 [INFO] rl_uav.envs.as2_test_env: Reset complete. Initial obs: [-0.12164299 -0.8285603  -0.06795109 -0.2724125 ]
22:30:37 [INFO] rl_uav.envs.as2_test_env: Keeping drone airborne for velocity reset...
[ERROR] [1783197040.543702057] [drone0.drone0_interface]: Service returned failure
[ERROR] [1783197043.044740106] [drone0.drone0_interface]: Service returned failure
22:31:17 [INFO] rl_uav.envs.as2_test_env: Reset complete. Initial obs: [-0.15162979 -0.07635369 -0.16565262 -0.11767163]
22:31:25 [INFO] rl_uav.envs.as2_test_env: Keeping drone airborne for velocity reset...
[ERROR] [1783197089.755422059] [drone0.drone0_interface]: Service returned failure
[ERROR] [1783197092.276295936] [drone0.drone0_interface]: Service returned failure
22:31:53 [INFO] rl_uav.envs.as2_test_env: Reset complete. Initial obs: [ 0.40542626  0.16626482 -0.02994    -0.22578405]
22:32:05 [WARNING] rl_uav.envs.as2_test_env: Skipping velocity reset; simulator service reset required (terminal_out_of_bounds)
[ERROR] [1783197129.561290833] [drone0.drone0_interface]: Service returned failure
[ERROR] [1783197132.083039749] [drone0.drone0_interface]: Service returned failure
22:32:26 [INFO] rl_uav.envs.as2_test_env: Reset complete. Initial obs: [0.14734767 0.76408064 0.00137264 0.63221246]
-----------------------------------------
| rollout/                |             |
|    ep_len_mean          | 160         |
|    ep_rew_mean          | -60.1       |
|    success_rate         | 0.13        |
| time/                   |             |
|    fps                  | 3           |
|    iterations           | 77          |
|    time_elapsed         | 12372       |
|    total_timesteps      | 39424       |
| train/                  |             |
|    approx_kl            | 0.009232439 |
|    clip_fraction        | 0.0496      |
|    clip_range           | 0.2         |
|    entropy_loss         | -8.52       |
|    explained_variance   | 0.771       |
|    learning_rate        | 3e-05       |
|    loss                 | 1.55        |
|    n_updates            | 380         |
|    policy_gradient_loss | -0.0164     |
|    std                  | 0.997       |
|    value_loss           | 4.17        |
-----------------------------------------
22:33:07 [INFO] rl_uav.envs.as2_test_env: Keeping drone airborne for velocity reset...
[ERROR] [1783197191.074879815] [drone0.drone0_interface]: Service returned failure
[ERROR] [1783197193.613940287] [drone0.drone0_interface]: Service returned failure
22:33:43 [INFO] rl_uav.envs.as2_test_env: Reset complete. Initial obs: [-0.16342446  0.9273157  -0.01780953 -0.46930787]
22:34:02 [WARNING] rl_uav.envs.as2_test_env: Skipping velocity reset; simulator service reset required (terminal_out_of_bounds)
[ERROR] [1783197246.785527652] [drone0.drone0_interface]: Service returned failure
[ERROR] [1783197249.330304376] [drone0.drone0_interface]: Service returned failure
22:34:23 [INFO] rl_uav.envs.as2_test_env: Reset complete. Initial obs: [ 0.4585591   0.36084393 -0.03999398  0.2999916 ]
22:34:50 [INFO] rl_uav.envs.as2_test_env: Keeping drone airborne for velocity reset...
[ERROR] [1783197294.104199158] [drone0.drone0_interface]: Service returned failure
[ERROR] [1783197296.665324672] [drone0.drone0_interface]: Service returned failure
22:35:31 [INFO] rl_uav.envs.as2_test_env: Reset complete. Initial obs: [ 0.4232415  -0.51972073  0.05103731 -0.0697191 ]
------------------------------------------
| rollout/                |              |
|    ep_len_mean          | 159          |
|    ep_rew_mean          | -59.4        |
|    success_rate         | 0.14         |
| time/                   |              |
|    fps                  | 3            |
|    iterations           | 78           |
|    time_elapsed         | 12576        |
|    total_timesteps      | 39936        |
| train/                  |              |
|    approx_kl            | 0.0010007002 |
|    clip_fraction        | 0.00156      |
|    clip_range           | 0.2          |
|    entropy_loss         | -9.03        |
|    explained_variance   | 0.385        |
|    learning_rate        | 3e-05        |
|    loss                 | 10           |
|    n_updates            | 385          |
|    policy_gradient_loss | 0.00121      |
|    std                  | 0.996        |
|    value_loss           | 28.7         |
------------------------------------------
22:36:13 [INFO] rl_uav.envs.as2_test_env: Keeping drone airborne for velocity reset...
[ERROR] [1783197377.211102135] [drone0.drone0_interface]: Service returned failure
[ERROR] [1783197379.787081656] [drone0.drone0_interface]: Service returned failure
22:36:36 [INFO] rl_uav.envs.as2_test_env: Reset complete. Initial obs: [-0.46741503  0.2042293  -0.0984237  -0.56994784]
22:37:17 [INFO] rl_uav.envs.as2_test_env: Keeping drone airborne for velocity reset...
[ERROR] [1783197441.980679854] [drone0.drone0_interface]: Service returned failure
[ERROR] [1783197444.532436135] [drone0.drone0_interface]: Service returned failure
22:37:47 [INFO] rl_uav.envs.as2_test_env: Reset complete. Initial obs: [ 0.36453506 -0.05696798  0.00161114 -0.72078353]
22:38:03 [WARNING] rl_uav.envs.as2_test_env: Reset started at valid low altitude z=0.430; climbing to hover 1.400m with bounded velocity recovery
22:38:07 [WARNING] rl_uav.envs.as2_test_env: Skipping velocity reset; simulator service reset required (terminal_out_of_bounds)
[ERROR] [1783197491.328362423] [drone0.drone0_interface]: Service returned failure
[ERROR] [1783197493.918466131] [drone0.drone0_interface]: Service returned failure
22:38:28 [INFO] rl_uav.envs.as2_test_env: Reset complete. Initial obs: [-0.39540675 -0.2315604   0.12085344 -0.344301  ]
22:39:01 [WARNING] rl_uav.envs.as2_test_env: Reset started at valid low altitude z=0.407; climbing to hover 1.400m with bounded velocity recovery
22:39:06 [WARNING] rl_uav.envs.as2_test_env: Skipping velocity reset; simulator service reset required (terminal_out_of_bounds)
[ERROR] [1783197549.236488977] [drone0.drone0_interface]: Service returned failure
[ERROR] [1783197551.834877854] [drone0.drone0_interface]: Service returned failure
22:39:26 [INFO] rl_uav.envs.as2_test_env: Reset complete. Initial obs: [ 0.5888563  -0.7552121   0.02749837 -0.626276  ]
22:39:32 [WARNING] rl_uav.envs.as2_test_env: Reset started at valid low altitude z=0.455; climbing to hover 1.400m with bounded velocity recovery
22:39:36 [WARNING] rl_uav.envs.as2_test_env: Skipping velocity reset; simulator service reset required (terminal_out_of_bounds)
[ERROR] [1783197579.851937373] [drone0.drone0_interface]: Service returned failure
[ERROR] [1783197582.459585044] [drone0.drone0_interface]: Service returned failure
22:39:57 [INFO] rl_uav.envs.as2_test_env: Reset complete. Initial obs: [-0.33895892 -0.33385208  0.02805154 -0.14573729]
-----------------------------------------
| rollout/                |             |
|    ep_len_mean          | 158         |
|    ep_rew_mean          | -58.5       |
|    success_rate         | 0.12        |
| time/                   |             |
|    fps                  | 3           |
|    iterations           | 79          |
|    time_elapsed         | 12810       |
|    total_timesteps      | 40448       |
| train/                  |             |
|    approx_kl            | 0.002112133 |
|    clip_fraction        | 0.0102      |
|    clip_range           | 0.2         |
|    entropy_loss         | -9.39       |
|    explained_variance   | 0.156       |
|    learning_rate        | 3e-05       |
|    loss                 | 24.8        |
|    n_updates            | 390         |
|    policy_gradient_loss | -0.00592    |
|    std                  | 0.996       |
|    value_loss           | 46.6        |
-----------------------------------------
22:40:13 [WARNING] rl_uav.envs.as2_test_env: Skipping velocity reset; simulator service reset required (terminal_out_of_bounds)
[ERROR] [1783197617.360082322] [drone0.drone0_interface]: Service returned failure
[ERROR] [1783197619.986292190] [drone0.drone0_interface]: Service returned failure
22:40:34 [INFO] rl_uav.envs.as2_test_env: Reset complete. Initial obs: [-0.8079592   0.48439938 -0.07561754 -0.1065437 ]
22:40:56 [WARNING] rl_uav.envs.as2_test_env: Skipping velocity reset; simulator service reset required (terminal_out_of_bounds)
[ERROR] [1783197660.269017863] [drone0.drone0_interface]: Service returned failure
[ERROR] [1783197662.897323470] [drone0.drone0_interface]: Service returned failure
22:41:17 [INFO] rl_uav.envs.as2_test_env: Reset complete. Initial obs: [-0.06399899 -0.69802576  0.14354065 -0.50960094]
22:41:59 [INFO] rl_uav.envs.as2_test_env: Keeping drone airborne for velocity reset...
[ERROR] [1783197721.860463274] [drone0.drone0_interface]: Service returned failure
[ERROR] [1783197724.513235148] [drone0.drone0_interface]: Service returned failure
22:42:30 [INFO] rl_uav.envs.as2_test_env: Reset complete. Initial obs: [-0.20246877  0.69002974 -0.01200386  0.22573589]
22:42:34 [WARNING] rl_uav.envs.as2_test_env: Reset started at valid low altitude z=0.396; climbing to hover 1.400m with bounded velocity recovery
22:42:38 [WARNING] rl_uav.envs.as2_test_env: Skipping velocity reset; simulator service reset required (terminal_out_of_bounds)
[ERROR] [1783197762.281282412] [drone0.drone0_interface]: Service returned failure
[ERROR] [1783197764.939400711] [drone0.drone0_interface]: Service returned failure
22:43:00 [INFO] rl_uav.envs.as2_test_env: Reset complete. Initial obs: [-0.19350512  0.30541512 -0.00878437  0.21828324]
22:43:02 [WARNING] rl_uav.envs.as2_test_env: Skipping velocity reset; simulator service reset required (terminal_out_of_bounds)
[ERROR] [1783197786.794843034] [drone0.drone0_interface]: Service returned failure
[ERROR] [1783197789.467904843] [drone0.drone0_interface]: Service returned failure
22:43:24 [INFO] rl_uav.envs.as2_test_env: Reset complete. Initial obs: [-0.5294604  -0.5305602   0.00777971 -0.58792174]
22:43:27 [WARNING] rl_uav.envs.as2_test_env: Reset started at valid low altitude z=0.327; climbing to hover 1.400m with bounded velocity recovery
22:43:31 [WARNING] rl_uav.envs.as2_test_env: Skipping velocity reset; simulator service reset required (terminal_out_of_bounds)
[ERROR] [1783197815.028044466] [drone0.drone0_interface]: Service returned failure
[ERROR] [1783197817.716739212] [drone0.drone0_interface]: Service returned failure
22:43:53 [INFO] rl_uav.envs.as2_test_env: Reset complete. Initial obs: [-0.45211387  0.04518763  0.0207978   0.9991985 ]
22:43:55 [WARNING] rl_uav.envs.as2_test_env: Skipping velocity reset; simulator service reset required (terminal_out_of_bounds)
[ERROR] [1783197839.936858179] [drone0.drone0_interface]: Service returned failure
[ERROR] [1783197842.620288337] [drone0.drone0_interface]: Service returned failure
22:44:17 [INFO] rl_uav.envs.as2_test_env: Reset complete. Initial obs: [-0.20236972  0.55265236 -0.13282214 -0.69410986]
22:44:27 [INFO] rl_uav.envs.as2_test_env: Keeping drone airborne for velocity reset...
[ERROR] [1783197871.952971927] [drone0.drone0_interface]: Service returned failure
[ERROR] [1783197874.664862170] [drone0.drone0_interface]: Service returned failure
22:45:02 [INFO] rl_uav.envs.as2_test_env: Reset complete. Initial obs: [ 0.21528038 -0.02757641 -0.04878464  0.9417867 ]
------------------------------------------
| rollout/                |              |
|    ep_len_mean          | 147          |
|    ep_rew_mean          | -55.2        |
|    success_rate         | 0.12         |
| time/                   |              |
|    fps                  | 3            |
|    iterations           | 80           |
|    time_elapsed         | 13122        |
|    total_timesteps      | 40960        |
| train/                  |              |
|    approx_kl            | 0.0025293352 |
|    clip_fraction        | 0.00391      |
|    clip_range           | 0.2          |
|    entropy_loss         | -9.22        |
|    explained_variance   | -0.158       |
|    learning_rate        | 3e-05        |
|    loss                 | 3.4          |
|    n_updates            | 395          |
|    policy_gradient_loss | -0.00223     |
|    std                  | 0.996        |
|    value_loss           | 10.6         |
------------------------------------------
22:45:21 [WARNING] rl_uav.envs.as2_test_env: Reset started at valid low altitude z=0.476; climbing to hover 1.400m with bounded velocity recovery
22:45:25 [WARNING] rl_uav.envs.as2_test_env: Skipping velocity reset; simulator service reset required (terminal_out_of_bounds)
[ERROR] [1783197929.463616288] [drone0.drone0_interface]: Service returned failure
[ERROR] [1783197932.180652380] [drone0.drone0_interface]: Service returned failure
22:45:47 [INFO] rl_uav.envs.as2_test_env: Reset complete. Initial obs: [ 0.24687444  0.16581175  0.07067751 -0.48657188]
22:46:13 [WARNING] rl_uav.envs.as2_test_env: Skipping velocity reset; simulator service reset required (terminal_out_of_bounds)
[ERROR] [1783197977.867389128] [drone0.drone0_interface]: Service returned failure
[ERROR] [1783197980.594338154] [drone0.drone0_interface]: Service returned failure
22:46:36 [INFO] rl_uav.envs.as2_test_env: Reset complete. Initial obs: [ 0.17008463  0.06078311  0.10801929 -0.30242187]
22:46:54 [WARNING] rl_uav.envs.as2_test_env: Skipping velocity reset; simulator service reset required (terminal_out_of_bounds)
[ERROR] [1783198019.181971402] [drone0.drone0_interface]: Service returned failure
[ERROR] [1783198022.006333506] [drone0.drone0_interface]: Service returned failure
22:47:17 [INFO] rl_uav.envs.as2_test_env: Reset complete. Initial obs: [ 0.21500665 -0.6919173  -0.04544681  0.2666243 ]
22:47:30 [WARNING] rl_uav.envs.as2_test_env: Skipping velocity reset; simulator service reset required (terminal_out_of_bounds)
[ERROR] [1783198055.189511236] [drone0.drone0_interface]: Service returned failure
[ERROR] [1783198057.938510360] [drone0.drone0_interface]: Service returned failure
22:47:53 [INFO] rl_uav.envs.as2_test_env: Reset complete. Initial obs: [ 0.40984347 -0.4133153   0.17344932 -0.950283  ]
-------------------------------------------
| rollout/                |               |
|    ep_len_mean          | 146           |
|    ep_rew_mean          | -55.8         |
|    success_rate         | 0.1           |
| time/                   |               |
|    fps                  | 3             |
|    iterations           | 81            |
|    time_elapsed         | 13321         |
|    total_timesteps      | 41472         |
| train/                  |               |
|    approx_kl            | 0.00046791066 |
|    clip_fraction        | 0             |
|    clip_range           | 0.2           |
|    entropy_loss         | -9.89         |
|    explained_variance   | 0.308         |
|    learning_rate        | 3e-05         |
|    loss                 | 29.4          |
|    n_updates            | 400           |
|    policy_gradient_loss | -0.00161      |
|    std                  | 0.996         |
|    value_loss           | 45.4          |
-------------------------------------------
22:48:34 [INFO] rl_uav.envs.as2_test_env: Keeping drone airborne for velocity reset...
22:48:34 [WARNING] rl_uav.envs.as2_test_env: Reset started at valid low altitude z=0.965; climbing to hover 1.400m with bounded velocity recovery
[ERROR] [1783198121.901372120] [drone0.drone0_interface]: Service returned failure
[ERROR] [1783198124.661771914] [drone0.drone0_interface]: Service returned failure
22:49:12 [INFO] rl_uav.envs.as2_test_env: Reset complete. Initial obs: [ 0.7097473  -0.10208059 -0.05220049 -0.18857084]
22:49:35 [WARNING] rl_uav.envs.as2_test_env: Skipping velocity reset; simulator service reset required (terminal_out_of_bounds)
[ERROR] [1783198179.713922432] [drone0.drone0_interface]: Service returned failure
[ERROR] [1783198182.488722497] [drone0.drone0_interface]: Service returned failure
22:49:58 [INFO] rl_uav.envs.as2_test_env: Reset complete. Initial obs: [-0.24478835  0.37736362 -0.12094209 -0.9900137 ]
22:50:00 [WARNING] rl_uav.envs.as2_test_env: Reset started at valid low altitude z=0.394; climbing to hover 1.400m with bounded velocity recovery
22:50:05 [WARNING] rl_uav.envs.as2_test_env: Skipping velocity reset; simulator service reset required (terminal_out_of_bounds)
[ERROR] [1783198208.720260044] [drone0.drone0_interface]: Service returned failure
[ERROR] [1783198211.520522085] [drone0.drone0_interface]: Service returned failure
22:50:27 [INFO] rl_uav.envs.as2_test_env: Reset complete. Initial obs: [-0.39066157  0.00271598  0.07402259  0.48502547]
22:50:40 [WARNING] rl_uav.envs.as2_test_env: Reset started at valid low altitude z=0.354; climbing to hover 1.400m with bounded velocity recovery
22:50:45 [WARNING] rl_uav.envs.as2_test_env: Skipping velocity reset; simulator service reset required (terminal_out_of_bounds)
[ERROR] [1783198248.828855068] [drone0.drone0_interface]: Service returned failure
[ERROR] [1783198253.502960471] [drone0.drone0_interface]: Service returned failure
22:51:09 [INFO] rl_uav.envs.as2_test_env: Reset complete. Initial obs: [ 0.5802513   0.3678003   0.12198661 -0.72547966]
22:51:24 [WARNING] rl_uav.envs.as2_test_env: Skipping velocity reset; simulator service reset required (terminal_out_of_bounds)
[ERROR] [1783198289.341940066] [drone0.drone0_interface]: Service returned failure
[ERROR] [1783198292.153442753] [drone0.drone0_interface]: Service returned failure
22:51:47 [INFO] rl_uav.envs.as2_test_env: Reset complete. Initial obs: [-0.21910995  0.02522668  0.03048411  0.70538026]
22:51:52 [WARNING] rl_uav.envs.as2_test_env: Skipping velocity reset; simulator service reset required (terminal_out_of_bounds)
[ERROR] [1783198317.158201606] [drone0.drone0_interface]: Service returned failure
[ERROR] [1783198319.973288168] [drone0.drone0_interface]: Service returned failure
22:52:15 [INFO] rl_uav.envs.as2_test_env: Reset complete. Initial obs: [ 0.09206557 -0.46593344 -0.02349112  0.7794311 ]
22:52:25 [WARNING] rl_uav.envs.as2_test_env: Reset started at valid low altitude z=0.362; climbing to hover 1.400m with bounded velocity recovery
22:52:30 [WARNING] rl_uav.envs.as2_test_env: Skipping velocity reset; simulator service reset required (terminal_out_of_bounds)
[ERROR] [1783198354.465993964] [drone0.drone0_interface]: Service returned failure
[ERROR] [1783198357.295555850] [drone0.drone0_interface]: Service returned failure
22:52:53 [INFO] rl_uav.envs.as2_test_env: Reset complete. Initial obs: [0.30142173 0.20333748 0.06370972 0.45809358]
22:53:16 [WARNING] rl_uav.envs.as2_test_env: Reset started at valid low altitude z=0.407; climbing to hover 1.400m with bounded velocity recovery
22:53:21 [WARNING] rl_uav.envs.as2_test_env: Skipping velocity reset; simulator service reset required (terminal_out_of_bounds)
[ERROR] [1783198405.190230164] [drone0.drone0_interface]: Service returned failure
[ERROR] [1783198408.033172599] [drone0.drone0_interface]: Service returned failure
22:53:44 [INFO] rl_uav.envs.as2_test_env: Reset complete. Initial obs: [ 0.52924657 -0.101453    0.09628206  0.58446985]
-----------------------------------------
| rollout/                |             |
|    ep_len_mean          | 137         |
|    ep_rew_mean          | -52.2       |
|    success_rate         | 0.1         |
| time/                   |             |
|    fps                  | 3           |
|    iterations           | 82          |
|    time_elapsed         | 13644       |
|    total_timesteps      | 41984       |
| train/                  |             |
|    approx_kl            | 0.005117946 |
|    clip_fraction        | 0.0273      |
|    clip_range           | 0.2         |
|    entropy_loss         | -9.64       |
|    explained_variance   | 0.208       |
|    learning_rate        | 3e-05       |
|    loss                 | 1.65        |
|    n_updates            | 405         |
|    policy_gradient_loss | 8.03e-05    |
|    std                  | 0.995       |
|    value_loss           | 9.5         |
-----------------------------------------
22:53:56 [WARNING] rl_uav.envs.as2_test_env: Skipping velocity reset; simulator service reset required (terminal_out_of_bounds)
[ERROR] [1783198440.994417110] [drone0.drone0_interface]: Service returned failure
[ERROR] [1783198443.838215146] [drone0.drone0_interface]: Service returned failure
22:54:19 [INFO] rl_uav.envs.as2_test_env: Reset complete. Initial obs: [-0.39836612 -0.4252647   0.05612364 -0.4582316 ]
22:54:26 [WARNING] rl_uav.envs.as2_test_env: Skipping velocity reset; simulator service reset required (terminal_out_of_bounds)
[ERROR] [1783198471.109810802] [drone0.drone0_interface]: Service returned failure
[ERROR] [1783198473.978446333] [drone0.drone0_interface]: Service returned failure
22:54:50 [INFO] rl_uav.envs.as2_test_env: Reset complete. Initial obs: [ 0.45176423  0.43652228 -0.07717265  0.13486114]
22:55:02 [WARNING] rl_uav.envs.as2_test_env: Reset started at valid low altitude z=0.488; climbing to hover 1.400m with bounded velocity recovery
22:55:07 [WARNING] rl_uav.envs.as2_test_env: Skipping velocity reset; simulator service reset required (terminal_out_of_bounds)
[ERROR] [1783198510.923558798] [drone0.drone0_interface]: Service returned failure
[ERROR] [1783198513.801718597] [drone0.drone0_interface]: Service returned failure
22:55:30 [INFO] rl_uav.envs.as2_test_env: Reset complete. Initial obs: [-0.6482895  -0.01967749  0.10756882 -0.03949792]
22:55:49 [WARNING] rl_uav.envs.as2_test_env: Reset started at valid low altitude z=0.468; climbing to hover 1.400m with bounded velocity recovery
22:55:54 [WARNING] rl_uav.envs.as2_test_env: Skipping velocity reset; simulator service reset required (terminal_out_of_bounds)
[ERROR] [1783198558.325051860] [drone0.drone0_interface]: Service returned failure
[ERROR] [1783198561.205799000] [drone0.drone0_interface]: Service returned failure
22:56:17 [INFO] rl_uav.envs.as2_test_env: Reset complete. Initial obs: [-0.43171898  0.39152685 -0.12095507 -0.45805892]
22:56:50 [WARNING] rl_uav.envs.as2_test_env: Skipping velocity reset; simulator service reset required (terminal_out_of_bounds)
[ERROR] [1783198615.351277532] [drone0.drone0_interface]: Service returned failure
[ERROR] [1783198618.251122564] [drone0.drone0_interface]: Service returned failure
22:57:14 [INFO] rl_uav.envs.as2_test_env: Reset complete. Initial obs: [-0.5452815   0.16857313 -0.09156313 -0.27914295]
22:57:22 [WARNING] rl_uav.envs.as2_test_env: Skipping velocity reset; simulator service reset required (terminal_out_of_bounds)
[ERROR] [1783198647.658440245] [drone0.drone0_interface]: Service returned failure
[ERROR] [1783198650.574077580] [drone0.drone0_interface]: Service returned failure
22:57:46 [INFO] rl_uav.envs.as2_test_env: Reset complete. Initial obs: [-0.59117854 -0.02215823 -0.10425536 -0.01346425]
-----------------------------------------
| rollout/                |             |
|    ep_len_mean          | 132         |
|    ep_rew_mean          | -50.5       |
|    success_rate         | 0.08        |
| time/                   |             |
|    fps                  | 3           |
|    iterations           | 83          |
|    time_elapsed         | 13900       |
|    total_timesteps      | 42496       |
| train/                  |             |
|    approx_kl            | 0.004638673 |
|    clip_fraction        | 0.018       |
|    clip_range           | 0.2         |
|    entropy_loss         | -9.49       |
|    explained_variance   | 0.422       |
|    learning_rate        | 3e-05       |
|    loss                 | 6.26        |
|    n_updates            | 410         |
|    policy_gradient_loss | -0.00857    |
|    std                  | 0.995       |
|    value_loss           | 16.8        |
-----------------------------------------
22:58:20 [WARNING] rl_uav.envs.as2_test_env: Skipping velocity reset; simulator service reset required (terminal_out_of_bounds)
[ERROR] [1783198704.870565048] [drone0.drone0_interface]: Service returned failure
[ERROR] [1783198707.794165690] [drone0.drone0_interface]: Service returned failure
22:58:44 [INFO] rl_uav.envs.as2_test_env: Reset complete. Initial obs: [-0.40277478 -0.6305441   0.01964873 -0.6614994 ]
22:58:48 [WARNING] rl_uav.envs.as2_test_env: Skipping velocity reset; simulator service reset required (terminal_out_of_bounds)
[ERROR] [1783198733.766461252] [drone0.drone0_interface]: Service returned failure
[ERROR] [1783198736.704659839] [drone0.drone0_interface]: Service returned failure
22:59:13 [INFO] rl_uav.envs.as2_test_env: Reset complete. Initial obs: [ 0.7176234   0.13209265 -0.15004079  0.47018117]
22:59:43 [WARNING] rl_uav.envs.as2_test_env: Skipping velocity reset; simulator service reset required (terminal_out_of_bounds)
[ERROR] [1783198787.961162666] [drone0.drone0_interface]: Service returned failure
[ERROR] [1783198792.901525923] [drone0.drone0_interface]: Service returned failure
23:00:09 [INFO] rl_uav.envs.as2_test_env: Reset complete. Initial obs: [-0.6220878   0.36867395 -0.00441146 -0.34273946]
23:00:12 [WARNING] rl_uav.envs.as2_test_env: Skipping velocity reset; simulator service reset required (terminal_out_of_bounds)
[ERROR] [1783198817.078433740] [drone0.drone0_interface]: Service returned failure
[ERROR] [1783198820.043394400] [drone0.drone0_interface]: Service returned failure
23:00:36 [INFO] rl_uav.envs.as2_test_env: Reset complete. Initial obs: [-0.64296055  0.1893206  -0.13697849  0.7795078 ]
23:01:10 [WARNING] rl_uav.envs.as2_test_env: Reset started at valid low altitude z=0.415; climbing to hover 1.400m with bounded velocity recovery
23:01:15 [WARNING] rl_uav.envs.as2_test_env: Skipping velocity reset; simulator service reset required (terminal_out_of_bounds)
[ERROR] [1783198879.601935337] [drone0.drone0_interface]: Service returned failure
[ERROR] [1783198882.572876007] [drone0.drone0_interface]: Service returned failure
23:01:39 [INFO] rl_uav.envs.as2_test_env: Reset complete. Initial obs: [-0.7574759  -0.33936927 -0.1306888  -0.34777027]
23:02:01 [WARNING] rl_uav.envs.as2_test_env: Reset started at valid low altitude z=0.306; climbing to hover 1.400m with bounded velocity recovery
23:02:06 [WARNING] rl_uav.envs.as2_test_env: Skipping velocity reset; simulator service reset required (terminal_out_of_bounds)
[ERROR] [1783198930.721255290] [drone0.drone0_interface]: Service returned failure
[ERROR] [1783198933.706870732] [drone0.drone0_interface]: Service returned failure
23:02:30 [INFO] rl_uav.envs.as2_test_env: Reset complete. Initial obs: [ 0.49591    -0.6967132   0.11300553 -0.4764477 ]
------------------------------------------
| rollout/                |              |
|    ep_len_mean          | 130          |
|    ep_rew_mean          | -50.1        |
|    success_rate         | 0.08         |
| time/                   |              |
|    fps                  | 3            |
|    iterations           | 84           |
|    time_elapsed         | 14162        |
|    total_timesteps      | 43008        |
| train/                  |              |
|    approx_kl            | 0.0011443218 |
|    clip_fraction        | 0.000781     |
|    clip_range           | 0.2          |
|    entropy_loss         | -9.36        |
|    explained_variance   | 0.166        |
|    learning_rate        | 3e-05        |
|    loss                 | 6.91         |
|    n_updates            | 415          |
|    policy_gradient_loss | -0.0088      |
|    std                  | 0.996        |
|    value_loss           | 12.7         |
------------------------------------------
23:02:35 [WARNING] rl_uav.envs.as2_test_env: Reset started at valid low altitude z=0.356; climbing to hover 1.400m with bounded velocity recovery
23:02:40 [WARNING] rl_uav.envs.as2_test_env: Skipping velocity reset; simulator service reset required (terminal_out_of_bounds)
[ERROR] [1783198964.337554394] [drone0.drone0_interface]: Service returned failure
[ERROR] [1783198967.323864048] [drone0.drone0_interface]: Service returned failure
23:03:04 [INFO] rl_uav.envs.as2_test_env: Reset complete. Initial obs: [-0.7431734   0.22995116 -0.00368167  0.47195402]
23:03:15 [WARNING] rl_uav.envs.as2_test_env: Skipping velocity reset; simulator service reset required (terminal_out_of_bounds)
[ERROR] [1783199000.052423662] [drone0.drone0_interface]: Service returned failure
[ERROR] [1783199003.064727389] [drone0.drone0_interface]: Service returned failure
23:03:39 [INFO] rl_uav.envs.as2_test_env: Reset complete. Initial obs: [-0.5729802  -0.32774568 -0.03420511 -0.28932866]
23:04:21 [INFO] rl_uav.envs.as2_test_env: Keeping drone airborne for velocity reset...
[ERROR] [1783199065.858466997] [drone0.drone0_interface]: Service returned failure
[ERROR] [1783199068.878258738] [drone0.drone0_interface]: Service returned failure
23:05:04 [INFO] rl_uav.envs.as2_test_env: Reset complete. Initial obs: [-0.17936753  0.09892807  0.11068439  0.16601905]
23:05:14 [WARNING] rl_uav.envs.as2_test_env: Skipping velocity reset; simulator service reset required (terminal_out_of_bounds)
[ERROR] [1783199119.766874369] [drone0.drone0_interface]: Service returned failure
[ERROR] [1783199122.794435049] [drone0.drone0_interface]: Service returned failure
23:05:39 [INFO] rl_uav.envs.as2_test_env: Reset complete. Initial obs: [-0.30402198 -0.01099151  0.02269114  0.910788  ]
23:05:42 [WARNING] rl_uav.envs.as2_test_env: Reset started at valid low altitude z=0.383; climbing to hover 1.400m with bounded velocity recovery
23:05:47 [WARNING] rl_uav.envs.as2_test_env: Skipping velocity reset; simulator service reset required (terminal_out_of_bounds)
[ERROR] [1783199151.776665274] [drone0.drone0_interface]: Service returned failure
[ERROR] [1783199154.820774543] [drone0.drone0_interface]: Service returned failure
23:06:11 [INFO] rl_uav.envs.as2_test_env: Reset complete. Initial obs: [ 0.14813308 -0.7119232   0.03218773 -0.65860903]
23:06:44 [WARNING] rl_uav.envs.as2_test_env: Reset started at valid low altitude z=0.371; climbing to hover 1.400m with bounded velocity recovery
23:06:49 [WARNING] rl_uav.envs.as2_test_env: Skipping velocity reset; simulator service reset required (terminal_out_of_bounds)
[ERROR] [1783199213.898067469] [drone0.drone0_interface]: Service returned failure
[ERROR] [1783199216.952085215] [drone0.drone0_interface]: Service returned failure
23:07:14 [INFO] rl_uav.envs.as2_test_env: Reset complete. Initial obs: [-0.30650827  0.04188606 -0.05545459  0.93235934]
------------------------------------------
| rollout/                |              |
|    ep_len_mean          | 125          |
|    ep_rew_mean          | -48.5        |
|    success_rate         | 0.08         |
| time/                   |              |
|    fps                  | 3            |
|    iterations           | 85           |
|    time_elapsed         | 14447        |
|    total_timesteps      | 43520        |
| train/                  |              |
|    approx_kl            | 0.0018988148 |
|    clip_fraction        | 0.00234      |
|    clip_range           | 0.2          |
|    entropy_loss         | -9.58        |
|    explained_variance   | 0.325        |
|    learning_rate        | 3e-05        |
|    loss                 | 6.59         |
|    n_updates            | 420          |
|    policy_gradient_loss | -0.00533     |
|    std                  | 0.996        |
|    value_loss           | 13.4         |
------------------------------------------
23:07:23 [WARNING] rl_uav.envs.as2_test_env: Reset started at valid low altitude z=0.430; climbing to hover 1.400m with bounded velocity recovery
23:07:27 [WARNING] rl_uav.envs.as2_test_env: Skipping velocity reset; simulator service reset required (terminal_out_of_bounds)
[ERROR] [1783199252.003167784] [drone0.drone0_interface]: Service returned failure
[ERROR] [1783199255.074590509] [drone0.drone0_interface]: Service returned failure
23:07:52 [INFO] rl_uav.envs.as2_test_env: Reset complete. Initial obs: [-0.04861991  0.24291135 -0.04492989 -0.14259297]
23:08:09 [WARNING] rl_uav.envs.as2_test_env: Skipping velocity reset; simulator service reset required (terminal_out_of_bounds)
[ERROR] [1783199294.315382254] [drone0.drone0_interface]: Service returned failure
[ERROR] [1783199297.386804851] [drone0.drone0_interface]: Service returned failure
23:08:34 [INFO] rl_uav.envs.as2_test_env: Reset complete. Initial obs: [0.3561232  0.4060585  0.01532042 0.1871678 ]
23:08:37 [WARNING] rl_uav.envs.as2_test_env: Reset started at valid low altitude z=0.375; climbing to hover 1.400m with bounded velocity recovery
23:08:42 [WARNING] rl_uav.envs.as2_test_env: Skipping velocity reset; simulator service reset required (terminal_out_of_bounds)
[ERROR] [1783199326.525046235] [drone0.drone0_interface]: Service returned failure
[ERROR] [1783199329.601464941] [drone0.drone0_interface]: Service returned failure
23:09:06 [INFO] rl_uav.envs.as2_test_env: Reset complete. Initial obs: [0.4769214  0.79406434 0.06299715 0.21663098]
23:09:09 [WARNING] rl_uav.envs.as2_test_env: Reset started at valid low altitude z=0.495; climbing to hover 1.400m with bounded velocity recovery
23:09:14 [WARNING] rl_uav.envs.as2_test_env: Skipping velocity reset; simulator service reset required (terminal_out_of_bounds)
[ERROR] [1783199359.014674031] [drone0.drone0_interface]: Service returned failure
[ERROR] [1783199362.106433647] [drone0.drone0_interface]: Service returned failure
23:09:39 [INFO] rl_uav.envs.as2_test_env: Reset complete. Initial obs: [-0.13327447  0.6210946   0.16210705 -0.7471592 ]
23:09:54 [WARNING] rl_uav.envs.as2_test_env: Reset started at valid low altitude z=0.402; climbing to hover 1.400m with bounded velocity recovery
23:09:59 [WARNING] rl_uav.envs.as2_test_env: Skipping velocity reset; simulator service reset required (terminal_out_of_bounds)
[ERROR] [1783199404.016174574] [drone0.drone0_interface]: Service returned failure
[ERROR] [1783199407.123391114] [drone0.drone0_interface]: Service returned failure
23:10:24 [INFO] rl_uav.envs.as2_test_env: Reset complete. Initial obs: [-0.83688056  0.47910175 -0.01218023 -0.06813183]
23:10:39 [WARNING] rl_uav.envs.as2_test_env: Skipping velocity reset; simulator service reset required (terminal_out_of_bounds)
[ERROR] [1783199445.065240079] [drone0.drone0_interface]: Service returned failure
[ERROR] [1783199448.173327793] [drone0.drone0_interface]: Service returned failure
23:11:05 [INFO] rl_uav.envs.as2_test_env: Reset complete. Initial obs: [-0.30065602  0.49964425 -0.02145319  0.1076242 ]
23:11:14 [WARNING] rl_uav.envs.as2_test_env: Reset started at valid low altitude z=0.396; climbing to hover 1.400m with bounded velocity recovery
23:11:20 [WARNING] rl_uav.envs.as2_test_env: Skipping velocity reset; simulator service reset required (terminal_out_of_bounds)
[ERROR] [1783199484.270263663] [drone0.drone0_interface]: Service returned failure
[ERROR] [1783199487.408314111] [drone0.drone0_interface]: Service returned failure
23:11:45 [INFO] rl_uav.envs.as2_test_env: Reset complete. Initial obs: [ 0.20421198 -0.12831098  0.01380345 -0.34008306]
23:11:54 [WARNING] rl_uav.envs.as2_test_env: Skipping velocity reset; simulator service reset required (terminal_out_of_bounds)
[ERROR] [1783199519.588259798] [drone0.drone0_interface]: Service returned failure
[ERROR] [1783199522.731978850] [drone0.drone0_interface]: Service returned failure
23:12:13 [INFO] rl_uav.envs.as2_test_env: Reset complete. Initial obs: [ 0.5306273   0.24126215 -0.13152659 -0.5099871 ]
23:12:19 [WARNING] rl_uav.envs.as2_test_env: Skipping velocity reset; simulator service reset required (terminal_out_of_bounds)
[ERROR] [1783199544.593183993] [drone0.drone0_interface]: Service returned failure
[ERROR] [1783199549.875019185] [drone0.drone0_interface]: Service returned failure
23:12:47 [INFO] rl_uav.envs.as2_test_env: Reset complete. Initial obs: [ 0.17673591 -0.80661887 -0.04763505  0.46166468]
-----------------------------------------
| rollout/                |             |
|    ep_len_mean          | 114         |
|    ep_rew_mean          | -47.6       |
|    success_rate         | 0.06        |
| time/                   |             |
|    fps                  | 2           |
|    iterations           | 86          |
|    time_elapsed         | 14799       |
|    total_timesteps      | 44032       |
| train/                  |             |
|    approx_kl            | 0.006260373 |
|    clip_fraction        | 0.0234      |
|    clip_range           | 0.2         |
|    entropy_loss         | -9.29       |
|    explained_variance   | 0.259       |
|    learning_rate        | 3e-05       |
|    loss                 | 5.11        |
|    n_updates            | 425         |
|    policy_gradient_loss | -0.000823   |
|    std                  | 0.996       |
|    value_loss           | 8.45        |
-----------------------------------------
23:13:13 [WARNING] rl_uav.envs.as2_test_env: Skipping velocity reset; simulator service reset required (terminal_out_of_bounds)
[ERROR] [1783199598.790431558] [drone0.drone0_interface]: Service returned failure
[ERROR] [1783199601.949042107] [drone0.drone0_interface]: Service returned failure
23:13:39 [INFO] rl_uav.envs.as2_test_env: Reset complete. Initial obs: [-0.35258555  0.03422131  0.15385409 -0.9925633 ]
23:13:53 [WARNING] rl_uav.envs.as2_test_env: Skipping velocity reset; simulator service reset required (terminal_out_of_bounds)
[ERROR] [1783199638.509312681] [drone0.drone0_interface]: Service returned failure
[ERROR] [1783199641.665615079] [drone0.drone0_interface]: Service returned failure
23:14:19 [INFO] rl_uav.envs.as2_test_env: Reset complete. Initial obs: [ 0.7635808   0.33035257 -0.07414052 -0.29049405]
23:15:00 [INFO] rl_uav.envs.as2_test_env: Keeping drone airborne for velocity reset...
[ERROR] [1783199705.522698734] [drone0.drone0_interface]: Service returned failure
[ERROR] [1783199708.707779133] [drone0.drone0_interface]: Service returned failure
23:15:53 [INFO] rl_uav.envs.as2_test_env: Reset complete. Initial obs: [-0.31692475  0.80723464 -0.01385795  0.30301002]
23:15:59 [WARNING] rl_uav.envs.as2_test_env: Skipping velocity reset; simulator service reset required (terminal_out_of_bounds)
[ERROR] [1783199764.331586250] [drone0.drone0_interface]: Service returned failure
[ERROR] [1783199767.524919656] [drone0.drone0_interface]: Service returned failure
23:16:25 [INFO] rl_uav.envs.as2_test_env: Reset complete. Initial obs: [-0.73320764 -0.60735345 -0.08305834  0.6816871 ]
23:16:30 [WARNING] rl_uav.envs.as2_test_env: Skipping velocity reset; simulator service reset required (terminal_out_of_bounds)
[ERROR] [1783199795.958019625] [drone0.drone0_interface]: Service returned failure
[ERROR] [1783199799.171612408] [drone0.drone0_interface]: Service returned failure
23:16:57 [INFO] rl_uav.envs.as2_test_env: Reset complete. Initial obs: [ 0.27398494 -0.33034492  0.10838463  0.66010493]
23:17:02 [WARNING] rl_uav.envs.as2_test_env: Reset started at valid low altitude z=0.367; climbing to hover 1.400m with bounded velocity recovery
23:17:07 [WARNING] rl_uav.envs.as2_test_env: Skipping velocity reset; simulator service reset required (terminal_out_of_bounds)
[ERROR] [1783199831.754315597] [drone0.drone0_interface]: Service returned failure
[ERROR] [1783199834.983271963] [drone0.drone0_interface]: Service returned failure
23:17:33 [INFO] rl_uav.envs.as2_test_env: Reset complete. Initial obs: [-0.15997985 -0.3031917   0.12784265  0.83401704]
23:17:40 [WARNING] rl_uav.envs.as2_test_env: Skipping velocity reset; simulator service reset required (terminal_out_of_bounds)
[ERROR] [1783199865.674833150] [drone0.drone0_interface]: Service returned failure
[ERROR] [1783199871.079261936] [drone0.drone0_interface]: Service returned failure
23:18:09 [INFO] rl_uav.envs.as2_test_env: Reset complete. Initial obs: [ 0.49585527 -0.06278747 -0.13669577  0.6680477 ]
------------------------------------------
| rollout/                |              |
|    ep_len_mean          | 108          |
|    ep_rew_mean          | -44.6        |
|    success_rate         | 0.06         |
| time/                   |              |
|    fps                  | 2            |
|    iterations           | 87           |
|    time_elapsed         | 15122        |
|    total_timesteps      | 44544        |
| train/                  |              |
|    approx_kl            | 0.0025175153 |
|    clip_fraction        | 0.00508      |
|    clip_range           | 0.2          |
|    entropy_loss         | -9.81        |
|    explained_variance   | 0.482        |
|    learning_rate        | 3e-05        |
|    loss                 | 8.61         |
|    n_updates            | 430          |
|    policy_gradient_loss | -0.00576     |
|    std                  | 0.995        |
|    value_loss           | 16.5         |
------------------------------------------
23:18:47 [WARNING] rl_uav.envs.as2_test_env: Skipping velocity reset; simulator service reset required (terminal_out_of_bounds)
[ERROR] [1783199933.268840411] [drone0.drone0_interface]: Service returned failure
[ERROR] [1783199936.516225992] [drone0.drone0_interface]: Service returned failure
23:19:14 [INFO] rl_uav.envs.as2_test_env: Reset complete. Initial obs: [ 0.6643229   0.7164784  -0.10545113  0.81190085]
23:19:28 [WARNING] rl_uav.envs.as2_test_env: Skipping velocity reset; simulator service reset required (terminal_out_of_bounds)
[ERROR] [1783199973.970825597] [drone0.drone0_interface]: Service returned failure
[ERROR] [1783199977.221481321] [drone0.drone0_interface]: Service returned failure
23:19:47 [INFO] rl_uav.envs.as2_test_env: Reset complete. Initial obs: [-0.19527933 -0.04122424 -0.07858094 -0.41441244]
23:20:19 [WARNING] rl_uav.envs.as2_test_env: Skipping velocity reset; simulator service reset required (terminal_out_of_bounds)
[ERROR] [1783200025.296013157] [drone0.drone0_interface]: Service returned failure
[ERROR] [1783200028.664333315] [drone0.drone0_interface]: Service returned failure
23:20:39 [INFO] rl_uav.envs.as2_test_env: Reset complete. Initial obs: [ 0.07529598 -0.28467423  0.07232125  0.22118703]
23:20:41 [WARNING] rl_uav.envs.as2_test_env: Skipping velocity reset; simulator service reset required (terminal_out_of_bounds)
[ERROR] [1783200046.809449537] [drone0.drone0_interface]: Service returned failure
[ERROR] [1783200052.288269154] [drone0.drone0_interface]: Service returned failure
23:21:02 [INFO] rl_uav.envs.as2_test_env: Reset complete. Initial obs: [ 0.2272389   0.69731486  0.07620648 -0.1363501 ]
23:21:17 [WARNING] rl_uav.envs.as2_test_env: Skipping velocity reset; simulator service reset required (terminal_out_of_bounds)
[ERROR] [1783200083.323325352] [drone0.drone0_interface]: Service returned failure
[ERROR] [1783200086.602336978] [drone0.drone0_interface]: Service returned failure
23:21:37 [INFO] rl_uav.envs.as2_test_env: Reset complete. Initial obs: [-0.49911535 -0.739738   -0.04509806 -0.7377761 ]
23:21:59 [WARNING] rl_uav.envs.as2_test_env: Skipping velocity reset; simulator service reset required (terminal_out_of_bounds)
[ERROR] [1783200124.514521013] [drone0.drone0_interface]: Service returned failure
[ERROR] [1783200127.796553972] [drone0.drone0_interface]: Service returned failure
23:22:18 [INFO] rl_uav.envs.as2_test_env: Reset complete. Initial obs: [-0.18269157  0.32311043 -0.07648941 -0.6861402 ]
------------------------------------------
| rollout/                |              |
|    ep_len_mean          | 105          |
|    ep_rew_mean          | -44.8        |
|    success_rate         | 0.05         |
| time/                   |              |
|    fps                  | 2            |
|    iterations           | 88           |
|    time_elapsed         | 15353        |
|    total_timesteps      | 45056        |
| train/                  |              |
|    approx_kl            | 0.0006748502 |
|    clip_fraction        | 0            |
|    clip_range           | 0.2          |
|    entropy_loss         | -9.46        |
|    explained_variance   | 0.282        |
|    learning_rate        | 3e-05        |
|    loss                 | 2.93         |
|    n_updates            | 435          |
|    policy_gradient_loss | -0.00259     |
|    std                  | 0.996        |
|    value_loss           | 8.57         |
------------------------------------------
23:22:53 [INFO] rl_uav.envs.as2_test_env: Keeping drone airborne for velocity reset...
[ERROR] [1783200178.621853536] [drone0.drone0_interface]: Service returned failure
[ERROR] [1783200181.903096907] [drone0.drone0_interface]: Service returned failure
23:24:09 [WARNING] rl_uav.envs.as2_test_env: Timed out while driving to fixed_start_pose. Reset diagnostics: reason=timeout, elapsed=60.142, reset_phase=drive_xy_axis_y, phase=drive_xy_axis_y, target_pose=[-0.14544170977715698, -3.314646290865256, 1.9425092633198067, 1.6103440881221474], final_pose=[0.5159850120544434, -4.3248701095581055, 2.097844123840332, -0.24987643563595224], position_error=1.2174, initial_position_error=3.3124, best_position_error=0.4079, error_reduction=2.9045, dominant_axis=y, yaw_error=1.8602, last_command=[0.0, 1.0, 0.0, 0.0]
23:24:09 [WARNING] rl_uav.envs.as2_test_env: Bounded velocity reset timed out; attempting simulator service fallback. Reset diagnostics: reason=timeout, elapsed=60.142, reset_phase=drive_xy_axis_y, phase=drive_xy_axis_y, target_pose=[-0.14544170977715698, -3.314646290865256, 1.9425092633198067, 1.6103440881221474], final_pose=[0.5159850120544434, -4.3248701095581055, 2.097844123840332, -0.24987643563595224], position_error=1.2174, initial_position_error=3.3124, best_position_error=0.4079, error_reduction=2.9045, dominant_axis=y, yaw_error=1.8602, last_command=[0.0, 1.0, 0.0, 0.0]
[ERROR] [1783200253.342377064] [drone0.drone0_interface]: Service returned failure
[ERROR] [1783200258.966487883] [drone0.drone0_interface]: Service returned failure
23:24:29 [INFO] rl_uav.envs.as2_test_env: Reset complete. Initial obs: [ 0.22439474 -0.30904618 -0.01060236  0.5186564 ]
23:25:00 [WARNING] rl_uav.envs.as2_test_env: Skipping velocity reset; simulator service reset required (terminal_out_of_bounds)
[ERROR] [1783200305.848383439] [drone0.drone0_interface]: Service returned failure
[ERROR] [1783200309.151383552] [drone0.drone0_interface]: Service returned failure
23:25:19 [INFO] rl_uav.envs.as2_test_env: Reset complete. Initial obs: [ 0.26790038 -0.01794502  0.08623223 -0.14133169]
23:25:37 [WARNING] rl_uav.envs.as2_test_env: Reset started at valid low altitude z=0.328; climbing to hover 1.400m with bounded velocity recovery
23:25:42 [WARNING] rl_uav.envs.as2_test_env: Skipping velocity reset; simulator service reset required (terminal_out_of_bounds)
[ERROR] [1783200347.458158896] [drone0.drone0_interface]: Service returned failure
[ERROR] [1783200350.773739984] [drone0.drone0_interface]: Service returned failure
23:26:01 [INFO] rl_uav.envs.as2_test_env: Reset complete. Initial obs: [-0.20287223  0.5433333  -0.0477339  -0.84341455]
23:26:14 [WARNING] rl_uav.envs.as2_test_env: Reset started at valid low altitude z=0.466; climbing to hover 1.400m with bounded velocity recovery
23:26:19 [WARNING] rl_uav.envs.as2_test_env: Skipping velocity reset; simulator service reset required (terminal_out_of_bounds)
[ERROR] [1783200384.564321072] [drone0.drone0_interface]: Service returned failure
[ERROR] [1783200387.887401732] [drone0.drone0_interface]: Service returned failure
23:26:38 [INFO] rl_uav.envs.as2_test_env: Reset complete. Initial obs: [ 0.97467387 -0.11841813 -0.0638836   0.56712323]
23:26:40 [WARNING] rl_uav.envs.as2_test_env: Skipping velocity reset; simulator service reset required (terminal_out_of_bounds)
[ERROR] [1783200406.374022106] [drone0.drone0_interface]: Service returned failure
[ERROR] [1783200409.697459025] [drone0.drone0_interface]: Service returned failure
23:27:00 [INFO] rl_uav.envs.as2_test_env: Reset complete. Initial obs: [-0.7449624   0.4967932   0.04827729 -0.7171395 ]
23:27:11 [INFO] rl_uav.envs.as2_test_env: Keeping drone airborne for velocity reset...
[ERROR] [1783200437.078999316] [drone0.drone0_interface]: Service returned failure
[ERROR] [1783200440.412951930] [drone0.drone0_interface]: Service returned failure
23:29:08 [WARNING] rl_uav.envs.as2_test_env: Start pose was not reacquired after controller reset. Reset diagnostics: reason=post_controller_reacquire_timeout, elapsed=60.19, reacquire_timeout=60.0, hold_timeout=20.0, reset_phase=xy_axis_x, phase=xy_axis_x, settle_elapsed=0.202, target_pose=[2.0686764076353654, 0.6273739703372145, 1.7738497613190005, 0.018819731133781215], final_pose=[3.25364351272583, 1.3453011512756348, 1.7535057067871094, -2.8460123781472926], position_error=1.3856, initial_position_error=0.2784, best_position_error=0.2558, error_reduction=0.0227, dominant_axis=x, yaw_error=2.8648, last_command=[-1.0, 0.0, 0.0, 0.0]
23:29:08 [WARNING] rl_uav.envs.as2_test_env: Start pose drifted after controller reset; retrying bounded velocity reset. Reset diagnostics: reason=post_controller_reacquire_timeout, elapsed=60.19, reacquire_timeout=60.0, hold_timeout=20.0, reset_phase=xy_axis_x, phase=xy_axis_x, settle_elapsed=0.202, target_pose=[2.0686764076353654, 0.6273739703372145, 1.7738497613190005, 0.018819731133781215], final_pose=[3.25364351272583, 1.3453011512756348, 1.7535057067871094, -2.8460123781472926], position_error=1.3856, initial_position_error=0.2784, best_position_error=0.2558, error_reduction=0.0227, dominant_axis=x, yaw_error=2.8648, last_command=[-1.0, 0.0, 0.0, 0.0]
23:30:09 [WARNING] rl_uav.envs.as2_test_env: Timed out while driving to fixed_start_pose. Reset diagnostics: reason=timeout, elapsed=60.199, reset_phase=drive_xy_axis_y, phase=drive_xy_axis_y, target_pose=[2.0686764076353654, 0.6273739703372145, 1.7738497613190005, 0.018819731133781215], final_pose=[2.7353174686431885, -0.4921044111251831, 1.747008204460144, -2.749688692265264], position_error=1.3032, initial_position_error=1.3856, best_position_error=1.1515, error_reduction=0.2341, dominant_axis=y, yaw_error=2.7685, last_command=[0.0, 1.0, 0.0, 0.0]
23:30:09 [WARNING] rl_uav.envs.as2_test_env: Bounded velocity reset timed out; attempting simulator service fallback. Reset diagnostics: reason=timeout, elapsed=60.199, reset_phase=drive_xy_axis_y, phase=drive_xy_axis_y, target_pose=[2.0686764076353654, 0.6273739703372145, 1.7738497613190005, 0.018819731133781215], final_pose=[2.7353174686431885, -0.4921044111251831, 1.747008204460144, -2.749688692265264], position_error=1.3032, initial_position_error=1.3856, best_position_error=1.1515, error_reduction=0.2341, dominant_axis=y, yaw_error=2.7685, last_command=[0.0, 1.0, 0.0, 0.0]
[ERROR] [1783200613.185145663] [drone0.drone0_interface]: Service returned failure
[ERROR] [1783200616.536905839] [drone0.drone0_interface]: Service returned failure
23:30:27 [INFO] rl_uav.envs.as2_test_env: Reset complete. Initial obs: [ 0.5646951   0.76706326  0.13282642 -0.33776432]
-----------------------------------------
| rollout/                |             |
|    ep_len_mean          | 100         |
|    ep_rew_mean          | -42.1       |
|    success_rate         | 0.07        |
| time/                   |             |
|    fps                  | 2           |
|    iterations           | 89          |
|    time_elapsed         | 15838       |
|    total_timesteps      | 45568       |
| train/                  |             |
|    approx_kl            | 0.003127465 |
|    clip_fraction        | 0.0082      |
|    clip_range           | 0.2         |
|    entropy_loss         | -9.68       |
|    explained_variance   | 0.605       |
|    learning_rate        | 3e-05       |
|    loss                 | 5.77        |
|    n_updates            | 440         |
|    policy_gradient_loss | -0.0068     |
|    std                  | 0.996       |
|    value_loss           | 13          |
-----------------------------------------
23:30:34 [WARNING] rl_uav.envs.as2_test_env: Skipping velocity reset; simulator service reset required (terminal_out_of_bounds)
[ERROR] [1783200639.497351371] [drone0.drone0_interface]: Service returned failure
[ERROR] [1783200642.856741420] [drone0.drone0_interface]: Service returned failure
23:30:53 [INFO] rl_uav.envs.as2_test_env: Reset complete. Initial obs: [ 0.01712325 -0.4619376  -0.02035045 -0.5805517 ]
23:31:04 [WARNING] rl_uav.envs.as2_test_env: Skipping velocity reset; simulator service reset required (terminal_out_of_bounds)
[ERROR] [1783200670.304125784] [drone0.drone0_interface]: Service returned failure
[ERROR] [1783200673.673896328] [drone0.drone0_interface]: Service returned failure
23:31:24 [INFO] rl_uav.envs.as2_test_env: Reset complete. Initial obs: [ 0.34695935 -0.12901391 -0.06563272 -0.05644892]
23:31:59 [WARNING] rl_uav.envs.as2_test_env: Reset started at valid low altitude z=0.430; climbing to hover 1.400m with bounded velocity recovery
23:32:05 [WARNING] rl_uav.envs.as2_test_env: Skipping velocity reset; simulator service reset required (terminal_out_of_bounds)
[ERROR] [1783200729.704126160] [drone0.drone0_interface]: Service returned failure
[ERROR] [1783200733.077111195] [drone0.drone0_interface]: Service returned failure
23:32:24 [INFO] rl_uav.envs.as2_test_env: Reset complete. Initial obs: [-0.58126545  0.03341394 -0.05292952  0.18931875]
23:32:26 [WARNING] rl_uav.envs.as2_test_env: Skipping velocity reset; simulator service reset required (terminal_out_of_bounds)
[ERROR] [1783200751.818209216] [drone0.drone0_interface]: Service returned failure
[ERROR] [1783200755.195094951] [drone0.drone0_interface]: Service returned failure
23:32:46 [INFO] rl_uav.envs.as2_test_env: Reset complete. Initial obs: [ 0.8947733   0.32851464 -0.11374037 -0.10851937]
23:32:52 [WARNING] rl_uav.envs.as2_test_env: Skipping velocity reset; simulator service reset required (terminal_out_of_bounds)
[ERROR] [1783200778.224533429] [drone0.drone0_interface]: Service returned failure
[ERROR] [1783200781.599791287] [drone0.drone0_interface]: Service returned failure
23:33:12 [INFO] rl_uav.envs.as2_test_env: Reset complete. Initial obs: [-0.41569132  0.54209876  0.12613615  0.46876144]
23:33:14 [WARNING] rl_uav.envs.as2_test_env: Skipping velocity reset; simulator service reset required (terminal_out_of_bounds)
[ERROR] [1783200800.338199599] [drone0.drone0_interface]: Service returned failure
[ERROR] [1783200806.000954606] [drone0.drone0_interface]: Service returned failure
23:33:37 [INFO] rl_uav.envs.as2_test_env: Reset complete. Initial obs: [ 0.85087466 -0.22026283  0.05628303  0.81026316]
23:34:12 [INFO] rl_uav.envs.as2_test_env: Keeping drone airborne for velocity reset...
23:34:12 [WARNING] rl_uav.envs.as2_test_env: Reset started at valid low altitude z=0.978; climbing to hover 1.400m with bounded velocity recovery
[ERROR] [1783200862.246753018] [drone0.drone0_interface]: Service returned failure
[ERROR] [1783200865.649006344] [drone0.drone0_interface]: Service returned failure
23:35:33 [WARNING] rl_uav.envs.as2_test_env: Timed out while driving to fixed_start_pose. Reset diagnostics: reason=timeout, elapsed=60.146, reset_phase=drive_xy_axis_x, phase=drive_xy_axis_x, target_pose=[-3.098879318216317, 2.4519857960876896, 1.8607676949546046, 0.754180425564067], final_pose=[-4.354548454284668, 1.7307473421096802, 1.7673176527023315, -0.33344920217758733], position_error=1.4511, initial_position_error=3.6279, best_position_error=0.248, error_reduction=3.3799, dominant_axis=x, yaw_error=1.0876, last_command=[1.0, 0.0, 0.0, 0.0]
23:35:33 [WARNING] rl_uav.envs.as2_test_env: Bounded velocity reset timed out; attempting simulator service fallback. Reset diagnostics: reason=timeout, elapsed=60.146, reset_phase=drive_xy_axis_x, phase=drive_xy_axis_x, target_pose=[-3.098879318216317, 2.4519857960876896, 1.8607676949546046, 0.754180425564067], final_pose=[-4.354548454284668, 1.7307473421096802, 1.7673176527023315, -0.33344920217758733], position_error=1.4511, initial_position_error=3.6279, best_position_error=0.248, error_reduction=3.3799, dominant_axis=x, yaw_error=1.0876, last_command=[1.0, 0.0, 0.0, 0.0]
[ERROR] [1783200937.649459419] [drone0.drone0_interface]: Service returned failure
[ERROR] [1783200943.328106708] [drone0.drone0_interface]: Service returned failure
23:35:54 [INFO] rl_uav.envs.as2_test_env: Reset complete. Initial obs: [-0.39902133  0.25539026  0.09226624 -0.33363315]
-------------------------------------------
| rollout/                |               |
|    ep_len_mean          | 93.2          |
|    ep_rew_mean          | -40.7         |
|    success_rate         | 0.07          |
| time/                   |               |
|    fps                  | 2             |
|    iterations           | 90            |
|    time_elapsed         | 16171         |
|    total_timesteps      | 46080         |
| train/                  |               |
|    approx_kl            | 0.00032072875 |
|    clip_fraction        | 0             |
|    clip_range           | 0.2           |
|    entropy_loss         | -9.11         |
|    explained_variance   | 0.168         |
|    learning_rate        | 3e-05         |
|    loss                 | 69.3          |
|    n_updates            | 445           |
|    policy_gradient_loss | -0.00152      |
|    std                  | 0.996         |
|    value_loss           | 52.6          |
-------------------------------------------
23:36:09 [WARNING] rl_uav.envs.as2_test_env: Skipping velocity reset; simulator service reset required (terminal_out_of_bounds)
[ERROR] [1783200975.447683140] [drone0.drone0_interface]: Service returned failure
[ERROR] [1783200978.862539562] [drone0.drone0_interface]: Service returned failure
23:36:29 [INFO] rl_uav.envs.as2_test_env: Reset complete. Initial obs: [-0.3335407   0.78095585 -0.05261581 -0.5266824 ]
23:37:05 [WARNING] rl_uav.envs.as2_test_env: Reset started at valid low altitude z=0.319; climbing to hover 1.400m with bounded velocity recovery
23:37:10 [WARNING] rl_uav.envs.as2_test_env: Skipping velocity reset; simulator service reset required (terminal_out_of_bounds)
[ERROR] [1783201035.351297223] [drone0.drone0_interface]: Service returned failure
[ERROR] [1783201038.779879490] [drone0.drone0_interface]: Service returned failure
23:37:29 [INFO] rl_uav.envs.as2_test_env: Reset complete. Initial obs: [-0.4071982  -0.45015007  0.0255691   0.15232064]
23:37:47 [WARNING] rl_uav.envs.as2_test_env: Skipping velocity reset; simulator service reset required (terminal_out_of_bounds)
[ERROR] [1783201073.169187939] [drone0.drone0_interface]: Service returned failure
[ERROR] [1783201076.710254499] [drone0.drone0_interface]: Service returned failure
23:38:07 [INFO] rl_uav.envs.as2_test_env: Reset complete. Initial obs: [-0.49326134 -0.18327163 -0.02653119 -0.08343074]
23:38:10 [WARNING] rl_uav.envs.as2_test_env: Skipping velocity reset; simulator service reset required (terminal_out_of_bounds)
[ERROR] [1783201095.685255732] [drone0.drone0_interface]: Service returned failure
[ERROR] [1783201101.410383956] [drone0.drone0_interface]: Service returned failure
23:38:32 [INFO] rl_uav.envs.as2_test_env: Reset complete. Initial obs: [-0.48666546 -0.69947743  0.05290936  0.28567806]
23:38:54 [WARNING] rl_uav.envs.as2_test_env: Skipping velocity reset; simulator service reset required (terminal_out_of_bounds)
[ERROR] [1783201140.470255064] [drone0.drone0_interface]: Service returned failure
[ERROR] [1783201143.910417491] [drone0.drone0_interface]: Service returned failure
23:39:15 [INFO] rl_uav.envs.as2_test_env: Reset complete. Initial obs: [ 0.1263365  -0.14671962 -0.00843478 -0.52611685]
23:39:35 [WARNING] rl_uav.envs.as2_test_env: Skipping velocity reset; simulator service reset required (terminal_out_of_bounds)
[ERROR] [1783201181.082031426] [drone0.drone0_interface]: Service returned failure
[ERROR] [1783201184.538613725] [drone0.drone0_interface]: Service returned failure
23:39:55 [INFO] rl_uav.envs.as2_test_env: Reset complete. Initial obs: [ 0.3164989  -0.21439633 -0.00436227  0.30217046]
-----------------------------------------
| rollout/                |             |
|    ep_len_mean          | 89.4        |
|    ep_rew_mean          | -40.2       |
|    success_rate         | 0.07        |
| time/                   |             |
|    fps                  | 2           |
|    iterations           | 91          |
|    time_elapsed         | 16405       |
|    total_timesteps      | 46592       |
| train/                  |             |
|    approx_kl            | 0.001297532 |
|    clip_fraction        | 0           |
|    clip_range           | 0.2         |
|    entropy_loss         | -9.6        |
|    explained_variance   | 0.2         |
|    learning_rate        | 3e-05       |
|    loss                 | 2.84        |
|    n_updates            | 450         |
|    policy_gradient_loss | -0.00388    |
|    std                  | 0.997       |
|    value_loss           | 23          |
-----------------------------------------
23:40:37 [INFO] rl_uav.envs.as2_test_env: Keeping drone airborne for velocity reset...
[ERROR] [1783201241.881676660] [drone0.drone0_interface]: Service returned failure
[ERROR] [1783201245.351287884] [drone0.drone0_interface]: Service returned failure
23:41:53 [WARNING] rl_uav.envs.as2_test_env: Timed out while driving to fixed_start_pose. Reset diagnostics: reason=timeout, elapsed=60.188, reset_phase=drive_xy_axis_y, phase=drive_xy_axis_y, target_pose=[-2.732408705658112, -0.8334175636595615, 1.5059644185936572, 0.13104939312833652], final_pose=[-3.5719945430755615, 0.333667129278183, 1.6686729192733765, -2.6834528188685267], position_error=1.4469, initial_position_error=5.9911, best_position_error=0.4562, error_reduction=5.5349, dominant_axis=y, yaw_error=2.8145, last_command=[0.0, -1.0, 0.0, 0.0]
23:41:53 [WARNING] rl_uav.envs.as2_test_env: Bounded velocity reset timed out; attempting simulator service fallback. Reset diagnostics: reason=timeout, elapsed=60.188, reset_phase=drive_xy_axis_y, phase=drive_xy_axis_y, target_pose=[-2.732408705658112, -0.8334175636595615, 1.5059644185936572, 0.13104939312833652], final_pose=[-3.5719945430755615, 0.333667129278183, 1.6686729192733765, -2.6834528188685267], position_error=1.4469, initial_position_error=5.9911, best_position_error=0.4562, error_reduction=5.5349, dominant_axis=y, yaw_error=2.8145, last_command=[0.0, -1.0, 0.0, 0.0]
[ERROR] [1783201317.410982731] [drone0.drone0_interface]: Service returned failure
[ERROR] [1783201320.881973547] [drone0.drone0_interface]: Service returned failure
23:42:12 [INFO] rl_uav.envs.as2_test_env: Reset complete. Initial obs: [-0.44830316  0.39307484  0.07164102 -0.69478124]
23:42:25 [WARNING] rl_uav.envs.as2_test_env: Skipping velocity reset; simulator service reset required (terminal_out_of_bounds)
[ERROR] [1783201351.523936967] [drone0.drone0_interface]: Service returned failure
[ERROR] [1783201355.001695259] [drone0.drone0_interface]: Service returned failure
23:42:46 [INFO] rl_uav.envs.as2_test_env: Reset complete. Initial obs: [-0.15011103 -0.96125096 -0.06358222  0.70647335]
23:42:57 [WARNING] rl_uav.envs.as2_test_env: Skipping velocity reset; simulator service reset required (terminal_out_of_bounds)
[ERROR] [1783201383.313045444] [drone0.drone0_interface]: Service returned failure
[ERROR] [1783201386.798527925] [drone0.drone0_interface]: Service returned failure
23:43:18 [INFO] rl_uav.envs.as2_test_env: Reset complete. Initial obs: [-0.5452114  -0.8030329   0.13350251 -0.7277702 ]
23:43:20 [WARNING] rl_uav.envs.as2_test_env: Skipping velocity reset; simulator service reset required (terminal_out_of_bounds)
[ERROR] [1783201406.030038252] [drone0.drone0_interface]: Service returned failure
[ERROR] [1783201409.516808913] [drone0.drone0_interface]: Service returned failure
23:43:40 [INFO] rl_uav.envs.as2_test_env: Reset complete. Initial obs: [-0.51457757  0.17700814 -0.08691597 -0.2817826 ]
23:43:47 [WARNING] rl_uav.envs.as2_test_env: Skipping velocity reset; simulator service reset required (terminal_out_of_bounds)
[ERROR] [1783201433.449651327] [drone0.drone0_interface]: Service returned failure
[ERROR] [1783201436.935802531] [drone0.drone0_interface]: Service returned failure
23:44:08 [INFO] rl_uav.envs.as2_test_env: Reset complete. Initial obs: [-0.8747389   0.24836591 -0.0024358  -0.3503797 ]
23:44:10 [WARNING] rl_uav.envs.as2_test_env: Reset started at valid low altitude z=0.406; climbing to hover 1.400m with bounded velocity recovery
23:44:15 [WARNING] rl_uav.envs.as2_test_env: Skipping velocity reset; simulator service reset required (terminal_out_of_bounds)
[ERROR] [1783201460.848510055] [drone0.drone0_interface]: Service returned failure
[ERROR] [1783201464.359673387] [drone0.drone0_interface]: Service returned failure
23:44:35 [INFO] rl_uav.envs.as2_test_env: Reset complete. Initial obs: [ 0.12982427 -0.93490386  0.09907065  0.41427565]
23:44:44 [WARNING] rl_uav.envs.as2_test_env: Skipping velocity reset; simulator service reset required (terminal_out_of_bounds)
[ERROR] [1783201490.765740953] [drone0.drone0_interface]: Service returned failure
[ERROR] [1783201494.285210863] [drone0.drone0_interface]: Service returned failure
23:45:05 [INFO] rl_uav.envs.as2_test_env: Reset complete. Initial obs: [ 0.44353357 -0.2427169  -0.01525718 -0.93908405]
23:45:07 [WARNING] rl_uav.envs.as2_test_env: Skipping velocity reset; simulator service reset required (terminal_out_of_bounds)
[ERROR] [1783201513.672879984] [drone0.drone0_interface]: Service returned failure
[ERROR] [1783201517.196857215] [drone0.drone0_interface]: Service returned failure
23:45:28 [INFO] rl_uav.envs.as2_test_env: Reset complete. Initial obs: [-0.07456421 -0.45160046  0.00940873 -0.8732164 ]
------------------------------------------
| rollout/                |              |
|    ep_len_mean          | 83.9         |
|    ep_rew_mean          | -38.4        |
|    success_rate         | 0.06         |
| time/                   |              |
|    fps                  | 2            |
|    iterations           | 92           |
|    time_elapsed         | 16754        |
|    total_timesteps      | 47104        |
| train/                  |              |
|    approx_kl            | 0.0011498715 |
|    clip_fraction        | 0.00156      |
|    clip_range           | 0.2          |
|    entropy_loss         | -10          |
|    explained_variance   | 0.565        |
|    learning_rate        | 3e-05        |
|    loss                 | 5.43         |
|    n_updates            | 455          |
|    policy_gradient_loss | -0.0054      |
|    std                  | 0.997        |
|    value_loss           | 12.2         |
------------------------------------------
23:46:00 [WARNING] rl_uav.envs.as2_test_env: Reset started at valid low altitude z=0.302; climbing to hover 1.400m with bounded velocity recovery
23:46:06 [WARNING] rl_uav.envs.as2_test_env: Skipping velocity reset; simulator service reset required (terminal_out_of_bounds)
[ERROR] [1783201571.176228162] [drone0.drone0_interface]: Service returned failure
[ERROR] [1783201577.044494994] [drone0.drone0_interface]: Service returned failure
23:46:28 [INFO] rl_uav.envs.as2_test_env: Reset complete. Initial obs: [ 0.14852087 -0.4499118   0.09074549  0.2288387 ]
23:46:42 [WARNING] rl_uav.envs.as2_test_env: Skipping velocity reset; simulator service reset required (terminal_out_of_bounds)
[ERROR] [1783201607.974014266] [drone0.drone0_interface]: Service returned failure
[ERROR] [1783201611.511428890] [drone0.drone0_interface]: Service returned failure
23:47:03 [INFO] rl_uav.envs.as2_test_env: Reset complete. Initial obs: [0.6922018  0.11846586 0.1385332  0.3135233 ]
23:47:44 [INFO] rl_uav.envs.as2_test_env: Keeping drone airborne for velocity reset...
[ERROR] [1783201670.181698709] [drone0.drone0_interface]: Service returned failure
[ERROR] [1783201673.724575650] [drone0.drone0_interface]: Service returned failure
23:49:01 [WARNING] rl_uav.envs.as2_test_env: Timed out while driving to fixed_start_pose. Reset diagnostics: reason=timeout, elapsed=60.157, reset_phase=drive_xy_axis_y, phase=drive_xy_axis_y, target_pose=[1.0923332354282493, -1.2074154518079556, 1.6150243819033734, -1.8915107665426636], final_pose=[0.9432383179664612, -0.57136070728302, 1.7165474891662598, 1.1291225282768256], position_error=0.6611, initial_position_error=3.5111, best_position_error=0.4387, error_reduction=3.0724, dominant_axis=y, yaw_error=3.0206, last_command=[0.0, -0.6361, 0.0, 0.0]
23:49:01 [WARNING] rl_uav.envs.as2_test_env: Bounded velocity reset timed out; attempting simulator service fallback. Reset diagnostics: reason=timeout, elapsed=60.157, reset_phase=drive_xy_axis_y, phase=drive_xy_axis_y, target_pose=[1.0923332354282493, -1.2074154518079556, 1.6150243819033734, -1.8915107665426636], final_pose=[0.9432383179664612, -0.57136070728302, 1.7165474891662598, 1.1291225282768256], position_error=0.6611, initial_position_error=3.5111, best_position_error=0.4387, error_reduction=3.0724, dominant_axis=y, yaw_error=3.0206, last_command=[0.0, -0.6361, 0.0, 0.0]
[ERROR] [1783201746.497088341] [drone0.drone0_interface]: Service returned failure
[ERROR] [1783201750.057692175] [drone0.drone0_interface]: Service returned failure
23:49:21 [INFO] rl_uav.envs.as2_test_env: Reset complete. Initial obs: [-0.33902416 -0.38821334 -0.01496459 -0.05355998]
-----------------------------------------
| rollout/                |             |
|    ep_len_mean          | 82.1        |
|    ep_rew_mean          | -38.3       |
|    success_rate         | 0.06        |
| time/                   |             |
|    fps                  | 2           |
|    iterations           | 93          |
|    time_elapsed         | 17005       |
|    total_timesteps      | 47616       |
| train/                  |             |
|    approx_kl            | 0.013842841 |
|    clip_fraction        | 0.0578      |
|    clip_range           | 0.2         |
|    entropy_loss         | -10.1       |
|    explained_variance   | 0.113       |
|    learning_rate        | 3e-05       |
|    loss                 | 5.94        |
|    n_updates            | 460         |
|    policy_gradient_loss | 0.00359     |
|    std                  | 0.995       |
|    value_loss           | 8.02        |
-----------------------------------------
23:50:03 [INFO] rl_uav.envs.as2_test_env: Keeping drone airborne for velocity reset...
[ERROR] [1783201808.797199235] [drone0.drone0_interface]: Service returned failure
[ERROR] [1783201812.358981714] [drone0.drone0_interface]: Service returned failure
23:51:04 [INFO] rl_uav.envs.as2_test_env: Reset complete. Initial obs: [ 0.08442753  0.71304256 -0.0107823  -0.6980056 ]
23:51:40 [WARNING] rl_uav.envs.as2_test_env: Reset started at valid low altitude z=0.387; climbing to hover 1.400m with bounded velocity recovery
23:51:45 [WARNING] rl_uav.envs.as2_test_env: Skipping velocity reset; simulator service reset required (terminal_out_of_bounds)
[ERROR] [1783201910.411801262] [drone0.drone0_interface]: Service returned failure
[ERROR] [1783201916.347020012] [drone0.drone0_interface]: Service returned failure
23:52:07 [INFO] rl_uav.envs.as2_test_env: Reset complete. Initial obs: [ 0.07361609 -0.23774886 -0.06704301  0.4925977 ]
23:52:23 [WARNING] rl_uav.envs.as2_test_env: Skipping velocity reset; simulator service reset required (terminal_out_of_bounds)
[ERROR] [1783201949.905556459] [drone0.drone0_interface]: Service returned failure
[ERROR] [1783201953.485527937] [drone0.drone0_interface]: Service returned failure
23:52:44 [INFO] rl_uav.envs.as2_test_env: Reset complete. Initial obs: [ 0.1432546  -0.14696567  0.04596419  0.77591926]
23:53:24 [WARNING] rl_uav.envs.as2_test_env: Skipping velocity reset; simulator service reset required (terminal_out_of_bounds)
[ERROR] [1783202010.001666013] [drone0.drone0_interface]: Service returned failure
[ERROR] [1783202013.699241326] [drone0.drone0_interface]: Service returned failure
23:53:45 [INFO] rl_uav.envs.as2_test_env: Reset complete. Initial obs: [-0.5109406  -0.31216112 -0.04547772 -0.35871437]
23:53:47 [WARNING] rl_uav.envs.as2_test_env: Skipping velocity reset; simulator service reset required (terminal_out_of_bounds)
[ERROR] [1783202033.329776951] [drone0.drone0_interface]: Service returned failure
[ERROR] [1783202039.309888460] [drone0.drone0_interface]: Service returned failure
23:54:10 [INFO] rl_uav.envs.as2_test_env: Reset complete. Initial obs: [ 0.30227894  0.82925344  0.05405259 -0.09886403]
------------------------------------------
| rollout/                |              |
|    ep_len_mean          | 83.4         |
|    ep_rew_mean          | -39.5        |
|    success_rate         | 0.04         |
| time/                   |              |
|    fps                  | 2            |
|    iterations           | 94           |
|    time_elapsed         | 17265        |
|    total_timesteps      | 48128        |
| train/                  |              |
|    approx_kl            | 0.0008020252 |
|    clip_fraction        | 0            |
|    clip_range           | 0.2          |
|    entropy_loss         | -10.4        |
|    explained_variance   | 0.541        |
|    learning_rate        | 3e-05        |
|    loss                 | 2.59         |
|    n_updates            | 465          |
|    policy_gradient_loss | -0.00899     |
|    std                  | 0.996        |
|    value_loss           | 10.8         |
------------------------------------------
23:54:38 [WARNING] rl_uav.envs.as2_test_env: Skipping velocity reset; simulator service reset required (terminal_out_of_bounds)
[ERROR] [1783202084.627832548] [drone0.drone0_interface]: Service returned failure
[ERROR] [1783202090.606939275] [drone0.drone0_interface]: Service returned failure
23:55:02 [INFO] rl_uav.envs.as2_test_env: Reset complete. Initial obs: [ 0.47037074  0.18496777 -0.15324143 -0.8664474 ]
23:55:04 [WARNING] rl_uav.envs.as2_test_env: Skipping velocity reset; simulator service reset required (terminal_out_of_bounds)
[ERROR] [1783202110.344988960] [drone0.drone0_interface]: Service returned failure
[ERROR] [1783202113.960677965] [drone0.drone0_interface]: Service returned failure
23:55:25 [INFO] rl_uav.envs.as2_test_env: Reset complete. Initial obs: [-0.7025673  -0.22375649 -0.06556483  0.46726188]
23:56:06 [INFO] rl_uav.envs.as2_test_env: Keeping drone airborne for velocity reset...
23:56:06 [WARNING] rl_uav.envs.as2_test_env: Reset started at valid low altitude z=0.690; climbing to hover 1.400m with bounded velocity recovery
[ERROR] [1783202175.353794302] [drone0.drone0_interface]: Service returned failure
[ERROR] [1783202178.969203501] [drone0.drone0_interface]: Service returned failure
23:57:26 [WARNING] rl_uav.envs.as2_test_env: Timed out while driving to fixed_start_pose. Reset diagnostics: reason=timeout, elapsed=60.148, reset_phase=drive_xy_axis_x, phase=drive_xy_axis_x, target_pose=[-3.3265548738688224, -0.4898140124813515, 1.8833452707029679, -1.2603347485579302], final_pose=[-4.173356056213379, 0.08946552127599716, 1.674728274345398, -2.8919618697430276], position_error=1.047, initial_position_error=1.4633, best_position_error=0.3159, error_reduction=1.1474, dominant_axis=x, yaw_error=1.6316, last_command=[0.8468, 0.0, 0.0, 0.0]
23:57:26 [WARNING] rl_uav.envs.as2_test_env: Bounded velocity reset timed out; attempting simulator service fallback. Reset diagnostics: reason=timeout, elapsed=60.148, reset_phase=drive_xy_axis_x, phase=drive_xy_axis_x, target_pose=[-3.3265548738688224, -0.4898140124813515, 1.8833452707029679, -1.2603347485579302], final_pose=[-4.173356056213379, 0.08946552127599716, 1.674728274345398, -2.8919618697430276], position_error=1.047, initial_position_error=1.4633, best_position_error=0.3159, error_reduction=1.1474, dominant_axis=x, yaw_error=1.6316, last_command=[0.8468, 0.0, 0.0, 0.0]
[ERROR] [1783202250.958009826] [drone0.drone0_interface]: Service returned failure
[ERROR] [1783202254.590016127] [drone0.drone0_interface]: Service returned failure
23:57:46 [INFO] rl_uav.envs.as2_test_env: Reset complete. Initial obs: [-0.2972974  -0.19560629  0.04097825  0.5041786 ]
23:58:23 [WARNING] rl_uav.envs.as2_test_env: Skipping velocity reset; simulator service reset required (terminal_out_of_bounds)
[ERROR] [1783202309.174676128] [drone0.drone0_interface]: Service returned failure
[ERROR] [1783202315.193483188] [drone0.drone0_interface]: Service returned failure
23:58:46 [INFO] rl_uav.envs.as2_test_env: Reset complete. Initial obs: [-0.5718641  -0.28506547 -0.06356669 -0.18483426]
------------------------------------------
| rollout/                |              |
|    ep_len_mean          | 82.3         |
|    ep_rew_mean          | -39.6        |
|    success_rate         | 0.04         |
| time/                   |              |
|    fps                  | 2            |
|    iterations           | 95           |
|    time_elapsed         | 17538        |
|    total_timesteps      | 48640        |
| train/                  |              |
|    approx_kl            | 0.0048971726 |
|    clip_fraction        | 0.0164       |
|    clip_range           | 0.2          |
|    entropy_loss         | -9.65        |
|    explained_variance   | 0.378        |
|    learning_rate        | 3e-05        |
|    loss                 | 1.69         |
|    n_updates            | 470          |
|    policy_gradient_loss | -0.00208     |
|    std                  | 0.995        |
|    value_loss           | 6.79         |
------------------------------------------
23:59:28 [INFO] rl_uav.envs.as2_test_env: Keeping drone airborne for velocity reset...
23:59:28 [WARNING] rl_uav.envs.as2_test_env: Reset started at valid low altitude z=0.534; climbing to hover 1.400m with bounded velocity recovery
[ERROR] [1783202377.178095368] [drone0.drone0_interface]: Service returned failure
[ERROR] [1783202380.813327981] [drone0.drone0_interface]: Service returned failure
00:00:48 [WARNING] rl_uav.envs.as2_test_env: Timed out while driving to fixed_start_pose. Reset diagnostics: reason=timeout, elapsed=60.146, reset_phase=drive_xy_axis_y, phase=drive_xy_axis_y, target_pose=[2.4572589103445113, -0.4804827798994489, 1.819726771144733, 0.8688829968208855], final_pose=[3.1995797157287598, -1.2245314121246338, 1.3536872863769531, 2.6583733935788616], position_error=1.1497, initial_position_error=1.5443, best_position_error=0.4024, error_reduction=1.1419, dominant_axis=y, yaw_error=1.7895, last_command=[0.0, 0.744, 0.0, 0.0]
00:00:48 [WARNING] rl_uav.envs.as2_test_env: Bounded velocity reset timed out; attempting simulator service fallback. Reset diagnostics: reason=timeout, elapsed=60.146, reset_phase=drive_xy_axis_y, phase=drive_xy_axis_y, target_pose=[2.4572589103445113, -0.4804827798994489, 1.819726771144733, 0.8688829968208855], final_pose=[3.1995797157287598, -1.2245314121246338, 1.3536872863769531, 2.6583733935788616], position_error=1.1497, initial_position_error=1.5443, best_position_error=0.4024, error_reduction=1.1419, dominant_axis=y, yaw_error=1.7895, last_command=[0.0, 0.744, 0.0, 0.0]
[ERROR] [1783202453.564437094] [drone0.drone0_interface]: Service returned failure
[ERROR] [1783202459.613565341] [drone0.drone0_interface]: Service returned failure
00:01:11 [INFO] rl_uav.envs.as2_test_env: Reset complete. Initial obs: [ 0.06934786 -0.73153967  0.11461198  0.24638289]
00:01:20 [WARNING] rl_uav.envs.as2_test_env: Reset started at valid low altitude z=0.430; climbing to hover 1.400m with bounded velocity recovery
00:01:26 [WARNING] rl_uav.envs.as2_test_env: Skipping velocity reset; simulator service reset required (terminal_out_of_bounds)
[ERROR] [1783202491.500818778] [drone0.drone0_interface]: Service returned failure
[ERROR] [1783202495.160807123] [drone0.drone0_interface]: Service returned failure
00:01:46 [INFO] rl_uav.envs.as2_test_env: Reset complete. Initial obs: [ 0.26653364 -0.80750304  0.02015786 -0.6012981 ]
00:01:49 [WARNING] rl_uav.envs.as2_test_env: Skipping velocity reset; simulator service reset required (terminal_out_of_bounds)
[ERROR] [1783202515.105922792] [drone0.drone0_interface]: Service returned failure
[ERROR] [1783202518.771103107] [drone0.drone0_interface]: Service returned failure
00:02:10 [INFO] rl_uav.envs.as2_test_env: Reset complete. Initial obs: [0.1593639  0.23578613 0.038555   0.06316255]
00:02:12 [WARNING] rl_uav.envs.as2_test_env: Skipping velocity reset; simulator service reset required (terminal_out_of_bounds)
[ERROR] [1783202538.917093614] [drone0.drone0_interface]: Service returned failure
[ERROR] [1783202542.593613160] [drone0.drone0_interface]: Service returned failure
00:02:34 [INFO] rl_uav.envs.as2_test_env: Reset complete. Initial obs: [ 0.36450574 -0.11991927  0.00550059 -0.80604553]
00:02:36 [WARNING] rl_uav.envs.as2_test_env: Skipping velocity reset; simulator service reset required (terminal_out_of_bounds)
[ERROR] [1783202562.719912967] [drone0.drone0_interface]: Service returned failure
[ERROR] [1783202566.404788938] [drone0.drone0_interface]: Service returned failure
00:02:58 [INFO] rl_uav.envs.as2_test_env: Reset complete. Initial obs: [-0.29896423  0.3219279   0.07572676 -0.26033536]
00:03:31 [WARNING] rl_uav.envs.as2_test_env: Skipping velocity reset; simulator service reset required (terminal_out_of_bounds)
[ERROR] [1783202617.526907062] [drone0.drone0_interface]: Service returned failure
[ERROR] [1783202623.612166883] [drone0.drone0_interface]: Service returned failure
00:03:55 [INFO] rl_uav.envs.as2_test_env: Reset complete. Initial obs: [ 0.22702165 -0.6779091  -0.12160361 -0.38228643]
00:03:57 [WARNING] rl_uav.envs.as2_test_env: Skipping velocity reset; simulator service reset required (terminal_out_of_bounds)
[ERROR] [1783202643.722329920] [drone0.drone0_interface]: Service returned failure
[ERROR] [1783202647.424268728] [drone0.drone0_interface]: Service returned failure
00:04:19 [INFO] rl_uav.envs.as2_test_env: Reset complete. Initial obs: [ 0.7015275  -0.40151608  0.03539007  0.27542347]
-------------------------------------------
| rollout/                |               |
|    ep_len_mean          | 82.3          |
|    ep_rew_mean          | -38.9         |
|    success_rate         | 0.04          |
| time/                   |               |
|    fps                  | 2             |
|    iterations           | 96            |
|    time_elapsed         | 17882         |
|    total_timesteps      | 49152         |
| train/                  |               |
|    approx_kl            | 0.00068226026 |
|    clip_fraction        | 0             |
|    clip_range           | 0.2           |
|    entropy_loss         | -10.4         |
|    explained_variance   | 0.669         |
|    learning_rate        | 3e-05         |
|    loss                 | 3.97          |
|    n_updates            | 475           |
|    policy_gradient_loss | -0.000195     |
|    std                  | 0.995         |
|    value_loss           | 12.4          |
-------------------------------------------
00:04:36 [WARNING] rl_uav.envs.as2_test_env: Skipping velocity reset; simulator service reset required (terminal_out_of_bounds)
[ERROR] [1783202682.165039923] [drone0.drone0_interface]: Service returned failure
[ERROR] [1783202685.863726946] [drone0.drone0_interface]: Service returned failure
00:04:57 [INFO] rl_uav.envs.as2_test_env: Reset complete. Initial obs: [0.07170513 0.41732836 0.14811316 0.2955926 ]
00:05:38 [INFO] rl_uav.envs.as2_test_env: Keeping drone airborne for velocity reset...
[ERROR] [1783202744.544680976] [drone0.drone0_interface]: Service returned failure
[ERROR] [1783202748.246247355] [drone0.drone0_interface]: Service returned failure
00:06:56 [WARNING] rl_uav.envs.as2_test_env: Timed out while driving to fixed_start_pose. Reset diagnostics: reason=timeout, elapsed=60.032, reset_phase=drive_xy_axis_y, phase=drive_xy_axis_y, target_pose=[-1.604812645352792, -1.2051057280259085, 1.9356067864697413, 1.4007356250518725], final_pose=[-0.7687681913375854, 0.11357052624225616, 1.7298105955123901, -2.187137769712346], position_error=1.5749, initial_position_error=3.8869, best_position_error=0.608, error_reduction=3.2789, dominant_axis=y, yaw_error=2.6953, last_command=[0.0, -1.0, 0.0, 0.0]
00:06:56 [WARNING] rl_uav.envs.as2_test_env: Bounded velocity reset timed out; attempting simulator service fallback. Reset diagnostics: reason=timeout, elapsed=60.032, reset_phase=drive_xy_axis_y, phase=drive_xy_axis_y, target_pose=[-1.604812645352792, -1.2051057280259085, 1.9356067864697413, 1.4007356250518725], final_pose=[-0.7687681913375854, 0.11357052624225616, 1.7298105955123901, -2.187137769712346], position_error=1.5749, initial_position_error=3.8869, best_position_error=0.608, error_reduction=3.2789, dominant_axis=y, yaw_error=2.6953, last_command=[0.0, -1.0, 0.0, 0.0]
[ERROR] [1783202821.546467042] [drone0.drone0_interface]: Service returned failure
[ERROR] [1783202825.251937451] [drone0.drone0_interface]: Service returned failure
00:07:17 [INFO] rl_uav.envs.as2_test_env: Reset complete. Initial obs: [-0.48528185 -0.2015252   0.06372956  0.35624054]
00:07:43 [WARNING] rl_uav.envs.as2_test_env: Skipping velocity reset; simulator service reset required (terminal_out_of_bounds)
[ERROR] [1783202869.664763981] [drone0.drone0_interface]: Service returned failure
[ERROR] [1783202873.389948560] [drone0.drone0_interface]: Service returned failure
00:08:05 [INFO] rl_uav.envs.as2_test_env: Reset complete. Initial obs: [ 0.36200976 -0.49603316  0.08120985 -0.11324263]
00:08:07 [WARNING] rl_uav.envs.as2_test_env: Skipping velocity reset; simulator service reset required (terminal_out_of_bounds)
[ERROR] [1783202893.674870046] [drone0.drone0_interface]: Service returned failure
[ERROR] [1783202899.841407511] [drone0.drone0_interface]: Service returned failure
00:08:31 [INFO] rl_uav.envs.as2_test_env: Reset complete. Initial obs: [ 0.19108585 -0.17053281  0.05099653  0.07976793]
00:08:36 [WARNING] rl_uav.envs.as2_test_env: Skipping velocity reset; simulator service reset required (terminal_out_of_bounds)
[ERROR] [1783202922.583411715] [drone0.drone0_interface]: Service returned failure
[ERROR] [1783202926.330766324] [drone0.drone0_interface]: Service returned failure
00:08:58 [INFO] rl_uav.envs.as2_test_env: Reset complete. Initial obs: [ 0.04841398 -0.44521657  0.03002831 -0.09397496]
00:09:05 [WARNING] rl_uav.envs.as2_test_env: Skipping velocity reset; simulator service reset required (terminal_out_of_bounds)
[ERROR] [1783202951.582011625] [drone0.drone0_interface]: Service returned failure
[ERROR] [1783202957.773542250] [drone0.drone0_interface]: Service returned failure
00:09:29 [INFO] rl_uav.envs.as2_test_env: Reset complete. Initial obs: [ 0.13024502 -0.1481107   0.0836014  -0.74921244]
00:09:32 [WARNING] rl_uav.envs.as2_test_env: Reset started at valid low altitude z=0.469; climbing to hover 1.400m with bounded velocity recovery
00:09:37 [WARNING] rl_uav.envs.as2_test_env: Skipping velocity reset; simulator service reset required (terminal_out_of_bounds)
[ERROR] [1783202982.998183524] [drone0.drone0_interface]: Service returned failure
[ERROR] [1783202986.756728300] [drone0.drone0_interface]: Service returned failure
00:09:58 [INFO] rl_uav.envs.as2_test_env: Reset complete. Initial obs: [ 0.05298157  0.5483536  -0.08253786 -0.01626595]
00:10:01 [WARNING] rl_uav.envs.as2_test_env: Reset started at valid low altitude z=0.422; climbing to hover 1.400m with bounded velocity recovery
00:10:06 [WARNING] rl_uav.envs.as2_test_env: Skipping velocity reset; simulator service reset required (terminal_out_of_bounds)
[ERROR] [1783203012.101017656] [drone0.drone0_interface]: Service returned failure
[ERROR] [1783203015.862763822] [drone0.drone0_interface]: Service returned failure
00:10:27 [INFO] rl_uav.envs.as2_test_env: Reset complete. Initial obs: [-0.5238599  -0.3730759  -0.02006138 -0.6515026 ]
------------------------------------------
| rollout/                |              |
|    ep_len_mean          | 80           |
|    ep_rew_mean          | -38.3        |
|    success_rate         | 0.03         |
| time/                   |              |
|    fps                  | 2            |
|    iterations           | 97           |
|    time_elapsed         | 18252        |
|    total_timesteps      | 49664        |
| train/                  |              |
|    approx_kl            | 0.0012389267 |
|    clip_fraction        | 0            |
|    clip_range           | 0.2          |
|    entropy_loss         | -9.93        |
|    explained_variance   | 0.411        |
|    learning_rate        | 3e-05        |
|    loss                 | 5.92         |
|    n_updates            | 480          |
|    policy_gradient_loss | -0.0069      |
|    std                  | 0.994        |
|    value_loss           | 8.67         |
------------------------------------------
00:10:49 [WARNING] rl_uav.envs.as2_test_env: Skipping velocity reset; simulator service reset required (terminal_out_of_bounds)
[ERROR] [1783203055.547838529] [drone0.drone0_interface]: Service returned failure
[ERROR] [1783203061.760915609] [drone0.drone0_interface]: Service returned failure
00:11:13 [INFO] rl_uav.envs.as2_test_env: Reset complete. Initial obs: [-0.02131998  0.5196302   0.01471519 -0.58866495]
00:11:16 [WARNING] rl_uav.envs.as2_test_env: Reset started at valid low altitude z=0.421; climbing to hover 1.400m with bounded velocity recovery
00:11:21 [WARNING] rl_uav.envs.as2_test_env: Skipping velocity reset; simulator service reset required (terminal_out_of_bounds)
[ERROR] [1783203087.196799369] [drone0.drone0_interface]: Service returned failure
[ERROR] [1783203093.448472671] [drone0.drone0_interface]: Service returned failure
00:11:45 [INFO] rl_uav.envs.as2_test_env: Reset complete. Initial obs: [-0.19822605 -0.4927583   0.01798601  0.95793426]
00:11:47 [WARNING] rl_uav.envs.as2_test_env: Reset started at valid low altitude z=0.389; climbing to hover 1.400m with bounded velocity recovery
00:11:53 [WARNING] rl_uav.envs.as2_test_env: Skipping velocity reset; simulator service reset required (terminal_out_of_bounds)
[ERROR] [1783203118.793536151] [drone0.drone0_interface]: Service returned failure
[ERROR] [1783203125.028507804] [drone0.drone0_interface]: Service returned failure
00:12:17 [INFO] rl_uav.envs.as2_test_env: Reset complete. Initial obs: [-0.29261798  0.53154093 -0.12392657  0.701554  ]
00:12:19 [WARNING] rl_uav.envs.as2_test_env: Skipping velocity reset; simulator service reset required (terminal_out_of_bounds)
[ERROR] [1783203145.715034175] [drone0.drone0_interface]: Service returned failure
[ERROR] [1783203149.513836879] [drone0.drone0_interface]: Service returned failure
00:12:41 [INFO] rl_uav.envs.as2_test_env: Reset complete. Initial obs: [0.69931406 0.11468892 0.04992383 0.45760912]
00:12:43 [WARNING] rl_uav.envs.as2_test_env: Reset started at valid low altitude z=0.482; climbing to hover 1.400m with bounded velocity recovery
00:12:49 [WARNING] rl_uav.envs.as2_test_env: Skipping velocity reset; simulator service reset required (terminal_out_of_bounds)
[ERROR] [1783203175.019261113] [drone0.drone0_interface]: Service returned failure
[ERROR] [1783203178.816929265] [drone0.drone0_interface]: Service returned failure
00:13:10 [INFO] rl_uav.envs.as2_test_env: Reset complete. Initial obs: [ 0.42800656 -0.12899071 -0.10627463 -0.6130489 ]
00:13:13 [WARNING] rl_uav.envs.as2_test_env: Skipping velocity reset; simulator service reset required (terminal_out_of_bounds)
[ERROR] [1783203199.435967794] [drone0.drone0_interface]: Service returned failure
[ERROR] [1783203205.843617187] [drone0.drone0_interface]: Service returned failure
00:13:37 [INFO] rl_uav.envs.as2_test_env: Reset complete. Initial obs: [-0.1225447  -0.45662192 -0.01644003  0.5917697 ]
00:14:14 [WARNING] rl_uav.envs.as2_test_env: Skipping velocity reset; simulator service reset required (terminal_out_of_bounds)
[ERROR] [1783203260.446551419] [drone0.drone0_interface]: Service returned failure
[ERROR] [1783203266.761319765] [drone0.drone0_interface]: Service returned failure
00:14:38 [INFO] rl_uav.envs.as2_test_env: Reset complete. Initial obs: [ 0.8353029  -0.3096333   0.03754777  0.37121266]
00:14:41 [WARNING] rl_uav.envs.as2_test_env: Skipping velocity reset; simulator service reset required (terminal_out_of_bounds)
[ERROR] [1783203287.453719011] [drone0.drone0_interface]: Service returned failure
[ERROR] [1783203291.275191318] [drone0.drone0_interface]: Service returned failure
00:15:03 [INFO] rl_uav.envs.as2_test_env: Reset complete. Initial obs: [-0.3050935  -0.44451028 -0.01644985 -0.48595476]
00:15:05 [WARNING] rl_uav.envs.as2_test_env: Skipping velocity reset; simulator service reset required (terminal_out_of_bounds)
[ERROR] [1783203311.945260123] [drone0.drone0_interface]: Service returned failure
[ERROR] [1783203318.371851774] [drone0.drone0_interface]: Service returned failure
00:15:30 [INFO] rl_uav.envs.as2_test_env: Reset complete. Initial obs: [ 0.3178763  -0.5420816   0.07654616 -0.90107006]
00:16:02 [WARNING] rl_uav.envs.as2_test_env: Skipping velocity reset; simulator service reset required (terminal_out_of_bounds)
[ERROR] [1783203368.376649947] [drone0.drone0_interface]: Service returned failure
[ERROR] [1783203374.705786091] [drone0.drone0_interface]: Service returned failure
00:16:26 [INFO] rl_uav.envs.as2_test_env: Reset complete. Initial obs: [-0.15119888  0.55746907 -0.13593885 -0.4040978 ]
------------------------------------------
| rollout/                |              |
|    ep_len_mean          | 79.3         |
|    ep_rew_mean          | -38.3        |
|    success_rate         | 0.03         |
| time/                   |              |
|    fps                  | 2            |
|    iterations           | 98           |
|    time_elapsed         | 18610        |
|    total_timesteps      | 50176        |
| train/                  |              |
|    approx_kl            | 0.0003474045 |
|    clip_fraction        | 0            |
|    clip_range           | 0.2          |
|    entropy_loss         | -9.59        |
|    explained_variance   | 0.0576       |
|    learning_rate        | 3e-05        |
|    loss                 | 4.64         |
|    n_updates            | 485          |
|    policy_gradient_loss | -0.00313     |
|    std                  | 0.994        |
|    value_loss           | 6.63         |
------------------------------------------
00:16:42 [INFO] train_ppo: Training completed. Final model saved at: runs/ppo/ppo_phase1_exp013_predictive_guard_50k_20260704_190630/model_final.zip
00:16:42 [INFO] rl_uav.envs.as2_test_env: Closing environment...
00:16:42 [INFO] rl_uav.envs.as2_test_env: Landing...
00:16:57 [INFO] rl_uav.envs.as2_test_env: DroneInterface shut down
00:16:57 [INFO] rl_uav.envs.as2_test_env: Environment closed
