#{"t_start": 1783131029.739724, "env_id": "None"}
r,l,t,is_success,final_distance,is_out_of_bounds,is_unsafe_low_altitude,altitude,terminal_reason,terminal_stop_command_accepted,terminal_yaw_error,terminal_yaw_penalty,physical_displacement,path_length,max_physical_displacement,min_altitude,motion_command_steps,motion_command_accepted_steps,motion_command_acceptance_rate,mean_action_norm,max_action_norm,mean_xy_action_norm,max_xy_action_norm,last_action_vx,last_action_vy,last_action_vz,last_action_vyaw,reset_method,reset_path,reset_service_attempted,reset_failure_class,reset_position_error,reset_yaw_error,reset_service_status,vertical_safety_penalty,low_altitude_guard_active
-18.969215,40,21.089764,False,1.2052927440645855,True,False,2.5064983716089344,out_of_bounds,True,0.03512544476485762,0.0,1.1066233945911235,2.426648780908083,1.1066233945911235,1.420726275210138,40,40,1.0,0.3477874973367378,0.8604172535608213,0.259139291633415,0.5283904448655751,0.2038479447364807,-0.09250035881996155,0.13610078394412994,-0.13797317445278168,simulator_service,service_success,True,,0.0813,1.1096,service_success,0.0,False
-35.27735,48,34.969394,False,3.5058716114636033,True,False,2.5076352088259304,out_of_bounds,True,0.09651004427783373,0.0,3.0594727309056524,6.50342450175083,3.0594727309056524,1.175375083187958,48,48,1.0,1.0298855791385708,1.5045403417303918,0.5600963658112519,0.7071067811865476,0.14945855736732483,-0.09220175445079803,0.5,-0.8025316596031189,simulator_service,service_success,True,,0.0206,0.0,service_success,0.0,False
-28.486862,26,44.304562,False,5.516937825483204,True,False,2.521163825225598,out_of_bounds,True,0.8967646363193879,0.0,2.667829252136392,3.8067262193083793,2.667829252136392,1.4562131918200665,26,26,1.0,1.3426720182819794,1.793711581496792,0.703525340643165,0.7071067811865476,0.5,-0.5,0.5,0.07606077194213867,simulator_service,service_success,True,,0.0195,0.0,service_success,0.0,False
-23.923372,25,53.51383,False,2.775784426182801,True,False,2.5043319247684837,out_of_bounds,True,0.7651449001102505,0.0,1.4562325878932,3.4779487788124794,1.4992284158559193,1.63948524757737,25,25,1.0,1.2215226277256763,1.7577430735898363,0.615529728022805,0.7071067811865476,-0.5,-0.5,0.24125000834465027,-1.482901692390442,simulator_service,service_success,True,,0.0188,0.0,service_success,0.0,False
-17.758879,24,62.60378,False,1.0779938578734898,True,False,2.5066744307749023,out_of_bounds,True,0.12983778707063606,0.0,1.2011195873930283,1.4270030420917956,1.2011195873930283,1.4101275439205263,24,24,1.0,0.4071398553003978,0.9452856982513752,0.19644711792480865,0.44492744827430464,0.10827487707138062,-0.23944149911403656,0.4436245858669281,0.15190890431404114,simulator_service,service_success,True,,0.0185,0.0001,service_success,0.0,False
-20.75564,11,68.941978,False,4.987622473291188,True,False,2.506671507142237,out_of_bounds,True,0.2852212760070268,0.0,0.9806927625631107,1.410194501580473,0.9806927625631107,1.5957501897570092,11,11,1.0,1.2440254060681857,1.793711581496792,0.6447348125879266,0.7071067811865476,0.3442622423171997,0.5,0.5,0.06783168762922287,simulator_service,service_success,True,,0.0167,0.0,service_success,0.0,False
-17.797108,9,75.150752,False,2.6086442847330416,True,False,2.5031890256719835,out_of_bounds,True,0.6858344108406318,0.0,1.1733729665593786,1.3326288245621138,1.1733729665593786,1.7020411452973343,9,9,1.0,0.9202826318990636,1.0244285059495606,0.7071067811865477,0.7071067811865476,0.5,-0.5,0.5,-0.27820301055908203,simulator_service,service_success,True,,0.0173,0.0,service_success,0.0,False
-41.54564,72,94.342533,False,3.445116439848113,True,False,2.531792369453404,out_of_bounds,True,0.6455015495920926,0.0,1.3054982426796222,9.183022718827676,1.446542887245903,1.2034913928879643,72,72,1.0,0.8381605326430193,1.5875815599446215,0.5333026752999295,0.7071067811865476,-0.5,-0.5,0.5,0.41338875889778137,simulator_service,service_success,True,,0.0152,0.0,service_success,0.0,False
-69.42151,98,118.861595,False,4.134680187967549,True,False,2.550670146186136,out_of_bounds,True,0.1964237252784888,0.0,1.5844733484219242,13.334646529903825,1.7591266457820525,1.1032195770657023,98,98,1.0,1.2025248562000195,1.793711581496792,0.5608526628794357,0.7071067811865476,0.5,0.3470081388950348,-0.5,1.0033460855484009,simulator_service,service_success,True,,0.0125,0.0,service_success,0.0,False
-20.786701,25,128.470362,False,1.7905796861941894,True,False,2.5086006080184626,out_of_bounds,True,0.16143412728376094,0.0,1.8147199620265808,2.6590748629677745,1.816020738464605,1.2308645269999943,25,25,1.0,0.7510232749325045,1.2430903086646286,0.44937168061418803,0.7071067811865476,-0.09943293780088425,-0.5,0.16663584113121033,-0.24309584498405457,simulator_service,service_success,True,,0.0132,0.0012,service_success,0.0,False
-18.431479,14,135.987807,False,2.2474276394894814,True,False,2.55162847198285,out_of_bounds,True,0.8253201793380132,0.0,1.4317320883336366,1.8369871664026285,1.4317320883336366,1.7375025313821666,14,14,1.0,0.9062034254252158,1.237794654281302,0.6645888396795262,0.7071067811865476,-0.5,-0.5,0.5,-0.35398992896080017,simulator_service,service_success,True,,0.0111,0.0,service_success,0.0,False
-17.911062,9,142.501283,False,3.4179147478771967,True,False,2.515026444037243,out_of_bounds,True,0.32333141953702055,0.0,1.208805661035365,1.2145579317456425,1.208805661035365,1.7031770873057597,9,9,1.0,0.7870217902467072,0.879262322555865,0.5898597998816845,0.7071067811865476,0.5,-0.5,0.5,-0.15199418365955353,simulator_service,service_success,True,,0.0104,0.0,service_success,0.0,False
-31.559452,38,155.019586,False,3.8616245480445466,True,False,2.509505300253626,out_of_bounds,True,0.6331059739553195,0.0,2.5841144022096576,5.641518799579622,2.5841144022096576,1.1800750740497965,38,38,1.0,1.261758287188961,1.793711581496792,0.6529168137053452,0.7071067811865476,0.09552521258592606,-0.5,0.48936599493026733,0.5415143966674805,simulator_service,service_success,True,,0.0112,0.0006,service_success,0.0,False
-16.212334,8,161.533206,False,1.4343183369383103,True,False,2.519173948824451,out_of_bounds,True,0.9586676778717711,0.0,1.0293468864017419,1.0374220528912779,1.0293468864017419,2.019545097480409,8,8,1.0,0.838790337585113,0.8813419403684911,0.7071067811865477,0.7071067811865476,0.5,-0.5,0.35913220047950745,0.3844316303730011,simulator_service,service_success,True,,0.0111,0.0,service_success,0.0,False
-29.516315,37,174.042858,False,4.5542548549868345,True,False,2.5346230554183404,out_of_bounds,True,0.15545858522593792,0.0,2.9337733953318605,5.309216997668994,3.1254897172766327,1.183257311524412,37,37,1.0,1.0312570171295334,1.7203166944795087,0.62967841301572,0.7071067811865476,-0.5,-0.5,0.5,1.4654700756072998,simulator_service,service_success,True,,0.0095,0.0,service_success,0.0,False
-20.089344,23,183.864984,False,2.8017618276563816,True,False,2.545471616774722,out_of_bounds,True,0.6688715625380564,0.0,2.014277395677284,2.951103727867499,2.014277395677284,1.1227288034404048,23,23,1.0,0.7225928043985934,1.1643014043900473,0.505995362844779,0.6500407481973972,-0.3578827977180481,-0.5,0.5,0.8129287362098694,simulator_service,service_success,True,,0.0086,0.0007,service_success,0.0,False
-27.31854,29,194.973919,False,4.839382846685728,True,False,2.5003258162247812,out_of_bounds,True,0.6185115799242985,0.0,2.612180658896578,3.8836758069213615,2.612180658896578,1.402122578034258,29,29,1.0,1.1073003499144771,1.607486457695802,0.6268549152799442,0.7071067811865476,0.5,0.5,0.4443913996219635,-0.8443657159805298,simulator_service,service_success,True,,0.0079,0.0,service_success,0.0,False
-17.277294,8,201.786268,False,2.6763493775528207,True,False,2.527778967762083,out_of_bounds,True,0.9316314033447014,0.0,1.1547287183368715,1.159526238812944,1.1547287183368715,1.8427139574067426,8,8,1.0,0.9791627455664644,1.0171406699693377,0.7071067811865477,0.7071067811865476,-0.5,-0.5,0.5,0.5334558486938477,simulator_service,service_success,True,,0.0074,0.0001,service_success,0.0,False
-19.490881,9,208.712503,False,5.33698122839629,True,False,2.5353628094129737,out_of_bounds,True,0.251141902423799,0.0,1.1053712771014228,1.1093992729209297,1.1053712771014228,1.8234987698584235,9,9,1.0,1.1067340437067297,1.604023381085701,0.549379038981934,0.6097749332594857,0.13438336551189423,0.010685612447559834,0.2954939901828766,-1.5707963705062866,simulator_service,service_success,True,,0.0073,0.0,service_success,0.0,False
-29.03926,40,221.921536,False,3.763562096274807,True,False,2.5414904508709673,out_of_bounds,True,0.4794909870827389,0.0,1.9371824076488833,4.868003884017136,2.5720991660110575,1.3105987703014548,40,40,1.0,1.0489032356515327,1.793711581496792,0.5126618001913272,0.7071067811865476,0.5,-0.5,-0.5,-1.5707963705062866,simulator_service,service_success,True,,0.007,0.002,service_success,0.0,False
-83.37131,101,248.033845,False,7.5533866736796496,True,False,1.6531612942130207,out_of_bounds,True,0.9019101340530353,0.0,4.428201842183951,14.561049466555977,4.428201842183951,1.0484203887877845,101,101,1.0,1.2703036960366325,1.793711581496792,0.5905538242828058,0.7071067811865476,0.5,0.3874191641807556,0.5,-0.3626367747783661,simulator_service,service_success,True,,0.0058,0.0003,service_success,0.0,False
-17.220253,11,255.549456,False,2.2145429875521017,True,False,2.533642237837657,out_of_bounds,True,0.4762687675055255,0.0,1.0821406670043279,1.3949903231391598,1.0821406670043279,1.801775339741684,11,11,1.0,0.8400041057748256,1.1402223636362252,0.6641027874180901,0.7071067811865476,0.5,0.5,0.4697509706020355,-0.7612102627754211,simulator_service,service_success,True,,0.0041,0.0,service_success,0.0,False
-35.255527,34,268.160656,False,6.820980060008076,True,False,2.5311160910140797,out_of_bounds,True,0.44479963432144914,0.0,2.84860725219745,5.011626572178304,2.84860725219745,1.0765625546406499,34,34,1.0,1.4385513856660168,1.793711581496792,0.5584347288777477,0.7071067811865476,0.5,0.5,0.5,1.0694007873535156,simulator_service,service_success,True,,0.0027,0.0001,service_success,0.0,False
-23.710941,28,279.581839,False,2.030212282957855,True,False,2.5334300539183126,out_of_bounds,True,0.9672547553247026,0.0,0.9605130620661595,4.004291658553662,1.4358919095972258,1.3184789047676986,28,28,1.0,0.9649450177504383,1.5048262143840752,0.5863243356098519,0.7071067811865476,-0.5,-0.5,0.5,-0.25388720631599426,simulator_service,service_success,True,,0.0008,0.0,service_success,0.0,False
-18.133194,11,287.391751,False,3.218431550798267,True,False,2.5374726115392052,out_of_bounds,True,0.10201594910951053,0.0,1.299943673680951,1.333864927851466,1.299943673680951,1.6706201844954907,11,11,1.0,0.7391392091383863,0.7923007454894745,0.5503765611611743,0.6092648521732813,0.34814316034317017,0.5,0.40454161167144775,-0.3047669529914856,simulator_service,service_success,True,,0.0008,0.0,service_success,0.0,False
-16.854353,7,294.510562,False,2.2738175119493205,True,False,2.589988772280753,out_of_bounds,True,0.5686611916126197,0.0,1.006719841270519,1.0117361139133463,1.006719841270519,1.9965193690775584,7,7,1.0,1.1415744751636427,1.2346059589994072,0.6818200181925035,0.7071067811865476,0.1760835498571396,-0.5,-0.5,-0.26359376311302185,simulator_service,service_success,True,,0.003,0.0001,service_success,0.0,False
-20.989695,50,310.721675,False,1.4880985098474726,True,False,2.5326675570617767,out_of_bounds,True,0.4641849221838463,0.0,1.7503004960859112,6.04468631412158,2.440479965042729,1.1609739654423201,50,50,1.0,0.6864207618736867,0.9084430449836489,0.5244281054122514,0.7071067811865476,0.2343311458826065,-0.5,0.5,0.4782353341579437,simulator_service,service_success,True,,0.0029,0.0008,service_success,0.0,False
-27.915972,54,327.538319,False,1.8652758019134212,True,False,2.583986657506749,out_of_bounds,True,0.9624039070124607,0.0,2.1610485984667673,6.70220115752149,2.1610485984667673,1.6145018074014688,54,54,1.0,0.8876150490353095,1.793711581496792,0.5474370874376446,0.7071067811865476,0.25801143050193787,0.04269849509000778,0.2844224274158478,-0.303193062543869,simulator_service,service_success,True,,0.0005,0.0001,service_success,0.0,False
-31.597082,41,341.750688,False,3.6033626152911378,True,False,2.5275775750048766,out_of_bounds,True,0.7222691793931874,0.0,1.7438010910318886,5.907283230279897,1.7438010910318886,1.0292930915758585,41,41,1.0,1.197748695219507,1.7260596439156735,0.6073291697241202,0.7071067811865476,-0.5,0.5,0.3993360102176666,-0.20297063887119293,simulator_service,service_success,True,,0.0018,0.0001,service_success,0.0,False
-45.881363,58,359.568011,False,4.785893821764963,True,False,2.5044101199402533,out_of_bounds,True,0.03886814571916943,0.0,2.477010423807678,8.726946240938986,2.7046951049404817,1.074150196584737,58,58,1.0,1.1254665251431697,1.7431507443369287,0.6205855144960531,0.7071067811865476,0.5,0.5,0.5,-0.297628790140152,simulator_service,service_success,True,,0.0017,0.0003,service_success,0.0,False
-26.365952,30,371.683597,False,4.074181389148657,True,False,1.4853758736636182,out_of_bounds,True,0.38842142310101424,0.0,1.9327814237739622,4.016407557932294,1.9327814237739622,1.1795459054811783,30,30,1.0,1.03344796880837,1.7393428938122575,0.6073003116239312,0.7071067811865476,0.5,0.18670441210269928,-0.5,-0.39401233196258545,simulator_service,service_success,True,,0.0016,0.0,service_success,0.0,False
12.120814,24,388.895452,True,0.3855130265497588,False,False,2.025460761999255,success,True,0.44465371723142705,4.446537172314271,1.7114793141783047,2.701985548210061,1.7114793141783047,1.4175062377943557,24,24,1.0,0.6851965487669663,0.8944173835864466,0.4856842689805225,0.7071067811865476,-0.23231326043605804,0.2922130823135376,-0.3538346290588379,-0.7193768620491028,simulator_service,service_success,True,,0.0012,0.0001,service_success,0.0,False
-35.618767,181,432.110683,False,0.9233819510302727,True,False,2.5392216514789485,out_of_bounds,True,0.12995223965907984,0.0,1.1592428682734792,15.122192555654694,2.0793915673736656,1.1379006128544729,181,181,1.0,0.5532983186800385,1.6628324243694712,0.33111263389214657,0.7071067811865476,0.41823676228523254,0.10725123435258865,0.31300970911979675,-0.16781465709209442,velocity,post_controller_hold,False,,0.1177,0.4913,not_attempted,0.0,False
-48.27147,86,455.83096,False,3.7320374766380966,True,False,2.5956582730083437,out_of_bounds,True,0.19361832383895491,0.0,1.507645893358693,11.145997369428196,3.380450326960588,1.1342235134476861,86,86,1.0,0.9310913497768023,1.7929185502397187,0.5790296879219262,0.7071067811865476,-0.5,0.07631359994411469,0.5,0.5129505395889282,simulator_service,service_success,True,,0.0003,0.0,service_success,0.0,False
-119.299965,171,497.539412,False,8.413566383144364,True,False,1.4945404704632215,out_of_bounds,True,0.2748204989732856,0.0,5.006787007642268,25.446900387589764,5.006787007642268,1.1428326858042541,171,171,1.0,1.0981485940516866,1.793711581496792,0.6303521674201563,0.7071067811865476,-0.5,-0.5,-0.5,-0.35808873176574707,simulator_service,service_success,True,,0.0007,0.0,service_success,0.0,False
-27.093906,19,510.254538,False,6.530775246241758,False,True,0.9903491259568019,unsafe_low_altitude,True,0.10375392303011467,0.0,2.110264607494906,2.852642190810678,2.110264607494906,0.9903491259568019,19,19,1.0,1.3840092498289975,1.793711581496792,0.642517651983676,0.7071067811865476,0.5,-0.5,0.5,-1.5707963705062866,simulator_service,service_success,True,,0.0028,0.0,service_success,0.0,True
-27.89267,43,525.771733,False,1.758728897636345,True,False,2.6495627194320908,out_of_bounds,True,0.17487085194622473,0.0,2.7137256099851728,4.986852321448706,2.7137256099851728,1.0134007515678012,43,43,1.0,0.6863362805815095,1.4003955205177936,0.4416604199739813,0.5678821684048009,-0.3837200403213501,-0.3993228077888489,0.5,-0.04372274875640869,simulator_service,service_success,True,,0.0032,0.0,service_success,0.0,False
-42.234394,97,552.184567,False,2.362592107237309,True,False,2.6027262496177244,out_of_bounds,True,0.8886853653240218,0.0,1.5387306524334003,12.23010842613165,2.205290630744697,1.0723399795487427,97,97,1.0,0.8923493777080295,1.5374589225074928,0.5235991226336009,0.7071067811865476,-0.5,0.5,0.5,0.005070793442428112,simulator_service,service_success,True,,0.0025,0.0,service_success,0.0,False
-34.802216,62,571.504445,False,2.1171368697792814,True,False,2.5331238983097375,out_of_bounds,True,0.048514002380025005,0.0,1.2016908196275147,8.243605432085603,2.5527144007158706,1.0581217617434315,62,62,1.0,0.7470973888311768,0.9988340549748503,0.5638076243590485,0.7071067811865476,-0.4595528841018677,-0.5,0.41572868824005127,-0.04894246906042099,simulator_service,service_success,True,,0.0038,0.0001,service_success,0.0,False
-18.07692,11,580.317705,False,2.4812254752435585,True,False,2.636325876636546,out_of_bounds,True,0.005405502941697395,0.0,0.9227503868373805,1.2727551335154792,0.9227503868373805,1.8652448430956352,11,11,1.0,0.7896211065616885,0.8765885996277041,0.5629161537140398,0.7071067811865476,0.06781940907239914,0.5,0.45258763432502747,0.2754291296005249,simulator_service,service_success,True,,0.0032,0.0,service_success,0.0,False
-18.505812,8,588.62968,False,3.8944784137314374,True,False,2.572290889535249,out_of_bounds,True,0.1341423637532371,0.0,1.0615763652860404,1.0667758287275264,1.0615763652860404,1.9243953788459074,8,8,1.0,1.0270915316503209,1.1354908499170548,0.6635393196717653,0.7071067811865476,0.3631722331047058,0.5,0.5,0.4234531819820404,simulator_service,service_success,True,,0.0035,0.0,service_success,0.0,False
-24.30306,43,604.540513,False,1.5740981885520189,True,False,2.5131085496835515,out_of_bounds,True,0.0783383665094179,0.0,2.317085514328306,5.189665178603478,2.317085514328306,1.5664744538441207,43,43,1.0,0.801596788677556,1.3237801786897108,0.5017980419614999,0.7071067811865476,-0.04761309176683426,0.5,0.5,-0.36508244276046753,simulator_service,service_success,True,,0.0035,0.0,service_success,0.0,False
-28.790901,36,618.760106,False,4.726964737777602,True,False,1.6910185672092968,out_of_bounds,True,0.806469288854449,0.0,2.7638274013882467,4.491974209758496,2.7638274013882467,1.4647614453557722,36,36,1.0,1.0447625733706076,1.7420716903905162,0.5565907957429743,0.7071067811865476,-0.5,0.5,0.26620644330978394,0.017624322324991226,simulator_service,service_success,True,,0.0057,0.0,service_success,0.0,False
-20.270107,10,627.671954,False,5.358487967372302,True,False,2.529546291543291,out_of_bounds,True,0.8445025891228362,0.0,1.2249443370787534,1.2277688969215315,1.2249443370787534,1.680720934341858,10,10,1.0,0.7922910810078488,1.0476524772486748,0.5389380897212271,0.5494066321038049,0.11558356881141663,-0.5,-0.18823295831680298,-0.800478994846344,simulator_service,service_success,True,,0.0039,0.0,service_success,0.0,False
-42.351048,200,683.385858,False,3.1781687181483766,False,False,2.1607063448689607,max_steps,True,0.2600650672782412,0.0,0.4850115577191796,19.958647174068854,3.1625062634842527,1.1023093717529864,200,200,1.0,0.6390593293382296,1.2928831575132396,0.43442702788675425,0.7071067811865476,-0.39951589703559875,-0.29828107357025146,0.3002561032772064,0.5100204348564148,simulator_service,service_success,True,,0.005,0.0018,service_success,0.0,False
-16.985043,7,691.902672,False,3.073719381942693,True,False,2.5754034593277475,out_of_bounds,True,0.9002823228830004,0.0,0.7131070482803897,0.7812626196102145,0.7131070482803897,2.000344648421796,7,7,1.0,1.0386681295373363,1.675568844689593,0.4432832762058295,0.7071067811865476,-0.08005879074335098,0.2502901256084442,0.5,0.10420631617307663,velocity,post_controller_hold,False,,0.1546,1.5758,not_attempted,0.0,False
-20.630798,13,701.817591,False,4.158730699901369,True,False,2.512691605515949,out_of_bounds,True,0.2914181858886315,0.0,1.6742905326663011,1.7443177699591483,1.6742905326663011,1.614548371348129,13,13,1.0,1.3073942299102366,1.7718443651973943,0.6280028151203331,0.7071067811865476,0.024744803085923195,0.5,0.37845486402511597,-0.31233829259872437,simulator_service,service_success,True,,0.005,0.0,service_success,0.0,False
-17.141987,18,713.128799,False,1.1815390506578207,True,False,2.5519254002178364,out_of_bounds,True,0.29234555858080924,0.0,1.373520512249642,1.7312791409627935,1.373520512249642,1.6827914189316593,18,18,1.0,0.5408504249836741,0.8182929225274781,0.3878622574734074,0.5792988650686381,-0.02222733572125435,0.3086795508861542,0.30432310700416565,0.03610572963953018,simulator_service,service_success,True,,0.005,0.0,service_success,0.0,False
-18.527887,11,722.837527,False,3.636864538476736,True,False,2.573563694517589,out_of_bounds,True,0.05135878582515678,0.0,1.051731934980245,1.3638511436973944,1.051731934980245,1.750060184443987,11,11,1.0,0.8012626869875352,0.8352092929431097,0.5510845222874278,0.7007527761624427,0.4443000555038452,-0.5,-0.19595728814601898,0.35255756974220276,simulator_service,service_success,True,,0.0076,0.0,service_success,0.0,False
-26.579872,30,735.861614,False,3.947942522896194,True,False,2.654083359329243,out_of_bounds,True,0.38379247857808213,0.0,2.739243893634475,3.7747880046792965,2.6199790230500017,1.360116945881788,29,29,1.0,1.2411234543035194,1.7339959910652325,0.6177300031600798,0.7071067811865476,-0.3408023715019226,-0.5,0.5,-1.2836683988571167,simulator_service,service_success,True,,0.007,0.0009,service_success,0.0,False
-20.179329,12,745.775693,False,3.640704375556435,True,False,2.6437828836936657,out_of_bounds,True,0.3875872634736147,0.0,1.6716976631616176,1.837924876059756,1.6716976631616176,1.5447648652039165,12,12,1.0,0.9044038548848675,0.9434776938471896,0.7071067811865478,0.7071067811865476,-0.5,0.5,0.47455155849456787,0.07245941460132599,simulator_service,service_success,True,,0.0065,0.0001,service_success,0.0,False
-40.04947,98,773.385654,False,4.627332568513736,True,False,2.630529843998494,out_of_bounds,True,0.9158479526475002,0.0,5.5435189393595365,12.500856367564458,5.5435189393595365,1.0915770265026221,98,98,1.0,0.9029819991582904,1.793711581496792,0.5649837780304555,0.7071067811865476,-0.5,-0.2846437394618988,0.5,-0.056805916130542755,simulator_service,service_success,True,,0.0061,0.0001,service_success,0.0,False
-26.33481,22,785.503678,False,5.275000089937714,True,False,2.5272608401445487,out_of_bounds,True,0.6892086324633309,0.0,1.7586599112860706,3.148478398426587,1.7586599112860706,1.5113348100069561,22,22,1.0,1.2244053959273027,1.778241787345396,0.6226948907459808,0.7071067811865476,-0.5,-0.34634554386138916,0.5,-1.5707963705062866,simulator_service,service_success,True,,0.0075,0.0,service_success,0.0,False
-17.085701,12,795.619765,False,2.277937269937395,True,False,2.5541520539942066,out_of_bounds,True,0.7249590952616369,0.0,1.1010976485842758,1.513012072215071,1.1010976485842758,1.8816081551848856,12,12,1.0,0.9889556809639224,1.1611326478778785,0.6284531693934687,0.7071067811865476,0.2853589951992035,0.5,0.5,-0.5914795398712158,simulator_service,service_success,True,,0.0068,0.0,service_success,0.0,False
-39.71885,104,824.730829,False,1.636262940141961,True,False,2.5883409735050136,out_of_bounds,True,0.0978624307215402,0.0,2.425359347615677,11.19442135716321,2.425359347615677,1.0076446790025066,104,104,1.0,0.7416324604784112,1.7406139900068396,0.4339664553825503,0.7071067811865476,0.025907784700393677,0.12296104431152344,0.4507068991661072,0.28638601303100586,simulator_service,service_success,True,,0.0069,0.0,service_success,0.0,False
-66.17123,124,857.945665,False,7.731821519724259,True,False,1.9168578074041942,out_of_bounds,True,0.24114084476629602,0.0,5.931903312272546,16.47756066987547,5.931903312272546,1.0484026266414892,124,124,1.0,1.012544174158882,1.6977740225248592,0.5625805090038375,0.7071067811865476,0.3737846314907074,0.5,0.1591239869594574,1.5707963705062866,simulator_service,service_success,True,,0.0071,0.0,service_success,0.0,False
-36.771885,63,880.761795,False,3.5028555041892027,False,True,0.986595632369185,unsafe_low_altitude,True,0.8539962838113417,0.0,1.4763805392307143,8.44544333237056,2.217955724070688,0.986595632369185,63,63,1.0,1.0229212451339265,1.7472521101772416,0.5601785894649659,0.7071067811865476,0.1629948616027832,-0.1831042319536209,0.5,-1.5707963705062866,simulator_service,service_success,True,,0.0075,0.0001,service_success,0.0,True
-17.916712,11,890.472616,False,2.551719934871953,True,False,2.515145867396939,out_of_bounds,True,0.526711069868023,0.0,0.996640239456107,1.1639366353965757,0.996640239456107,1.5810477849216422,11,11,1.0,0.7943014267835987,0.8196982691103208,0.3815637338056424,0.6228167327080719,-0.23469430208206177,0.5,0.5,0.08616585284471512,simulator_service,service_success,True,,0.0076,0.0,service_success,0.0,False
-18.774982,14,903.891641,False,2.9910625357258738,False,True,0.9019865273167126,unsafe_low_altitude,True,0.7868105027847925,0.0,1.3665064434444392,1.9431685879481178,1.3665064434444392,0.9019865273167126,14,14,1.0,0.9530700883069142,1.0237039546263773,0.6811156944260874,0.7071067811865476,0.5,-0.5,0.5,-0.39576011896133423,simulator_service,service_success,True,,0.0065,0.0,service_success,0.0,True
-30.944315,33,919.007716,False,3.7647563260002275,True,False,2.5162308890380403,out_of_bounds,True,0.9605349800201681,0.0,2.415622540436606,5.240406111213182,2.4434691264954527,1.1180631778999368,33,33,1.0,1.3710590016719044,1.793711581496792,0.6697785498857762,0.7071067811865476,-0.5,0.1511640101671219,0.5,1.1229963302612305,simulator_service,service_success,True,,0.0081,0.0,service_success,0.0,False
-33.955566,57,938.917617,False,1.959635714648633,True,False,2.735712011515293,out_of_bounds,True,0.360149173213813,0.0,4.099362453872728,7.817279257861114,4.099362453872728,1.19892831530512,57,57,1.0,0.7720506715661569,1.011242496228113,0.5944735502031914,0.7071067811865476,-0.5,0.5,0.5,0.15102237462997437,simulator_service,service_success,True,,0.0082,0.0004,service_success,0.0,False
-32.380833,32,953.736157,False,4.975158331540793,True,False,2.651904062211481,out_of_bounds,True,0.7938916486933405,0.0,1.3401424940510118,3.7767801860164836,1.7199976872752536,1.4969365716504548,32,32,1.0,0.8985588437766586,1.7432445232507874,0.51883664002486,0.7071067811865476,-0.5,-0.5,0.2837449908256531,-1.4775691032409668,simulator_service,service_success,True,,0.0088,0.0,service_success,0.0,False
-21.921204,38,970.549941,False,1.3242093791260592,True,False,2.612302139356903,out_of_bounds,True,0.6602119634176933,0.0,1.6167092118729116,4.470295169779206,1.8360090269520482,1.577396597403228,38,38,1.0,1.081888622639217,1.793711581496792,0.5765877681933607,0.7071067811865476,0.09356372058391571,-0.24902395904064178,0.5,1.5707963705062866,simulator_service,service_success,True,,0.0088,0.0,service_success,0.0,False
-72.76936,158,1011.55993,False,3.67573392816593,True,False,2.5879382410616,out_of_bounds,True,0.5597538433817203,0.0,1.9612201224932613,21.60945270738409,2.3224907599304214,1.075658934274543,158,158,1.0,1.164364567872077,1.793711581496792,0.5781795352318935,0.7071067811865476,0.021643567830324173,-0.5,0.011692877858877182,-1.5707963705062866,simulator_service,service_success,True,,0.01,0.0007,service_success,0.0,False
-16.59754,9,1022.079589,False,1.9480801579625193,True,False,2.5989957738602736,out_of_bounds,True,0.726393454526012,0.0,0.9993249198586668,1.0981255971090749,0.9993249198586668,1.9729663518099951,9,9,1.0,1.4589031419822733,1.7693703019696383,0.6321340730266073,0.7071067811865476,0.5,0.001236167037859559,0.5,0.3877735137939453,simulator_service,service_success,True,,0.0094,0.0004,service_success,0.0,False
-16.959955,7,1034.689639,False,2.776805011453903,False,True,0.8980609868949673,unsafe_low_altitude,True,0.9186467529741748,0.0,0.7645640164695805,0.7710930895874228,0.7645640164695805,0.8980609868949673,7,7,1.0,1.475340765956035,1.7239647951695223,0.5640811825908506,0.7071067811865476,0.5,0.5,0.5,0.315536230802536,simulator_service,service_success,True,,0.0095,0.0,service_success,0.0,True
-24.71447,19,1047.310591,False,5.216262042539367,True,False,2.5377482013002552,out_of_bounds,True,0.39803804427872164,0.0,1.1789417616720854,2.1745482324781755,1.1789417616720854,1.6478827581313853,19,19,1.0,1.4224721968087743,1.7273189104337554,0.5342658407618918,0.612574553353549,-0.31516775488853455,0.5,0.2937585711479187,1.5707963705062866,simulator_service,service_success,True,,0.0099,0.0,service_success,0.0,False
-69.01938,119,1080.524506,False,5.031742013902936,True,False,2.5134518303423605,out_of_bounds,True,0.6934333028183253,0.0,1.7059299330571915,15.848210229336901,3.0385655891434213,1.0919901990320697,119,119,1.0,1.0982350017294993,1.7473263930392702,0.6039939444888,0.7071067811865476,-0.5,-0.5,0.5,0.3884955048561096,simulator_service,service_success,True,,0.0097,0.0003,service_success,0.0,False
-23.492092,29,1097.839971,False,3.007255019368007,False,True,0.9518918345051861,unsafe_low_altitude,True,0.5935534415396104,0.0,2.0995850028198575,4.2475189264999536,2.0995850028198575,0.9518918345051861,29,29,1.0,0.9009450861843602,0.9565175667430194,0.6105473162459664,0.7071067811865476,-0.5,-0.16484102606773376,0.5,-0.5762495994567871,simulator_service,service_success,True,,0.0099,0.0001,service_success,0.0,False
-59.81486,87,1126.253608,False,6.787051982843758,False,True,0.9922586611771609,unsafe_low_altitude,True,0.5039011505122883,0.0,4.299479348847563,12.130791844402289,4.299479348847563,0.9922586611771609,87,87,1.0,1.128099317281852,1.793711581496792,0.6215863444535474,0.7071067811865476,-0.5,-0.3596930503845215,0.5,1.5707963705062866,simulator_service,service_success,True,,0.0101,0.0,service_success,0.0,True
-49.017673,102,1158.766011,False,1.7638013194798035,False,True,0.931065670400878,unsafe_low_altitude,True,0.3043943760236222,0.0,3.504187134960457,13.492917591634376,4.036202557539856,0.931065670400878,102,102,1.0,0.9100487704900175,1.793711581496792,0.5263152731524355,0.7071067811865476,-0.174037367105484,-0.019833873957395554,0.5,0.13555297255516052,simulator_service,service_success,True,,0.0093,0.0,service_success,0.0,True
-18.238985,7,1171.783458,False,5.0678060059691425,False,True,0.9545068546990211,unsafe_low_altitude,True,0.5627752688081088,0.0,0.7328355367349811,0.7679094242726405,0.7328355367349811,0.9545068546990211,7,7,1.0,0.892574908461771,1.1100086622328713,0.5171963826715065,0.5283557358688825,0.5,0.163091778755188,0.5,0.4045519232749939,simulator_service,service_success,True,,0.0105,0.0,service_success,0.0,True
-38.089935,71,1195.601445,False,2.852302761601231,True,False,2.5306952176569903,out_of_bounds,True,0.75903736883602,0.0,1.032167123891011,9.161866584050633,1.699556349277513,1.24308408782461,71,71,1.0,0.9746069240109675,1.7332311519120356,0.6060502454761346,0.7071067811865476,-0.5,-0.5,0.5,0.0626610666513443,simulator_service,service_success,True,,0.0105,0.0,service_success,0.0,False
-41.309532,49,1217.509992,False,5.809736489012983,False,True,0.9245996524838749,unsafe_low_altitude,True,0.9045231157265871,0.0,2.09642038548477,6.450780820798366,2.2628245419481945,0.9245996524838749,49,49,1.0,1.1339652647624003,1.793711581496792,0.5994703306262219,0.7071067811865476,-0.5,-0.037234123796224594,0.5,1.5707963705062866,simulator_service,service_success,True,,0.0105,0.0,service_success,0.0,True
-19.387732,28,1232.427494,False,1.1858614282970377,True,False,2.663164253007163,out_of_bounds,True,0.5579933468325569,0.0,1.601928305467,3.2136825851130832,1.601928305467,1.3686318719060477,28,28,1.0,0.9528842096957243,1.4097284695392722,0.5510629574403095,0.7071067811865476,-0.5,0.5,0.5,0.22112515568733215,simulator_service,service_success,True,,0.0104,0.0,service_success,0.0,False
-21.014412,14,1244.741471,False,4.994951832067185,True,False,2.6982724630978905,out_of_bounds,True,0.23971920017190884,0.0,1.8275453992169142,1.9117174063253224,1.8275453992169142,1.7419574212786264,14,14,1.0,0.7689987924022369,0.8084094122269352,0.6108826855961481,0.7071067811865476,-0.16620326042175293,0.5,0.5,0.35482707619667053,simulator_service,service_success,True,,0.0108,0.0009,service_success,0.0,False
-25.360352,21,1258.356787,False,4.140923503933281,True,False,2.5124246064250064,out_of_bounds,True,0.7680810347505717,0.0,1.1514225701433192,2.412155771355459,1.271144101286589,1.5909822124736033,21,21,1.0,0.9563568956256943,1.4156802669281607,0.5995782952369391,0.7071067811865476,-0.5,0.23706166446208954,0.2927538752555847,-0.5689073801040649,simulator_service,service_success,True,,0.0099,0.0,service_success,0.0,False
-20.114132,12,1270.968956,False,4.333644342723816,True,False,2.633130972111018,out_of_bounds,True,0.30607260640567235,0.0,1.271939472458117,1.337233904255501,1.271939472458117,1.5293300299152397,12,12,1.0,0.8927374745049544,0.9479646958214011,0.29449573554283687,0.6266569034934241,-0.0558619424700737,0.09941588342189789,0.5,-0.7972659468650818,simulator_service,service_success,True,,0.011,0.0,service_success,0.0,False
-19.149502,9,1282.386715,False,4.989788610588784,True,False,2.5045390022337943,out_of_bounds,True,0.3005451497811255,0.0,1.100044571071693,1.1007698805238941,1.100044571071693,1.6963946852174119,9,9,1.0,0.7872586991375302,1.5513381093338006,0.5013581270027906,0.7071067811865476,-0.5,0.5,-0.5,1.287109136581421,simulator_service,service_success,True,,0.01,0.0,service_success,0.0,False
-23.610107,27,1297.502532,False,1.8699822075046018,True,False,2.5810891666733284,out_of_bounds,True,0.08975742190178272,0.0,2.7447962022014796,4.001207928072945,2.7447962022014796,1.3065738039267623,27,27,1.0,1.0962772065375088,1.4761618598352388,0.6686858549626612,0.7071067811865476,-0.49631011486053467,0.28491097688674927,0.22398604452610016,-0.4552150070667267,simulator_service,service_success,True,,0.0109,0.002,service_success,0.0,False
-43.488228,109,1329.517826,False,3.0440979829826365,True,False,2.5780274772015077,out_of_bounds,True,0.6572393288761758,0.0,6.166727420289534,14.332789712776588,5.931604279138988,1.033817226052758,108,108,1.0,0.867889914259243,1.3154668076640192,0.5928166444348342,0.7071067811865476,0.2757357954978943,-0.5,0.5,-0.25415343046188354,simulator_service,service_success,True,,0.0102,0.0001,service_success,0.0,False
-29.536016,48,1349.228776,False,1.2161479332256582,True,False,2.5917456824557865,out_of_bounds,True,0.15398268754079059,0.0,3.5808909236055966,5.835604938015895,3.5808909236055966,1.2239652201410334,48,48,1.0,1.2292074438179759,1.793711581496792,0.5726464473262188,0.7071067811865476,0.4782804548740387,-0.09137020260095596,-0.07424364984035492,0.635762095451355,simulator_service,service_success,True,,0.0101,0.0,service_success,0.0,False
-27.196125,48,1368.843094,False,3.855365738719283,True,False,2.5090992822351454,out_of_bounds,True,0.17479019446353722,0.0,2.689018846533589,6.438897181968548,2.689018846533589,1.0259019498114967,48,48,1.0,0.998770488025889,1.793711581496792,0.6059966827570035,0.7071067811865476,-0.5,-0.2702387273311615,-0.4221280813217163,-0.6206527948379517,simulator_service,service_success,True,,0.0104,0.0001,service_success,0.0,False
-21.91097,16,1381.857646,False,4.305115767724679,True,False,2.6053420444668043,out_of_bounds,True,0.7036014077665486,0.0,1.726863213663093,1.851477575118331,1.726863213663093,1.9312444774708843,16,16,1.0,1.27891590176694,1.793711581496792,0.635729625629766,0.7071067811865476,0.5,0.5,-0.5,0.693390965461731,simulator_service,service_success,True,,0.0107,0.0008,service_success,0.0,False
-32.684692,59,1403.973562,False,4.230008116911996,True,False,2.612909714927719,out_of_bounds,True,0.6286675474769968,0.0,2.861680114683615,7.3483346187390115,2.861680114683615,1.2030864863991,59,59,1.0,1.1017782655966823,1.793711581496792,0.561396320656705,0.7071067811865476,0.5,0.5,0.5,-1.5707963705062866,simulator_service,service_success,True,,0.0108,0.0001,service_success,0.0,False
-20.799826,13,1416.5769,False,3.8052571015876158,True,False,2.526714633933638,out_of_bounds,True,0.8537506583547151,0.0,1.1184320237106875,1.6302242154684246,1.1184320237106875,1.427821408514175,13,13,1.0,1.3835115107572427,1.793711581496792,0.6188626169019932,0.7071067811865476,0.5,0.5,0.5,-0.3209831416606903,simulator_service,service_success,True,,0.0105,0.0002,service_success,0.0,False
-20.741638,13,1429.49964,False,4.898647762488229,True,False,2.799437505051591,out_of_bounds,True,0.8578276920613006,0.0,2.0339181745446435,2.036526418680759,2.0339181745446435,1.606798529008627,13,13,1.0,1.4744370647099174,1.793711581496792,0.7071067811865478,0.7071067811865476,0.5,0.5,0.5,-1.5707963705062866,simulator_service,service_success,True,,0.0107,0.0001,service_success,0.0,False
-17.242552,7,1441.517682,False,3.0799324102741408,True,False,2.563170061150033,out_of_bounds,True,0.4111095877437483,0.0,0.5215991435326974,0.7252854419353016,0.5215991435326974,2.081455188728692,7,7,1.0,0.8041910030912264,0.8472365175025148,0.572631962948123,0.6055938678100858,0.31573107838630676,-0.5,0.43644434213638306,0.42147353291511536,simulator_service,service_success,True,,0.0107,0.0001,service_success,0.0,False
-31.558317,72,1466.931934,False,2.8963981191132446,True,False,2.5632929205813393,out_of_bounds,True,0.1264851658299049,0.0,1.8802012926289378,9.052177897134081,1.8802012926289378,1.0132908969800807,72,72,1.0,1.0354383283450155,1.7759839858974567,0.565709636992762,0.7071067811865476,-0.5,0.5,0.5,-1.2995235919952393,simulator_service,service_success,True,,0.0108,0.0,service_success,0.0,False
-25.334526,52,1488.346102,False,1.572344678673373,True,False,2.6770061582359586,out_of_bounds,True,0.0556776551664657,0.0,3.0487823499212845,7.368929922422766,3.430338835879626,1.1621982797207324,52,52,1.0,1.0734959014409768,1.793711581496792,0.6578857779236835,0.7071067811865476,0.39490798115730286,-0.5,-0.08834520727396011,1.046099305152893,simulator_service,service_success,True,,0.0108,0.0002,service_success,0.0,False
-22.048574,29,1501.807306,False,3.4918954109968525,True,False,1.6007155688548163,out_of_bounds,True,0.14804469202112358,0.0,2.2463579861552434,3.4726889637101057,2.2463579861552434,1.5652262670877826,29,29,1.0,1.0615558556632498,1.7405513872866416,0.560903351001579,0.7071067811865476,0.35262444615364075,0.5,0.07643117010593414,0.6277599334716797,simulator_service,service_success,True,,0.0111,0.0001,service_success,0.0,False
-20.316454,21,1516.966277,False,2.1036212810861388,True,False,2.5716775281635322,out_of_bounds,True,0.8562380982768134,0.0,0.48773278728932806,2.294744075793476,0.9650748165515908,1.8204171162801364,21,21,1.0,1.4981084185481681,1.7736524424930358,0.54432095438767,0.6668418064014962,0.44122329354286194,-0.5,-0.09772492200136185,1.4312902688980103,simulator_service,service_success,True,,0.0109,0.0,service_success,0.0,False
-18.821198,15,1530.980663,False,3.4176870122958203,True,False,2.5745409237827253,out_of_bounds,True,0.6555634874729646,0.0,1.864783161281545,1.974085796863475,1.864783161281545,1.5111248051081472,15,15,1.0,0.7843716504460078,0.9839870343804701,0.6039236227390024,0.7071067811865476,-0.234786257147789,0.5,-0.44610506296157837,0.6812460422515869,simulator_service,service_success,True,,0.011,0.0,service_success,0.0,False
-25.544817,32,1545.426621,False,2.6725711407742683,True,False,2.5449742307535743,out_of_bounds,True,0.22268466610085227,0.0,1.249509775642763,3.8207267450989018,1.249509775642763,1.0373041847514037,32,32,1.0,1.2258344925461502,1.6502125911085475,0.5556147489701555,0.7071067811865476,0.09789864718914032,0.21184399724006653,-0.25322678685188293,-1.5105853080749512,simulator_service,service_success,True,,0.0111,0.0,service_success,0.0,False
-25.41183,24,1561.402605,False,5.222685590622003,True,False,2.602910346096662,out_of_bounds,True,0.04588811617007397,0.0,1.8487398589878918,3.22011671881818,1.8487398589878918,1.2539923545214546,24,24,1.0,1.5745813905468589,1.7378214385983293,0.6128718365012399,0.7071067811865476,0.1392773985862732,0.07073374092578888,-0.193113774061203,-1.5707963705062866,simulator_service,service_success,True,,0.0111,0.0003,service_success,0.0,False
-29.543705,25,1574.442608,False,5.372597289158683,True,False,2.5392426885095163,out_of_bounds,True,0.24999499963299157,0.0,1.711191227564793,3.4809770557722097,1.711191227564793,1.1474606455707836,25,25,1.0,1.3984486947343404,1.793711581496792,0.5858015878192121,0.7071067811865476,-0.5,-0.34224823117256165,0.5,0.7479190230369568,simulator_service,service_success,True,,0.0111,0.0002,service_success,0.0,False
-36.917824,44,1591.484792,False,5.5952303639692875,True,False,2.62484094748625,out_of_bounds,True,0.9115458421239586,0.0,1.5454085319261124,5.982339078079028,1.6297102281021234,1.2054967652694788,44,44,1.0,1.3008165432674206,1.793711581496792,0.5926164146157252,0.7071067811865476,-0.5,-0.40801742672920227,0.5,1.5707963705062866,simulator_service,service_success,True,,0.0112,0.0,service_success,0.0,False
-28.496927,24,1604.364528,False,5.701676300352885,True,False,2.5747442383952728,out_of_bounds,True,0.9134487938157798,0.0,2.5761437783913355,3.5127690723972465,2.5761437783913355,1.1731081266495043,24,24,1.0,1.0327904687932723,1.4512916248358094,0.6827449624492169,0.7071067811865476,-0.5,-0.5,0.5,-0.1945851743221283,simulator_service,service_success,True,,0.0112,0.0001,service_success,0.0,False
-51.809776,79,1631.250028,False,5.978584868909645,False,True,0.9758206262982503,unsafe_low_altitude,True,0.4541372673201957,0.0,3.311850336507949,10.96133425645517,3.311850336507949,0.9758206262982503,79,79,1.0,1.331252706763205,1.793711581496792,0.6312430818367927,0.7071067811865476,-0.5,0.5,-0.5,-1.5707963705062866,simulator_service,service_success,True,,0.0112,0.0,service_success,0.0,False
-16.866825,14,1642.063548,False,1.4837962118135286,True,False,2.514135286676154,out_of_bounds,True,0.2533764191322857,0.0,0.9425000327737304,1.400792552910584,0.9425000327737304,1.7265206705327965,14,14,1.0,0.9383746350631014,1.1496136468787181,0.46578160080284875,0.6147864031883401,0.27803099155426025,0.31809908151626587,0.033613696694374084,-1.0005873441696167,simulator_service,service_success,True,,0.0114,0.0,service_success,0.0,False
-28.774445,31,1656.467743,False,3.8754649560700756,True,False,2.5840272676747023,out_of_bounds,True,0.7089679928115917,0.0,2.6242209112173898,3.904612556424773,2.6242209112173898,1.508329574693933,31,31,1.0,1.3131889140798367,1.7840097819735898,0.573442552988061,0.7071067811865476,-0.5,0.5,0.5,1.559708595275879,simulator_service,service_success,True,,0.0113,0.0003,service_success,0.0,False
-29.795872,69,1678.604018,False,4.143075744074821,True,False,1.7266245569352032,out_of_bounds,True,0.41938394210551483,0.0,3.1084921437724002,7.9770165340813985,3.1084921437724002,1.084671021706478,69,69,1.0,0.9042820220334071,1.7773457247022189,0.48861126510572905,0.7071067811865476,0.5,0.4376717805862427,0.5,1.5707963705062866,simulator_service,service_success,True,,0.0113,0.0,service_success,0.0,False
-27.945156,24,1691.56637,False,5.357697127081705,True,False,2.6063123090784424,out_of_bounds,True,0.8341687230341156,0.0,1.1770072649797483,2.9314670082014915,1.1770072649797483,1.2034929684286644,24,24,1.0,1.1385846563375328,1.7203383025369148,0.49118850606782644,0.7071067811865476,0.5,-0.05123108997941017,0.5,0.7710481286048889,simulator_service,service_success,True,,0.0114,0.0005,service_success,0.0,False
-22.072319,17,1703.170721,False,5.059121288621103,True,False,2.7439336945893493,out_of_bounds,True,0.6750502356836878,0.0,1.8077019077985796,2.2611386291622173,1.8077019077985796,2.022625915750218,17,17,1.0,1.4314521574849561,1.793711581496792,0.6341585550090549,0.7071067811865476,0.2639855444431305,-0.5,0.5,-1.0371578931808472,simulator_service,service_success,True,,0.0113,0.0,service_success,0.0,False
-17.21954,14,1714.191001,False,2.223369154916447,True,False,2.813385204483093,out_of_bounds,True,0.41734361920254637,0.0,1.2813497630169723,1.860976093470558,1.2813497630169723,1.5569987603989572,14,14,1.0,1.1982231454547956,1.6897615181696257,0.6351565705705978,0.7071067811865476,-0.5,-0.5,0.5,-0.161912202835083,simulator_service,service_success,True,,0.0113,0.0002,service_success,0.0,False
-19.33549,11,1724.669451,False,3.480954735236644,True,False,2.5639978045848952,out_of_bounds,True,0.7468081167718965,0.0,1.3949235299141198,1.398839433395274,1.3949235299141198,1.6622742536744204,11,11,1.0,0.8998257140580814,1.7241717376401617,0.539532965711934,0.6103651566483551,0.16663551330566406,-0.2826317846775055,-0.35468095541000366,0.828467845916748,simulator_service,service_success,True,,0.0114,0.0,service_success,0.0,False
-22.615747,18,1739.786934,False,3.364376804353058,False,True,0.9496776530278626,unsafe_low_altitude,True,0.03655880568155511,0.0,0.6951698054131954,2.804318839631665,1.0553212228512556,0.9496776530278626,18,18,1.0,1.196983859369964,1.4499475809105793,0.70271260398115,0.7071067811865476,0.5,0.5,-0.5,-1.0223199129104614,simulator_service,service_success,True,,0.0113,0.0,service_success,0.0,False
-28.2841,25,1756.625003,False,4.9198737697934165,False,True,0.9836404004764875,unsafe_low_altitude,True,0.11427454352476413,0.0,0.9407149638853807,3.1501993453178887,1.4062432778192298,0.9836404004764875,25,25,1.0,1.0869064811370737,1.793711581496792,0.6045802765006547,0.7071067811865476,0.5,-0.5,-0.5,-1.5707963705062866,simulator_service,service_success,True,,0.0114,0.0,service_success,0.0,False
14.952873,22,1780.212111,True,0.3678889573624121,False,False,1.7564484341505187,success,True,0.12410758355090451,1.241075835509045,1.9075988668335628,2.6289911428422466,1.9075988668335628,1.0558970185500125,22,22,1.0,0.9194083159375949,1.4745742123306986,0.4912545123678668,0.5760755147831782,0.1937694251537323,0.21177081763744354,0.44497817754745483,0.13969047367572784,simulator_service,service_success,True,,0.0114,0.0,service_success,0.0,False
-61.599762,96,1808.50726,False,5.732511334478928,True,False,2.5934180219373526,out_of_bounds,True,0.8744943796704664,0.0,2.282376293982533,12.416478891450724,2.282376293982533,1.0528536314067898,96,96,1.0,1.3961810122481424,1.793711581496792,0.6399382913100936,0.7071067811865476,-0.18158404529094696,0.5,0.5,-0.6834446787834167,velocity,post_controller_hold,False,,0.1553,1.6019,not_attempted,0.0,False
-18.188253,8,1818.734005,False,3.8305535286225965,True,False,2.7351589418916182,out_of_bounds,True,0.28226635755071733,0.0,0.9713508076066141,0.9836750490182804,0.9713508076066141,2.0602989863370973,8,8,1.0,1.0899967732844333,1.391589942455142,0.6394151193281387,0.7071067811865476,0.165236234664917,-0.5,0.5,-1.1871055364608765,simulator_service,service_success,True,,0.0112,0.0001,service_success,0.0,False
-18.96234,20,1831.442729,False,1.81741969542687,True,False,2.5691661519723468,out_of_bounds,True,0.8377313199937542,0.0,2.0100405917533934,2.2797339621684043,2.0100405917533934,1.725694534854579,20,20,1.0,1.1176963793918504,1.732597937289616,0.5181173988894872,0.7071067811865476,-0.4584238827228546,0.0878484696149826,0.5,0.29035913944244385,simulator_service,service_success,True,,0.0115,0.0001,service_success,0.0,False
-17.32296,8,1845.034873,False,3.463655212779783,False,True,0.9528957149891852,unsafe_low_altitude,True,0.6298374865942278,0.0,0.8784527188634444,0.8820736006769807,0.8784527188634444,0.9528957149891852,8,8,1.0,1.5990920092605752,1.756982364093033,0.5680844967342664,0.6348294201415788,0.34581178426742554,-0.5,-0.5,-1.5707963705062866,simulator_service,service_success,True,,0.0112,0.0,service_success,0.0,False
-30.296263,38,1865.01439,False,3.6284140503225037,False,True,0.995979954134602,unsafe_low_altitude,True,0.6607745597388963,0.0,1.3169495660055848,4.761605856157542,1.60067651650563,0.995979954134602,38,38,1.0,1.14552837398439,1.4931082420771271,0.5955829423000673,0.7071067811865476,-0.1299469769001007,-0.5,-0.4310072660446167,0.3829752802848816,simulator_service,service_success,True,,0.0113,0.0,service_success,0.0,False
-43.133793,59,1888.659976,False,3.050596266355766,True,False,2.548533543240594,out_of_bounds,True,0.8723439952333932,0.0,1.5345971799552498,7.587887401395455,2.505302625939502,1.4371875600493353,59,59,1.0,1.1799620227694367,1.793711581496792,0.5956427465906653,0.7071067811865476,0.5,-0.4318528473377228,0.25331106781959534,-0.7235143780708313,simulator_service,service_success,True,,0.0114,0.0,service_success,0.0,False
-26.978695,26,1905.577588,False,4.875389119903455,True,False,2.7212692860268373,out_of_bounds,True,0.9128335106417454,0.0,1.546367708946243,3.7786832679893254,1.546367708946243,1.089701387863527,26,26,1.0,1.1760547618676094,1.793711581496792,0.6619072768403759,0.7071067811865476,0.5,0.5,0.5,1.5707963705062866,simulator_service,service_success,True,,0.0113,0.0,service_success,0.0,False
-16.479671,10,1919.390377,False,1.8508343447863624,True,False,2.6256810942903406,out_of_bounds,True,0.7548934515773882,0.0,1.1620677658503673,1.2559571688217332,1.1620677658503673,1.7367986071503003,10,10,1.0,1.48816485361515,1.7242580155557654,0.6265171642581111,0.7071067811865476,-0.075262650847435,-0.5,0.5,-1.5707963705062866,simulator_service,service_success,True,,0.0113,0.0007,service_success,0.0,False
-19.975018,10,1933.412073,False,4.211761727453138,True,False,2.513382798895517,out_of_bounds,True,0.7079733806504973,0.0,1.31061344671856,1.3239191152733947,1.31061344671856,1.6973020611043865,10,10,1.0,1.371308719269415,1.7581739285739493,0.5964798309312686,0.6773449853777669,0.5,0.45694226026535034,0.4061749577522278,-1.5707963705062866,simulator_service,service_success,True,,0.0114,0.0001,service_success,0.0,False
-19.241514,10,1950.524623,False,3.887985309954651,False,True,0.9975347198112435,unsafe_low_altitude,True,0.876058381398776,0.0,1.2398120789901612,1.3097527671124523,1.2398120789901612,0.9975347198112435,10,10,1.0,1.3582120824278117,1.5471313687209318,0.5973765150955405,0.7071067811865476,-0.1936834305524826,-0.5,-0.5,-1.1530334949493408,simulator_service,service_success,True,,0.0113,0.0002,service_success,0.0,False
-30.383007,38,1970.228956,False,4.002016251199363,True,False,2.6259892204695294,out_of_bounds,True,0.18210127771987492,0.0,1.8490454483919552,4.17202469461097,1.8490454483919552,1.5644047771368415,38,38,1.0,0.768709710205008,1.1191362546060581,0.42916170062853326,0.7071067811865476,-0.5,0.20921379327774048,0.39355307817459106,0.665729820728302,simulator_service,service_success,True,,0.0116,0.0,service_success,0.0,False
-20.111134,11,1984.349962,False,4.463055929394161,True,False,2.84944465463685,out_of_bounds,True,0.5016091099890061,0.0,1.4147854879832193,1.5229129624189266,1.4147854879832193,1.907269519736807,11,11,1.0,1.1682543414424318,1.778358922832852,0.6998514634409828,0.7071067811865476,0.5,0.5,0.27708345651626587,-0.10592552274465561,simulator_service,service_success,True,,0.0116,0.0001,service_success,0.0,False
-18.402822,19,2000.161839,False,1.1644443333732961,True,False,2.525791448355409,out_of_bounds,True,0.6281354744185492,0.0,1.8610992640108006,2.0125562928748133,1.8610992640108006,1.5669497864122295,19,19,1.0,1.041767672463395,1.2189873996414622,0.5132452453602654,0.7071067811865476,0.5,0.5,0.5,0.06549358367919922,simulator_service,service_success,True,,0.0116,0.0,service_success,0.0,False
-18.921997,15,2015.262779,False,2.3904596803080205,True,False,2.5018317241708017,out_of_bounds,True,0.9150690995673355,0.0,0.7669313346463541,1.7488464168330466,0.7669313346463541,2.0188617326108282,15,15,1.0,0.8555058859732054,1.793711581496792,0.6846619973032403,0.7071067811865476,-0.5,-0.3223129212856293,-0.16175927221775055,-0.4947962164878845,simulator_service,service_success,True,,0.0116,0.0,service_success,0.0,False
-34.874725,44,2036.679275,False,5.316857245785689,True,False,1.7937208779885105,out_of_bounds,True,0.7858177496609806,0.0,3.7062930259473035,6.166094822431071,3.7062930259473035,1.0263909670767517,44,44,1.0,1.3414190545290117,1.793711581496792,0.6233627381147295,0.7071067811865476,0.5,-0.06405871361494064,-0.5,1.5707963705062866,simulator_service,service_success,True,,0.0116,0.0,service_success,0.0,False
-21.141521,16,2052.501734,False,3.2703130463520815,True,False,2.6797813657942973,out_of_bounds,True,0.8690835224436583,0.0,1.0964630219926697,1.9586431839447185,1.1213175152670565,1.5939032606073855,16,16,1.0,0.9385963180710974,1.7732588195147925,0.5983118049761257,0.7071067811865476,0.5,0.5,0.28736788034439087,-0.7576626539230347,simulator_service,service_success,True,,0.0114,0.0001,service_success,0.0,False
-20.738596,12,2071.216561,False,4.454779899684912,False,True,0.9755157508624781,unsafe_low_altitude,True,0.7344405117978631,0.0,1.4996341003408515,1.623083978322668,1.4996341003408515,0.9755157508624781,12,12,1.0,1.4625892438745332,1.793711581496792,0.5661625289597652,0.7071067811865476,0.04220106452703476,0.24212653934955597,-0.5,0.30798080563545227,simulator_service,service_success,True,,0.0113,0.0001,service_success,0.0,False
-16.813927,8,2089.030357,False,2.374342283116432,False,True,0.8874425759385955,unsafe_low_altitude,True,0.8413148988500205,0.0,0.9218164133356057,0.9255462938101073,0.9218164133356057,0.8874425759385955,8,8,1.0,1.1405808493712284,1.5385950145761682,0.5961022343997953,0.7071067811865476,0.5,0.5,-0.5,1.2717211246490479,simulator_service,service_success,True,,0.0114,0.0,service_success,0.0,False
-23.164284,25,2110.638047,False,3.3540395625351342,False,True,0.9321588395363886,unsafe_low_altitude,True,0.9978222782151067,0.0,2.1652847321057527,3.399056671736181,2.1652847321057527,0.9321588395363886,25,25,1.0,1.249725064089806,1.7194316673667804,0.6914554844662143,0.7071067811865476,-0.5,-0.5,-0.48176923394203186,1.4914233684539795,simulator_service,service_success,True,,0.0114,0.0,service_success,0.0,False
-20.446455,12,2129.548898,False,4.9380197534018935,False,True,0.8394055416597772,unsafe_low_altitude,True,0.6357604999264899,0.0,1.429981634225485,1.625274309592506,1.429981634225485,0.8394055416597772,12,12,1.0,1.2065702734360275,1.7013359391015372,0.6493565909872623,0.7071067811865476,0.4931942820549011,0.5,-0.5,0.3103773891925812,simulator_service,service_success,True,,0.0113,0.0,service_success,0.0,False
-26.911608,34,2149.468755,False,2.579038089145521,True,False,2.598037090256949,out_of_bounds,True,0.40728246770319954,0.0,2.624361845058407,3.88311889089115,2.7428231154116336,1.6332852973865977,34,34,1.0,0.7374341539634307,0.9380760914710771,0.48389400889763107,0.7071067811865476,-0.33620718121528625,0.5,-0.04198535531759262,-0.14170771837234497,simulator_service,service_success,True,,0.0115,0.0,service_success,0.0,False
-37.183037,87,2183.882701,False,3.3196153129043653,False,True,0.9779535941663869,unsafe_low_altitude,True,0.7445632464357265,0.0,1.6664234396840523,9.49872128587425,2.383128673193238,0.9779535941663869,87,87,1.0,0.9069313311720024,1.793711581496792,0.5165664417437145,0.7071067811865476,0.5,-0.5,-0.5,1.5707963705062866,simulator_service,service_success,True,,0.0116,0.0001,service_success,0.0,False
-20.46871,12,2204.002991,False,4.452830819720418,False,True,0.9660692851662294,unsafe_low_altitude,True,0.7191141541667037,0.0,1.0109103379289988,1.3758597330186362,1.0109103379289988,0.9660692851662294,12,12,1.0,1.300308841300882,1.7265156018188412,0.5593329278020887,0.6759701024874631,0.13537317514419556,0.5,-0.5,0.19885855913162231,simulator_service,service_success,True,,0.0115,0.0,service_success,0.0,False
-25.820698,30,2223.215715,False,4.815639284106134,True,False,2.6950394755576403,out_of_bounds,True,0.19915639835901178,0.0,2.237079156486867,3.7677471304470944,2.237079156486867,1.068247763779448,30,30,1.0,1.119459195620378,1.793711581496792,0.643107884945776,0.7071067811865476,-0.5,-0.21642467379570007,0.3657595217227936,0.23267529904842377,simulator_service,service_success,True,,0.0098,0.0,service_success,0.0,False
-32.2409,29,2242.626764,False,5.929280430329133,True,False,2.6090228905755164,out_of_bounds,True,0.9326792826706803,0.0,1.590600048281203,4.222539117977492,1.7555370115947617,1.1666711117792594,29,29,1.0,1.0028630796376738,1.1870060894791767,0.6640519367179397,0.7071067811865476,-0.5,-0.5,0.5,-0.7830165028572083,simulator_service,service_success,True,,0.0115,0.0,service_success,0.0,False
-49.272995,79,2272.042098,False,4.791379367645867,True,False,2.5559384636437588,out_of_bounds,True,0.984167163612423,0.0,2.1391802751010855,9.788495625602241,2.1391802751010855,1.212492982079178,79,79,1.0,1.1019628235114716,1.793711581496792,0.6426843639590456,0.7071067811865476,0.5,-0.5,0.5,1.2782008647918701,simulator_service,service_success,True,,0.0116,0.0001,service_success,0.0,False
-25.567299,40,2293.751716,False,3.913467783086648,True,False,2.656882213296805,out_of_bounds,True,0.569994026596453,0.0,3.0858061232723593,5.04281977623091,3.425088136009051,1.6511471582738633,40,40,1.0,0.9026552027480088,1.3456560515830691,0.6291561190071354,0.7071067811865476,0.5,0.3015388250350952,0.5,-1.1044747829437256,simulator_service,service_success,True,,0.0114,0.0001,service_success,0.0,False
-18.966436,27,2313.061115,False,1.612643290563854,True,False,2.8688613413548416,out_of_bounds,True,0.11402081807975398,0.0,1.49924087411016,3.336249983933735,1.5288312330823377,1.5503085676327832,27,27,1.0,0.9132333126282982,1.6025083664209492,0.564962592866596,0.7071067811865476,0.5,-0.2263415902853012,0.29158255457878113,0.473959743976593,simulator_service,service_success,True,,0.0114,0.0,service_success,0.0,False
-23.352032,47,2336.483832,False,2.3347317454951337,True,False,1.203299403079966,out_of_bounds,True,0.5587355968552032,0.0,2.0552470116961445,4.674864226866564,2.0552470116961445,1.0142228002250389,47,47,1.0,0.7402437188821948,0.9212659871136744,0.45681749572883723,0.7071067811865476,-0.5,0.5,-0.44949790835380554,-0.35241758823394775,simulator_service,service_success,True,,0.0114,0.0,service_success,0.0,False
-19.250378,9,2355.304882,False,3.9865566666280055,False,True,0.958516077171706,unsafe_low_altitude,True,0.5329598796243207,0.0,1.2258820350577668,1.2291320682704638,1.2258820350577668,0.958516077171706,9,9,1.0,1.0752297692259793,1.793711581496792,0.7071067811865477,0.7071067811865476,0.5,0.5,-0.5,1.5707963705062866,simulator_service,service_success,True,,0.0111,0.0,service_success,0.0,False
-19.947327,19,2373.117583,False,1.9391697097838194,True,False,2.813168243647128,out_of_bounds,True,0.6624175210562516,0.0,1.1620586038456944,1.7094638260118167,1.1620586038456944,1.7990191000688387,19,19,1.0,1.0609434919115894,1.2913465635156234,0.47188391655896994,0.5920797325090925,-0.3975198268890381,0.4387896955013275,0.5,-0.7262039184570312,simulator_service,service_success,True,,0.0126,0.0,service_success,0.0,False
-20.975222,14,2393.032119,False,5.046322090437251,False,True,0.810301596208052,unsafe_low_altitude,True,0.05693693345406384,0.0,1.5589639083848237,2.0513760960140344,1.5589639083848237,0.810301596208052,14,14,1.0,1.1834915439376268,1.793711581496792,0.6831911335591293,0.7071067811865476,0.5,-0.5,-0.5,1.5707963705062866,simulator_service,service_success,True,,0.0112,0.0,service_success,0.0,False
-19.701801,38,2415.049857,False,1.3044722663087163,True,False,2.5248737927548315,out_of_bounds,True,0.08894567357354205,0.0,1.68741257489479,4.042495224153006,1.68741257489479,1.1748117416333739,38,38,1.0,0.6994231872493648,1.3772807659495354,0.4400727260239363,0.7071067811865476,0.11867210268974304,0.031175971031188965,-0.5,-0.16904479265213013,simulator_service,service_success,True,,0.0127,0.0,service_success,0.0,False
-43.86153,78,2447.268738,False,4.331098018506596,False,True,0.940606079895204,unsafe_low_altitude,True,0.07198232983056586,0.0,2.1110963203964412,9.66642451244977,2.1110963203964412,0.940606079895204,78,78,1.0,1.2524075968864383,1.7241155103652335,0.5853162520341016,0.7071067811865476,-0.5,-0.2289586365222931,-0.4414551854133606,-1.5707963705062866,simulator_service,service_success,True,,0.0115,0.0003,service_success,0.0,False
-40.720856,58,2473.459707,False,5.121642940617367,True,False,2.627826490058798,out_of_bounds,True,0.8432251239799597,0.0,2.192918147670807,6.419505398879204,2.192918147670807,1.1621353803129675,58,58,1.0,1.1746237450912311,1.793711581496792,0.5082708261034371,0.7071067811865476,-0.5,-0.5,-0.5,-0.07610924541950226,simulator_service,service_success,True,,0.0126,0.0,service_success,0.0,False
-17.8924,14,2490.684709,False,1.8681564067359455,True,False,2.6906720727948144,out_of_bounds,True,0.06410038128247347,0.0,1.2024830762586867,1.8465897724466775,1.2024830762586867,1.650030524619094,14,14,1.0,0.8833637708391537,1.0666013093574038,0.6161079428257248,0.7071067811865476,-0.131673663854599,0.5,0.5,-0.5490832924842834,simulator_service,service_success,True,,0.0121,0.0006,service_success,0.0,False
-19.88962,10,2510.00975,False,4.325617774416405,False,True,0.9222780959329389,unsafe_low_altitude,True,0.4681196821183144,0.0,1.2097352001172563,0.46969707687086254,0.46969707687086254,1.4292698429491448,9,9,1.0,0.8534806468237868,1.7496588071569228,0.5458292071475074,0.7071067811865476,-0.5,0.18570202589035034,-0.5,-0.15035055577754974,simulator_service,service_success,True,,0.0112,0.0,service_success,0.0,False
-24.983284,39,2534.423672,False,1.4139048426656802,False,True,0.9845962836781523,unsafe_low_altitude,True,0.8250547077987388,0.0,1.1693494994553506,4.23214683383418,1.1693494994553506,0.9845962836781523,39,39,1.0,0.8593468983704496,1.4052222774656686,0.5108552977811912,0.7071067811865476,-0.5,0.5,-0.3042236268520355,-0.4595049321651459,simulator_service,service_success,True,,0.0113,0.0,service_success,0.0,False
-31.632458,43,2557.933145,False,2.2004297225222396,True,False,2.529521281473027,out_of_bounds,True,0.30147450354606015,0.0,3.147870822924312,6.32684025811628,3.226242785994813,1.1088550804010955,43,43,1.0,1.541078863458123,1.793711581496792,0.674863604477459,0.7071067811865476,-0.5,-0.5,0.5,-0.49115699529647827,simulator_service,service_success,True,,0.0128,0.0,service_success,0.0,False
-58.055786,113,2595.943825,False,4.107458122647277,True,False,2.534927774731205,out_of_bounds,True,0.8603351296959116,0.0,2.2596280056955926,13.771628710187938,2.7171671126839496,1.1071015541290565,113,113,1.0,1.1953985065890147,1.7779431182101588,0.6094078046830111,0.7071067811865476,0.5,0.5,-0.31940194964408875,1.5707963705062866,simulator_service,service_success,True,,0.0113,0.0,service_success,0.0,False
-18.48654,10,2616.226732,False,3.924553192154255,False,True,0.9266028707888913,unsafe_low_altitude,True,0.9002998959908681,0.0,1.0723358382123949,1.283957816156511,1.0723358382123949,0.9266028707888913,10,10,1.0,1.0424354780454088,1.2787096544909489,0.7071067811865477,0.7071067811865476,-0.5,0.5,-0.5,0.9407966732978821,simulator_service,service_success,True,,0.011,0.0002,service_success,0.0,False
-70.85098,115,2650.605639,False,5.361068828938486,True,False,2.5918132893243904,out_of_bounds,True,0.7355506621344677,0.0,4.271912105170484,14.909709398851128,4.429401955426336,1.0116942489947294,115,115,1.0,1.2999471380644105,1.793711581496792,0.6044655987733064,0.7071067811865476,0.5,-0.2072555124759674,0.07567425817251205,1.2238643169403076,simulator_service,service_success,True,,0.0127,0.0,service_success,0.0,False
-20.537022,11,2663.375424,False,5.367836496339142,True,False,2.5128660939432725,out_of_bounds,True,0.7407866052733991,0.0,1.3133775147108822,1.332872440760359,1.3133775147108822,1.8090426279323155,11,11,1.0,1.2010661160625018,1.4039772492452982,0.6283547162618638,0.7071067811865476,0.5,0.5,-0.022924862802028656,-1.2126939296722412,simulator_service,service_success,True,,0.0111,0.0008,service_success,0.0,False
-19.551743,16,2684.994675,False,3.308302120262277,False,True,0.9347146330312769,unsafe_low_altitude,True,0.36375587460222425,0.0,1.7008376069984947,2.1500602399241426,1.7008376069984947,0.9347146330312769,16,16,1.0,1.3219543531133147,1.7280142039903894,0.6624149554871573,0.7071067811865476,-0.2966739237308502,0.46914592385292053,-0.4582231044769287,-1.27073335647583,simulator_service,service_success,True,,0.0111,0.0001,service_success,0.0,False
-17.27181,5,2700.216326,False,4.64293336794951,False,True,0.991209750167533,unsafe_low_altitude,True,0.23750186528841918,0.0,0.5719073737955223,0.5719073737955223,0.5719073737955223,0.991209750167533,5,5,1.0,1.51918731052806,1.7241059656232587,0.5003526265460816,0.5051139902061575,-0.3286049962043762,0.3516750633716583,-0.5,0.08752948045730591,simulator_service,service_success,True,,0.0125,0.0,service_success,0.0,False
-28.742445,33,2722.107844,False,4.628684960581477,True,False,2.9942929078966416,out_of_bounds,True,0.8038139872021496,0.0,1.6488380187356666,4.412941514385446,1.6488380187356666,1.4183489363642523,33,33,1.0,1.4094684618234128,1.793711581496792,0.6430428808132013,0.7071067811865476,-0.5,-0.5,-0.5,1.5707963705062866,simulator_service,service_success,True,,0.0127,0.0,service_success,0.0,False
-26.421026,21,2737.436866,False,5.509429100657621,True,False,0.70593110292362,out_of_bounds,True,0.5333752813461632,0.0,1.702441320615689,2.712544160659195,1.744920181644179,0.70593110292362,21,21,1.0,1.2969240111164855,1.7287511276848309,0.5844423388155051,0.7071067811865476,0.05803949758410454,0.5,-0.5,0.636324942111969,simulator_service,service_success,True,,0.0111,0.0001,service_success,0.0,False
-36.86931,49,2761.624475,False,4.022504843671369,False,True,0.9482946925403879,unsafe_low_altitude,True,0.17292782425491138,0.0,3.23255543430102,6.138075734555259,3.23255543430102,0.9482946925403879,49,49,1.0,1.5305559465036689,1.793711581496792,0.6134668808193455,0.7071067811865476,0.5,-0.5,-0.5,-1.5707963705062866,simulator_service,service_success,True,,0.0109,0.0,service_success,0.0,False
-27.838585,27,2778.217959,False,4.320718446534173,True,False,0.7589524744287655,out_of_bounds,True,0.21876531511240488,0.0,1.4317612360182215,3.8584030072034836,1.4317612360182215,0.7589524744287655,27,27,1.0,1.215317196472094,1.793711581496792,0.6646086334584285,0.7071067811865476,0.0014224648475646973,-0.5,-0.5,-0.8309735059738159,simulator_service,service_success,True,,0.0128,0.0,service_success,0.0,False
-22.338242,22,2793.822615,False,3.869278073402656,True,False,2.7573088043513305,out_of_bounds,True,0.21864652043296887,0.0,1.1192211533503595,2.5553967458704214,1.1192211533503595,1.496186965957437,22,22,1.0,1.2433791335865452,1.439911397563115,0.5903743343300315,0.7071067811865476,-0.23100019991397858,-0.5,0.5,0.08483598381280899,simulator_service,service_success,True,,0.0108,0.0001,service_success,0.0,False
-20.933811,11,2807.151939,False,5.780395181138582,True,False,2.8419498238013814,out_of_bounds,True,0.585388169657301,0.0,1.3365348818530678,1.3680898540199595,1.3365348818530678,1.8723226406130873,11,11,1.0,1.4434147196575422,1.7226587963208093,0.6318505217809357,0.7071067811865476,0.5,0.01233251579105854,0.5,1.5707963705062866,simulator_service,service_success,True,,0.0107,0.0,service_success,0.0,False
-21.14074,16,2821.65568,False,4.319459811860041,True,False,2.827758702248951,out_of_bounds,True,0.3451879082496304,0.0,1.8622586670590517,1.9583054116517258,1.8622586670590517,1.5676374878663144,16,16,1.0,0.9061164427889716,1.1438541894194125,0.6361473539457723,0.7071067811865476,-0.3925187587738037,0.43976789712905884,0.5,-0.8431699872016907,simulator_service,service_success,True,,0.0109,0.0001,service_success,0.0,False
-23.659508,38,2840.528255,False,2.5736035835444833,True,False,2.771870010368532,out_of_bounds,True,0.6740476450537157,0.0,1.1426208278653742,4.637695100119124,1.2496248776533174,1.158023835391917,38,38,1.0,1.1962284551677727,1.7577575758571626,0.5819058156049629,0.7071067811865476,-0.5,-0.5,0.03112814575433731,-0.19503694772720337,simulator_service,service_success,True,,0.0108,0.0001,service_success,0.0,False
-23.130943,21,2856.145689,False,5.410936706317843,True,False,3.014802989230823,out_of_bounds,True,0.5155326216582923,0.0,2.853521779478822,3.124875483395712,2.853521779478822,1.51830989168134,21,21,1.0,1.2486077897430268,1.7689430670882615,0.6551055710148306,0.7071067811865476,-0.5,-0.5,0.5,1.5229151248931885,simulator_service,service_success,True,,0.0109,0.0001,service_success,0.0,False
-55.55666,86,2885.050443,False,5.514136957121446,True,False,2.560158737067619,out_of_bounds,True,0.013234688560120873,0.0,4.9837649468770415,10.266353691119777,5.431815542089424,1.1164891231061969,86,86,1.0,1.1363935130705638,1.793711581496792,0.5883721042983105,0.7071067811865476,0.5,0.5,0.011735916137695312,1.5707963705062866,simulator_service,service_success,True,,0.0109,0.0001,service_success,0.0,False
-16.882431,16,2899.677707,False,1.1654326873679193,True,False,2.5430195496426453,out_of_bounds,True,0.5652872790713134,0.0,1.3637810335949556,1.9804458601309878,1.3637810335949556,1.4419413386105353,16,16,1.0,0.9302558109427762,1.1924193595978698,0.6191355613140096,0.7071067811865476,0.5,0.5,0.5,0.35422179102897644,simulator_service,service_success,True,,0.0109,0.0001,service_success,0.0,False
-30.397732,59,2923.03704,False,3.0708512126364997,True,False,0.7778963777091755,out_of_bounds,True,0.504585192282182,0.0,2.161026151261041,6.416775876586929,2.161026151261041,0.7778963777091755,59,59,1.0,1.0872787885835595,1.7260990234068867,0.4855818466151536,0.7071067811865476,-0.11586146056652069,0.5,-0.5,0.07860410958528519,simulator_service,service_success,True,,0.0108,0.0,service_success,0.0,False
-25.396294,27,2939.943415,False,3.646296574067915,True,False,2.6450256203930027,out_of_bounds,True,0.996105418715394,0.0,1.940495693289748,3.31305603409218,1.940495693289748,1.0391842724230227,27,27,1.0,1.1532157880063896,1.6234507698135563,0.5719773612684736,0.7071067811865476,-0.5,0.02030724287033081,0.5,0.7123600840568542,simulator_service,service_success,True,,0.0109,0.0,service_success,0.0,False
-30.69254,38,2959.063729,False,2.1459407646555926,True,False,2.8127346410878764,out_of_bounds,True,0.9959795137952913,0.0,2.7772093329041185,4.363808849107701,2.7772093329041185,1.721855397485536,38,38,1.0,1.0871217650213072,1.7775133512083556,0.6131450372948571,0.7071067811865476,0.16823525726795197,0.5,-0.21455615758895874,-0.538952112197876,simulator_service,service_success,True,,0.0108,0.0001,service_success,0.0,False
-33.861954,65,2987.175781,False,2.688380434297107,False,True,0.903172512398065,unsafe_low_altitude,True,0.07186617825282343,0.0,1.3829349964541944,6.74088444704495,1.648531983390417,0.903172512398065,65,65,1.0,1.0558959094161673,1.764785509585522,0.5219778355087041,0.7071067811865476,0.2526293992996216,0.5,-0.5,-0.12547414004802704,simulator_service,service_success,True,,0.0114,0.0011,service_success,0.0,False
2.4570355,43,3025.338979,True,0.22180159851848674,False,False,1.9170466877673265,success,True,0.9637568509039588,9.637568509039587,1.3639326833711434,4.794597981686504,1.3639326833711434,1.174919816067656,43,43,1.0,0.8986504069843614,1.5753397420297008,0.5197303786997627,0.7071067811865476,-0.5,-0.052040573209524155,0.5,1.2709765434265137,simulator_service,service_success,True,,0.0125,0.0,service_success,0.0,False
-22.076427,22,3041.354841,False,3.681969001790562,True,False,2.6088798337579115,out_of_bounds,True,0.6033991105854092,0.0,1.667040140126837,2.510193957515469,1.667040140126837,1.63625142702422,22,22,1.0,0.8866434355861482,1.7230553524478345,0.6083993062175493,0.7071067811865476,-0.08997800201177597,-0.5,0.5,-0.4035656750202179,velocity,post_controller_hold,False,,0.2107,1.6282,not_attempted,0.0,False
-16.918846,6,3054.016022,False,3.76174720444957,True,False,2.5192231169264208,out_of_bounds,True,0.9920267496626066,0.0,0.6863078587926986,0.6863078587926986,0.6863078587926986,2.0717856624869544,6,6,1.0,0.8068114079541356,0.8660511123628477,0.6326108279753172,0.7071067811865476,0.5,-0.5,0.5,-0.006673022173345089,simulator_service,service_success,True,,0.0107,0.0,service_success,0.0,False
-16.270975,6,3066.710355,False,2.0697302960417887,True,False,2.519903059952472,out_of_bounds,True,0.9995055138397413,0.0,0.5882018006974951,0.5882018006974951,0.5882018006974951,2.0936833406808897,6,6,1.0,0.8925575595795788,0.8925575595795787,0.5089729995287328,0.5089729995287328,-0.09514995664358139,-0.5,0.5,0.5362886190414429,simulator_service,service_success,True,,0.0098,0.0,service_success,0.0,False
-19.335588,12,3080.681035,False,4.454816533493034,True,False,2.9029806679666486,out_of_bounds,True,0.6475077791107343,0.0,1.6057038689600451,1.6101551900421434,1.6057038689600451,1.8823414248836583,12,12,1.0,1.6042235246096308,1.793711581496792,0.6728408559340755,0.7071067811865476,0.5,0.5,0.5,0.7072234153747559,simulator_service,service_success,True,,0.0098,0.0,service_success,0.0,False
-19.305117,22,3099.22609,False,2.318728009544957,False,True,0.8762953942047081,unsafe_low_altitude,True,0.26045086401589385,0.0,1.5319108783250508,3.1719052706843076,1.5319108783250508,0.8762953942047081,22,22,1.0,1.0494963778474282,1.338449559348436,0.7071067811865478,0.7071067811865476,-0.5,-0.5,-0.0793786570429802,-1.1336429119110107,simulator_service,service_success,True,,0.0096,0.0002,service_success,0.0,False
-21.329763,17,3118.124889,False,2.74325121103458,False,True,0.973482950040182,unsafe_low_altitude,True,0.2555321673232745,0.0,1.9903472680517769,2.206668753291792,1.9903472680517769,0.973482950040182,17,17,1.0,1.1990999974800103,1.6355092572560574,0.628870601786232,0.7071067811865476,0.39536741375923157,-0.5,-0.5,0.19681896269321442,simulator_service,service_success,True,,0.0111,0.0,service_success,0.0,False
-27.485596,47,3139.592991,False,4.417226637893687,True,False,1.2278421141965028,out_of_bounds,True,0.422354293378089,0.0,3.307042111956988,5.483030501432497,3.307042111956988,1.1631433536148603,47,47,1.0,1.0651176352342957,1.7229014165930918,0.5991589133207837,0.7071067811865476,0.03143332153558731,-0.5,-0.5,-1.5707963705062866,simulator_service,service_success,True,,0.0111,0.0,service_success,0.0,False
-21.347378,40,3159.92713,False,1.8444131791583351,True,False,2.71324129609392,out_of_bounds,True,0.8876724892606029,0.0,0.9606073225731784,4.691874086774561,1.7734227915672363,1.510592144167879,40,40,1.0,1.1014906937835176,1.793711581496792,0.5421465241370573,0.7071067811865476,0.5,0.5,-0.5,1.5707963705062866,simulator_service,service_success,True,,0.0095,0.0001,service_success,0.0,False
-20.306683,23,3178.999039,False,2.6041951324574657,False,True,0.9936894980449607,unsafe_low_altitude,True,0.7799442832882714,0.0,2.0559288487070417,3.090026194658858,2.0559288487070417,0.9936894980449607,23,23,1.0,1.098020677912634,1.5842300365360724,0.6364645480116652,0.7071067811865476,0.5,0.5,-0.5,-0.12841449677944183,simulator_service,service_success,True,,0.0096,0.0003,service_success,0.0,False
-22.940624,18,3194.615697,False,4.586560639236625,True,False,2.6338128313493487,out_of_bounds,True,0.26715972394996856,0.0,1.81593334590185,1.9515297175920394,1.81593334590185,1.4797405252970939,18,18,1.0,0.9615826760380491,1.2080499849969644,0.4668139963280801,0.7071067811865476,-0.07913735508918762,-0.4878050982952118,-0.5,0.4238266944885254,simulator_service,service_success,True,,0.0108,0.0,service_success,0.0,False
-19.34663,12,3211.441062,False,3.7889744857901424,False,True,0.9164444367834865,unsafe_low_altitude,True,0.3472833620216375,0.0,1.3339335788859552,1.346413266922017,1.3339335788859552,0.9164444367834865,12,12,1.0,1.1322019895767104,1.2241590429355882,0.3593862344523368,0.3897088205723225,-0.17084646224975586,-0.2812372148036957,-0.5,-1.0678400993347168,simulator_service,service_success,True,,0.0094,0.0003,service_success,0.0,False
-32.48041,65,3236.746624,False,4.411477315924724,True,False,2.22565846671119,out_of_bounds,True,0.04489949193120077,0.0,4.250838307039849,8.091205439270636,4.250838307039849,1.2702644005437047,65,65,1.0,1.2439863069329695,1.7303675654151622,0.6060352936619583,0.7071067811865476,0.5,-0.5,0.16361746191978455,1.5707963705062866,simulator_service,service_success,True,,0.0108,0.0,service_success,0.0,False
-20.987797,18,3252.439576,False,3.3317274209346426,True,False,2.7689938883101557,out_of_bounds,True,0.7830534722459517,0.0,2.0879195962954054,2.288656130278601,2.0879195962954054,1.5939591697552105,18,18,1.0,1.2617738303759847,1.72276652598103,0.6021333177276801,0.7071067811865476,-0.07258396595716476,0.3690165579319,-0.2745804190635681,-1.3896613121032715,simulator_service,service_success,True,,0.0094,0.0,service_success,0.0,False
-26.269176,35,3274.36425,False,3.245797948970378,False,True,0.8908878215695628,unsafe_low_altitude,True,0.47858126488305924,0.0,2.3314373631218817,4.484920118172044,2.3314373631218817,0.8908878215695628,35,35,1.0,1.205587612665384,1.7424419276598297,0.6115265738266448,0.7071067811865476,0.5,-0.3742419481277466,-0.46201878786087036,1.1912175416946411,simulator_service,service_success,True,,0.0095,0.0,service_success,0.0,False
-31.645403,35,3293.725981,False,3.5694466329810366,True,False,2.589376710498819,out_of_bounds,True,0.9537329319683401,0.0,1.392422870812015,4.867803135034537,1.6810564031570987,1.1458973144032722,35,35,1.0,1.5781765429252088,1.793711581496792,0.6818928294276756,0.7071067811865476,-0.5,0.5,0.5,1.5707963705062866,simulator_service,service_success,True,,0.011,0.0,service_success,0.0,False
-49.217247,53,3316.765007,False,5.720028819096428,True,False,2.9385579329679756,out_of_bounds,True,0.40514958160441905,0.0,1.2787021845880404,6.422137536057155,2.029846759639127,1.2864495274020356,53,53,1.0,1.0945672175103955,1.710420991350533,0.6386817444272468,0.7071067811865476,-0.5,-0.5,0.5,1.4749711751937866,simulator_service,service_success,True,,0.0094,0.0001,service_success,0.0,False
-19.202604,12,3331.447776,False,3.464441976314629,True,False,2.6543142678438483,out_of_bounds,True,0.46630617251956713,0.0,1.174340977136909,1.4445103235966985,1.174340977136909,1.6580677025494412,12,12,1.0,0.7676717165205735,0.7976950372917015,0.5318642690832,0.5517846843722418,0.2333802431821823,0.5,0.5,-0.24763123691082,simulator_service,service_success,True,,0.0094,0.0,service_success,0.0,False
-16.115555,6,3347.369886,False,2.6191668553437384,False,True,0.9105419919805404,unsafe_low_altitude,True,0.4479719947406098,0.0,0.8333112030216343,0.8333112030216343,0.8333112030216343,0.9105419919805404,6,6,1.0,1.108342109372536,1.108342109372536,0.7071067811865476,0.7071067811865476,0.5,-0.5,-0.5,0.6916807293891907,simulator_service,service_success,True,,0.0094,0.0,service_success,0.0,False
-36.057617,35,3366.869766,False,6.1992328324142365,True,False,2.300765559076302,out_of_bounds,True,0.2668943921493807,0.0,2.957165589825942,4.99082855566932,2.957165589825942,1.1403359686331755,35,35,1.0,0.8992276937121232,1.7712968290211153,0.663615859360259,0.7071067811865476,0.5,-0.41242116689682007,-0.5,1.5707963705062866,simulator_service,service_success,True,,0.0108,0.0,service_success,0.0,False
-44.28721,88,3399.749979,False,4.608245145005354,False,True,0.8106755467359832,unsafe_low_altitude,True,0.7233841142074527,0.0,3.4924245372848293,10.494020968445195,3.576274217847617,0.8106755467359832,88,88,1.0,1.224509523819255,1.793711581496792,0.6485455406542292,0.7071067811865476,0.5,-0.5,-0.5,-0.9815244674682617,simulator_service,service_success,True,,0.0094,0.0001,service_success,0.0,False
-33.20681,59,3424.187509,False,4.663964976030677,True,False,2.8901968854558535,out_of_bounds,True,0.04183912229286934,0.0,4.000964745285442,7.930693311682383,4.000964745285442,1.1595922549865534,59,59,1.0,1.244187606087616,1.7922756131341122,0.6370543082249813,0.7071067811865476,0.5,-0.3382289707660675,0.5,1.5707963705062866,simulator_service,service_success,True,,0.0108,0.0,service_success,0.0,False
-31.784307,69,3453.386721,False,4.112306015477634,False,True,0.806051991561763,unsafe_low_altitude,True,0.7902320500593671,0.0,3.1604418114609585,7.733432248433226,3.1604418114609585,0.806051991561763,69,69,1.0,1.0010706276033694,1.7233776063054458,0.5809218734846512,0.7071067811865476,-0.5,-0.0512751042842865,0.5,-1.5707963705062866,simulator_service,service_success,True,,0.0093,0.0001,service_success,0.0,False
-17.808418,12,3468.149029,False,2.8306114103465716,True,False,2.6155339231218733,out_of_bounds,True,0.4695342357557475,0.0,1.5323609487880994,1.632095767317015,1.5323609487880994,1.5540713196794382,12,12,1.0,0.9167221369919835,0.9877461246090143,0.6956315767777991,0.7071067811865476,0.5,-0.5,0.5,0.47501832246780396,simulator_service,service_success,True,,0.0108,0.0,service_success,0.0,False
-34.38839,36,3487.991548,False,5.064655974666369,True,False,2.5629928452512516,out_of_bounds,True,0.30907229221030075,0.0,1.4488192390546055,3.926062203093819,1.4488192390546055,1.0965398463332716,36,36,1.0,1.5235454790788951,1.793711581496792,0.5292632752580699,0.7071067811865476,0.4912269115447998,0.24678312242031097,-0.5,1.2119688987731934,simulator_service,service_success,True,,0.0093,0.0001,service_success,0.0,False
-41.24432,47,3510.208593,False,5.642245234947615,True,False,2.6276418010885836,out_of_bounds,True,0.03410748432439969,0.0,2.7430299417664465,6.499438195318732,2.7430299417664465,1.0225649388762375,47,47,1.0,1.5949793574409983,1.793711581496792,0.696407302942271,0.7071067811865476,0.5,-0.5,0.5,-1.1935889720916748,simulator_service,service_success,True,,0.0093,0.0002,service_success,0.0,False
-32.878876,53,3536.066162,False,1.9070565347022728,False,True,0.8828054648006761,unsafe_low_altitude,True,0.6099952804305988,0.0,2.594129217519715,6.527640910856374,2.594129217519715,0.8828054648006761,53,53,1.0,1.33464257024451,1.7643092006338248,0.5990508744935225,0.7071067811865476,0.29453355073928833,-0.5,-0.5,-1.557955026626587,simulator_service,service_success,True,,0.0092,0.0,service_success,0.0,False
-19.181345,12,3553.695275,False,2.9069844661523114,False,True,0.8160291611494624,unsafe_low_altitude,True,0.15138252631464405,0.0,1.3087605985379125,1.6667041310099813,1.3087605985379125,0.8160291611494624,12,12,1.0,1.0476721874303692,1.1129651457386427,0.6741710643037201,0.7071067811865476,-0.2118343859910965,0.4794329106807709,-0.5,-0.3978911340236664,simulator_service,service_success,True,,0.0106,0.0,service_success,0.0,False
-19.820206,24,3571.215455,False,2.365874252463567,True,False,0.7687343299661937,out_of_bounds,True,0.3519213297725625,0.0,2.2896158124288757,2.8490515786721873,2.2896158124288757,0.7687343299661937,24,24,1.0,0.8209633545039322,0.992914095956716,0.5344374685519664,0.6437542346127999,0.026847204193472862,0.14023533463478088,-0.0704980418086052,0.8070695400238037,simulator_service,service_success,True,,0.0108,0.0,service_success,0.0,False
-55.66902,61,3596.689332,False,5.993066100497209,True,False,2.518841352421378,out_of_bounds,True,0.055270172721711364,0.0,1.445998919702385,7.791575717005446,2.2478251028201837,1.2536649909343642,61,61,1.0,1.4352971876301903,1.793711581496792,0.6455641434245492,0.7071067811865476,0.5,0.3099808096885681,0.5,1.5707963705062866,simulator_service,service_success,True,,0.009,0.0001,service_success,0.0,False
-32.309082,50,3619.671216,False,4.530175716730721,True,False,2.8522706010184917,out_of_bounds,True,0.39194686487263386,0.0,3.0220748048981325,5.804646234605775,3.0220748048981325,1.198551717900092,50,50,1.0,1.0201435227841344,1.5696071879192213,0.5157873791441641,0.7071067811865476,-0.05349951609969139,0.5,0.5,-0.0007358061848208308,simulator_service,service_success,True,,0.0088,0.0,service_success,0.0,False
-24.87373,25,3637.607816,False,3.3913119776861005,True,False,0.708597041062064,out_of_bounds,True,0.5821892631951051,0.0,2.6021060963307323,3.0878215457516607,2.6021060963307323,0.708597041062064,25,25,1.0,1.0668931295472575,1.6313217042952968,0.6083051197272649,0.7071067811865476,-0.2548432946205139,-0.5,-0.5,-0.6381309628486633,simulator_service,service_success,True,,0.009,0.0,service_success,0.0,False
-19.955605,12,3652.989013,False,3.1717798641294905,True,False,0.7959459169059203,out_of_bounds,True,0.8380174286623799,0.0,1.662867846524673,1.7643658322600744,1.662867846524673,0.7959459169059203,12,12,1.0,1.077430647846193,1.199888098586144,0.7071067811865478,0.7071067811865476,-0.5,0.5,-0.5,-0.8305007219314575,simulator_service,service_success,True,,0.0089,0.0001,service_success,0.0,False
-23.46108,19,3669.81268,False,5.431844686292805,True,False,1.3046855501226786,out_of_bounds,True,0.007290524315946635,0.0,1.9712645263120643,2.3779502315087084,1.9712645263120643,1.1664488087047225,19,19,1.0,1.2615853845973446,1.7874540852121552,0.6277049621423888,0.7071067811865476,0.5,0.5,-0.5,0.29760706424713135,simulator_service,service_success,True,,0.009,0.0001,service_success,0.0,False
-15.819216,6,3686.500614,False,1.720984439384848,False,True,0.9854967702796431,unsafe_low_altitude,True,0.4321142959799533,0.0,0.7724423393740472,0.7724423393740472,0.7724423393740472,0.9854967702796431,6,6,1.0,0.8504345506619883,0.8504345506619883,0.6428612649080656,0.6428612649080656,0.4040675759315491,0.5,-0.5,0.24488429725170135,simulator_service,service_success,True,,0.0089,0.0,service_success,0.0,False
-22.044914,13,3704.912882,False,6.041557953190079,False,True,0.8330078592966558,unsafe_low_altitude,True,0.36689915204533324,0.0,1.9435091212341569,1.943510212209576,1.9435091212341569,0.8330078592966558,13,13,1.0,1.1358853056686622,1.63640569547315,0.7071067811865478,0.7071067811865476,-0.5,0.5,-0.5,-1.3149667978286743,simulator_service,service_success,True,,0.0105,0.0,service_success,0.0,False
-34.320107,38,3728.409599,False,4.722613613135191,False,True,0.9715522254320658,unsafe_low_altitude,True,0.27156421915441437,0.0,2.4576437915518254,4.523421432354272,2.4576437915518254,0.9715522254320658,38,38,1.0,1.1868352248790717,1.793711581496792,0.6075834562517949,0.7071067811865476,-0.38116076588630676,-0.4049336612224579,-0.5,0.020673315972089767,simulator_service,service_success,True,,0.0102,0.0,service_success,0.0,False
-38.893925,38,3751.932465,False,6.881814475177733,False,True,0.8516092508241573,unsafe_low_altitude,True,0.12823053472839813,0.0,2.796083509107093,5.273067712858853,2.8482088025369836,0.8516092508241573,38,38,1.0,1.3831881959799561,1.7480940746905433,0.6097899361417373,0.7071067811865476,-0.5,0.21310275793075562,-0.5,1.5707963705062866,simulator_service,service_success,True,,0.0103,0.0,service_success,0.0,False
-18.440414,19,3768.950793,False,3.148642075217122,True,False,2.9688369935798242,out_of_bounds,True,0.03119039986988685,0.0,2.138833289638287,2.1611729824825514,2.138833289638287,1.859362026154337,19,19,1.0,0.6577050235763027,0.9559368023787311,0.49995495094981446,0.5384587744163275,-0.5,0.1998445689678192,0.5,0.6114550828933716,simulator_service,service_success,True,,0.0104,0.0,service_success,0.0,False
-17.873716,7,3783.463805,False,4.64801343691323,True,False,2.5421841726870533,out_of_bounds,True,0.4813409797373091,0.0,0.7298044381322457,0.7298044381322457,0.7298044381322457,2.019636701395946,7,7,1.0,1.6801667338636797,1.7296092328554453,0.5204188268341721,0.523590355891969,0.5,0.03730393573641777,0.5,1.188576102256775,simulator_service,service_success,True,,0.009,0.0001,service_success,0.0,False
-20.334232,13,3799.22729,False,5.069949758563595,True,False,2.7095129976951706,out_of_bounds,True,0.2896725423946554,0.0,1.849595846893936,1.8536614013106734,1.849595846893936,1.8223867718198896,13,13,1.0,1.3417720463913367,1.7495310320459674,0.7071067811865478,0.7071067811865476,0.5,0.5,0.5,0.0069423941895365715,simulator_service,service_success,True,,0.0088,0.0001,service_success,0.0,False
-24.413097,44,3821.709339,False,2.4634788893011987,True,False,2.7150085338015764,out_of_bounds,True,0.1672591231570061,0.0,1.2147075981835984,5.471210534236053,1.5236535378222145,1.2507035763851133,44,44,1.0,0.9670244385618318,1.3321330830950464,0.6061382430298695,0.7071067811865476,0.33635494112968445,-0.11597345024347305,-0.5,0.7398504018783569,simulator_service,service_success,True,,0.0089,0.0,service_success,0.0,False
-22.056171,20,3838.932426,False,3.117968861793597,True,False,2.5535910468669476,out_of_bounds,True,0.11008506056919327,0.0,0.7574120277313146,1.6566151800377709,0.7574120277313146,1.7978890557692024,20,20,1.0,1.3993440178275554,1.7671724687138195,0.6317058519514631,0.7071067811865476,0.5,-0.5,0.5,0.05087914317846298,simulator_service,service_success,True,,0.0087,0.0001,service_success,0.0,False
-26.192062,32,3858.772853,False,3.3510307773243633,True,False,2.737423295062883,out_of_bounds,True,0.7651972273466822,0.0,2.3611147029900126,3.7912415293313964,2.3611147029900126,1.4440592857759258,32,32,1.0,1.3026586334220154,1.793711581496792,0.5709334706550054,0.7071067811865476,-0.26058149337768555,0.34017908573150635,0.5,-0.996836245059967,simulator_service,service_success,True,,0.0089,0.0,service_success,0.0,False
-23.194561,26,3877.340459,False,3.8374421544440813,True,False,0.7592726084027168,out_of_bounds,True,0.12399449156983382,0.0,0.7828663803961479,3.4137173394427798,1.291715624174299,0.7592726084027168,26,26,1.0,1.4390104816144058,1.7227577740969886,0.6288781730989144,0.7071067811865476,0.5,-0.5,-0.5,-0.9531365036964417,simulator_service,service_success,True,,0.0089,0.0001,service_success,0.0,False
-20.578259,13,3893.334801,False,4.316156529070584,True,False,2.946812596044812,out_of_bounds,True,0.6898211110472545,0.0,1.4718262310740806,1.549574192083691,1.4718262310740806,1.781184991672414,13,13,1.0,1.5174845351139132,1.6870802812861976,0.5592913298104505,0.7071067811865476,0.2351418435573578,-0.2711954116821289,0.5,-1.5707963705062866,simulator_service,service_success,True,,0.0089,0.0001,service_success,0.0,False
-17.64037,13,3913.458871,False,2.669174465254855,False,True,0.8759299630897186,unsafe_low_altitude,True,0.3237975196774609,0.0,1.1224217600924626,1.2995961434403338,1.1224217600924626,0.8759299630897186,13,13,1.0,1.2034564953903162,1.4476470686908296,0.6231115848201666,0.7071067811865476,0.31225770711898804,-0.35262495279312134,0.1662338674068451,0.29762619733810425,simulator_service,service_success,True,,0.0088,0.0001,service_success,0.0,False
-16.740585,7,3928.245314,False,3.260787472611292,True,False,2.511709545664354,out_of_bounds,True,0.8174954806798626,0.0,0.8578533572267139,0.8578533572267139,0.8578533572267139,2.0457708379482455,7,7,1.0,0.8408480173823609,0.8892672535209974,0.7044185750620118,0.7071067811865476,-0.4730139672756195,-0.5,-0.5,-0.2589479386806488,simulator_service,service_success,True,,0.0079,0.0,service_success,0.0,False
-40.966682,51,3952.166978,False,4.333044228431926,True,False,0.7631255145306742,out_of_bounds,True,0.9504166977403904,0.0,1.5394450836929288,6.590358005102346,1.9306163711613997,0.7631255145306742,51,51,1.0,1.1937805195942222,1.7472755550482544,0.6549386805933233,0.7071067811865476,0.5,-0.39339345693588257,-0.5,-0.2771438658237457,simulator_service,service_success,True,,0.009,0.0,service_success,0.0,False
-40.73632,76,3981.300233,False,5.442706798709525,True,False,2.4395299931278256,out_of_bounds,True,0.05504615258809752,0.0,2.2726456456956177,9.830545415915296,2.2726456456956177,1.0628588134823351,76,76,1.0,1.2467290182751156,1.793711581496792,0.6645174926113752,0.7071067811865476,-0.5,-0.5,0.4981760084629059,1.5707963705062866,simulator_service,service_success,True,,0.0088,0.0,service_success,0.0,False
-16.078,7,3998.776594,False,1.197793898380342,False,True,0.8787797245544817,unsafe_low_altitude,True,0.2902922314897016,0.0,0.7919620634861381,0.7919620634861381,0.7919620634861381,0.8787797245544817,7,7,1.0,1.2938128961291422,1.2938128961291424,0.5888723478380177,0.5888723478380177,-0.31107980012893677,-0.5,-0.5,1.037873387336731,simulator_service,service_success,True,,0.0087,0.0001,service_success,0.0,False
-30.069544,51,4022.863099,False,2.578365251930431,True,False,2.5523310108668316,out_of_bounds,True,0.5378744478624798,0.0,2.3220271333882487,5.992170266413055,3.0439866366644104,1.1461424573468202,51,51,1.0,1.1335169498423585,1.793711581496792,0.5381942200004999,0.7071067811865476,-0.5,-0.07313700020313263,0.12336907535791397,0.144616037607193,simulator_service,service_success,True,,0.0103,0.0,service_success,0.0,False
-23.296173,20,4040.493599,False,3.003433730264009,True,False,2.7432319236189326,out_of_bounds,True,0.7542176780963181,0.0,2.1084668245847182,2.425969512968164,2.1084668245847182,1.7239839188554689,20,20,1.0,1.7362415315952646,1.793711581496792,0.6569154496364654,0.7071067811865476,-0.5,0.5,0.19728247821331024,-1.5707963705062866,simulator_service,service_success,True,,0.0088,0.0001,service_success,0.0,False
-20.902786,39,4064.900376,False,2.07352409586419,False,True,0.806347079425878,unsafe_low_altitude,True,0.3585528913315376,0.0,1.0884281047754634,3.7872304478938537,1.0884281047754634,0.806347079425878,39,39,1.0,0.9408830380181971,1.793711581496792,0.45308759036599167,0.7071067811865476,-0.5,0.5,-0.5,-1.5707963705062866,simulator_service,service_success,True,,0.0087,0.0001,service_success,0.0,False
-16.669573,7,4082.596465,False,2.8029453427085818,False,True,0.8587936478560372,unsafe_low_altitude,True,0.9909668688407607,0.0,0.6644845452047468,0.6644845452047468,0.6644845452047468,0.8587936478560372,7,7,1.0,1.6399276517590795,1.723440774796567,0.5119122209957488,0.5187172808881286,0.5,-0.13808554410934448,-0.5,-1.4031339883804321,simulator_service,service_success,True,,0.0102,0.0,service_success,0.0,False
-27.65189,40,4104.515364,False,1.1699757451172186,True,False,2.7188444445528575,out_of_bounds,True,0.18281211461500887,0.0,3.4224294312588377,5.270553700891069,3.4224294312588377,1.1814579853772909,40,40,1.0,1.2295372749168842,1.793711581496792,0.6102542962974318,0.7071067811865476,0.5,-0.144054114818573,0.5,-0.2304161638021469,simulator_service,service_success,True,,0.01,0.0,service_success,0.0,False
-55.782715,119,4143.094723,False,1.627533521724134,True,False,3.144346111152918,out_of_bounds,True,0.10354365515146305,0.0,4.884628545362291,14.348013135511644,5.020558991292739,1.0309926686693425,119,119,1.0,1.0954471064772042,1.793711581496792,0.5817716368872485,0.7071067811865476,-0.5,0.2389346808195114,0.5,1.2188587188720703,simulator_service,service_success,True,,0.0085,0.0,service_success,0.0,False
-33.160095,46,4169.277712,False,4.119936009325775,False,True,0.9214721119748217,unsafe_low_altitude,True,0.4128783178618928,0.0,1.9167949449029282,6.120750639963978,2.248135349509838,0.9214721119748217,46,46,1.0,1.2233381965111385,1.793711581496792,0.6040003939843626,0.7071067811865476,-0.5,-0.5,-0.4204699397087097,-1.3749712705612183,simulator_service,service_success,True,,0.0086,0.0,service_success,0.0,False
-23.801891,27,4191.613119,False,3.1105913921449733,False,True,0.9939607538221187,unsafe_low_altitude,True,0.6734899632326472,0.0,0.8832458407134907,2.4579301572159444,1.0517887881980923,0.9939607538221187,27,27,1.0,1.2506004889836186,1.7704541262841333,0.5953137589447075,0.7071067811865476,0.5,0.40736567974090576,-0.5,0.0533008873462677,simulator_service,service_success,True,,0.0098,0.0,service_success,0.0,False
-20.46934,21,4209.893489,False,2.077180527368334,True,False,2.7569005478103805,out_of_bounds,True,0.17252510964902673,0.0,1.5208503957229536,2.5196148998491483,1.5208503957229536,1.3751509911877065,21,21,1.0,0.9999112140271629,1.341902683107775,0.574540405723245,0.677525636458981,-0.4572100043296814,-0.5,0.5,-0.4464144706726074,simulator_service,service_success,True,,0.0098,0.0,service_success,0.0,False
-16.197807,7,4225.33464,False,2.1975656874596945,True,False,2.561850393913282,out_of_bounds,True,0.5610927920775033,0.0,0.8557312693903796,0.8557312693903796,0.8557312693903796,1.9774432192313247,7,7,1.0,0.8998486866581386,0.8998486866581384,0.5639085292845677,0.5639085292845677,0.2607543468475342,-0.5,0.5,-0.4916653633117676,simulator_service,service_success,True,,0.0083,0.0002,service_success,0.0,False
-16.612963,7,4240.895641,False,2.8842581817153317,True,False,2.5615752900155013,out_of_bounds,True,0.043832618302818295,0.0,0.7884436825958383,0.7884436825958383,0.7884436825958383,1.9962543243563071,7,7,1.0,1.3244810379938114,1.3244810379938117,0.5145649687765591,0.5145649687765591,-0.5,0.12156112492084503,0.5,1.1133161783218384,simulator_service,service_success,True,,0.0084,0.0,service_success,0.0,False
-29.531105,28,4260.748526,False,4.0701730294199,True,False,3.0974857108352496,out_of_bounds,True,0.23029778623012,0.0,1.861501180774532,3.146929928802851,1.861501180774532,1.8100521619151593,28,28,1.0,1.3920632838132332,1.793711581496792,0.6018109095890914,0.7071067811865476,-0.3138515055179596,-0.5,0.5,1.0898820161819458,simulator_service,service_success,True,,0.0084,0.0,service_success,0.0,False
-20.976318,21,4279.106984,False,1.680878462513128,True,False,2.7467810549906306,out_of_bounds,True,0.9964331519172471,0.0,1.529601335258401,2.7093829546611192,1.529601335258401,1.7380950908767645,21,21,1.0,1.102979784421037,1.4182905144040354,0.6405704139147005,0.7071067811865476,0.5,0.2910933494567871,0.22287419438362122,-1.275593876838684,simulator_service,service_success,True,,0.0084,0.0001,service_success,0.0,False
-21.477976,14,4296.085264,False,4.1918964797973475,True,False,0.7361385423860333,out_of_bounds,True,0.03899153564478646,0.0,1.1319989674644737,1.4581805681585993,1.1319989674644737,0.7361385423860333,14,14,1.0,0.8265507342690928,0.8710839104681568,0.6719304533601672,0.7071067811865476,-0.5,0.37504780292510986,-0.5,0.34369510412216187,simulator_service,service_success,True,,0.0083,0.0,service_success,0.0,False
-20.452318,14,4313.218091,False,4.565827039076009,True,False,2.9161622527577897,out_of_bounds,True,0.8519516809473315,0.0,1.2967485420595084,1.356592754168857,1.2967485420595084,2.020727659658614,14,14,1.0,1.0112672675515395,1.400424722297988,0.5690032252469578,0.7071067811865476,-0.5,-0.38357314467430115,0.5,-0.6625150442123413,simulator_service,service_success,True,,0.0083,0.0,service_success,0.0,False
-20.03197,14,4330.315381,False,3.223933359989727,True,False,3.0748227349366912,out_of_bounds,True,0.4651254745654992,0.0,2.115095635134089,2.1160802877705844,2.115095635134089,1.8897249848477653,14,14,1.0,1.1000868759671267,1.30346918048969,0.6889146110036247,0.7071067811865476,0.5,0.29346805810928345,-0.3478604555130005,-1.1144063472747803,simulator_service,service_success,True,,0.0083,0.0,service_success,0.0,False
-18.08602,14,4350.337092,False,2.582142005786598,False,True,0.9896087071345843,unsafe_low_altitude,True,0.6747294142521241,0.0,1.0201498890175167,1.4241330307265758,1.0201498890175167,0.9896087071345843,14,14,1.0,1.3398019729868325,1.654229147282918,0.525869812813904,0.5549025431984483,-0.5,-0.24065916240215302,-0.46158096194267273,-0.9315463900566101,simulator_service,service_success,True,,0.0082,0.0007,service_success,0.0,False
-60.9814,89,4382.84155,False,5.189808637957423,True,False,2.532086212987858,out_of_bounds,True,0.3160438234132493,0.0,2.0753570447205654,11.757362071110576,2.995275242990812,1.3995539251970028,89,89,1.0,1.4230207632440297,1.793711581496792,0.6786600548057828,0.7071067811865476,-0.5,-0.5,0.2379172146320343,1.5707963705062866,simulator_service,service_success,True,,0.0098,0.0,service_success,0.0,False
-18.160686,14,4400.031351,False,1.7960235496076753,True,False,2.5846217559435285,out_of_bounds,True,0.38089372362961904,0.0,1.1320389235346289,1.2910182544996662,1.1320389235346289,1.7961044949871163,14,14,1.0,0.9902586952157674,1.5770983696309133,0.4906522578010651,0.6313903391918793,0.12389920651912689,0.32724443078041077,0.16112039983272552,0.11977976560592651,simulator_service,service_success,True,,0.0083,0.0001,service_success,0.0,False
-48.68907,69,4428.472271,False,4.088957510758818,True,False,0.6537301491519415,out_of_bounds,True,0.024850939888493337,0.0,1.341131264208122,7.719019058024575,2.68692269807985,0.6537301491519415,69,69,1.0,1.3987916922876187,1.793711581496792,0.5920141033290951,0.7071067811865476,0.35597360134124756,-0.5,-0.5,-0.2897855341434479,simulator_service,service_success,True,,0.0083,0.0,service_success,0.0,False
-82.1118,156,4478.046562,False,3.639785207793074,False,True,0.8585875590671552,unsafe_low_altitude,True,0.16546676923000567,0.0,2.3803636825932077,18.808173368007562,4.346516498790841,0.8585875590671552,156,156,1.0,1.295366564867074,1.793711581496792,0.6197271453719545,0.7071067811865476,-0.5,-0.5,-0.5,1.5707963705062866,simulator_service,service_success,True,,0.0083,0.0,service_success,0.0,False
-17.753838,14,4495.377204,False,2.674788012698431,True,False,0.6667510644597748,out_of_bounds,True,0.8325237913015737,0.0,1.653907381380919,1.7822131201577955,1.653907381380919,0.6667510644597748,14,14,1.0,1.198455124126225,1.786186973481402,0.6116910846024789,0.6877955122265104,0.4722951054573059,-0.5,-0.5,-1.5707963705062866,simulator_service,service_success,True,,0.0097,0.0,service_success,0.0,False
-17.532038,7,4514.058132,False,3.730156104520584,False,True,0.8655951603099719,unsafe_low_altitude,True,0.35650613008416593,0.0,0.7282827540541575,0.7282827540541575,0.7282827540541575,0.8655951603099719,7,7,1.0,1.7741313894109183,1.793711581496792,0.6504394155315244,0.7071067811865476,-0.5,-0.5,-0.5,-1.5707963705062866,simulator_service,service_success,True,,0.0083,0.0,service_success,0.0,False
-19.467983,14,4534.248034,False,3.2534104911968633,False,True,0.9677122311973881,unsafe_low_altitude,True,0.2894078850468283,0.0,1.2557261994075861,1.5817987521205596,1.2557261994075861,0.9677122311973881,14,14,1.0,1.632260435197221,1.793711581496792,0.6637905598668237,0.7071067811865476,0.5,-0.5,0.1477712094783783,1.233346700668335,simulator_service,service_success,True,,0.0096,0.0,service_success,0.0,False
-20.630547,14,4551.654266,False,3.6156829521792884,True,False,2.7584272588862415,out_of_bounds,True,0.27356381878635,0.0,1.2256407642880338,1.8059071166028993,1.2256407642880338,1.8478463733162271,14,14,1.0,1.0999430148959592,1.6502855618559584,0.6339556707890771,0.7071067811865476,-0.5,-0.5,0.5,1.4047926664352417,simulator_service,service_success,True,,0.0096,0.0,service_success,0.0,False
-17.785055,14,4569.152827,False,1.3858897635392604,True,False,2.6243617634261955,out_of_bounds,True,0.07363234211952724,0.0,1.6991206566114159,1.9258637867904693,1.6991206566114159,1.490762357771556,14,14,1.0,1.4102153431016256,1.793711581496792,0.6957498881072465,0.7071067811865476,-0.5,-0.46732619404792786,0.370395302772522,0.669750452041626,simulator_service,service_success,True,,0.0082,0.0,service_success,0.0,False
-17.654282,14,4586.646269,False,1.5526753599675176,True,False,0.6047165107712636,out_of_bounds,True,0.94673752321242,0.0,1.8952340015653173,1.9165315856470313,1.8952340015653173,0.6047165107712636,14,14,1.0,1.3666441191033782,1.751279910522424,0.5806382597391033,0.6823774283607118,0.5,-0.46436941623687744,-0.5,-0.8683834671974182,simulator_service,service_success,True,,0.008,0.0,service_success,0.0,False
-33.207718,48,4611.28262,False,2.6379215363604684,True,False,2.940192048973018,out_of_bounds,True,0.7595111897644974,0.0,1.9764167831133472,6.420474451854301,2.7914903155886917,1.1939514432162972,48,48,1.0,1.3415166993642176,1.793711581496792,0.6552743527976019,0.7071067811865476,0.30491378903388977,-0.5,0.5,-1.2965322732925415,simulator_service,service_success,True,,0.0081,0.0,service_success,0.0,False
-16.22003,14,4631.777659,False,0.7103309738295639,False,True,0.9952381192423144,unsafe_low_altitude,True,0.4044954326439125,0.0,1.3933714177498095,1.6131426027843592,1.3933714177498095,0.9952381192423144,14,14,1.0,1.4184123717677148,1.793711581496792,0.6215348208172972,0.7071067811865476,0.25021904706954956,-0.1792021095752716,-0.06909609586000443,0.19307662546634674,simulator_service,service_success,True,,0.0081,0.0,service_success,0.0,False
-25.557192,42,4655.161938,False,1.191381733212914,True,False,2.6103458349996322,out_of_bounds,True,0.3076328150050123,0.0,1.4698743436919026,4.82691397878521,1.4698743436919026,1.4892653022569542,42,42,1.0,1.0174742247097948,1.477078326121864,0.5824594184288063,0.7071067811865476,0.025684379041194916,0.3896501958370209,0.07058177888393402,-0.7581374645233154,simulator_service,service_success,True,,0.0097,0.0,service_success,0.0,False
-34.59404,63,4683.065717,False,3.951957321585441,True,False,2.5592810491383133,out_of_bounds,True,0.7208793591095382,0.0,2.1668767553094264,6.127148230168635,2.1668767553094264,1.0496694446579309,63,63,1.0,1.026990507927151,1.6649430013127502,0.5310965679269807,0.7071067811865476,0.5,-0.45165345072746277,0.5,-0.33662790060043335,simulator_service,service_success,True,,0.008,0.0,service_success,0.0,False
-22.046162,21,4705.312851,False,3.931696273706067,False,True,0.8174669738837499,unsafe_low_altitude,True,0.3666177416878604,0.0,2.0341615598728615,2.7580139830140604,2.0341615598728615,0.8174669738837499,21,21,1.0,1.24635314683239,1.793711581496792,0.6041594965511224,0.7071067811865476,0.5,-0.37615835666656494,0.5,0.30914202332496643,simulator_service,service_success,True,,0.0079,0.0,service_success,0.0,False
-19.556835,15,4723.300625,False,2.908029266251335,True,False,2.921588644562902,out_of_bounds,True,0.7536547722817749,0.0,1.4050202679122337,1.8217638931330824,1.4050202679122337,1.6009737605394543,15,15,1.0,0.9122890036047608,0.9991120197925596,0.6132551627793903,0.7071067811865476,0.5,-0.5,0.5,-0.49822166562080383,simulator_service,service_success,True,,0.0094,0.0,service_success,0.0,False
-32.080242,44,4747.285376,False,3.6957613454673113,True,False,2.71493952183329,out_of_bounds,True,0.6974485042665252,0.0,2.1798654502193493,4.234671164161621,2.1798654502193493,1.1781177443135713,44,44,1.0,1.116094928965965,1.7311578269427856,0.5751696206113772,0.7071067811865476,0.5,0.5,-0.17177364230155945,1.5707963705062866,simulator_service,service_success,True,,0.0079,0.0,service_success,0.0,False
-25.769333,29,4768.308038,False,2.8651832873758596,True,False,0.5904860637044239,out_of_bounds,True,0.22113164953888073,0.0,1.3505244580134577,3.601252955241911,1.3505244580134577,0.5904860637044239,29,29,1.0,1.339027772334059,1.793711581496792,0.5722816681649219,0.7071067811865476,-0.5,-0.5,-0.5,-0.944543182849884,simulator_service,service_success,True,,0.0078,0.0001,service_success,0.0,False
-19.835667,15,4788.011403,False,3.644916746089989,True,False,3.060807970402253,out_of_bounds,True,0.6395544163823277,0.0,2.338869250321285,2.339406039117688,2.338869250321285,1.675719456980578,15,15,1.0,0.8797275317659558,1.0121326384133982,0.6950680647149838,0.7071067811865476,-0.5,-0.5,0.5,-0.1994103640317917,simulator_service,service_success,True,,0.0078,0.0,service_success,0.0,False
-63.18676,101,4827.23231,False,3.1855053563219493,False,True,0.989799592911361,unsafe_low_altitude,True,0.12901681589671404,0.0,0.6236769992272191,11.587150153463728,3.078370316133406,0.989799592911361,101,101,1.0,1.4075579340499242,1.793711581496792,0.6509484163418824,0.7071067811865476,-0.24438852071762085,0.5,-0.5,-0.7838455438613892,simulator_service,service_success,True,,0.0059,0.0,service_success,0.0,False
-17.409126,8,4843.939477,False,2.5944993769423537,True,False,0.7769443276271618,out_of_bounds,True,0.02666903231140577,0.0,0.958210689138188,0.958210689138188,0.958210689138188,0.7769443276271618,8,8,1.0,1.5464704304538572,1.723165460160721,0.5788490284647091,0.7071067811865476,0.5,0.043565645813941956,-0.5,1.5707963705062866,simulator_service,service_success,True,,0.0092,0.0,service_success,0.0,False
-37.9122,44,4871.224761,False,4.2364755005230945,False,True,0.9059214854752772,unsafe_low_altitude,True,0.5588836111516154,0.0,2.6858436307426583,6.740459878000896,2.7973445853261167,0.9059214854752772,44,44,1.0,1.0904216799624242,1.793711581496792,0.6670721504119089,0.7071067811865476,-0.5,-0.5,-0.5,1.5707963705062866,simulator_service,service_success,True,,0.0078,0.0001,service_success,0.0,False
-17.978292,8,4891.026273,False,3.2411579221500046,False,True,0.8546052187325875,unsafe_low_altitude,True,0.796782300628552,0.0,1.0661754803469485,1.0661754803469485,1.0661754803469485,0.8546052187325875,8,8,1.0,1.1459876432197542,1.336878631957081,0.6550395565463591,0.6877766236498708,0.4090994894504547,-0.11836999654769897,0.4058893918991089,-1.2004684209823608,simulator_service,service_success,True,,0.0092,0.0,service_success,0.0,False
-17.922333,8,4910.926419,False,3.5635469892114524,False,True,0.9296120844968923,unsafe_low_altitude,True,0.31299032980718167,0.0,1.0733163528174643,1.0733163528174643,1.0733163528174643,0.9296120844968923,8,8,1.0,0.9028774486573492,1.1145629308599472,0.7071067811865477,0.7071067811865476,-0.5,0.5,-0.5,-0.7016056776046753,simulator_service,service_success,True,,0.0091,0.0,service_success,0.0,False
-20.225801,15,4932.316067,False,3.4395526874588387,False,True,0.810577924197692,unsafe_low_altitude,True,0.4510700229917571,0.0,0.7209517669594561,1.8094650452309162,0.8619978487204095,0.810577924197692,15,15,1.0,0.8927720769386697,1.0815256351216107,0.6958919119281232,0.7071067811865476,-0.4653937518596649,-0.5,-0.5,0.0359630323946476,simulator_service,service_success,True,,0.0089,0.0,service_success,0.0,False
-18.374231,8,4952.258682,False,4.203383767136797,False,True,0.8486102310509692,unsafe_low_altitude,True,0.817994688816618,0.0,0.8696862190995962,0.8696862190995962,0.8696862190995962,0.8486102310509692,8,8,1.0,1.3338931394518019,1.3338931394518019,0.43804317232982065,0.4380431723298207,-0.07644501328468323,0.4313212037086487,-0.5,-1.156455397605896,simulator_service,service_success,True,,0.0091,0.0,service_success,0.0,False
-22.684761,15,4970.618879,False,6.370382549332167,True,False,3.2542685197876176,out_of_bounds,True,0.8618997225908359,0.0,2.324771593584747,2.325573292562201,2.324771593584747,1.8672552201235701,15,15,1.0,1.7833520041296826,1.793711581496792,0.6798659527695216,0.7071067811865476,0.5,-0.41334640979766846,0.5,1.5707963705062866,simulator_service,service_success,True,,0.0094,0.0,service_success,0.0,False
-20.923512,15,4992.05131,False,3.226264391504798,False,True,0.8281354633429914,unsafe_low_altitude,True,0.12853767649819,0.0,1.6274865021821205,1.687115977649002,1.6274865021821205,0.8281354633429914,15,15,1.0,1.4087252579930059,1.7231467328554382,0.5830047163638056,0.7071067811865476,0.2959209084510803,-0.5,-0.5,0.7454511523246765,simulator_service,service_success,True,,0.0078,0.0,service_success,0.0,False
-31.525251,37,5015.135427,False,3.6972750184466,True,False,2.9074553267024053,out_of_bounds,True,0.4676562926238745,0.0,1.8326256508208527,4.209701494960908,1.8326256508208527,1.006591830915919,37,37,1.0,1.20225806417312,1.7793494134743073,0.622040777186044,0.7071067811865476,-0.3862403631210327,0.5,-0.1432495266199112,1.5707963705062866,simulator_service,service_success,True,,0.0091,0.0,service_success,0.0,False
-38.298416,81,5050.172195,False,2.2772629046933752,False,True,0.8492590263019039,unsafe_low_altitude,True,0.5463858742679415,0.0,1.2056018019247268,9.451472262516862,2.2053001840766693,0.8492590263019039,81,81,1.0,1.053433188440901,1.7687403759335143,0.590925267407092,0.7071067811865476,-0.08549360930919647,0.5,-0.5,-0.3579973876476288,simulator_service,service_success,True,,0.0077,0.0002,service_success,0.0,False
-20.840673,15,5077.279035,False,4.620236768665625,False,True,0.9707650145787949,unsafe_low_altitude,True,0.9918789996821993,0.0,1.6835989655085415,1.9650928915641905,1.6835989655085415,0.9707650145787949,15,15,1.0,1.071383084610022,1.7232047779793174,0.6885974884988079,0.7071067811865476,0.35732951760292053,-0.5,0.5,-0.24053294956684113,simulator_service,service_success,True,,0.0091,0.0,service_success,0.0,False
-28.369816,75,5109.93999,False,2.178625316293037,True,False,3.138717808274047,out_of_bounds,True,0.9861674560354432,0.0,3.476560195416158,9.886586415959448,3.8558802036547384,1.049167389440414,75,75,1.0,1.2934086854921312,1.781474272286351,0.5790774217730806,0.7071067811865476,-0.12497144937515259,0.5,0.5,1.5707963705062866,simulator_service,service_success,True,,0.009,0.0,service_success,0.0,False
-18.754381,22,5130.16959,False,1.903717162231011,True,False,2.569823915124505,out_of_bounds,True,0.7232797222590984,0.0,0.9321074117669236,1.2904856382080565,0.9321074117669236,1.9165668897174253,22,22,1.0,1.0028261173337767,1.4125204103748767,0.44231436942049823,0.7071067811865476,0.5,-0.5,-0.5,-0.4568594992160797,simulator_service,service_success,True,,0.0057,0.0,service_success,0.0,False
-40.99433,59,5157.854297,False,5.397286833727021,True,False,1.516395034952433,out_of_bounds,True,0.5303270433077605,0.0,2.731677835209239,7.594340712306547,2.731677835209239,1.024825091404858,59,59,1.0,1.3451306002025325,1.793711581496792,0.6585544765456287,0.7071067811865476,-0.5,0.23743298649787903,0.5,-1.5707963705062866,simulator_service,service_success,True,,0.0077,0.0001,service_success,0.0,True
-24.50587,22,5178.18262,False,2.4190890821128743,True,False,2.7321247309322865,out_of_bounds,True,0.05199126795590689,0.0,2.7332279143622107,3.1451572273130406,2.7332279143622107,1.5519068860101515,22,22,1.0,1.213458912633663,1.7263790091576057,0.6590323785355748,0.7071067811865476,-0.11394404619932175,-0.5,0.5,-1.5707963705062866,simulator_service,service_success,True,,0.0076,0.0001,service_success,0.0,False
-29.944742,45,5202.993801,False,3.6847969638911455,True,False,3.0299611955571875,out_of_bounds,True,0.5752821117479997,0.0,1.0744025421284151,4.900433185957003,1.1045687716514947,1.2704511295839418,45,45,1.0,1.212487480647713,1.724372695912327,0.5937140957164058,0.7071067811865476,0.5,-0.20523671805858612,0.5,-0.7080780267715454,simulator_service,service_success,True,,0.0075,0.0,service_success,0.0,False
-26.515417,21,5223.4599,False,5.852980934860186,True,False,0.7863847322616784,out_of_bounds,True,0.7248277115343373,0.0,2.2103833444813983,3.1849904328198875,2.2103833444813983,0.7863847322616784,21,21,1.0,1.2772840396924336,1.793711581496792,0.6938540210871479,0.7071067811865476,0.5,0.5,-0.5,0.3573327958583832,simulator_service,service_success,True,,0.0077,0.0002,service_success,0.0,False
-32.62025,53,5250.155357,False,3.3352705593842793,True,False,3.285842603651853,out_of_bounds,True,0.8359870677392042,0.0,1.785702941869876,5.960757166569415,1.785702941869876,1.0817544710640261,53,53,1.0,1.300194018254594,1.793711581496792,0.6291791111826596,0.7071067811865476,-0.38800710439682007,-0.5,0.5,-0.7700847387313843,simulator_service,service_success,True,,0.0074,0.0,service_success,0.0,False
-15.976934,8,5270.686451,False,1.835992973168586,False,True,0.952834602402864,unsafe_low_altitude,True,0.6124640972104856,0.0,0.8563413823857166,0.8563413823857166,0.8563413823857166,0.952834602402864,8,8,1.0,1.3942011474060065,1.7575719579424016,0.6526756523341495,0.7071067811865476,-0.5,-0.32847604155540466,-0.5,0.6743253469467163,simulator_service,service_success,True,,0.0074,0.0,service_success,0.0,False
-17.383783,8,5288.169944,False,2.6968290175174827,True,False,0.7888194910098772,out_of_bounds,True,0.047988766831625874,0.0,0.9411644352669651,0.9411644352669651,0.9411644352669651,0.7888194910098772,8,8,1.0,1.5443990440798865,1.7525125915891828,0.6052097472701543,0.7071067811865476,-0.5,0.5,-0.4952845275402069,1.5251208543777466,simulator_service,service_success,True,,0.009,0.0,service_success,0.0,False
-18.33756,8,5310.143688,False,3.9221548976721343,True,False,0.7427131644879454,out_of_bounds,True,0.11093318003732695,0.0,0.8031446724883785,0.8031446724883785,0.8031446724883785,0.7427131644879454,8,8,1.0,1.333628777178668,1.793711581496792,0.7071067811865477,0.7071067811865476,0.5,-0.5,-0.5,-1.5707963705062866,simulator_service,service_success,True,,0.0075,0.0,service_success,0.0,False
-17.94202,18,5333.096007,False,1.8096277226801558,False,True,0.9396856682948466,unsafe_low_altitude,True,0.2958682806934447,0.0,2.1977350713280748,2.409411216140503,2.1977350713280748,0.9396856682948466,18,18,1.0,1.5602097616913337,1.7910687080897087,0.7071067811865478,0.7071067811865476,-0.5,-0.5,-0.4904343783855438,-1.5707963705062866,simulator_service,service_success,True,,0.0074,0.0,service_success,0.0,False
-22.440283,16,5355.596337,False,5.423645933800461,False,True,0.9994145565565433,unsafe_low_altitude,True,0.8924488062720676,0.0,1.4248919114844352,1.550222381047875,1.4248919114844352,0.9994145565565433,16,16,1.0,1.1136080953954064,1.5963159725053495,0.6314314066200584,0.7071067811865476,0.5,0.17546288669109344,-0.2853831648826599,0.05079335719347,simulator_service,service_success,True,,0.0086,0.0,service_success,0.0,False
-32.33361,32,5378.219141,False,5.3125695448279995,True,False,2.8986378403661646,out_of_bounds,True,0.332333687823128,0.0,1.7621240882899147,2.609901638762942,1.7621240882899147,1.9613226901290663,32,32,1.0,1.2719388867861934,1.793711581496792,0.6885922440027687,0.7071067811865476,-0.43423140048980713,0.5,0.5,-0.6185725331306458,simulator_service,service_success,True,,0.0086,0.0,service_success,0.0,False
-22.766006,16,5402.092992,False,3.18342491978665,True,False,2.6109600072640133,out_of_bounds,True,0.8883597618764715,0.0,2.032097469325815,2.111147595007439,2.032097469325815,1.5983139584145352,16,16,1.0,1.731860242820173,1.793711581496792,0.7043663918933264,0.7071067811865476,0.5,0.5,0.5,-1.5707963705062866,simulator_service,service_success,True,,0.0073,0.0,service_success,0.0,False
-20.52489,18,5422.046626,False,3.9307817284774877,True,False,2.550835648348158,out_of_bounds,True,0.841018672913115,0.0,1.8601105208152184,2.358654145372407,1.8601105208152184,1.7356692313824,18,18,1.0,1.493507604768177,1.77808096054043,0.7027872750502849,0.7071067811865476,-0.5,-0.5,0.1431245356798172,-0.8933774828910828,simulator_service,service_success,True,,0.0073,0.0001,service_success,0.0,False
-20.824884,39,5446.427522,False,1.700828782249116,True,False,2.5981882089803285,out_of_bounds,True,0.7651088538859345,0.0,1.973830187476697,3.754890244447845,2.1467987986624246,1.3553821686043703,39,39,1.0,0.8143955966245715,1.142923322155493,0.6217127563722818,0.7071067811865476,-0.5,0.27922558784484863,0.17895574867725372,0.5382223725318909,simulator_service,service_success,True,,0.0073,0.0,service_success,0.0,False
-17.055874,8,5473.53289,False,2.823013934953372,False,True,0.9929213120410625,unsafe_low_altitude,True,0.9505586750485736,0.0,0.7768804007126853,0.7768804007126853,0.7768804007126853,0.9929213120410625,8,8,1.0,1.1911624020889309,1.1973608827974112,0.5646115591321902,0.5663453955952542,0.2659832835197449,0.5,-0.5,0.928938090801239,simulator_service,service_success,True,,0.0073,0.0,service_success,0.0,False
-20.678425,11,5498.054244,False,4.913124044610185,True,False,0.5928930425928177,out_of_bounds,True,0.7646993050721106,0.0,1.2125983401851361,1.3714922387448059,1.2125983401851361,0.5928930425928177,11,11,1.0,0.9949689630227866,1.3283130062301218,0.5973518325676973,0.7071067811865476,-0.5,0.272885799407959,-0.1138143539428711,1.1945689916610718,simulator_service,service_success,True,,0.0085,0.0,service_success,0.0,False
-17.954582,19,5518.367276,False,2.3789110417328634,True,False,2.979274795569036,out_of_bounds,True,0.07696006483354884,0.0,1.628033823835954,2.054351923734183,1.628033823835954,2.0073956462987086,19,19,1.0,0.8764215694940035,1.1809686442109797,0.6144417987584074,0.7071067811865476,0.5,0.04154033958911896,0.5,-0.9449663162231445,simulator_service,service_success,True,,0.0073,0.0,service_success,0.0,False
-21.688896,16,5541.233822,False,4.11952935458213,False,True,0.8875138462588781,unsafe_low_altitude,True,0.41599471345805034,0.0,0.9548018267556666,1.2579966988066,0.9548018267556666,0.8875138462588781,16,16,1.0,1.005316538285769,1.322387739635085,0.4986755282801305,0.7071067811865476,-0.5,-0.5,-0.3607095777988434,-0.338489830493927,simulator_service,service_success,True,,0.0072,0.0001,service_success,0.0,False
-47.96862,63,5570.651299,False,3.5726374581388027,True,False,2.9252354546565806,out_of_bounds,True,0.35323085361286555,0.0,1.8426316586239786,6.5650587911045335,1.8426316586239786,1.1617892912845946,63,63,1.0,1.4111944759305963,1.793711581496792,0.6822236741978572,0.7071067811865476,0.5,0.5,-0.5,-0.981896698474884,simulator_service,service_success,True,,0.0086,0.0,service_success,0.0,False
-28.983292,63,5604.378782,False,1.989842039135671,True,False,0.7029632272303267,out_of_bounds,True,0.1018961544409786,0.0,2.3277738490534965,6.830056444191106,2.3277738490534965,0.7029632272303267,63,63,1.0,0.898556884414187,1.3493753602398584,0.5574135430133265,0.7071067811865476,0.1527749001979828,0.5,-0.26347410678863525,-0.5257547497749329,simulator_service,service_success,True,,0.0072,0.0,service_success,0.0,False
-41.49109,88,5643.600832,False,4.518004886119379,True,False,1.8456208724239103,out_of_bounds,True,0.8801063613985459,0.0,4.974832013666502,9.168586877785938,4.974832013666502,1.0354217047965142,88,88,1.0,1.2339766105959584,1.793711581496792,0.5801731492042449,0.7071067811865476,-0.5,-0.5,0.5,-0.4224819540977478,simulator_service,service_success,True,,0.0072,0.0,service_success,0.0,True
-17.678501,18,5664.053307,False,1.6940922854478715,True,False,2.7283914767634663,out_of_bounds,True,0.12567647885288014,0.0,1.1107510314589397,1.5377487734573732,1.1107510314589397,1.8203220669030955,18,18,1.0,0.7106753120141412,0.8178900535634671,0.3605169457210697,0.5171554435605933,0.2963253855705261,-0.07661637663841248,0.5,0.11618403345346451,simulator_service,service_success,True,,0.0072,0.0,service_success,0.0,False
-31.318188,39,5692.169119,False,4.499464810260237,False,True,0.8574026712768571,unsafe_low_altitude,True,0.7252096866997697,0.0,2.004824978116095,4.297491832335852,2.004824978116095,0.8574026712768571,39,39,1.0,1.1598942273578086,1.793711581496792,0.6642215088835378,0.7071067811865476,-0.5,0.5,-0.5,1.5707963705062866,simulator_service,service_success,True,,0.0072,0.0,service_success,0.0,False
-18.972254,8,5724.495731,False,4.7450502454344266,True,False,0.6686452520922139,out_of_bounds,True,0.7909191868922265,0.0,1.0376930025956967,1.0376930025956967,1.0376930025956967,0.6686452520922139,8,8,1.0,1.793711581496792,1.793711581496792,0.7071067811865477,0.7071067811865476,0.5,0.5,-0.5,-1.5707963705062866,simulator_service,service_success,True,,0.0085,0.0,service_success,0.0,False
-26.499352,25,5750.841804,False,4.805608856187094,True,False,2.994056786691281,out_of_bounds,True,0.6673095722898857,0.0,1.6402016816000715,2.5585765768134543,1.6402016816000715,1.4774324307120665,25,25,1.0,1.090726080150731,1.7406516392808733,0.5729467330733113,0.7071067811865476,-0.5,0.5,0.5,-0.11451180279254913,simulator_service,service_success,True,,0.0071,0.0,service_success,0.0,False
-30.63189,27,5777.953554,False,6.664514087782635,True,False,2.9696684064001095,out_of_bounds,True,0.9718232536330483,0.0,3.8631430214373723,4.244487694006568,3.8631430214373723,1.6208266132283533,27,27,1.0,1.6750268655918903,1.793711581496792,0.7004877866488485,0.7071067811865476,-0.4678747355937958,0.5,0.5,-1.5223699808120728,simulator_service,service_success,True,,0.007,0.0,service_success,0.0,False
-44.989952,60,5811.959544,False,6.421491925141557,True,False,2.6702681810530398,out_of_bounds,True,0.9057005098030662,0.0,4.21196150589074,7.477817246383585,4.21196150589074,1.144127599978504,60,60,1.0,1.3561916122820088,1.793711581496792,0.6472060768510719,0.7071067811865476,-0.5,0.32823625206947327,0.5,-1.5707963705062866,simulator_service,service_success,True,,0.0069,0.0,service_success,0.0,False
-18.908798,20,5837.681957,False,2.38498819035836,True,False,2.7241219807730617,out_of_bounds,True,0.32209300433421445,0.0,1.7313914798154355,2.135484655516962,1.7313914798154355,1.6274221798018063,20,20,1.0,1.046203671074383,1.524468478187533,0.5718906355887575,0.6881436326112683,0.5,-0.18923628330230713,0.5,-0.3100493550300598,simulator_service,service_success,True,,0.0068,0.0,service_success,0.0,False
-18.2367,11,5861.692078,False,2.1121851914026943,True,False,2.6089030397024318,out_of_bounds,True,0.19036662616218367,0.0,1.4084061978316273,1.4110346521042152,1.4084061978316273,1.6076903981752872,11,11,1.0,0.9597532972306717,1.493863700878105,0.5569932557488708,0.7071067811865476,0.5,0.5,0.5,-1.217221736907959,simulator_service,service_success,True,,0.0067,0.0,service_success,0.0,False
-25.51229,20,5887.520597,False,4.071896012675862,True,False,0.7498379399508249,out_of_bounds,True,0.061828487043374986,0.0,1.4666273299765646,1.9065512347068332,1.4666273299765646,0.7498379399508249,20,20,1.0,1.3357198736630205,1.793711581496792,0.5895795898360604,0.7071067811865476,-0.3248382806777954,-0.5,-0.4917867183685303,-0.23775669932365417,simulator_service,service_success,True,,0.0069,0.0,service_success,0.0,False
-19.033285,11,5911.740591,False,4.285851689456541,True,False,2.6319461627222087,out_of_bounds,True,0.20619646240652326,0.0,1.0989615275024613,1.1353166624690578,1.0989615275024613,2.0218465108318178,11,11,1.0,1.6112031498346462,1.7582914381775858,0.5301899044087691,0.7071067811865476,0.2463160753250122,-0.5,-0.5,0.9840686321258545,simulator_service,service_success,True,,0.0069,0.0,service_success,0.0,False
-37.183506,61,5946.245133,False,3.162644619219338,True,False,2.5823243538078886,out_of_bounds,True,0.8733435550227342,0.0,1.6222252468885117,5.772601562178387,2.029410064618932,1.0643321712835316,61,61,1.0,1.3062325652792284,1.7368058275780478,0.6006965569946586,0.7071067811865476,0.5,0.4453907012939453,0.5,-1.0346332788467407,simulator_service,service_success,True,,0.0068,0.0004,service_success,0.0,False
-31.790218,45,5980.857111,False,3.4572492215760517,False,True,0.9872107002138749,unsafe_low_altitude,True,0.1245327617834425,0.0,1.4773967220003292,4.9547174555845,1.8064966525960717,0.9872107002138749,45,45,1.0,1.1384515011576744,1.793711581496792,0.6564053167441101,0.7071067811865476,-0.5,0.5,0.5,1.1869693994522095,simulator_service,service_success,True,,0.0068,0.0,service_success,0.0,False
-25.215088,20,6007.083747,False,4.875868076580319,True,False,3.325017535256189,out_of_bounds,True,0.40105717215066755,0.0,1.8163662976344457,2.2850187449099293,1.8163662976344457,1.6387057150874575,20,20,1.0,1.6714737726341702,1.7248084650424247,0.5460312133823226,0.7071067811865476,0.5,-0.0635148286819458,0.5,1.5707963705062866,simulator_service,service_success,True,,0.008,0.0,service_success,0.0,False
-18.865791,12,6031.599955,False,3.2537629559831722,True,False,2.8790597914569087,out_of_bounds,True,0.13362200714329958,0.0,1.3473818907043673,1.347856830662446,1.3473818907043673,2.0224168708447507,12,12,1.0,0.9894458538197494,1.13103832627565,0.6601329396004773,0.7071067811865476,0.5,-0.2656421363353729,0.10353514552116394,0.4170454740524292,simulator_service,service_success,True,,0.0069,0.0,service_success,0.0,False
-28.009716,70,6071.509163,False,0.9766491422892497,False,True,0.9701201603072857,unsafe_low_altitude,True,0.3470271072652876,0.0,3.3074184538763287,7.227047497246695,3.3074184538763287,0.9701201603072857,70,70,1.0,0.8844432280677842,1.793711581496792,0.4861881646485635,0.7071067811865476,0.10112902522087097,0.13663502037525177,0.5,0.15373831987380981,simulator_service,service_success,True,,0.0068,0.0,service_success,0.0,False
-31.530073,45,6103.216379,False,3.6075341034053023,True,False,2.885002694255561,out_of_bounds,True,0.5571134582628177,0.0,3.209812516914845,4.7791259991720745,3.209812516914845,1.9870998857365387,45,45,1.0,1.1393330148770622,1.7572342511054273,0.6198858522504782,0.7071067811865476,-0.5,-0.5,0.5,0.664321780204773,simulator_service,service_success,True,,0.0079,0.0,service_success,0.0,False
-23.015125,37,6133.442182,False,2.3813864380006757,True,False,2.8798377230434555,out_of_bounds,True,0.28139276211557646,0.0,2.1467850286528827,4.054521152956192,2.7481213681252727,1.7638686745913912,37,37,1.0,0.9538979992621727,1.2550128090580583,0.6557353970166211,0.7071067811865476,0.5,0.5,-0.3080943822860718,-0.26844537258148193,simulator_service,service_success,True,,0.0066,0.0,service_success,0.0,False
-17.509605,12,6158.642733,False,2.860117124152077,True,False,0.7790081041474263,out_of_bounds,True,0.3341852481799661,0.0,1.8518232835488917,1.8531216771038026,1.8518232835488917,0.7790081041474263,12,12,1.0,0.8767634271114555,0.9004016330793938,0.7071067811865478,0.7071067811865476,0.5,0.5,-0.5,0.014024605974555016,simulator_service,service_success,True,,0.0066,0.0,service_success,0.0,False
-18.876762,12,6183.760355,False,3.636495355729887,True,False,2.544534556287112,out_of_bounds,True,0.8313090700312787,0.0,1.5170597833243156,1.5229089365605362,1.5170597833243156,1.7607428246652883,12,12,1.0,1.0917136850184208,1.3549707886222975,0.6393998596874687,0.7071067811865476,-0.5,-0.5,-0.06252347677946091,1.1541389226913452,simulator_service,service_success,True,,0.0064,0.0,service_success,0.0,False
-21.052002,12,6210.96812,False,4.148560207559467,True,False,0.5885563884277316,out_of_bounds,True,0.42282561497976495,0.0,1.6607288899355148,1.6745909255068991,1.6607288899355148,0.5885563884277316,12,12,1.0,1.7460583878179075,1.7907783615132944,0.5715163226459415,0.7071067811865476,-0.06111415475606918,0.5,-0.5,-1.5707963705062866,simulator_service,service_success,True,,0.0065,0.0,service_success,0.0,False
-21.06002,12,6236.504749,False,4.666046356531974,True,False,3.1176768979508243,out_of_bounds,True,0.23163311374087345,0.0,1.3120027651536417,1.326616520951701,1.3120027651536417,2.02656963552449,12,12,1.0,1.7324278041125531,1.7501024646629864,0.5314797587094922,0.5877562413311631,-0.5,-0.30896180868148804,0.5,-1.5707963705062866,simulator_service,service_success,True,,0.0045,0.0,service_success,0.0,False
-21.306822,21,6263.713764,False,3.0854459991324292,True,False,2.8066358683954116,out_of_bounds,True,0.713037189542183,0.0,1.4235536207692032,2.177491638481298,1.4235536207692032,1.3525835649964202,21,21,1.0,1.107973206243341,1.402315138054022,0.6576677418285891,0.7071067811865476,-0.29413869976997375,-0.170007586479187,0.17721639573574066,0.8146135807037354,simulator_service,service_success,True,,0.0065,0.0,service_success,0.0,False
-35.05722,38,6294.624749,False,4.177306506055358,True,False,2.8432499688934234,out_of_bounds,True,0.22613314165414877,0.0,1.2060352025305483,3.2584523446977873,1.2060352025305483,1.7555887653150564,38,38,1.0,1.5300925622418653,1.793711581496792,0.5932081540554344,0.7071067811865476,-0.5,-0.5,0.5,-1.5707963705062866,simulator_service,service_success,True,,0.0066,0.0003,service_success,0.0,False
-46.540123,91,6336.648117,False,1.5515616690564373,True,False,2.519514176895651,out_of_bounds,True,0.7859841599643257,0.0,3.4772049381097636,8.982757095033463,3.4772049381097636,1.2632611796100404,91,91,1.0,1.1015932709085465,1.793711581496792,0.6412992121139902,0.7071067811865476,-0.22644874453544617,-0.5,0.5,0.8814042806625366,simulator_service,service_success,True,,0.0065,0.0,service_success,0.0,False
-22.192352,21,6364.159992,False,4.134623847068463,True,False,0.7853463371399538,out_of_bounds,True,0.5242287178623279,0.0,1.7690357435746071,2.3229474620387043,1.7690357435746071,0.7853463371399538,21,21,1.0,0.9193940581804275,1.3758961905975515,0.45064634762704353,0.7071067811865476,0.06507129967212677,-0.07326295971870422,-0.5,0.5203918218612671,simulator_service,service_success,True,,0.0064,0.0,service_success,0.0,False
-18.297218,13,6389.967847,False,2.725930049951096,True,False,0.7969367223085901,out_of_bounds,True,0.47641705177394755,0.0,1.4494355121657045,1.582977279587617,1.4494355121657045,0.7969367223085901,13,13,1.0,1.1129713628956237,1.6895403906824782,0.5315502438526541,0.5909290621045399,-0.5,-0.0849165990948677,-0.36046451330184937,1.5707963705062866,simulator_service,service_success,True,,0.0064,0.0,service_success,0.0,False
-63.791443,109,6435.682433,False,4.431613422147124,True,False,0.7871321822102484,out_of_bounds,True,0.5892729597246011,0.0,3.2946938182116834,12.134774869916765,3.7382100577251896,0.7871321822102484,109,109,1.0,1.4065004418313105,1.793711581496792,0.6085832342799223,0.7071067811865476,0.5,0.3321554660797119,-0.5,1.5707963705062866,simulator_service,service_success,True,,0.0064,0.0,service_success,0.0,False
-24.565882,22,6463.397837,False,4.043462729785939,True,False,2.6343483633278564,out_of_bounds,True,0.841707636328149,0.0,0.8940619264192747,2.1273378154384313,1.0476615320890126,1.7151497037752321,22,22,1.0,0.9906756343857851,1.3728035538503154,0.566247948413337,0.6874156219531011,-0.5,0.4717417061328888,0.5,0.22670327126979828,simulator_service,service_success,True,,0.0064,0.0,service_success,0.0,False
-22.493584,31,6493.220268,False,1.8330094328668294,True,False,0.5944965341836839,out_of_bounds,True,0.04819297081289394,0.0,2.2994562226508104,3.5847304071054973,2.2994562226508104,0.5944965341836839,31,31,1.0,1.0707245446598792,1.7282817655874192,0.5606990962370804,0.7071067811865476,0.5,0.5,-0.5,0.7286741733551025,simulator_service,service_success,True,,0.0064,0.0,service_success,0.0,False
-19.763288,13,6519.51781,False,3.642087666382753,True,False,0.646814052901738,out_of_bounds,True,0.5743972956849583,0.0,1.660158072473757,1.701991096603328,1.660158072473757,0.646814052901738,13,13,1.0,1.1084516886330773,1.772489948668909,0.5285634446063521,0.651398020058849,-0.5,0.04588889330625534,-0.5,-1.5084197521209717,simulator_service,service_success,True,,0.0063,0.0,service_success,0.0,False
-22.992157,59,6555.44075,False,1.7938461908897647,True,False,2.5717030473264173,out_of_bounds,True,0.2773152466485335,0.0,2.874927938589921,5.866443897599438,2.874927938589921,1.1679931548431561,59,59,1.0,0.9261776492819246,1.7254770284587895,0.5117463751059732,0.7071067811865476,0.3151445984840393,-0.13832589983940125,0.20167382061481476,-0.5900906324386597,simulator_service,service_success,True,,0.0063,0.0,service_success,0.0,False
-16.78578,13,6585.74972,False,2.1120403736103572,False,True,0.844076591739691,unsafe_low_altitude,True,0.07990173628133775,0.0,1.3143633571829716,1.5921200825963717,1.3143633571829716,0.844076591739691,13,13,1.0,1.200330092517301,1.7517630995798077,0.4509656599263448,0.7071067811865476,-0.06525349617004395,0.08402879536151886,-0.5,0.719139814376831,simulator_service,service_success,True,,0.006,0.0,service_success,0.0,False
-28.936405,31,6618.290165,False,6.480397290798773,True,False,1.3865432951197694,out_of_bounds,True,0.3480471975311795,0.0,3.554544166917654,4.065258912278995,3.554544166917654,1.270868069800488,31,31,1.0,1.4049391752999703,1.793711581496792,0.5944628092249511,0.7071067811865476,0.5,0.5,-0.1310133934020996,1.5707963705062866,simulator_service,service_success,True,,0.0072,0.0,service_success,0.0,False
-26.238014,22,6650.792087,False,3.436183226043488,False,True,0.9909703954672854,unsafe_low_altitude,True,0.270964334368554,0.0,1.2506899227413644,2.072335848563088,1.2506899227413644,0.9909703954672854,22,22,1.0,0.9816591236444677,1.149499274681881,0.6765534987058609,0.7071067811865476,-0.38228684663772583,-0.5,-0.5,-0.8217087984085083,simulator_service,service_success,True,,0.0042,0.0,service_success,0.0,False
-18.661243,13,6677.606208,False,3.409426026678391,True,False,2.740828126682034,out_of_bounds,True,0.9854600496964622,0.0,1.895074422398933,1.8952652997831951,1.895074422398933,1.5366000681609755,13,13,1.0,1.1224184668914843,1.4881893236440564,0.6201597280549157,0.6421862431145997,0.3348686397075653,-0.5,0.5,-1.265926718711853,simulator_service,service_success,True,,0.0071,0.0,service_success,0.0,False
-20.36324,13,6704.617819,False,4.828495067737843,True,False,0.38763931528521706,out_of_bounds,True,0.5650402120769578,0.0,1.7715452113817585,1.8157413597515113,1.7715452113817585,0.38763931528521706,13,13,1.0,1.5943376166019827,1.793711581496792,0.6561801310210472,0.7071067811865476,0.5,-0.4703333377838135,-0.5,-0.11465224623680115,simulator_service,service_success,True,,0.0061,0.0,service_success,0.0,False
-17.952093,23,6733.644735,False,1.1342346144535493,True,False,2.9580232982936066,out_of_bounds,True,0.15350385552528134,0.0,2.1708361019842797,2.686775508225447,2.1708361019842797,1.730889106102544,23,23,1.0,1.3755269495646605,1.793711581496792,0.44839720740329014,0.7071067811865476,0.5,0.5,-0.5,1.5707963705062866,simulator_service,service_success,True,,0.0061,0.0,service_success,0.0,False
-22.4847,32,6764.54626,False,2.4762212051473766,True,False,3.1818215922091526,out_of_bounds,True,0.13017092048826406,0.0,2.282093057802544,4.491260369041071,2.373045812225978,1.3956429185541988,32,32,1.0,0.9484241186122067,1.1642464021550816,0.6684198577015628,0.7071067811865476,0.5,-0.14001436531543732,-0.5,-0.4936080276966095,simulator_service,service_success,True,,0.0062,0.0,service_success,0.0,False
-20.445297,14,6795.562602,False,4.206605371087303,False,True,0.9282928287637358,unsafe_low_altitude,True,0.6011751339702129,0.0,1.6218370229023453,1.6651082914203732,1.6218370229023453,0.9282928287637358,14,14,1.0,1.3497173141145136,1.7324069397114026,0.6208829687052094,0.7071067811865476,0.5,-0.5,-0.26969653367996216,-0.6079128980636597,simulator_service,service_success,True,,0.0061,0.0,service_success,0.0,False
-27.297073,23,6824.679846,False,5.839979981628609,True,False,3.3429582802479,out_of_bounds,True,0.6379071207420007,0.0,2.58683108019229,2.880524479249531,2.58683108019229,1.550204154617127,23,23,1.0,1.4562447772891038,1.793711581496792,0.6594457359788249,0.7071067811865476,0.5,-0.5,0.5,-0.41579240560531616,simulator_service,service_success,True,,0.007,0.0,service_success,0.0,False
-20.341171,32,6855.898033,False,1.6956118542916407,True,False,0.7681433995199789,out_of_bounds,True,0.6516198697075032,0.0,1.4303698595111562,3.3781525985769667,1.4303698595111562,0.7681433995199789,32,32,1.0,0.9448294217338927,1.395707024521,0.5495235745609481,0.7071067811865476,-0.5,0.10824468731880188,-0.5,1.1984494924545288,simulator_service,service_success,True,,0.0061,0.0,service_success,0.0,False
-17.993345,14,6883.400817,False,1.76595930122049,True,False,2.8874500192258465,out_of_bounds,True,0.5459744019217591,0.0,1.4646890605215046,1.6538037014537936,1.4646890605215046,1.6503150920890797,14,14,1.0,1.5346198105375939,1.7399551819443235,0.6364968223672707,0.7071067811865476,0.5,-0.245036318898201,0.5,-1.5707963705062866,simulator_service,service_success,True,,0.0059,0.0,service_success,0.0,False
-18.030313,14,6911.124047,False,1.6178044605814446,True,False,3.120776997728021,out_of_bounds,True,0.35395080300147796,0.0,2.1040895936963757,2.1093554790976023,2.1040895936963757,1.8601916183647251,14,14,1.0,1.1812485835058164,1.6977419720004645,0.6689879766046616,0.7071067811865476,-0.3754664361476898,-0.5,0.17419540882110596,0.5131688117980957,simulator_service,service_success,True,,0.0059,0.0,service_success,0.0,False
-34.138794,43,6948.841691,False,3.8948535008354956,False,True,0.8889539640629628,unsafe_low_altitude,True,0.9396597364738808,0.0,2.516453276837535,4.4762553517010035,2.516453276837535,0.8889539640629628,43,43,1.0,1.2445366728463332,1.6679671836324135,0.626262507911733,0.7071067811865476,-0.5,0.48398035764694214,-0.5,0.7115516662597656,simulator_service,service_success,True,,0.0058,0.0,service_success,0.0,False
-21.200815,14,6976.752663,False,5.112894587105449,True,False,0.4738176211729682,out_of_bounds,True,0.2871969984330388,0.0,1.9137849357473893,1.9380826248999856,1.9137849357473893,0.4738176211729682,14,14,1.0,1.2730068271356534,1.5530141700465347,0.6160758966854593,0.7071067811865476,0.5,-0.5,-0.5,-1.2891287803649902,simulator_service,service_success,True,,0.0069,0.0,service_success,0.0,False
-33.668472,53,7012.866967,False,3.221931176447745,True,False,2.7565950380719424,out_of_bounds,True,0.9965910373116028,0.0,2.4096732087081754,6.034216410962902,3.3362717118849425,1.369903776962975,53,53,1.0,1.0506352752885397,1.7692247649866373,0.5712397555467362,0.7071067811865476,-0.5,-0.5,0.5,-0.17863154411315918,simulator_service,service_success,True,,0.0057,0.0,service_success,0.0,False
-19.187557,14,7040.98511,False,3.809293013937815,True,False,2.5950346789002685,out_of_bounds,True,0.41617328008501064,0.0,1.5606558700877666,1.6130808512943522,1.5606558700877666,2.0606927619721063,14,14,1.0,1.2631348016954418,1.7658315566059095,0.5759530432140446,0.6776359777812919,-0.5,0.15414606034755707,-0.30060043931007385,0.10637044906616211,simulator_service,service_success,True,,0.0057,0.0,service_success,0.0,False
-22.777431,34,7075.104081,False,1.3703124846097094,True,False,2.5639959343008454,out_of_bounds,True,0.5384688148556522,0.0,3.7714180493618965,3.991459497855279,3.7714180493618965,1.7013481248002058,34,34,1.0,1.1070141854707045,1.6134625196696242,0.5802236276213657,0.7071067811865476,-0.5,0.5,0.0945848673582077,0.1916840672492981,simulator_service,service_success,True,,0.0057,0.0,service_success,0.0,False
-21.440046,34,7107.513846,False,1.8659916428395578,True,False,0.4543236551043484,out_of_bounds,True,0.08119756315190409,0.0,1.6230703858473614,3.648316400872278,1.6230703858473614,0.4543236551043484,34,34,1.0,1.1608670510508665,1.6502886702776947,0.4347102325015519,0.5973164448106121,-0.0554409883916378,0.054568804800510406,0.5,1.5707963705062866,simulator_service,service_success,True,,0.0038,0.0,service_success,0.0,False
-18.363407,14,7135.829248,False,2.105747734740793,True,False,2.7454146258431473,out_of_bounds,True,0.12257850628417886,0.0,1.2083832713645524,1.337418423663337,1.2083832713645524,1.6624620076274472,14,14,1.0,1.5901392417596596,1.7653032659216432,0.572309553367765,0.7071067811865476,0.5,0.5,0.3714086711406708,-1.2808806896209717,simulator_service,service_success,True,,0.0057,0.0001,service_success,0.0,False
-16.322254,15,7164.442107,False,1.2507452081908392,True,False,0.4287983057325153,out_of_bounds,True,0.7989303902909126,0.0,1.522497531999993,1.6068859767935801,1.522497531999993,0.4287983057325153,15,15,1.0,1.167578674596305,1.5064508523982456,0.5465856342386801,0.7071067811865476,-0.5,-0.5,-0.5,0.31361809372901917,simulator_service,service_success,True,,0.0057,0.0,service_success,0.0,False
-53.60645,130,7216.9676,False,3.7861539720473942,True,False,2.78866026722335,out_of_bounds,True,0.06457212221153993,0.0,1.7469412809826108,14.244045015776514,2.1411962316465725,1.077750451294444,130,130,1.0,1.2321579148308492,1.7566575175808372,0.5764314843265793,0.7071067811865476,-0.5,0.5,-0.5,1.1599315404891968,simulator_service,service_success,True,,0.0057,0.0,service_success,0.0,False
-20.664425,15,7245.67066,False,4.340928516830817,True,False,0.37203689365057063,out_of_bounds,True,0.9719048326243939,0.0,1.7863684593143578,1.8735659503234978,1.7863684593143578,0.37203689365057063,15,15,1.0,1.3965062857512047,1.7265277203564018,0.6649396966547152,0.7071067811865476,0.5,-0.5,-0.5,-1.4936190843582153,simulator_service,service_success,True,,0.0059,0.0004,service_success,0.0,False
-28.619358,34,7278.375049,False,5.800453007221769,True,False,3.1028076584013915,out_of_bounds,True,0.030414803554727702,0.0,3.308188039864388,3.6913142900358205,3.308188039864388,1.7886030346878097,34,34,1.0,1.1660896749957614,1.793711581496792,0.6509541017259688,0.7071067811865476,0.5,-0.5,-0.06302657723426819,1.115054965019226,simulator_service,service_success,True,,0.0056,0.0,service_success,0.0,False
-24.166065,24,7309.286675,False,5.336810653097212,True,False,0.6122607029526472,out_of_bounds,True,0.055564393481624355,0.0,2.9714352716233408,3.359797087503857,2.9714352716233408,0.6122607029526472,24,24,1.0,1.2493321549751935,1.793711581496792,0.6405355896701562,0.7071067811865476,-0.28721165657043457,-0.5,-0.5,0.773364782333374,simulator_service,service_success,True,,0.0057,0.0001,service_success,0.0,False
-19.529959,15,7338.507087,False,3.560378587994037,True,False,0.6888517615194254,out_of_bounds,True,0.613126734267741,0.0,0.9443862575276761,1.4744657513422585,0.9443862575276761,0.6888517615194254,15,15,1.0,0.9138568330362311,1.6684192517155902,0.6452071548439359,0.7071067811865476,0.5,-0.10326220840215683,0.23570846021175385,-1.5707963705062866,simulator_service,service_success,True,,0.0055,0.0,service_success,0.0,False
-21.13827,15,7367.724689,False,5.204241664895363,True,False,0.3262088050070147,out_of_bounds,True,0.3855752076722047,0.0,2.1460108114560756,2.152948004354582,2.1460108114560756,0.3262088050070147,15,15,1.0,1.3273342731285735,1.7344349274309323,0.6156967661323273,0.7071067811865476,0.5,0.5,-0.5,-0.454671174287796,simulator_service,service_success,True,,0.0053,0.0001,service_success,0.0,False
-28.25224,35,7401.349631,False,5.819384301755641,True,False,2.6679472685110017,out_of_bounds,True,0.04631746286553951,0.0,3.7526820356411603,4.357778410831787,3.7526820356411603,1.4565525385657032,35,35,1.0,1.3387608308515768,1.793711581496792,0.6603606613165336,0.7071067811865476,0.5,-0.09845827519893646,-0.02706161141395569,0.6641098856925964,simulator_service,service_success,True,,0.0054,0.0,service_success,0.0,False
-18.402536,15,7430.759285,False,1.5503699130722512,True,False,3.119968977622458,out_of_bounds,True,0.6754477351842063,0.0,2.2168898913755894,2.22354626006485,2.2168898913755894,2.0183474549207143,15,15,1.0,1.3911964880748735,1.7669213805564925,0.7071067811865478,0.7071067811865476,-0.5,0.5,0.3932046890258789,1.5707963705062866,simulator_service,service_success,True,,0.0053,0.0,service_success,0.0,False
-22.0001,15,7462.483208,False,3.823616238932513,True,False,2.9776174754756473,out_of_bounds,True,0.15292382814673344,0.0,1.6964300511465602,1.915140559365163,1.6964300511465602,1.6467785583206054,15,15,1.0,1.6761803339058088,1.783078109748366,0.646224779662615,0.7071067811865476,0.5,0.5,-0.23897865414619446,1.5707963705062866,simulator_service,service_success,True,,0.0054,0.0,service_success,0.0,False
-18.920086,15,7492.085926,False,1.6456607027307613,True,False,2.892686922426659,out_of_bounds,True,0.5900454407271153,0.0,2.286843215764357,2.2907409570175776,2.286843215764357,1.4698653681600973,15,15,1.0,0.8327774690819719,0.8874601622350788,0.6505350817926956,0.7071067811865476,0.5,0.5,0.5,-0.19386990368366241,simulator_service,service_success,True,,0.0035,0.0,service_success,0.0,False
-31.9896,36,7526.012964,False,6.126233765965844,True,False,3.0675629581076893,out_of_bounds,True,0.06363532241914259,0.0,3.409678371425911,4.44774139541718,3.409678371425911,1.6634473341097593,36,36,1.0,1.5173762178520134,1.7856343983360219,0.6333321196774752,0.7071067811865476,0.37404999136924744,0.5,-0.0313618928194046,1.0310845375061035,simulator_service,service_success,True,,0.0053,0.0,service_success,0.0,False
-27.25961,36,7564.121762,False,4.164009679250072,False,True,0.86984799857996,unsafe_low_altitude,True,0.35516279234607046,0.0,2.132200756434504,4.016966845600093,2.132200756434504,0.86984799857996,36,36,1.0,1.4611402977491192,1.7337659637848757,0.577319597010126,0.7071067811865476,-0.5,0.5,-0.1325039565563202,1.5707963705062866,simulator_service,service_success,True,,0.0052,0.0,service_success,0.0,False
-18.880445,16,7594.130587,False,2.469280809867088,True,False,2.907478602819139,out_of_bounds,True,0.7069916433844441,0.0,1.5878493953510866,1.713028822072773,1.5878493953510866,1.7425341714877396,16,16,1.0,0.9301187039153899,0.9865122775487616,0.6141743693805956,0.7071067811865476,0.5,-0.1472860425710678,0.5,-0.6009878516197205,simulator_service,service_success,True,,0.0063,0.0,service_success,0.0,False
-41.65061,46,7630.351579,False,6.524581697397111,True,False,0.3761142131104531,out_of_bounds,True,0.7189840184335627,0.0,2.3368184115160937,5.605968062638143,2.3368184115160937,0.3761142131104531,46,46,1.0,1.4072609862888288,1.793711581496792,0.6745839478661957,0.7071067811865476,0.5,0.5,-0.5,-1.5707963705062866,simulator_service,service_success,True,,0.0052,0.0,service_success,0.0,False
-21.81565,16,7664.7639,False,5.194858794533987,False,True,0.8440785080286666,unsafe_low_altitude,True,0.4658223795090621,0.0,1.7660223537002526,1.8012666642934987,1.7660223537002526,0.8440785080286666,16,16,1.0,1.0042681414675585,1.3244908794123804,0.6122849929514234,0.7071067811865476,0.5,0.5,0.15548110008239746,1.1090995073318481,simulator_service,service_success,True,,0.0053,0.0,service_success,0.0,False
-23.781475,16,7694.873495,False,5.151386883089538,True,False,2.685519109228711,out_of_bounds,True,0.21311104206913672,0.0,0.7531254286936524,1.348280819877714,0.7531254286936524,2.0833707939875716,16,16,1.0,1.4224660024389293,1.793711581496792,0.7041416196852891,0.7071067811865476,0.5,-0.5,-0.5,-0.06832920014858246,simulator_service,service_success,True,,0.0064,0.0,service_success,0.0,False
-23.400229,47,7731.67533,False,1.4768343012402272,True,False,2.6294266943789264,out_of_bounds,True,0.3650820991189978,0.0,2.111486609603948,4.8018804157769965,2.111486609603948,1.0852850084489198,47,47,1.0,1.1344074018616186,1.738458485202186,0.5388180435189862,0.7071067811865476,-0.23944461345672607,0.12719547748565674,0.5,1.4236035346984863,simulator_service,service_success,True,,0.0053,0.0,service_success,0.0,False
-22.460289,16,7756.890363,False,4.995255301283235,True,False,3.303005680204175,out_of_bounds,True,0.2609769845404855,0.0,1.5622711060168957,1.7696826890553763,1.5622711060168957,1.8596548438329772,16,16,1.0,1.0678769772922145,1.637301446963361,0.6049147001322461,0.7071067811865476,-0.5,-0.5,0.5,-1.3895164728164673,simulator_service,service_success,True,,0.0052,0.0,service_success,0.0,False
-32.905872,53,7793.877545,False,3.042765588073121,False,True,0.842784087254332,unsafe_low_altitude,True,0.48410955967473723,0.0,2.9630285301375032,5.419865605425326,3.2689335460797584,0.842784087254332,53,53,1.0,0.9788827516899482,1.6689827917911606,0.5752681961196905,0.7071067811865476,0.5,-0.5,-0.5,-0.8735990524291992,simulator_service,service_success,True,,0.0033,0.0,service_success,0.0,False
-19.009155,10,7820.242088,False,3.9287457913571533,False,True,0.9750867122798756,unsafe_low_altitude,True,0.11298342352057703,0.0,1.177202041804374,1.177202041804374,1.177202041804374,0.9750867122798756,10,10,1.0,0.8943177978778369,1.0655309866357658,0.4779939206277404,0.5010462179198354,-0.34369543194770813,0.28016197681427,-0.5,-0.8299030065536499,simulator_service,service_success,True,,0.004,0.0,service_success,0.0,False
-27.001022,32,7848.860808,False,5.402290857670693,True,False,2.486291035670326,out_of_bounds,True,0.10567558704662391,0.0,3.088260298424413,3.8675627281639153,3.088260298424413,1.0702539558934097,32,32,1.0,1.2930675285343673,1.7277748978245018,0.6051030393133399,0.7071067811865476,0.5,0.5,-0.42474499344825745,-0.17886435985565186,simulator_service,service_success,True,,0.006,0.0,service_success,0.0,False
-32.540794,43,7879.70666,False,3.103382793076824,True,False,2.7503576147473523,out_of_bounds,True,0.763451655720182,0.0,0.9995034760837824,5.0506189112228315,1.772237473072084,1.2806054743627857,43,43,1.0,1.2001443477086309,1.793711581496792,0.636979178835551,0.7071067811865476,-0.5,0.5,0.5,1.5707963705062866,simulator_service,service_success,True,,0.0033,0.0,service_success,0.0,False
-16.986576,11,7904.090406,False,2.5822885920876786,True,False,2.592374342314114,out_of_bounds,True,0.05198270713776013,0.0,1.0904679947049756,1.0904679947049756,1.0904679947049756,1.701510452299707,11,11,1.0,0.8751915496346954,1.2398028653098634,0.5347572798939134,0.7071067811865476,-0.5,-0.3009941279888153,0.1918131709098816,-0.5981760025024414,simulator_service,service_success,True,,0.0032,0.0,service_success,0.0,False
-40.991676,117,7950.406704,False,2.2771721365232174,True,False,0.6584838514008337,out_of_bounds,True,0.06346336055452426,0.0,2.698636828920518,12.74447067727547,3.5684298689047877,0.6584838514008337,117,117,1.0,1.026665817426376,1.7258199885024799,0.5925817400841645,0.7071067811865476,0.27507567405700684,0.16926464438438416,-0.5,0.1661110669374466,simulator_service,service_success,True,,0.0032,0.0,service_success,0.0,False
-68.1783,96,7990.204483,False,5.446307062064395,True,False,2.9151559773677804,out_of_bounds,True,0.4651222757232286,0.0,1.6229878463600402,10.737716291849548,2.2404209349322635,1.3516066087364296,96,96,1.0,1.3263200869467024,1.793711581496792,0.6080309795392831,0.7071067811865476,-0.5,-0.3782505393028259,0.5,1.5707963705062866,simulator_service,service_success,True,,0.0032,0.0,service_success,0.0,False
-20.379232,11,8012.475509,False,5.299536008548109,True,False,3.0650465003399736,out_of_bounds,True,0.5266002969720367,0.0,1.3718575825405135,1.3718575825405135,1.3718575825405135,2.1011878663479377,11,11,1.0,1.5657851695489478,1.7896030642683403,0.5577052910517525,0.6966188987121362,0.5,-0.07711552083492279,0.5,-0.272459477186203,simulator_service,service_success,True,,0.005,0.0,service_success,0.0,False
-30.783539,32,8039.227025,False,4.910534550404675,True,False,2.9935052572355683,out_of_bounds,True,0.7785052924536917,0.0,1.3867056551052996,2.355380577190066,1.3867056551052996,1.9121608336346392,32,32,1.0,1.3107168723489393,1.793711581496792,0.6450809604718757,0.7071067811865476,0.5,-0.5,-0.5,1.3938233852386475,simulator_service,service_success,True,,0.005,0.0,service_success,0.0,False
-36.870018,97,8083.55747,False,1.429004645505022,False,True,0.8984707580019159,unsafe_low_altitude,True,0.14302749256191158,0.0,1.8435154577500452,7.212881917777921,2.6430881447002523,0.8984707580019159,97,97,1.0,1.1333716610854099,1.793711581496792,0.5186703400550055,0.7071067811865476,0.18034428358078003,-0.04396194964647293,-0.5,0.3380811810493469,simulator_service,service_success,True,,0.0049,0.0,service_success,0.0,False
-20.566593,11,8106.002684,False,4.426576616610444,True,False,0.44639963069147737,out_of_bounds,True,0.22853624141862125,0.0,1.4211222528357856,1.4211222528357856,1.4211222528357856,0.44639963069147737,11,11,1.0,1.5817288565490712,1.793711581496792,0.7071067811865478,0.7071067811865476,-0.5,-0.5,-0.5,1.5707963705062866,simulator_service,service_success,True,,0.0059,0.0,service_success,0.0,False
-66.75262,85,8145.91214,False,6.968843848633926,True,False,3.249456981287892,out_of_bounds,True,0.9334451839865647,0.0,3.7605384783184026,8.892505320544254,3.7605384783184026,1.3117696514563462,85,85,1.0,1.4120629268599694,1.793711581496792,0.6443090791865956,0.7071067811865476,-0.5,0.5,0.5,0.3482424318790436,simulator_service,service_success,True,,0.0049,0.0,service_success,0.0,False
-18.284555,11,8170.656042,False,3.1766751999388174,True,False,2.877962658115281,out_of_bounds,True,0.2681241714402877,0.0,1.0074471451549278,1.0074471451549278,1.0074471451549278,1.9048446035340927,11,11,1.0,0.8826225632655266,0.8899536660466033,0.6256168636171423,0.7071067811865476,0.5,-0.5,0.5,0.20498177409172058,simulator_service,service_success,True,,0.0032,0.0,service_success,0.0,False
-40.076836,75,8206.265397,False,2.610349468530188,True,False,3.390888544768079,out_of_bounds,True,0.018904004621369274,0.0,1.9475074744219982,8.549738310440564,2.3566682980004288,1.0765207974854933,75,75,1.0,1.0873513084584856,1.793711581496792,0.6370334228018135,0.7071067811865476,0.5,0.14693298935890198,0.5,-0.4869632124900818,simulator_service,service_success,True,,0.0031,0.0,service_success,0.0,False
-29.00951,32,8233.205746,False,4.680815875122747,True,False,3.185098505165949,out_of_bounds,True,0.1790495191998686,0.0,2.174362307447212,3.8000730762142805,2.174362307447212,1.6874068335484795,32,32,1.0,1.3228261475700325,1.7792737239926102,0.6116455070470194,0.7071067811865476,0.5,-0.5,-0.5,-0.6162945628166199,simulator_service,service_success,True,,0.005,0.0,service_success,0.0,False
-17.922441,11,8255.729053,False,2.477355433449276,True,False,0.6870455890339675,out_of_bounds,True,0.4308427684007233,0.0,1.1112527786480615,1.1112527786480615,1.1112527786480615,0.6870455890339675,11,11,1.0,0.5991690403970377,0.6358635594533386,0.26386659687574465,0.3060267343386745,-0.18198883533477783,0.05488976836204529,-0.49939972162246704,-0.025347260758280754,simulator_service,service_success,True,,0.005,0.0,service_success,0.0,False
-19.289038,33,8282.665279,False,1.2228459010762862,True,False,2.7190075985140236,out_of_bounds,True,0.09749243210112417,0.0,0.865780532448456,2.8904242980883925,0.9349654461117163,1.4591589085742334,33,33,1.0,1.2667755521510644,1.7227876684665318,0.4222340622123625,0.7071067811865476,-0.5,0.5,-0.5,-0.9636558890342712,simulator_service,service_success,True,,0.0049,0.0,service_success,0.0,False
-18.049,11,8312.02836,False,2.4425929995247246,False,True,0.9647056188929809,unsafe_low_altitude,True,0.007358267402914921,0.0,0.9714171322010162,0.9714171322010162,0.9714171322010162,0.9647056188929809,11,11,1.0,0.7500440977286129,1.0785561953484868,0.44380318113057976,0.5137509759101834,0.2194310426712036,0.3552703559398651,-0.46016818284988403,-0.08259383589029312,simulator_service,service_success,True,,0.0049,0.0,service_success,0.0,False
-18.668234,11,8334.656805,False,3.773738670367818,True,False,0.4597174219032302,out_of_bounds,True,0.5988681992133726,0.0,1.4542808528752424,1.4542808528752424,1.4542808528752424,0.4597174219032302,11,11,1.0,1.2417074655594187,1.3457764437902922,0.5283040143181181,0.5640122783060375,-0.260978639125824,0.5,-0.5,1.114901065826416,simulator_service,service_success,True,,0.0036,0.0,service_success,0.0,False
-67.70714,75,8372.807683,False,7.963158512079335,True,False,0.38070126545319827,out_of_bounds,True,0.9139360571886757,0.0,3.9923247851802244,9.564968076808402,3.9923247851802244,0.38070126545319827,75,75,1.0,1.2584697667130007,1.793711581496792,0.6440896477555746,0.7071067811865476,0.5,0.5,-0.5,0.2212482988834381,simulator_service,service_success,True,,0.0049,0.0,service_success,0.0,False
-52.57219,64,8408.835628,False,7.268862592253801,True,False,2.6039460020625267,out_of_bounds,True,0.6193427857584284,0.0,3.023496071129586,8.290213190177518,3.023496071129586,1.0001556043267694,64,64,1.0,1.151540437431266,1.793711581496792,0.6585803164344864,0.7071067811865476,0.5,-0.5,0.5,1.5707963705062866,simulator_service,service_success,True,,0.0031,0.0,service_success,0.0,False
-24.721504,22,8436.118446,False,6.132849878750356,True,False,3.557808321099114,out_of_bounds,True,0.4990259542197358,0.0,3.1626148681216724,3.177307832863854,3.1626148681216724,1.7604046989219728,22,22,1.0,1.1519693899880463,1.7760118254367823,0.6334405282628827,0.7071067811865476,0.2260262817144394,-0.5,0.5,-0.6095601916313171,simulator_service,service_success,True,,0.003,0.0,service_success,0.0,False
-31.805948,44,8468.06634,False,3.663173447802848,True,False,2.7263877780279993,out_of_bounds,True,0.20729233359250654,0.0,2.606615368956635,4.9936277809624485,2.915448201133776,1.0427294127766915,44,44,1.0,1.3048988569063151,1.7848010990668173,0.6884532478243576,0.7071067811865476,0.5,-0.4199836850166321,0.5,-0.5748423337936401,simulator_service,service_success,True,,0.0031,0.0,service_success,0.0,False
-17.257952,11,8497.659195,False,1.635785242053725,False,True,0.9178758139606223,unsafe_low_altitude,True,0.49081336430428596,0.0,1.4422729876835034,1.4422729876835034,1.4422729876835034,0.9178758139606223,11,11,1.0,1.2542537844330894,1.2843967640159455,0.7071067811865478,0.7071067811865476,-0.5,-0.5,-0.3970056176185608,0.8487421274185181,simulator_service,service_success,True,,0.003,0.0,service_success,0.0,False
-31.227205,87,8536.44591,False,1.4776698750789234,True,False,0.5941879746205622,out_of_bounds,True,0.4419299299213972,0.0,3.5190130318521406,9.762954781132507,4.10011511144447,0.5941879746205622,87,87,1.0,0.925531099604458,1.5722190302311316,0.592780308751152,0.7071067811865476,0.5,0.5,-0.5,0.5387821793556213,simulator_service,service_success,True,,0.0036,0.0,service_success,0.0,False
-17.471188,11,8566.262505,False,1.7328499319340247,False,True,0.8446493868964351,unsafe_low_altitude,True,0.7092258476759606,0.0,1.5090099566868551,1.5090099566868551,1.5090099566868551,0.8446493868964351,11,11,1.0,1.0869410912259927,1.286550404269008,0.7071067811865478,0.7071067811865476,0.5,0.5,-0.5,-0.9514262676239014,simulator_service,service_success,True,,0.0048,0.0,service_success,0.0,False
-16.664877,11,8591.673703,False,1.5298321596755937,True,False,0.5482762141195417,out_of_bounds,True,0.5391773394715972,0.0,1.3558491897382547,1.3558491897382547,1.3558491897382547,0.5482762141195417,11,11,1.0,1.613401022894059,1.7565942657077431,0.6341659451472166,0.7071067811865476,0.3438345193862915,-0.5,-0.5,1.5707963705062866,simulator_service,service_success,True,,0.0036,0.0,service_success,0.0,False
-16.896082,11,8614.726637,False,2.456786509825529,True,False,0.515303995344574,out_of_bounds,True,0.11663512675880548,0.0,1.4008808238881834,1.4008808238881834,1.4008808238881834,0.515303995344574,11,11,1.0,0.9053671207524705,1.0715996679888782,0.5872593531454101,0.6397298398156093,-0.3990667462348938,0.5,-0.5,-0.6993365287780762,simulator_service,service_success,True,,0.0029,0.0,service_success,0.0,False
-18.816412,12,8642.41908,False,3.0892188596755132,False,True,0.8916778487188244,unsafe_low_altitude,True,0.5779945777660543,0.0,1.0987725469031058,1.0987725469031058,1.0987725469031058,0.8916778487188244,12,12,1.0,1.2323004425979522,1.70769736451557,0.6676916969203437,0.7071067811865476,-0.5,-0.5,-0.5,0.21672336757183075,simulator_service,service_success,True,,0.0046,0.0,service_success,0.0,False
-41.09409,44,8672.494816,False,6.222337710929204,True,False,1.8682641009278056,out_of_bounds,True,0.07351058940473394,0.0,2.9277646566278706,4.732319349917933,2.9277646566278706,1.0449906277964696,44,44,1.0,1.1093810784866902,1.7270424842093364,0.6661477907147257,0.7071067811865476,-0.5,0.11153074353933334,0.42102867364883423,1.404950499534607,simulator_service,service_success,True,,0.0056,0.0,service_success,0.0,False
-22.787518,23,8700.324854,False,3.067573722628226,True,False,3.1027776618245553,out_of_bounds,True,0.5553893266423646,0.0,2.3861408503214125,2.544014905078777,2.3861408503214125,1.8608489232952234,23,23,1.0,1.1727126684960687,1.6577193180804832,0.6453411225864844,0.7071067811865476,-0.5,-0.029610153287649155,0.5,-0.1841762661933899,simulator_service,service_success,True,,0.0046,0.0,service_success,0.0,False
-68.658295,90,8739.73828,False,4.337859285436814,True,False,0.12310648467223106,out_of_bounds,True,0.48432411847774165,0.0,1.6286535558783628,9.372750594150993,2.230099003084907,0.12310648467223106,90,90,1.0,1.3187032221672872,1.793711581496792,0.654089823595181,0.7071067811865476,-0.38718897104263306,0.5,-0.5,1.5707963705062866,simulator_service,service_success,True,,0.0029,0.0,service_success,0.0,False
-19.86469,23,8765.464748,False,2.7327314772066087,True,False,2.6091707375058637,out_of_bounds,True,0.9845046720745654,0.0,2.682967547231859,2.6934652961557903,2.682967547231859,2.0977852136088626,23,23,1.0,1.172760126468823,1.6278478245444716,0.6525593749277266,0.7071067811865476,-0.5,-0.5,-0.5,1.142664909362793,simulator_service,service_success,True,,0.0046,0.0,service_success,0.0,False
-23.530666,45,8795.667141,False,2.0874218282342496,True,False,0.7245203961997196,out_of_bounds,True,0.07427981325675545,0.0,2.0717127373014597,4.688374615953572,2.1779270104943853,0.7245203961997196,45,45,1.0,1.1910047357780003,1.793711581496792,0.5794167011270741,0.7071067811865476,0.5,-0.05915842950344086,-0.5,-0.7854748964309692,simulator_service,service_success,True,,0.0046,0.0001,service_success,0.0,False
-21.448273,23,8826.016032,False,3.0188756920746367,False,True,0.9392133345664244,unsafe_low_altitude,True,0.32504542492548055,0.0,0.8627022904766393,2.4629255444886544,1.0467072905185573,0.9392133345664244,23,23,1.0,0.7670653965291006,0.9308511029293055,0.4033682335042528,0.6025841043865322,0.07197096198797226,0.12346924096345901,-0.4331205487251282,0.3549211025238037,simulator_service,service_success,True,,0.0046,0.0,service_success,0.0,False
-38.772293,56,8858.638391,False,5.395873727027769,True,False,3.49346863216154,out_of_bounds,True,0.5797374140863752,0.0,3.2798625481831594,6.371739867445083,3.2798625481831594,1.2872265225040314,56,56,1.0,1.293780043701154,1.793711581496792,0.6393567329750836,0.7071067811865476,0.5,-0.2979719042778015,0.5,0.8934205174446106,simulator_service,service_success,True,,0.0054,0.0,service_success,0.0,False
-19.357674,12,8886.677327,False,2.336694716224783,False,True,0.8747062655679895,unsafe_low_altitude,True,0.3070963605586649,0.0,1.5739418901344484,1.5739418901344484,1.5739418901344484,0.8747062655679895,12,12,1.0,1.5173157721680346,1.793711581496792,0.6595481023294424,0.7071067811865476,-0.13098371028900146,0.5,-0.5,-0.5463528037071228,simulator_service,service_success,True,,0.0046,0.0,service_success,0.0,False
-20.037695,23,8914.819637,False,3.4334422137866496,True,False,3.045987199187126,out_of_bounds,True,0.8039566276918675,0.0,1.9227017586122164,2.1354016418459683,1.9227017586122164,1.8717902403389,23,23,1.0,0.8862186158901035,1.0274478715384985,0.622445190608561,0.7071067811865476,-0.2240109145641327,-0.5,0.19471396505832672,0.09070396423339844,simulator_service,service_success,True,,0.0054,0.0,service_success,0.0,False
-62.999157,90,8954.535366,False,6.299225586623037,True,False,3.0578185476748887,out_of_bounds,True,0.23036641773884098,0.0,3.9546061326498165,9.097583149551419,3.9546061326498165,1.1189586449499205,90,90,1.0,1.0802595179802696,1.793711581496792,0.6059630044079551,0.7071067811865476,0.5,0.5,-0.09007371217012405,1.5707963705062866,simulator_service,service_success,True,,0.0029,0.0001,service_success,0.0,False
-26.376217,23,8982.644482,False,4.518236413465235,True,False,0.5301603385354514,out_of_bounds,True,0.7004375850601006,0.0,1.589898853318803,1.7471790140674424,1.589898853318803,0.5301603385354514,23,23,1.0,1.1403587567023765,1.7416874292824691,0.6296263071020575,0.7071067811865476,-0.5,0.2390344738960266,-0.5,-0.41873979568481445,simulator_service,service_success,True,,0.0046,0.0,service_success,0.0,False
-18.54411,12,9006.192181,False,2.9061678702853944,True,False,0.3995138103240148,out_of_bounds,True,0.947967610758925,0.0,1.1224259203515456,1.1224259203515456,1.1224259203515456,0.3995138103240148,12,12,1.0,1.2181122911419833,1.5856959226032976,0.7071067811865478,0.7071067811865476,-0.5,-0.5,-0.5,-0.40383249521255493,simulator_service,service_success,True,,0.0029,0.0,service_success,0.0,False
-20.204945,11,9032.234225,False,4.986140948621632,True,False,0.636201067155498,out_of_bounds,True,0.11516402774061929,0.0,1.5008849136345483,1.5008849136345483,1.5008849136345483,0.636201067155498,11,11,1.0,1.6715446255898114,1.793711581496792,0.597633806573198,0.7071067811865476,-0.5,0.5,0.5,-1.5707963705062866,simulator_service,service_success,True,,0.0045,0.0,service_success,0.0,False
-33.78512,34,9062.849855,False,6.53990379282037,True,False,1.636998608195877,out_of_bounds,True,0.9195594023738999,0.0,3.340023772290335,4.11294484800406,3.340023772290335,1.636998608195877,34,34,1.0,1.456371230622445,1.793711581496792,0.6331597913641052,0.7071067811865476,0.5,0.4138571321964264,-0.08375377953052521,1.5707963705062866,simulator_service,service_success,True,,0.0028,0.0,service_success,0.0,False
-22.535784,23,9088.941849,False,3.0266693896843373,True,False,0.5662089483100725,out_of_bounds,True,0.49128375832986804,0.0,2.5342596163629296,2.849145940566,2.5342596163629296,0.5662089483100725,23,23,1.0,1.221806440681678,1.45581153345561,0.6116091298480317,0.7071067811865476,-0.5,-0.06131788343191147,-0.5,-0.21566112339496613,simulator_service,service_success,True,,0.0028,0.0,service_success,0.0,False
-23.062542,23,9117.290463,False,2.096790588251157,True,False,0.36997879841827624,out_of_bounds,True,0.11399334508003796,0.0,2.5885969292633115,2.9981729053369586,2.5885969292633115,0.36997879841827624,23,23,1.0,1.0966073462143948,1.7444922486723669,0.6630779603751435,0.7071067811865476,-0.5,0.5,-0.5,1.514349102973938,simulator_service,service_success,True,,0.0045,0.0,service_success,0.0,False
-48.094437,90,9159.611024,False,5.107565871579734,True,False,0.3762243107170398,out_of_bounds,True,0.8121330828355314,0.0,1.5129272694813711,9.79235136114327,2.3884731557002774,0.3762243107170398,90,90,1.0,1.0587941911047274,1.793711581496792,0.5896664501208827,0.7071067811865476,0.5,-0.5,-0.5,0.7429680228233337,simulator_service,service_success,True,,0.0028,0.0,service_success,0.0,False
-18.737967,11,9190.33512,False,2.2595292472761637,False,True,0.8147213343570097,unsafe_low_altitude,True,0.4336097598270037,0.0,1.5326495593399698,1.5326495593399698,1.5326495593399698,0.8147213343570097,11,11,1.0,1.7308220295475736,1.793711581496792,0.638356149204806,0.7071067811865476,0.5,0.5,-0.5,1.5707963705062866,simulator_service,service_success,True,,0.0027,0.0,service_success,0.0,False
-39.923923,46,9221.319679,False,6.920119761579899,True,False,0.9752107392368617,out_of_bounds,True,0.6092361349958775,0.0,3.0775311855938003,5.505342370437043,3.0775311855938003,0.9752107392368617,46,46,1.0,1.2152537685244327,1.7578311279149264,0.6178286612835304,0.7071067811865476,0.5,-0.06554968655109406,-0.5,0.8547267913818359,simulator_service,service_success,True,,0.0032,0.0,service_success,0.0,False
-19.70205,12,9245.266819,False,3.7067357836723307,True,False,0.34880490148136595,out_of_bounds,True,0.5207341862445818,0.0,1.2253668333441996,1.2253668333441996,1.2253668333441996,0.34880490148136595,12,12,1.0,1.7934150621356861,1.793711581496792,0.7071067811865478,0.7071067811865476,-0.5,0.5,0.4870808720588684,1.5707963705062866,simulator_service,service_success,True,,0.0044,0.0,service_success,0.0,False
-26.515858,23,9271.711857,False,6.430434100342484,True,False,3.6029212328680518,out_of_bounds,True,0.3355212629829384,0.0,2.6800260919354204,2.9879785301742823,2.6800260919354204,2.1007471346857893,23,23,1.0,1.3370380226608458,1.7231278553424976,0.6888759042277168,0.7071067811865476,0.5,0.5,0.5,-1.0142784118652344,simulator_service,service_success,True,,0.0043,0.0,service_success,0.0,False
-79.87524,113,9321.309328,False,5.695922725386037,False,True,0.9129289481718047,unsafe_low_altitude,True,0.7792226342951348,0.0,3.2927605922981,15.364801072301441,3.788474734383499,0.9129289481718047,113,113,1.0,1.3899568919686942,1.793711581496792,0.685765149905481,0.7071067811865476,0.5,-0.5,-0.5,1.5707963705062866,simulator_service,service_success,True,,0.0044,0.0,service_success,0.0,False
-25.50383,35,9350.163413,False,2.962773744182169,True,False,2.8675941406319327,out_of_bounds,True,0.9065311329907494,0.0,2.4218839962146363,3.761556596010086,2.4218839962146363,1.2029155687392727,35,35,1.0,1.2542938390839582,1.7147472734542437,0.47982683770192075,0.7071067811865476,0.11306063830852509,-0.4892794191837311,-0.05643005669116974,0.884863018989563,simulator_service,service_success,True,,0.0053,0.0,service_success,0.0,False
-49.60182,102,9393.072491,False,3.869716993105898,True,False,3.547856791999214,out_of_bounds,True,0.1897362626045199,0.0,3.28206109368814,10.81768816256546,3.28206109368814,1.041870895005939,102,102,1.0,1.2345007312505762,1.793711581496792,0.6277259584670494,0.7071067811865476,-0.5,0.5,0.3271459937095642,0.5165879726409912,simulator_service,service_success,True,,0.0043,0.0,service_success,0.0,False
-25.850378,46,9424.39941,False,3.488579795790543,True,False,0.616805454274168,out_of_bounds,True,0.8584298633315336,0.0,1.845044483050607,3.70315399425136,1.845044483050607,0.616805454274168,46,46,1.0,1.21392362558519,1.7552748878268418,0.6160125352903115,0.7071067811865476,-0.5,-0.1486455351114273,-0.26567450165748596,-1.2585864067077637,simulator_service,service_success,True,,0.0043,0.0002,service_success,0.0,False
-26.658333,46,9455.863377,False,2.7149628172724,True,False,0.19728383668951144,out_of_bounds,True,0.014767127918224463,0.0,2.3536158786050474,4.501255341817154,2.3536158786050474,0.19728383668951144,46,46,1.0,0.8454460482164565,1.2493860564362635,0.6389253121369893,0.7071067811865476,0.5,-0.5,-0.5,0.9005362391471863,simulator_service,service_success,True,,0.0044,0.0,service_success,0.0,False
-18.672611,23,9484.911762,False,2.930598545038412,True,False,0.4990132595648713,out_of_bounds,True,0.8782134677088075,0.0,2.4065012634100236,2.474798216187058,2.4065012634100236,0.4990132595648713,23,23,1.0,0.7380361420945105,1.742936712205801,0.5073649448940785,0.6088826174339013,0.5,-0.05458987504243851,-0.1773773729801178,-0.16673614084720612,simulator_service,service_success,True,,0.0042,0.0,service_success,0.0,False
-19.77346,12,9514.052113,False,3.932207107930889,False,True,0.9097989773102484,unsafe_low_altitude,True,0.4221431699750974,0.0,1.3315107476174681,1.3315107476174681,1.3315107476174681,0.9097989773102484,12,12,1.0,1.245127716809874,1.793711581496792,0.588490375652313,0.7071067811865476,0.5,0.5,-0.5,1.5707963705062866,simulator_service,service_success,True,,0.0026,0.0,service_success,0.0,False
-43.719315,59,9548.012598,False,4.805209340000949,True,False,2.548575293910379,out_of_bounds,True,0.5716913755991683,0.0,2.007748781615795,6.25273350954542,2.2148097356655976,1.139161262229087,59,59,1.0,1.1709511258137735,1.7748609247584521,0.5778514398311461,0.7071067811865476,-0.5,0.5,-0.5,-0.48265695571899414,simulator_service,service_success,True,,0.005,0.0,service_success,0.0,False
-27.693333,23,9582.050493,False,6.586916470087754,False,True,0.8106292300422269,unsafe_low_altitude,True,0.5589933742139656,0.0,2.202347512446288,2.276617568284833,2.202347512446288,0.8106292300422269,23,23,1.0,1.3152235534468617,1.6621921740681709,0.6212211014117346,0.7071067811865476,-0.5,0.5,-0.5,0.8054907321929932,simulator_service,service_success,True,,0.0042,0.0,service_success,0.0,False
-18.908817,12,9606.467618,False,3.9303612662018175,True,False,0.2838295772603171,out_of_bounds,True,0.6154152259856572,0.0,1.5350847729704864,1.5350847729704864,1.5350847729704864,0.2838295772603171,12,12,1.0,1.3721436148199013,1.7226676395781615,0.545490388615082,0.6089213969222977,-0.013511434197425842,0.5,-0.5,1.5707963705062866,simulator_service,service_success,True,,0.0031,0.0,service_success,0.0,False
-18.932453,12,9633.270366,False,4.175528024519725,True,False,0.5409757039579831,out_of_bounds,True,0.297442486479586,0.0,1.3789463214672864,1.3789463214672864,1.3789463214672864,0.5409757039579831,12,12,1.0,1.592182873058211,1.785735868220509,0.5876196776375427,0.7071067811865476,0.5,0.5,0.18668913841247559,0.8947851657867432,simulator_service,service_success,True,,0.0042,0.0,service_success,0.0,False
-37.393166,47,9667.448827,False,5.708981269949431,True,False,3.142385958470886,out_of_bounds,True,0.5662600494253894,0.0,3.9859393211247833,6.355995410508146,3.9859393211247833,1.0474770190585656,47,47,1.0,1.2209659928597334,1.793711581496792,0.6946493114824752,0.7071067811865476,0.5,0.5,0.5,1.5707963705062866,simulator_service,service_success,True,,0.0026,0.0,service_success,0.0,False
-21.049452,12,9691.935478,False,3.777882174535529,True,False,2.628816721790209,out_of_bounds,True,0.618645690413105,0.0,1.4168484578441183,1.4168484578441183,1.4168484578441183,1.971350692775226,12,12,1.0,1.727895384728767,1.732091241543065,0.6194193490359037,0.7071067811865476,0.5,-0.5,0.061145931482315063,-1.5707963705062866,simulator_service,service_success,True,,0.0026,0.0,service_success,0.0,False
-22.976639,24,9721.419726,False,3.0247535077579264,True,False,3.4477413701946094,out_of_bounds,True,0.3864551238296943,0.0,2.682814641639078,2.781551689855127,2.682814641639078,1.758093140070813,24,24,1.0,1.2065784084592768,1.659443765774749,0.601923261349337,0.7071067811865476,-0.5,-0.4071540832519531,0.5,-0.5935189723968506,simulator_service,service_success,True,,0.0042,0.0,service_success,0.0,False
-17.640291,12,9746.024788,False,1.2140110037516219,True,False,2.7657234611951163,out_of_bounds,True,0.12851666316869728,0.0,1.5759372173830153,1.5759372173830153,1.5759372173830153,1.9011313907631597,12,12,1.0,1.5224263767021302,1.793711581496792,0.6368846490244892,0.7071067811865476,-0.5,-0.5,-0.5,-1.5707963705062866,simulator_service,service_success,True,,0.0025,0.0,service_success,0.0,False
-17.682278,12,9772.763113,False,2.9414328323385406,True,False,0.5157958452770197,out_of_bounds,True,0.7438881148930093,0.0,1.3012593180498142,1.3012593180498142,1.3012593180498142,0.5157958452770197,12,12,1.0,1.7405863179619887,1.7584486034360747,0.5562685146468638,0.6121603166904552,0.35318586230278015,0.5,-0.5,1.5707963705062866,simulator_service,service_success,True,,0.0041,0.0001,service_success,0.0,False
-46.050888,45,9803.339292,False,9.152189629462615,True,False,0.5528188600483801,out_of_bounds,True,0.0982480404557476,0.0,5.189048699487181,6.322089659567671,5.189048699487181,0.5528188600483801,45,45,1.0,1.5601128501796897,1.793711581496792,0.6961345950879757,0.7071067811865476,-0.5,0.21055231988430023,-0.5,-1.5377894639968872,simulator_service,service_success,True,,0.0026,0.0,service_success,0.0,False
-18.57947,12,9829.599637,False,3.0741567286265057,True,False,0.6127325652277,out_of_bounds,True,0.8374452730774604,0.0,1.1452000303766274,1.1452000303766274,1.1452000303766274,0.6127325652277,12,12,1.0,0.9872368109678429,1.318863422731478,0.6203433067595966,0.7071067811865476,-0.5,0.24854855239391327,-0.5,-0.035563137382268906,simulator_service,service_success,True,,0.0045,0.0,service_success,0.0,False
-21.760187,46,9861.260071,False,1.665474909125578,True,False,2.6631377642823324,out_of_bounds,True,0.6570302468688678,0.0,2.967386025309268,4.7323081194440215,2.967386025309268,1.1222791381828494,46,46,1.0,0.8914860352702311,1.2177829967868579,0.5188324613305363,0.7071067811865476,-0.5,-0.5,0.36472782492637634,-0.5403969883918762,simulator_service,service_success,True,,0.0028,0.0,service_success,0.0,False
-21.214956,24,9888.490001,False,2.18493306775964,True,False,3.444889794333173,out_of_bounds,True,0.7192202140852686,0.0,1.8241267078473498,1.9837746872994473,1.8241267078473498,2.004478042656261,24,24,1.0,1.2948099938551412,1.793711581496792,0.6867655403292984,0.7071067811865476,-0.5,0.5,0.5,-1.5707963705062866,simulator_service,service_success,True,,0.0041,0.0,service_success,0.0,False
-26.592896,46,9922.857172,False,3.8495449802747173,True,False,2.7771014007991677,out_of_bounds,True,0.4687759057867444,0.0,1.9908610892228893,4.612858712082858,1.9908610892228893,1.032189833625157,46,46,1.0,1.3588141525788229,1.793711581496792,0.5542220573928636,0.7071067811865476,0.5,-0.2703196108341217,0.5,1.5707963705062866,simulator_service,service_success,True,,0.0041,0.0,service_success,0.0,False
-20.84277,12,9949.969601,False,5.819139234108838,True,False,2.7548298217658185,out_of_bounds,True,0.7089890378079937,0.0,1.7167160535073782,1.7167160535073782,1.7167160535073782,1.8786804713417298,12,12,1.0,1.770743429692548,1.793711581496792,0.7071067811865478,0.7071067811865476,0.5,-0.5,0.33211323618888855,1.5707963705062866,simulator_service,service_success,True,,0.0025,0.0,service_success,0.0,False
-28.780188,35,9979.692961,False,4.236333328936403,True,False,2.8193933767883763,out_of_bounds,True,0.10380227995453847,0.0,1.7898462643714639,4.414381979794158,2.138830949138617,1.0043293771244222,35,35,1.0,1.5882114096935611,1.793711581496792,0.7043746869055061,0.7071067811865476,0.5,-0.4426403045654297,0.5,-0.17644329369068146,simulator_service,service_success,True,,0.0027,0.0,service_success,0.0,False
-27.816006,24,10009.562986,False,4.057453331277723,True,False,2.7300318082900374,out_of_bounds,True,0.17956609197577222,0.0,1.49218000404632,2.1158594205029275,1.49218000404632,1.7345178462778361,24,24,1.0,1.2590053174517077,1.5809269957809857,0.6572650671661268,0.7071067811865476,0.5,-0.5,0.5,0.7565991282463074,simulator_service,service_success,True,,0.004,0.0,service_success,0.0,False
-25.609291,24,10044.543075,False,4.090448862850621,False,True,0.840770009478044,unsafe_low_altitude,True,0.759702804646515,0.0,1.3713300944767353,2.3211433539909887,1.3713300944767353,0.840770009478044,24,24,1.0,1.603026738335015,1.793711581496792,0.6446194498162527,0.7071067811865476,0.3283919394016266,0.028722446411848068,-0.5,1.5707963705062866,simulator_service,service_success,True,,0.0024,0.0,service_success,0.0,False
-36.158966,36,10074.439013,False,4.610307976560579,True,False,2.995592560017237,out_of_bounds,True,0.373253730116287,0.0,1.0900037544018606,3.684548812478833,1.410945463851429,1.134003441770484,36,36,1.0,1.4290816913849902,1.793711581496792,0.6400391625414739,0.7071067811865476,0.5,0.32519713044166565,0.07113739848136902,0.6659220457077026,simulator_service,service_success,True,,0.003,0.0,service_success,0.0,False
-57.0406,95,10119.150373,False,3.588421958248923,True,False,3.2387313187790805,out_of_bounds,True,0.08026869485702665,0.0,1.962147962564656,8.910535665765558,1.962147962564656,1.0404848746052444,95,95,1.0,1.1760069926693564,1.793711581496792,0.6037305406567313,0.7071067811865476,0.4746960401535034,-0.5,0.06953692436218262,0.8503571152687073,simulator_service,service_success,True,,0.0041,0.0,service_success,0.0,False
-31.229115,36,10149.326569,False,3.7667721210271132,True,False,3.247593051657454,out_of_bounds,True,0.6552418731210556,0.0,1.761295666258321,4.015704165625305,1.761295666258321,1.0769837744215753,36,36,1.0,1.0250460911120485,1.1564835947080192,0.7040135188264418,0.7071067811865476,0.5,-0.5,-0.5,-0.4125506281852722,simulator_service,service_success,True,,0.0024,0.0,service_success,0.0,False
-20.50573,13,10179.557974,False,4.926047133067853,False,True,0.9206600560676544,unsafe_low_altitude,True,0.5834845026189053,0.0,1.3789576146690576,0.0,0.0,1.624338509997912,12,12,1.0,1.417559077986021,1.793711581496792,0.7071067811865478,0.7071067811865476,-0.5,-0.5,0.11750556528568268,-0.5291280150413513,simulator_service,service_success,True,,0.004,0.0001,service_success,0.0,False
-30.698936,36,10217.361469,False,5.075240255346088,False,True,0.9139750067781983,unsafe_low_altitude,True,0.9172412081714885,0.0,4.7882560797895355,5.386069086562503,4.7882560797895355,0.9139750067781983,36,36,1.0,1.250816344594622,1.793711581496792,0.654897542833277,0.7071067811865476,0.5,0.027553848922252655,0.5,1.2126835584640503,simulator_service,service_success,True,,0.0046,0.0,service_success,0.0,False
-18.393082,24,10247.785378,False,1.196572777189344,True,False,3.011899261042717,out_of_bounds,True,0.23379159239194758,0.0,2.0032311314134073,2.3213267171028944,2.0032311314134073,1.5189734756805564,24,24,1.0,1.1609937951886227,1.6689293977771773,0.615809172173389,0.7071067811865476,0.5,-0.24039673805236816,0.5,-1.4924927949905396,simulator_service,service_success,True,,0.0028,0.0,service_success,0.0,False
-37.180077,36,10280.607285,False,4.556626772689848,True,False,2.6482844940172168,out_of_bounds,True,0.88842567825184,0.0,1.2569842029000802,4.084097469513388,1.572618204317827,1.2412879177141416,36,36,1.0,1.317370187772892,1.793711581496792,0.6726349029640208,0.7071067811865476,-0.0166008360683918,-0.5,-0.5,0.22799697518348694,simulator_service,service_success,True,,0.0023,0.0,service_success,0.0,False
-20.279476,12,10306.074232,False,3.237674020328928,True,False,0.4921496581557158,out_of_bounds,True,0.5537043601187862,0.0,1.5518780762240652,1.5518780762240652,1.5518780762240652,0.4921496581557158,12,12,1.0,1.58473485886928,1.7678855699005624,0.5720352607216624,0.7071067811865476,-0.3975149691104889,-0.5,-0.5,1.5707963705062866,simulator_service,service_success,True,,0.0023,0.0,service_success,0.0,False
-19.515583,12,10338.983899,False,4.089267076872958,False,True,0.8618304230208058,unsafe_low_altitude,True,0.45846330611585345,0.0,1.2832581599592279,1.2832581599592279,1.2832581599592279,0.8618304230208058,12,12,1.0,1.329982208417064,1.7431890617936057,0.6369730739081189,0.7071067811865476,0.2670334577560425,0.5,-0.5,-1.5707963705062866,simulator_service,service_success,True,,0.0039,0.0,service_success,0.0,False
-26.89374,24,10369.490679,False,6.737392378626303,True,False,0.27822496750462083,out_of_bounds,True,0.07245886123328706,0.0,3.289809195086518,3.4559927485932707,3.289809195086518,0.27822496750462083,24,24,1.0,1.4601866790594533,1.793711581496792,0.6641414529629291,0.7071067811865476,-0.19101756811141968,0.5,-0.5,-0.3378133773803711,simulator_service,service_success,True,,0.0028,0.0,service_success,0.0,False
-21.302134,12,10394.892486,False,5.828698672575906,True,False,0.5234530670951996,out_of_bounds,True,0.13895813418660968,0.0,1.2749496731250334,1.2749496731250334,1.2749496731250334,0.5234530670951996,12,12,1.0,0.9905894908526798,1.0531263713164647,0.5748490794820705,0.7071067811865476,-0.5,-0.5,0.5,-0.5992287993431091,simulator_service,service_success,True,,0.0024,0.0,service_success,0.0,False
-77.692406,108,10443.016193,False,5.439124903970242,True,False,2.6541171594768778,out_of_bounds,True,0.7994372034476769,0.0,2.5914175477546344,11.591344323208844,4.583695824094132,1.1885381855033088,108,108,1.0,1.200083160813404,1.793711581496792,0.6618770793076606,0.7071067811865476,-0.5,0.4562036097049713,0.5,-1.5707963705062866,simulator_service,service_success,True,,0.0039,0.0,service_success,0.0,False
-23.617086,25,10478.621646,False,3.20851019043102,False,True,0.823545576478563,unsafe_low_altitude,True,0.7343607438169063,0.0,0.8183514672654818,1.6305493428532256,0.8183514672654818,0.823545576478563,25,25,1.0,0.9666996872081209,1.6103047952332605,0.427352273284511,0.660209543976617,0.206003800034523,0.5,0.02034658193588257,0.01133427768945694,simulator_service,service_success,True,,0.0023,0.0,service_success,0.0,False
-25.372908,37,10509.330741,False,4.249763150781934,True,False,3.019421915032664,out_of_bounds,True,0.07772671589492643,0.0,3.055727816256875,4.0469957857511885,3.055727816256875,1.0017534015806082,37,37,1.0,1.2981296546430605,1.793711581496792,0.5988724102518009,0.7071067811865476,-0.5,-0.5,-0.5,1.5707963705062866,simulator_service,service_success,True,,0.0027,0.0,service_success,0.0,False
-29.6615,25,10539.980311,False,5.595189299343742,True,False,3.235426643181013,out_of_bounds,True,0.21434687428170013,0.0,1.7857529386216757,2.9667594670783437,1.7857529386216757,1.7591724806270712,25,25,1.0,1.0938949009532406,1.793711581496792,0.6668286514536296,0.7071067811865476,-0.5,-0.07582088559865952,0.5,0.3434073030948639,simulator_service,service_success,True,,0.0039,0.0,service_success,0.0,False
-37.00272,61,10578.209847,False,3.941220291819524,True,False,0.21130904639009712,out_of_bounds,True,0.8766777444726074,0.0,4.723736269435382,7.941959337254973,4.723736269435382,0.21130904639009712,61,61,1.0,0.994786380284187,1.662201281490321,0.6221337659967059,0.7071067811865476,0.14370082318782806,-0.15767668187618256,-0.5,1.5707963705062866,simulator_service,service_success,True,,0.0023,0.0,service_success,0.0,False
-28.019182,25,10609.093529,False,6.053990953180374,True,False,2.7188605063932196,out_of_bounds,True,0.05643319461090089,0.0,2.6011679769152556,2.8666836456336777,2.6011679769152556,1.683940825795897,25,25,1.0,1.3488011418218904,1.7226904573786643,0.5957328225122975,0.7071067811865476,0.5,-0.5,-0.5,-0.5167636871337891,simulator_service,service_success,True,,0.0023,0.0,service_success,0.0,False
-20.71001,12,10642.247339,False,5.8722933507118595,False,True,0.8714175949393904,unsafe_low_altitude,True,0.572921072500763,0.0,1.8965738291902527,1.8965738291902527,1.8965738291902527,0.8714175949393904,12,12,1.0,1.048841336329226,1.2035034485024565,0.684911624108211,0.7071067811865476,0.5,-0.5,-0.5,-0.8357155919075012,simulator_service,service_success,True,,0.0023,0.0,service_success,0.0,False
-26.66156,25,10673.189559,False,4.3216111559012695,True,False,2.5376530987038928,out_of_bounds,True,0.2383265591553888,0.0,2.4063783066453994,3.2756782803340974,2.4063783066453994,1.6282902166700226,25,25,1.0,1.2242034300388482,1.793711581496792,0.6846159713968173,0.7071067811865476,-0.5,0.5,-0.5,-1.5707963705062866,simulator_service,service_success,True,,0.0027,0.0,service_success,0.0,False
-26.056099,25,10704.005129,False,4.284264952498977,True,False,2.560465214021953,out_of_bounds,True,0.39313191635342204,0.0,2.1812903418367457,2.299561839290879,2.1812903418367457,1.854681108503018,25,25,1.0,1.4628034233498644,1.7271761267104049,0.6076769535023824,0.7071067811865476,0.5,0.5,0.5,0.031309984624385834,simulator_service,service_success,True,,0.0023,0.0,service_success,0.0,False
-26.05017,24,10734.934105,False,3.4652460021215283,True,False,2.5304560148590034,out_of_bounds,True,0.9902291105797726,0.0,1.2959493727007012,2.4417773987060034,1.2959493727007012,1.8611327713213475,24,24,1.0,1.1859139796056934,1.5411338165184396,0.6867687403712126,0.7071067811865476,-0.5,-0.5,0.4006921052932739,0.9230529069900513,simulator_service,service_success,True,,0.0023,0.0,service_success,0.0,False
-56.2042,73,10776.015994,False,6.15584996731599,True,False,2.7724966047200916,out_of_bounds,True,0.36942238660975046,0.0,4.262553923776432,9.422706895799498,4.262553923776432,1.0284581456366377,73,73,1.0,1.5791594353272749,1.793711581496792,0.6721372787171321,0.7071067811865476,0.5,-0.5,-0.5,-0.43149685859680176,simulator_service,service_success,True,,0.0022,0.0,service_success,0.0,False
-28.169317,25,10804.450022,False,5.985139043738461,True,False,0.8906574906273124,out_of_bounds,True,0.730513111767585,0.0,2.649621547843313,3.099386215243661,2.649621547843313,0.8906574906273124,25,25,1.0,1.4815384942621055,1.793711581496792,0.7071067811865477,0.7071067811865476,0.5,0.5,-0.5,-1.5707963705062866,simulator_service,service_success,True,,0.0023,0.0,service_success,0.0,False
-19.35505,13,10833.103581,False,3.5152706422302025,True,False,0.3201267404470042,out_of_bounds,True,0.226532182399764,0.0,1.2026431380316918,1.2026431380316918,1.2026431380316918,0.3201267404470042,13,13,1.0,0.8597726585360318,1.0651490710658496,0.5019484286526734,0.5046168253819002,0.016755878925323486,-0.5,-0.5,-0.18623463809490204,simulator_service,service_success,True,,0.0038,0.0,service_success,0.0,False
-19.834843,13,10866.770841,False,2.812956211016936,False,True,0.8714220700078342,unsafe_low_altitude,True,0.07126817823234026,0.0,1.625061071121999,1.625061071121999,1.625061071121999,0.8714220700078342,13,13,1.0,0.8854268360180062,0.8908904540231923,0.5006142733311383,0.5383841126731721,0.42603200674057007,0.11071309447288513,-0.5,-0.5699263215065002,simulator_service,service_success,True,,0.0022,0.0,service_success,0.0,False
-17.535513,13,10892.827236,False,1.5034359081862516,True,False,0.2954408667668824,out_of_bounds,True,0.6981348847751986,0.0,1.48102056399815,1.48102056399815,1.48102056399815,0.2954408667668824,13,13,1.0,1.6141310018491002,1.737485316559081,0.5426189508323553,0.5490482562240647,0.5,-0.2043393850326538,0.5,-1.5707963705062866,simulator_service,service_success,True,,0.0027,0.0,service_success,0.0,False
-29.266308,25,10924.141877,False,6.8340801248218055,True,False,0.3787196342317211,out_of_bounds,True,0.8453349500583318,0.0,2.5587771767941443,3.3703747032184816,2.5587771767941443,0.3787196342317211,25,25,1.0,1.1814452489132554,1.793711581496792,0.7071067811865477,0.7071067811865476,-0.5,-0.5,-0.26612067222595215,0.2629450559616089,simulator_service,service_success,True,,0.0036,0.0,service_success,0.0,False
-38.894455,50,10960.648089,False,5.269436302513353,True,False,2.7841761469137305,out_of_bounds,True,0.2694919384570084,0.0,2.4089066113551945,5.54748510980899,2.7783181592040056,1.5539753588062388,50,50,1.0,1.460905003247634,1.763731790136977,0.6134217822803385,0.7071067811865476,-0.14018963277339935,-0.5,0.5,1.046252727508545,simulator_service,service_success,True,,0.0022,0.0,service_success,0.0,False
-16.438766,12,10989.462199,False,1.2864124647384632,True,False,3.016456421050755,out_of_bounds,True,0.831832245357985,0.0,1.980330030811146,1.980330030811146,1.980330030811146,1.8558895638961612,12,12,1.0,1.0841268058623965,1.1706558490552406,0.673448582286607,0.7071067811865476,-0.23959127068519592,-0.1858261376619339,-0.5,1.014149785041809,simulator_service,service_success,True,,0.0022,0.0,service_success,0.0,False
-20.126354,25,11020.940922,False,2.1372402945455513,True,False,0.4222604892098444,out_of_bounds,True,0.7374989121182366,0.0,1.9963159583803871,2.9807437712265807,1.9963159583803871,0.4222604892098444,25,25,1.0,1.5006111245925096,1.793711581496792,0.6529510611521411,0.7071067811865476,-0.0833573117852211,0.014088505879044533,-0.5,-0.7918064594268799,simulator_service,service_success,True,,0.0022,0.0,service_success,0.0,False
-26.18305,25,11049.821641,False,2.9921461918016385,True,False,2.617406057920675,out_of_bounds,True,0.3248053249172959,0.0,2.0037271904119347,2.4839145022095774,2.0037271904119347,1.6696864051663927,25,25,1.0,0.9229434122242952,1.7456952425263266,0.4609881470726245,0.6592123116951214,-0.5,0.28293222188949585,-0.5,1.5707963705062866,simulator_service,service_success,True,,0.0022,0.0,service_success,0.0,False
-19.4525,13,11078.850746,False,3.150151663434095,True,False,0.7985882767221995,out_of_bounds,True,0.0026450667897137243,0.0,1.2488191701509883,1.2488191701509883,1.2488191701509883,0.7985882767221995,13,13,1.0,1.2627548206640093,1.7376898194027304,0.6465638156526842,0.7071067811865476,0.5,0.5,-0.5,0.4277876913547516,simulator_service,service_success,True,,0.0036,0.0,service_success,0.0,False
-27.57139,25,11110.503839,False,4.75967561556754,True,False,0.5956349694995406,out_of_bounds,True,0.3965486839571938,0.0,1.1847880420064234,2.9292312249657892,1.4736144149580175,0.5956349694995406,25,25,1.0,0.9354461266129437,1.793711581496792,0.6157591219619378,0.7071067811865476,-0.5,0.5,0.5,1.5707963705062866,simulator_service,service_success,True,,0.0021,0.0,service_success,0.0,False
-37.2707,63,11147.444611,False,2.899833108874104,True,False,0.39841763862381463,out_of_bounds,True,0.6743530132762301,0.0,3.532681049378107,7.063387201091065,3.532681049378107,0.39841763862381463,63,63,1.0,1.366477447250148,1.793711581496792,0.5666565168557355,0.7071067811865476,0.5,-0.5,-0.5,-0.29356205463409424,simulator_service,service_success,True,,0.002,0.0,service_success,0.0,False
-20.479258,13,11176.587702,False,4.147687013827857,True,False,0.19403840052247487,out_of_bounds,True,0.6522185588431074,0.0,1.5737136960613975,1.5737136960613975,1.5737136960613975,0.19403840052247487,13,13,1.0,1.3123378700764985,1.3736004356449094,0.6250510984678593,0.7071067811865476,0.5,-0.5,-0.5,-1.0661979913711548,simulator_service,service_success,True,,0.0036,0.0,service_success,0.0,False
-19.597223,13,11205.830705,False,2.5677422740382405,True,False,0.3391586649299512,out_of_bounds,True,0.5617144820956308,0.0,1.7062522735531025,1.7062522735531025,1.7062522735531025,0.3391586649299512,13,13,1.0,1.079414507994574,1.793711581496792,0.6881123071510122,0.7071067811865476,0.5,0.5,-0.5,-0.15750649571418762,simulator_service,service_success,True,,0.0021,0.0,service_success,0.0,False
-28.88552,63,11245.468403,False,2.340690844611182,True,False,2.6284414103464773,out_of_bounds,True,0.40878274983102114,0.0,1.4341255067844139,6.730524484355341,1.5751141033103386,1.1170848393571184,63,63,1.0,1.1100439435294471,1.7538570117125676,0.585635484482299,0.7071067811865476,-0.15654483437538147,0.5,0.2931704819202423,-0.5409667491912842,simulator_service,service_success,True,,0.0021,0.0,service_success,0.0,False
-18.892262,13,11279.969931,False,3.627415326584862,False,True,0.9182962253550587,unsafe_low_altitude,True,0.8971505555202814,0.0,1.838778971947542,1.838778971947542,1.838778971947542,0.9182962253550587,13,13,1.0,1.3420732456432622,1.7274859973424126,0.7071067811865478,0.7071067811865476,-0.5,0.5,-0.1296404004096985,1.5707963705062866,simulator_service,service_success,True,,0.0021,0.0,service_success,0.0,False
-20.301287,13,11309.185494,False,2.8061879217459156,True,False,0.43278763055144903,out_of_bounds,True,0.2474184544186306,0.0,1.7133125741391924,1.7133125741391924,1.7133125741391924,0.43278763055144903,13,13,1.0,1.109756963764086,1.793711581496792,0.7071067811865478,0.7071067811865476,0.5,-0.5,-0.5,0.565697431564331,simulator_service,service_success,True,,0.0024,0.0,service_success,0.0,False
-63.59742,114,11356.715121,False,5.7802003242390345,True,False,2.6265982861217063,out_of_bounds,True,0.6256602258606898,0.0,6.555011346210305,14.240472969065198,6.555011346210305,1.0978731901843004,114,114,1.0,1.364349734747386,1.793711581496792,0.6464394339846943,0.7071067811865476,-0.5,0.3266810178756714,-0.5,1.5707963705062866,simulator_service,service_success,True,,0.0021,0.0,service_success,0.0,False
-38.22504,38,11388.632794,False,8.477648287372508,True,False,2.426160475594481,out_of_bounds,True,0.3353370720361264,0.0,4.9933293431985994,5.673142509222318,4.9933293431985994,1.1072263980700363,38,38,1.0,1.608405106760122,1.793711581496792,0.7071067811865471,0.7071067811865476,-0.5,0.5,0.5,0.40350013971328735,simulator_service,service_success,True,,0.0035,0.0,service_success,0.0,False
-18.757097,13,11418.118504,False,3.1116081725642197,True,False,2.89557650169814,out_of_bounds,True,0.36428460593359907,0.0,1.2802158835426245,1.2802158835426245,1.2802158835426245,1.9250151487069256,13,13,1.0,0.681302235041705,0.8021132047593632,0.41088375787965903,0.6143065963413817,0.5,-0.35689297318458557,0.5,0.12654247879981995,simulator_service,service_success,True,,0.0035,0.0,service_success,0.0,False
-19.839136,13,11452.720968,False,3.480910498638127,False,True,0.9934267567303761,unsafe_low_altitude,True,0.5993179763302694,0.0,0.9887283891799242,0.9887283891799242,0.9887283891799242,0.9934267567303761,13,13,1.0,0.9170617367347927,0.9514782437746254,0.7071067811865478,0.7071067811865476,-0.5,-0.5,0.5,-0.39409497380256653,simulator_service,service_success,True,,0.002,0.0,service_success,0.0,False
-16.961187,13,11482.401806,False,1.4843473149675943,True,False,2.632216456465696,out_of_bounds,True,0.906170329663855,0.0,1.2654928789191064,1.2654928789191064,1.2654928789191064,1.5665525709068002,13,13,1.0,1.153278450875034,1.5182570980545471,0.6843232480320331,0.7071067811865476,0.5,0.24999289214611053,-0.5,-1.3200788497924805,simulator_service,service_success,True,,0.0024,0.0,service_success,0.0,False
-23.950531,25,11511.736949,False,3.6211079471436753,True,False,0.7981246948032633,out_of_bounds,True,0.5832844290220193,0.0,1.979188445959399,2.334882594178338,1.979188445959399,0.7981246948032633,25,25,1.0,1.4103549845675944,1.793711581496792,0.5563098450993271,0.7071067811865476,0.5,0.19785892963409424,-0.5,-1.4300130605697632,simulator_service,service_success,True,,0.002,0.0,service_success,0.0,False
-32.754547,50,11549.281546,False,2.224618848189776,True,False,3.277138934783859,out_of_bounds,True,0.09176642133313036,0.0,2.684062716633967,6.18798683718531,2.9602816593933023,1.0527678848495616,50,50,1.0,1.412237408415595,1.793711581496792,0.6346380486408463,0.7071067811865476,-0.5,-0.5,0.5,1.5707963705062866,simulator_service,service_success,True,,0.0035,0.0,service_success,0.0,False
-20.837173,13,11578.812894,False,3.423753798595281,True,False,2.711468186201725,out_of_bounds,True,0.42579017377971495,0.0,1.6538585417570257,1.6538585417570257,1.6538585417570257,1.5972809813322217,13,13,1.0,1.3248099905431003,1.7745695084707063,0.7071067811865478,0.7071067811865476,0.5,0.5,0.5,1.2917530536651611,simulator_service,service_success,True,,0.002,0.0,service_success,0.0,False
-20.999472,13,11608.652549,False,3.9538021665620486,True,False,3.3270096883886486,out_of_bounds,True,0.4755173967016539,0.0,1.9446312720079564,1.9446312720079564,1.9446312720079564,2.073424417656952,13,13,1.0,0.9369209450539923,0.9646860901426878,0.6003267056190672,0.7071067811865476,-0.23811468482017517,0.4496440589427948,0.5,0.6494157910346985,simulator_service,service_success,True,,0.002,0.0,service_success,0.0,False
-20.920134,13,11635.792208,False,4.829168784203147,True,False,2.7685578216127333,out_of_bounds,True,0.806419364748714,0.0,1.555171000348938,1.555171000348938,1.555171000348938,1.8697624011838654,13,13,1.0,1.415354285112969,1.7909708554432688,0.6983038602376408,0.7071067811865476,0.4790629744529724,0.5,0.002417832612991333,-0.2793663740158081,simulator_service,service_success,True,,0.002,0.0,service_success,0.0,False
-18.717457,13,11662.902086,False,2.4090663886758747,True,False,0.7832504041019477,out_of_bounds,True,0.16951889728678804,0.0,0.9194313080408912,0.9194313080408912,0.9194313080408912,0.7832504041019477,13,13,1.0,0.8693965863147158,0.9740994204838092,0.6713762563497337,0.7071067811865476,-0.5,0.5,0.5,0.17598584294319153,simulator_service,service_success,True,,0.0034,0.0,service_success,0.0,False
-19.90757,13,11692.807814,False,4.132417148577043,True,False,3.2519753585067233,out_of_bounds,True,0.16027316738164815,0.0,1.7199083372917474,1.7199083372917474,1.7199083372917474,2.0543754010227806,13,13,1.0,1.5177811235248593,1.793711581496792,0.7071067811865478,0.7071067811865476,-0.5,-0.5,0.5,-0.824673593044281,simulator_service,service_success,True,,0.0033,0.0,service_success,0.0,False
-39.81382,39,11727.993355,False,6.949003426761697,True,False,2.3790554077880275,out_of_bounds,True,0.38148950484429844,0.0,2.926243443120952,4.298172955156482,2.926243443120952,1.388615433168617,39,39,1.0,1.5192263742960834,1.793711581496792,0.6982497137519227,0.7071067811865476,-0.49407562613487244,0.5,0.5,-0.976783037185669,simulator_service,service_success,True,,0.0019,0.0,service_success,0.0,False
-20.42283,39,11760.619583,False,1.7221699998519702,True,False,0.6256923771317575,out_of_bounds,True,0.011453928822450362,0.0,2.3950787798543773,3.230848780492389,2.3950787798543773,0.6256923771317575,39,39,1.0,1.0055185209514563,1.793711581496792,0.43318352268907806,0.7071067811865476,0.09711781144142151,-0.09720125049352646,-0.3782646954059601,-0.26940280199050903,simulator_service,service_success,True,,0.002,0.0,service_success,0.0,False
-20.834177,13,11795.993897,False,5.481898853323715,False,True,0.9589139772717855,unsafe_low_altitude,True,0.253933727682623,0.0,1.4023225902153507,1.4023225902153507,1.4023225902153507,0.9589139772717855,13,13,1.0,1.3875526497058912,1.7709049149067606,0.7071067811865478,0.7071067811865476,0.5,0.5,-0.5,0.36171671748161316,simulator_service,service_success,True,,0.0033,0.0,service_success,0.0,False
-21.173807,13,11823.296838,False,3.9389133949632034,True,False,0.47159127237181286,out_of_bounds,True,0.788106052436075,0.0,1.5394239534880279,1.5394239534880279,1.5394239534880279,0.47159127237181286,13,13,1.0,0.9179743577833333,1.095580302634204,0.5697448048450486,0.7071067811865476,-0.5,0.5,-0.5,-0.6710411310195923,simulator_service,service_success,True,,0.0023,0.0,service_success,0.0,False
-20.731594,14,11853.527596,False,2.7536694950308602,True,False,0.15496586623349184,out_of_bounds,True,0.9401059764490024,0.0,1.9293579117267425,1.9293579117267425,1.9293579117267425,0.15496586623349184,14,14,1.0,1.1511732672199464,1.1948918238955033,0.6797262947825501,0.7071067811865476,-0.5,0.5,-0.5,-0.6366907954216003,simulator_service,service_success,True,,0.0033,0.0,service_success,0.0,False
-25.539772,26,11886.212955,False,4.5834240846812255,True,False,2.5828420881044716,out_of_bounds,True,0.010820532309588718,0.0,1.1377472882539141,2.6471413851656993,1.2811405922759858,1.8359805900367039,26,26,1.0,1.407967634493816,1.793711581496792,0.7071067811865477,0.7071067811865476,0.5,0.5,-0.5,-1.5707963705062866,simulator_service,service_success,True,,0.0019,0.0,service_success,0.0,False
-36.3628,39,11921.822607,False,6.86492649699751,True,False,2.9555649235367927,out_of_bounds,True,0.39914183409588533,0.0,3.3332583172755736,4.304648905175578,3.3332583172755736,1.5271079646286314,39,39,1.0,1.5382135939639965,1.793711581496792,0.6703103215978928,0.7071067811865476,-0.32345670461654663,-0.5,0.5,1.2684955596923828,simulator_service,service_success,True,,0.002,0.0,service_success,0.0,False
-17.37349,13,11952.083698,False,2.741230465055123,True,False,0.7095923554061351,out_of_bounds,True,0.8779886386906405,0.0,1.3820360030990577,1.3820360030990577,1.3820360030990577,0.7095923554061351,13,13,1.0,1.0741082349090365,1.328678130914853,0.5748926226097331,0.7071067811865476,0.5,0.5,-0.5,0.170336052775383,simulator_service,service_success,True,,0.0019,0.0,service_success,0.0,False
-21.206263,13,11979.618757,False,4.425995367175638,True,False,0.6464533076535312,out_of_bounds,True,0.8965617684200806,0.0,2.094600820162142,2.094600820162142,2.094600820162142,0.6464533076535312,13,13,1.0,0.8663145760361827,0.8737136264946477,0.7071067811865478,0.7071067811865476,0.5,0.5,-0.46035057306289673,-0.16622306406497955,simulator_service,service_success,True,,0.0019,0.0,service_success,0.0,False
-16.502697,13,12015.361694,False,1.2419276976759457,False,True,0.9877660649795887,unsafe_low_altitude,True,0.7489631269408035,0.0,0.6911550920954651,0.6911550920954651,0.6911550920954651,0.9877660649795887,13,13,1.0,1.5473101141065995,1.625760433208935,0.32297039114890974,0.55609092342497,-0.06284122169017792,0.13147908449172974,-0.12107688933610916,1.5707963705062866,simulator_service,service_success,True,,0.0033,0.0,service_success,0.0,False
-26.436214,26,12048.401181,False,4.544797639889891,True,False,0.7800483407593614,out_of_bounds,True,0.6474029419240774,0.0,1.1549250746176447,3.2089968458841236,1.2422257245019614,0.7800483407593614,26,26,1.0,1.1432041385495497,1.793711581496792,0.6955074278646699,0.7071067811865476,-0.5,0.5,-0.5,-0.7797496914863586,simulator_service,service_success,True,,0.0022,0.0,service_success,0.0,False
-28.588575,39,12084.234409,False,5.531725544630524,True,False,1.6144889113386225,out_of_bounds,True,0.5715775207461324,0.0,3.5219260632672307,5.378179196407986,3.5219260632672307,1.3044612865865242,39,39,1.0,1.412352128006377,1.793711581496792,0.7059248902370668,0.7071067811865476,0.5,0.5,-0.49712398648262024,1.3255729675292969,simulator_service,service_success,True,,0.0019,0.0,service_success,0.0,False
-23.48162,27,12117.339769,False,2.8594615858345453,True,False,2.7751349035445254,out_of_bounds,True,0.13063980559809704,0.0,1.2625005678335681,2.7872000346239227,1.2949020556267095,1.427366157706546,27,27,1.0,1.286901397464359,1.6716906774517295,0.6169198783923138,0.7071067811865476,0.27185487747192383,0.5,0.5,0.24201101064682007,simulator_service,service_success,True,,0.0018,0.0,service_success,0.0,False
-20.734732,14,12147.974986,False,3.7214014488925273,True,False,0.6526616272940156,out_of_bounds,True,0.7577420962841572,0.0,1.37734574364177,1.37734574364177,1.37734574364177,0.6526616272940156,14,14,1.0,1.1716153140258037,1.4996360020900106,0.6458163717898782,0.7071067811865476,0.5,-0.5,-0.19219444692134857,-0.046806126832962036,simulator_service,service_success,True,,0.0019,0.0,service_success,0.0,False
-21.33845,13,12183.897862,False,3.1242262204201694,False,True,0.801619580188776,unsafe_low_altitude,True,0.49427386817377794,0.0,1.9499070355903987,1.9499070355903987,1.9499070355903987,0.801619580188776,13,13,1.0,1.300219850328856,1.4127870711425916,0.7071067811865478,0.7071067811865476,-0.5,-0.5,0.5,-1.1162290573120117,simulator_service,service_success,True,,0.0018,0.0,service_success,0.0,False
-37.203568,40,12217.130613,False,5.888408740572323,True,False,3.0875449194143494,out_of_bounds,True,0.3294444428897687,0.0,1.9513323673192353,4.8477220935757455,1.9513323673192353,1.5702643559964928,40,40,1.0,1.3216313572263292,1.793711581496792,0.646880595674893,0.7071067811865476,0.396104097366333,0.5,0.5,0.759198784828186,simulator_service,service_success,True,,0.0022,0.0,service_success,0.0,False
-25.880545,27,12250.547439,False,5.67858912451222,True,False,0.30285136639845683,out_of_bounds,True,0.8619827338772608,0.0,2.826656524151495,3.082245498352454,2.826656524151495,0.30285136639845683,27,27,1.0,1.5737040515198304,1.793711581496792,0.6799562808879743,0.7071067811865476,0.5,-0.5,-0.5,-0.3714456260204315,simulator_service,service_success,True,,0.0032,0.0,service_success,0.0,False
-19.067448,13,12281.24968,False,2.5519913015710047,True,False,0.6684653456907496,out_of_bounds,True,0.06799671115774625,0.0,1.6060851361099568,1.6060851361099568,1.6060851361099568,0.6684653456907496,13,13,1.0,1.749732213737013,1.753165191307902,0.6120573926295318,0.7071067811865476,-0.5,-0.5,-0.5,1.524332046508789,simulator_service,service_success,True,,0.0018,0.0,service_success,0.0,False
-20.84074,40,12317.495091,False,2.241582434840145,True,False,0.36193948959413796,out_of_bounds,True,0.09550207382435368,0.0,1.562863334222203,2.7282344888461374,1.562863334222203,0.36193948959413796,40,40,1.0,0.9971386694781001,1.671527229775465,0.7000214016642153,0.7071067811865476,0.5,-0.5,-0.5,-1.429686427116394,simulator_service,service_success,True,,0.0018,0.0,service_success,0.0,False
-19.693039,13,12348.233809,False,4.510531642925709,True,False,0.6071342646790951,out_of_bounds,True,0.4273648195040772,0.0,2.1337419533816706,2.1337419533816706,2.1337419533816706,0.6071342646790951,13,13,1.0,1.3151569017687816,1.793711581496792,0.7071067811865478,0.7071067811865476,0.5,-0.5,-0.5,0.5313928723335266,simulator_service,service_success,True,,0.0018,0.0,service_success,0.0,False
-25.286154,27,12387.112901,False,2.45846444390451,False,True,0.8690193188105843,unsafe_low_altitude,True,0.1410207733797294,0.0,2.028008133097611,3.0085427680970653,2.028008133097611,0.8690193188105843,27,27,1.0,1.1035358575927587,1.7495585413382118,0.6270827827778037,0.7071067811865476,-0.4459446966648102,-0.3803776800632477,-0.5,-1.5707963705062866,simulator_service,service_success,True,,0.0018,0.0,service_success,0.0,False
-28.212437,40,12423.340094,False,4.340193229914473,True,False,0.13997188927130588,out_of_bounds,True,0.4560406232106431,0.0,1.9975678243847463,4.734884393759223,1.9975678243847463,0.13997188927130588,40,40,1.0,1.324390585181407,1.7891309476865966,0.6266462839100534,0.7071067811865476,0.5,-0.5,0.3882790207862854,1.5707963705062866,simulator_service,service_success,True,,0.0021,0.0,service_success,0.0,False
-23.868502,27,12456.8416,False,4.48803553807338,True,False,0.18054079683398097,out_of_bounds,True,0.4089693782689745,0.0,2.52035661341478,3.24776989765786,2.52035661341478,0.18054079683398097,27,27,1.0,1.2393007658690942,1.647507346978302,0.5554257366426816,0.7071067811865476,-0.5,-0.3495005667209625,-0.5,-0.53957599401474,simulator_service,service_success,True,,0.0018,0.0,service_success,0.0,False
-21.817923,14,12487.882598,False,3.7899187140313413,True,False,0.7287533329634376,out_of_bounds,True,0.5164850967775015,0.0,1.4685047408667768,1.4685047408667768,1.4685047408667768,0.7287533329634376,14,14,1.0,1.3263939033585246,1.4548056983943316,0.6205859815044864,0.7071067811865476,0.5,0.5,-0.5,-1.1689566373825073,simulator_service,service_success,True,,0.0018,0.0,service_success,0.0,False
-29.968336,27,12518.813648,False,5.516905986140307,True,False,3.0346557945097006,out_of_bounds,True,0.4936841692560592,0.0,2.301405301252215,2.9982378249778394,2.301405301252215,1.4895709059576665,27,27,1.0,1.5937065171645264,1.793711581496792,0.6472270294816169,0.7071067811865476,0.5,0.3604590892791748,0.5,1.5707963705062866,simulator_service,service_success,True,,0.0017,0.0,service_success,0.0,False
-19.260975,27,12552.495124,False,2.1532346406600222,True,False,3.6337643035192375,out_of_bounds,True,0.3546782391569758,0.0,2.0432079676102086,2.205890947545523,2.0432079676102086,1.8264113641383075,27,27,1.0,0.7911157565768354,1.0784356241025093,0.5921536229867175,0.7071067811865476,0.2015676349401474,0.17769289016723633,-0.5,0.22327886521816254,simulator_service,service_success,True,,0.0031,0.0,service_success,0.0,False
-21.027931,14,12583.592814,False,4.7826026184297845,True,False,0.45047071465830996,out_of_bounds,True,0.24528594478344565,0.0,1.9024035128747168,1.9024035128747168,1.9024035128747168,0.45047071465830996,14,14,1.0,1.2226658004266322,1.7907310921850375,0.5894588201779741,0.7071067811865476,-0.5,-0.03499063849449158,-0.5,0.3652040958404541,simulator_service,service_success,True,,0.0018,0.0,service_success,0.0,False
-31.93817,41,12620.232046,False,5.176841700037028,True,False,2.5702069750447953,out_of_bounds,True,0.49261406218483317,0.0,2.505556529252847,5.0121434082021095,2.505556529252847,1.194154522863237,41,41,1.0,1.3769598035985877,1.793711581496792,0.6909310989830811,0.7071067811865476,-0.25617823004722595,0.5,0.5,-0.3524560332298279,simulator_service,service_success,True,,0.0018,0.0,service_success,0.0,True
-21.33066,14,12651.528209,False,3.2238924708858625,True,False,0.774627303530059,out_of_bounds,True,0.7072559741770915,0.0,1.3584193050793938,1.3584193050793938,1.3584193050793938,0.774627303530059,14,14,1.0,0.97134592440304,1.2836547535999963,0.46672116654333023,0.651282983903799,-0.41733622550964355,0.5,-0.36389461159706116,1.0445959568023682,simulator_service,service_success,True,,0.0018,0.0,service_success,0.0,False
-21.122562,14,12688.367549,False,4.395827991106445,False,True,0.866202123519339,unsafe_low_altitude,True,0.3735938309226375,0.0,1.7358565093793477,1.7358565093793477,1.7358565093793477,0.866202123519339,14,14,1.0,1.6800304898287959,1.793711581496792,0.6778789074633543,0.7071067811865476,0.5,0.37544772028923035,-0.5,1.4552308320999146,simulator_service,service_success,True,,0.0017,0.0,service_success,0.0,False
-28.410694,27,12725.069631,False,3.2460997378210616,False,True,0.8040717824624933,unsafe_low_altitude,True,0.456546948125835,0.0,2.209228578558352,2.800861790948768,2.209228578558352,0.8040717824624933,27,27,1.0,1.4543551752348263,1.7703358822201414,0.6346430063799714,0.7071067811865476,0.5,-0.4019303619861603,-0.5,1.4318805932998657,simulator_service,service_success,True,,0.0021,0.0,service_success,0.0,False
-30.245522,27,12759.251586,False,4.744357578508161,True,False,0.6021845221459399,out_of_bounds,True,0.34084186730207683,0.0,1.2427279344612794,2.8497549832494418,1.2427279344612794,0.6021845221459399,27,27,1.0,1.3895991951497837,1.7312294784027744,0.5771363040043782,0.7071067811865476,0.5,-0.413799524307251,-0.5,-0.2996214032173157,simulator_service,service_success,True,,0.0037,0.0,service_success,0.0,False
-21.680244,27,12790.640464,False,1.8983817157499046,True,False,3.0457793801798028,out_of_bounds,True,0.16893808818087036,0.0,1.8112909135106359,3.278835818020749,1.8112909135106359,1.781893884836512,27,27,1.0,1.0596558443011297,1.3815489850179157,0.6273346694391684,0.7071067811865476,0.31576842069625854,0.5,0.20851241052150726,0.9804264307022095,simulator_service,service_success,True,,0.0017,0.0,service_success,0.0,False
-51.846222,68,12830.447074,False,4.916720300725347,True,False,3.2189548011788296,out_of_bounds,True,0.7541050029772511,0.0,2.0413802323003583,6.915354116120559,2.1691720754750494,1.3514138637572537,68,68,1.0,1.111912448357681,1.793711581496792,0.6332875257346221,0.7071067811865476,0.5,0.5,0.5,1.5707963705062866,simulator_service,service_success,True,,0.0031,0.0,service_success,0.0,False
-21.866755,27,12864.806438,False,2.690948970855983,True,False,2.7111007243930607,out_of_bounds,True,0.8415487948528925,0.0,2.213210675579847,2.8439747474060884,2.213210675579847,1.7229756251868598,27,27,1.0,0.9962572337405703,1.1583798312457794,0.6127367342610476,0.7071067811865476,0.5,-0.21598315238952637,0.5,-0.49012094736099243,simulator_service,service_success,True,,0.0029,0.0,service_success,0.0,False
-29.008415,40,12907.581212,False,4.399198750828981,False,True,0.8123825288432999,unsafe_low_altitude,True,0.696637787359986,0.0,2.9177415512388274,5.363642654976755,2.9177415512388274,0.8123825288432999,40,40,1.0,1.3486873468554423,1.793711581496792,0.7032264650854493,0.7071067811865476,0.5,-0.4550416171550751,-0.15062087774276733,-1.0000863075256348,simulator_service,service_success,True,,0.0017,0.0,service_success,0.0,False
-20.798956,14,12939.089982,False,4.515208487860929,True,False,0.6905266354860768,out_of_bounds,True,0.10406587644377145,0.0,1.2156839418181813,1.2156839418181813,1.2156839418181813,0.6905266354860768,14,14,1.0,1.1052978194838814,1.716909554283291,0.44356824215162083,0.5272837415673918,0.04574322700500488,0.30502423644065857,0.258007287979126,1.5707963705062866,simulator_service,service_success,True,,0.0019,0.0,service_success,0.0,False
-31.810934,41,12976.32039,False,4.799514657583505,True,False,0.603586347484648,out_of_bounds,True,0.4365619880169389,0.0,1.8359878010436546,2.828617211327859,1.8359878010436546,0.603586347484648,41,41,1.0,1.0999871117795268,1.7844669616712112,0.4622962824442981,0.7071067811865476,0.5,0.4657478928565979,-0.5,1.5707963705062866,simulator_service,service_success,True,,0.0017,0.0,service_success,0.0,False
-21.248158,14,13007.920037,False,4.57266670550027,True,False,0.3881049225920684,out_of_bounds,True,0.12697784201288154,0.0,1.655849687539628,1.655849687539628,1.655849687539628,0.3881049225920684,14,14,1.0,0.8458451590965017,1.0111449775315873,0.6796531919616153,0.7071067811865476,0.5,-0.12310406565666199,-0.5,0.7122215628623962,simulator_service,service_success,True,,0.0016,0.0,service_success,0.0,False
-19.431805,28,13048.056856,False,2.2407968288310496,False,True,0.8348672007981748,unsafe_low_altitude,True,0.08986197394717818,0.0,1.2686459112532362,2.3708339002977104,1.2686459112532362,0.8348672007981748,28,28,1.0,0.9046103724479498,1.0787363841665523,0.5873551416579431,0.6597882625043324,-0.5,-0.4304887354373932,-0.5,-0.43207380175590515,simulator_service,service_success,True,,0.0017,0.0,service_success,0.0,False
-37.359493,55,13093.773948,False,3.5862089098250096,False,True,0.8026911779427129,unsafe_low_altitude,True,0.3053365105830943,0.0,1.2732190388802496,5.784680176792838,1.333513915886408,0.8026911779427129,55,55,1.0,1.1511773677926398,1.791292736921651,0.6326211329267301,0.7071067811865476,0.5,-0.30320656299591064,0.5,-1.5404170751571655,simulator_service,service_success,True,,0.002,0.0,service_success,0.0,False
-39.626877,41,13131.136785,False,5.122729426000135,True,False,2.674370141289185,out_of_bounds,True,0.35698078233339703,0.0,1.2563093137619394,4.86965483892639,2.0749668782404385,1.1511590786915862,41,41,1.0,1.474072040484894,1.793711581496792,0.7071067811865471,0.7071067811865476,-0.5,-0.5,-0.5,1.1025350093841553,simulator_service,service_success,True,,0.002,0.0,service_success,0.0,False
-19.964401,14,13168.520074,False,3.2990431592232192,False,True,0.9897058400521742,unsafe_low_altitude,True,0.18243068594392778,0.0,1.2826830877823325,1.2826830877823325,1.2826830877823325,0.9897058400521742,14,14,1.0,1.1256098978517959,1.732665638883247,0.7055072977347646,0.7071067811865476,0.5,0.5,0.5,-0.5987367630004883,simulator_service,service_success,True,,0.0016,0.0,service_success,0.0,False
-18.984686,14,13200.375093,False,3.0753877028373684,True,False,0.37547175783482195,out_of_bounds,True,0.6034164834398961,0.0,1.8166600971709808,1.8166600971709808,1.8166600971709808,0.37547175783482195,14,14,1.0,0.970453181861427,1.0092136510213943,0.7071067811865478,0.7071067811865476,-0.5,0.5,0.43362683057785034,0.5627169609069824,simulator_service,service_success,True,,0.002,0.0,service_success,0.0,False
-39.963577,95,13249.085223,False,1.8006688496195622,True,False,0.06484592985529476,out_of_bounds,True,0.2298143242442729,0.0,1.8675338406041462,10.211511903926127,2.307324607147647,0.06484592985529476,95,95,1.0,1.2471536153375298,1.7515347201419718,0.6111382047291399,0.7071067811865476,0.5,-0.38509562611579895,0.5,-0.2205631136894226,simulator_service,service_success,True,,0.0016,0.0,service_success,0.0,False
-33.6054,41,13286.652886,False,5.524835049301334,True,False,0.5270803027806203,out_of_bounds,True,0.5764175625559016,0.0,3.018346364462255,4.440866055967186,3.018346364462255,0.5270803027806203,41,41,1.0,1.3537826400852768,1.793711581496792,0.6699848319720755,0.7071067811865476,-0.5,-0.5,0.5,1.5707963705062866,simulator_service,service_success,True,,0.0016,0.0,service_success,0.0,False
-32.807793,68,13329.813552,False,4.677608962278327,True,False,2.709833570017307,out_of_bounds,True,0.49965184408067437,0.0,2.6598715475710537,7.157566593939187,2.6598715475710537,1.127875094143344,68,68,1.0,1.2460523743766565,1.793711581496792,0.5941897892416542,0.7071067811865476,-0.5,0.5,0.5,1.5707963705062866,simulator_service,service_success,True,,0.0016,0.0,service_success,0.0,False
-18.640362,14,13362.001881,False,2.0825696414281376,True,False,2.8092909509083177,out_of_bounds,True,0.2177287689139715,0.0,1.7177198233545619,1.7177198233545619,1.7177198233545619,1.532125650167258,14,14,1.0,1.2161187017398005,1.6066197603126595,0.6632702796226845,0.7071067811865476,-0.3817690908908844,-0.5,0.5,-1.3912150859832764,simulator_service,service_success,True,,0.0016,0.0,service_success,0.0,False
-20.074133,14,13391.138276,False,4.813239783288762,True,False,0.723963293340941,out_of_bounds,True,0.1252708554430109,0.0,1.9906778594160526,1.9906778594160526,1.9906778594160526,0.723963293340941,14,14,1.0,1.0763237917839057,1.4931918081929587,0.6145440417073521,0.7071067811865476,-0.5,-0.5,-0.5,-1.2163970470428467,simulator_service,service_success,True,,0.0016,0.0,service_success,0.0,False
-23.208511,28,13426.251859,False,3.856113145844435,True,False,2.6366725272477707,out_of_bounds,True,0.5660279422089872,0.0,2.4274479325247684,3.3151039920538388,2.4274479325247684,1.2732620688557548,28,28,1.0,1.4474723084044832,1.6609497894449792,0.5542252159738362,0.7071067811865476,0.5,0.5,0.5,0.8573493957519531,simulator_service,service_success,True,,0.0029,0.0,service_success,0.0,True
-18.369732,14,13458.484362,False,3.2185798610243457,True,False,3.1924635105649024,out_of_bounds,True,0.6362311156676583,0.0,1.394336316879045,1.394336316879045,1.394336316879045,2.023682382380186,14,14,1.0,0.9867881435146965,1.0179664729548736,0.5567956891098039,0.6990205195776972,-0.5,-0.48849737644195557,0.28603625297546387,-0.6150570511817932,simulator_service,service_success,True,,0.0016,0.0,service_success,0.0,False
-20.320822,13,13490.645392,False,3.3065905857325895,True,False,2.671203755597818,out_of_bounds,True,0.5106203716148107,0.0,1.2201246479791636,1.2201246479791636,1.2201246479791636,1.674111282563577,13,13,1.0,1.1486666593520884,1.7764890507193298,0.5838042734664982,0.7071067811865476,-0.5,0.5,-0.5,1.536881923675537,simulator_service,service_success,True,,0.0016,0.0,service_success,0.0,False
-19.347713,14,13522.998379,False,3.8971641722331896,True,False,0.6863118385542701,out_of_bounds,True,0.8415859795391566,0.0,1.5038521349389653,1.5038521349389653,1.5038521349389653,0.6863118385542701,14,14,1.0,1.054716812783994,1.3978612696540607,0.7071067811865478,0.7071067811865476,-0.5,0.5,-0.5,1.0972766876220703,simulator_service,service_success,True,,0.0017,0.0,service_success,0.0,False
-21.103363,14,13555.300348,False,4.20226339841561,True,False,0.511086466605778,out_of_bounds,True,0.15560339393068448,0.0,1.4742177429085428,1.4742177429085428,1.4742177429085428,0.511086466605778,14,14,1.0,1.4630871512766974,1.7540224782815907,0.645518698913114,0.7071067811865476,0.5,0.5,-0.5,0.6727034449577332,simulator_service,service_success,True,,0.0016,0.0,service_success,0.0,False
-25.053913,56,13596.485981,False,3.8669915843396656,True,False,0.7194599503598905,out_of_bounds,True,0.9699663456111579,0.0,2.7076592165787012,6.262615212316694,2.7076592165787012,0.7194599503598905,56,56,1.0,1.280872535392088,1.723289046509415,0.6185150463470542,0.7071067811865476,-0.10316338390111923,-0.5,0.5,-1.108257532119751,simulator_service,service_success,True,,0.0016,0.0,service_success,0.0,False
-29.01511,28,13631.710459,False,6.388745282725999,True,False,0.4319673536680206,out_of_bounds,True,0.22499084683572398,0.0,2.451130850521817,3.6801915450667595,2.451130850521817,0.4319673536680206,28,28,1.0,1.3816487404823583,1.793711581496792,0.7022726727491156,0.7071067811865476,-0.5,-0.5,-0.5,-1.5707963705062866,simulator_service,service_success,True,,0.0016,0.0,service_success,0.0,False
-20.800621,28,13666.895084,False,3.313527957794957,True,False,2.7584559444721073,out_of_bounds,True,0.44858365416425244,0.0,2.7158336317627416,3.5275632809667585,2.7158336317627416,1.2786394900145788,28,28,1.0,1.0462868837126975,1.5873037188342634,0.6952436070621514,0.7071067811865476,0.5,0.5,0.5,-0.03647680580615997,simulator_service,service_success,True,,0.0015,0.0,service_success,0.0,True
-42.93689,56,13708.078793,False,6.249391321287627,True,False,0.31932852777837417,out_of_bounds,True,0.16052691016419385,0.0,3.9317808031561774,5.390030991903464,3.9317808031561774,0.31932852777837417,56,56,1.0,1.3428527139662376,1.7667969535716146,0.6675918244647702,0.7071067811865476,-0.5,-0.5,-0.5,1.4727846384048462,simulator_service,service_success,True,,0.0016,0.0,service_success,0.0,False
-18.521769,14,13737.81644,False,2.928207421099142,True,False,0.6348582990303647,out_of_bounds,True,0.09847435956749641,0.0,1.121390964208565,1.121390964208565,1.121390964208565,0.6348582990303647,14,14,1.0,1.4310364126994908,1.7883599780354833,0.6606328570345059,0.7071067811865476,-0.5,-0.5,0.5,-1.0427454710006714,simulator_service,service_success,True,,0.0015,0.0,service_success,0.0,False
-21.538458,14,13770.460789,False,3.691906875973846,True,False,2.878367879276436,out_of_bounds,True,0.09667392409412517,0.0,2.278557256568615,2.278557256568615,2.278557256568615,1.5478721194135114,14,14,1.0,1.594470035981572,1.793711581496792,0.7071067811865478,0.7071067811865476,0.5,0.5,0.4517786502838135,1.5707963705062866,simulator_service,service_success,True,,0.0027,0.0,service_success,0.0,False
-19.659134,14,13803.183547,False,3.363380065216861,True,False,3.2792640709490595,out_of_bounds,True,0.7399376007658206,0.0,1.3171989058226052,1.3171989058226052,1.3171989058226052,1.9866148206434715,14,14,1.0,1.4288931448617999,1.793711581496792,0.6408717105476542,0.7071067811865476,-0.5,-0.5,0.5,-1.5707963705062866,simulator_service,service_success,True,,0.0015,0.0,service_success,0.0,False
-60.171906,99,13853.327389,False,6.5750541884865195,True,False,3.4333782373133372,out_of_bounds,True,0.312556146759981,0.0,3.9685104381417613,12.157241660797487,3.9685104381417613,1.03227167024021,99,99,1.0,1.2991594647380422,1.793711581496792,0.6519619826368147,0.7071067811865476,-0.16944104433059692,0.5,0.5,-1.5707963705062866,simulator_service,service_success,True,,0.0015,0.0,service_success,0.0,False
-22.768742,15,13886.079106,False,5.235311733095083,True,False,2.955971795496531,out_of_bounds,True,0.5702796844999773,0.0,1.3636926013326358,1.3636926013326358,1.3636926013326358,1.6440239062730992,15,15,1.0,1.25268500501627,1.7179205045500376,0.6176960711759398,0.7071067811865476,-0.5,-0.5,-0.29853031039237976,-0.8624127507209778,simulator_service,service_success,True,,0.0015,0.0,service_success,0.0,False
-17.16156,14,13918.869263,False,1.8853350846240946,True,False,0.4083143125161129,out_of_bounds,True,0.5870501309877654,0.0,2.215462950958476,2.215462950958476,2.215462950958476,0.4083143125161129,14,14,1.0,1.3780714762119501,1.3818921136070126,0.676195171633278,0.7071067811865476,-0.40791037678718567,-0.5,-0.5,-1.1055200099945068,simulator_service,service_success,True,,0.0017,0.0002,service_success,0.0,False
-22.37413,28,13951.719553,False,3.5992335571857987,True,False,2.953101460788377,out_of_bounds,True,0.3032077004554545,0.0,2.0611482763130375,2.105863393819427,2.0611482763130375,1.7458460607399295,28,28,1.0,1.3224499485430066,1.7227905316704635,0.5599761956239208,0.7071067811865476,-0.5,-0.07914160192012787,-0.5,-0.6399990320205688,simulator_service,service_success,True,,0.0015,0.0,service_success,0.0,False
-22.493374,15,13984.539667,False,5.698422601926983,True,False,0.25347394341783475,out_of_bounds,True,0.07416845912686458,0.0,2.043430532394957,2.043430532394957,2.043430532394957,0.25347394341783475,15,15,1.0,1.6204360802846187,1.793711581496792,0.6171536240220739,0.7071067811865476,-0.14782309532165527,-0.5,0.5,-0.3278159499168396,simulator_service,service_success,True,,0.0027,0.0,service_success,0.0,False
-25.467037,29,14017.472309,False,4.967931753565649,True,False,2.484939727827843,out_of_bounds,True,0.6750696601905043,0.0,2.5714877651141093,2.77893258999275,2.5714877651141093,2.0079092983386833,29,29,1.0,1.198041462287351,1.6741360631405644,0.5430535127298357,0.7071067811865476,0.19337545335292816,-0.36062324047088623,-0.5,0.8861151337623596,simulator_service,service_success,True,,0.0015,0.0,service_success,0.0,False
-18.096106,14,14056.307927,False,1.3794942783395547,False,True,0.9907127769350752,unsafe_low_altitude,True,0.012968809600472862,0.0,1.4421370058814076,1.4421370058814076,1.4421370058814076,0.9907127769350752,14,14,1.0,0.9288182450590247,1.0731733766010292,0.5926807270804143,0.642237631293823,-0.21285855770111084,-0.5,-0.10796540975570679,0.9190950989723206,simulator_service,service_success,True,,0.0027,0.0,service_success,0.0,False
-21.370834,14,14089.179955,False,4.212096336899829,True,False,2.8667465688431943,out_of_bounds,True,0.8075827474423887,0.0,1.1537283681306754,1.1537283681306754,1.1537283681306754,1.8937468507540773,14,14,1.0,1.0375551399389933,1.5494452912863192,0.5893296802692306,0.7071067811865476,-0.5,-0.5,-0.5,-0.5630905032157898,simulator_service,service_success,True,,0.0018,0.0,service_success,0.0,False
-40.252174,56,14128.219949,False,4.800485134915326,True,False,3.2522618357047715,out_of_bounds,True,0.7701963875380244,0.0,1.8420093508783169,5.106547649280907,1.8420093508783169,1.2366249391646327,56,56,1.0,1.4870209970395194,1.793711581496792,0.5902440902400581,0.7071067811865476,0.39084336161613464,0.5,0.5,0.5686915516853333,simulator_service,service_success,True,,0.0015,0.0,service_success,0.0,False
-18.62724,14,14161.357043,False,3.0036316873801296,True,False,0.4959955870554882,out_of_bounds,True,0.7980033611419319,0.0,1.735171115499443,1.735171115499443,1.735171115499443,0.4959955870554882,14,14,1.0,1.0780989446730818,1.7830957019167313,0.7071067811865478,0.7071067811865476,-0.5,-0.5,0.4604661166667938,-1.5707963705062866,simulator_service,service_success,True,,0.0026,0.0,service_success,0.0,False
-21.084892,15,14194.505719,False,5.180705623451487,True,False,3.0859699934204783,out_of_bounds,True,0.1714540088758737,0.0,1.8888176637787364,1.8888176637787364,1.8888176637787364,1.754301981691911,15,15,1.0,1.33064785247249,1.7445005712374169,0.6435248951344755,0.7071067811865476,0.5,-0.5,0.5,0.43364042043685913,simulator_service,service_success,True,,0.0015,0.0,service_success,0.0,False
-31.722338,28,14230.625095,False,6.295142869746479,True,False,2.6112261922327007,out_of_bounds,True,0.6768262234559735,0.0,1.7845990404419165,3.1621651258610664,1.7845990404419165,1.1720520076669272,28,28,1.0,1.38521664019908,1.793711581496792,0.6134651935609848,0.7071067811865476,-0.5,-0.5,0.5,1.5707963705062866,simulator_service,service_success,True,,0.0015,0.0,service_success,0.0,True
-19.252197,15,14263.932677,False,2.80146300949996,True,False,0.4360695282555385,out_of_bounds,True,0.7216489311555122,0.0,1.8914141011850192,1.8914141011850192,1.8914141011850192,0.4360695282555385,15,15,1.0,0.9202852537077263,1.0375283138978848,0.44232804159110456,0.5679202098149346,-0.038168296217918396,0.0017829006537795067,-0.11998892575502396,-0.6489879488945007,simulator_service,service_success,True,,0.0014,0.0,service_success,0.0,False
-18.753693,29,14300.104641,False,1.2725885197650877,True,False,2.603991499382897,out_of_bounds,True,0.5590770037358254,0.0,1.3833483365971215,2.788751887796287,1.3833483365971215,1.1477524518704945,29,29,1.0,1.094367634584887,1.609745155451093,0.48761722708284555,0.7071067811865476,0.15321874618530273,-0.264456570148468,0.5,-0.49650585651397705,simulator_service,service_success,True,,0.0015,0.0,service_success,0.0,False
-35.087357,43,14336.342931,False,3.6558895085897545,True,False,2.73209843288211,out_of_bounds,True,0.12619452143397378,0.0,2.5772304928438485,5.064194250239774,2.5772304928438485,1.2392770106297955,43,43,1.0,1.219200341239339,1.793711581496792,0.6891347597426385,0.7071067811865476,-0.5,0.5,0.5,1.452256679534912,simulator_service,service_success,True,,0.0014,0.0,service_success,0.0,True
-24.69205,29,14372.67716,False,3.6614481166865276,True,False,3.273702029757229,out_of_bounds,True,0.850034161650941,0.0,2.2683116734823248,3.224262028381478,2.2683116734823248,1.8402129021643765,29,29,1.0,1.4907367098822586,1.7476466632526466,0.6431347630468732,0.7071067811865476,0.5,-0.5,0.5,1.2306886911392212,simulator_service,service_success,True,,0.0025,0.0,service_success,0.0,False
-39.703247,57,14414.841964,False,5.514449302907787,True,False,2.690455315030572,out_of_bounds,True,0.3886886194182703,0.0,2.2295883616843493,6.4797638949956635,2.2295883616843493,1.1717305873691748,57,57,1.0,1.4492536211583888,1.793711581496792,0.6120710367305284,0.7071067811865476,-0.5,0.5,0.5,1.279609203338623,simulator_service,service_success,True,,0.0014,0.0,service_success,0.0,False
-19.995676,29,14451.254625,False,1.8939886708917337,True,False,2.608479283039474,out_of_bounds,True,0.6756845412584318,0.0,2.70507745524116,2.8123425357918177,2.70507745524116,1.9937501473245531,29,29,1.0,1.2617220807976641,1.793711581496792,0.5209168702497922,0.7071067811865476,-0.5,0.3764509856700897,-0.5,-1.1133995056152344,simulator_service,service_success,True,,0.0014,0.0,service_success,0.0,False
-21.449562,15,14484.93565,False,3.425569427275485,True,False,2.782581395868622,out_of_bounds,True,0.7140482017843983,0.0,1.6366988156407882,1.6366988156407882,1.6366988156407882,1.9115801430039951,15,15,1.0,1.6936790053466495,1.793711581496792,0.7071067811865478,0.7071067811865476,-0.5,-0.5,0.4948955476284027,-1.453138828277588,simulator_service,service_success,True,,0.0014,0.0,service_success,0.0,False
-26.610413,29,14521.470095,False,3.5012162610455673,True,False,0.6490661205626737,out_of_bounds,True,0.6071512720501867,0.0,3.088598487886565,3.194107653225983,3.088598487886565,0.6490661205626737,29,29,1.0,1.446202268526612,1.793711581496792,0.7035386532828276,0.7071067811865476,0.5,-0.5,-0.5,1.5707963705062866,simulator_service,service_success,True,,0.0014,0.0,service_success,0.0,False
-43.494637,72,14564.087104,False,7.218260666226063,True,False,3.4486648206829367,out_of_bounds,True,0.8789491447246115,0.0,5.163967927787107,8.654804717966186,5.163967927787107,1.1202748280002235,72,72,1.0,1.2296722866709409,1.793711581496792,0.6182568377120703,0.7071067811865476,-0.5,-0.5,0.17532607913017273,1.5707963705062866,simulator_service,service_success,True,,0.0014,0.0,service_success,0.0,False
-22.982094,29,14597.770324,False,3.3548809769463115,True,False,0.25026676199353604,out_of_bounds,True,0.03909836130754233,0.0,2.904634340928706,3.100702043958886,2.904634340928706,0.25026676199353604,29,29,1.0,1.7659831107862083,1.793711581496792,0.6287421453011557,0.7071067811865476,0.5,-0.3394518792629242,-0.5,1.5707963705062866,simulator_service,service_success,True,,0.0025,0.0,service_success,0.0,False
-42.672592,100,14649.349822,False,1.9252497542077305,True,False,3.0476055810375136,out_of_bounds,True,0.970178809571027,0.0,4.259498807006401,9.42805508975666,4.259498807006401,1.0221297458030874,100,100,1.0,0.9731985125201564,1.7227695069573814,0.5608046160983938,0.7071067811865476,0.5,-0.5,0.5,-0.7380262017250061,simulator_service,service_success,True,,0.0026,0.0,service_success,0.0,False
-30.793434,29,14686.104647,False,7.181547340269921,True,False,3.3634007960190604,out_of_bounds,True,0.2758699889562892,0.0,2.875218495078245,2.8868453206893543,2.875218495078245,1.7060380325275013,29,29,1.0,1.2125497704782906,1.6886407069622447,0.6798432248648206,0.7071067811865476,-0.5,0.5,0.5,-0.05723661184310913,simulator_service,service_success,True,,0.0014,0.0,service_success,0.0,False
-19.753199,15,14719.969334,False,2.834260469115062,True,False,3.3601147853615796,out_of_bounds,True,0.2585327970230994,0.0,1.6150142280236943,1.6150142280236943,1.6150142280236943,1.9738563753235243,15,15,1.0,1.5445963097799305,1.7281250104172627,0.32713280779443527,0.5186663802811409,0.012640014290809631,0.1074967086315155,0.5,-1.2329262495040894,simulator_service,service_success,True,,0.0014,0.0,service_success,0.0,False
-23.17287,44,14759.889953,False,2.3747539135485605,True,False,0.32711722003443183,out_of_bounds,True,0.8154713720736428,0.0,1.9078960650784698,4.475103007312869,1.9703324568337828,0.32711722003443183,44,44,1.0,1.5372306965309015,1.793711581496792,0.6711890268426083,0.7071067811865476,0.05901041254401207,-0.5,0.5,-1.398252248764038,simulator_service,service_success,True,,0.0014,0.0,service_success,0.0,False
-42.696846,73,14805.785984,False,2.531385734311581,True,False,3.181537522104291,out_of_bounds,True,0.13576709645592636,0.0,2.829121555845256,7.806160412877343,2.829121555845256,1.0205910905195061,73,73,1.0,1.1764385382422096,1.7805340272557004,0.6353885486752278,0.7071067811865476,-0.5,-0.5,0.3192882835865021,1.5707963705062866,simulator_service,service_success,True,,0.0013,0.0,service_success,0.0,False
-18.411053,15,14839.678836,False,2.482310422429878,True,False,0.548229191608146,out_of_bounds,True,0.36734719861508636,0.0,1.3685191723018755,1.3685191723018755,1.3685191723018755,0.548229191608146,15,15,1.0,1.5925114994533793,1.7784389798627889,0.6276325413103859,0.7071067811865476,0.5,0.5,-0.1840541511774063,0.6076659560203552,simulator_service,service_success,True,,0.0014,0.0,service_success,0.0,False
-34.48688,44,14879.681291,False,5.321283578459598,True,False,1.0705421240096038,out_of_bounds,True,0.34460748709327393,0.0,2.669209984117477,4.121095694000785,2.669209984117477,1.0705421240096038,44,44,1.0,1.4494869796756171,1.793711581496792,0.591815914129945,0.7071067811865476,0.5,0.5,-0.5,-1.5707963705062866,simulator_service,service_success,True,,0.0013,0.0,service_success,0.0,False
-18.550446,15,14913.737682,False,2.576022526421776,True,False,2.6657333248129778,out_of_bounds,True,0.6746452410223589,0.0,1.4833114917282275,1.4833114917282275,1.4833114917282275,1.6319979942995348,15,15,1.0,0.9899203769616186,1.7685749696830562,0.7071067811865478,0.7071067811865476,-0.5,0.5,0.4601288437843323,0.19675156474113464,simulator_service,service_success,True,,0.0013,0.0,service_success,0.0,False
-22.172813,30,14950.761478,False,2.7310057935179315,True,False,2.6435905783549454,out_of_bounds,True,0.776749921997222,0.0,2.1870896586147546,3.3492238852895717,2.1870896586147546,1.247494082264914,30,30,1.0,1.104859950632691,1.7450579241090396,0.6052416107242944,0.7071067811865476,-0.43023982644081116,-0.3777824938297272,0.5,-1.5707963705062866,simulator_service,service_success,True,,0.0013,0.0,service_success,0.0,False
-18.198498,15,14985.01536,False,2.4157069499274835,True,False,2.5165984460025657,out_of_bounds,True,0.7701002994299385,0.0,1.069506588379601,1.069506588379601,1.069506588379601,1.5551656100005673,15,15,1.0,1.323292457484478,1.793711581496792,0.6689816649125737,0.7071067811865476,-0.5,0.12943272292613983,0.06803236901760101,-0.05939922481775284,simulator_service,service_success,True,,0.0013,0.0,service_success,0.0,False
-21.096542,15,15016.152175,False,4.97817970311644,True,False,0.785033125646114,out_of_bounds,True,0.8947557731151402,0.0,1.8415721651879113,1.8415721651879113,1.8415721651879113,0.785033125646114,15,15,1.0,1.3357268908455144,1.7659153658516566,0.6363368406877536,0.7071067811865476,0.15082506835460663,-0.09135016798973083,-0.5,0.4808816909790039,simulator_service,service_success,True,,0.0013,0.0,service_success,0.0,False
-19.999882,15,15050.252375,False,2.558886014525248,True,False,0.10961958881740277,out_of_bounds,True,0.6647037819435386,0.0,1.7644877078950332,1.7644877078950332,1.7644877078950332,0.10961958881740277,15,15,1.0,1.3721676783540642,1.6860365213389674,0.6408131814631998,0.7071067811865476,0.5,-0.5,0.02324099838733673,1.5304179191589355,simulator_service,service_success,True,,0.0025,0.0,service_success,0.0,False
-19.348553,15,15084.655996,False,4.2681770328119795,True,False,0.4873351943965612,out_of_bounds,True,0.42029947974442056,0.0,1.8727352546480378,1.8727352546480378,1.8727352546480378,0.4873351943965612,15,15,1.0,0.9147824922631682,0.927909355854698,0.6811725616423605,0.7071067811865476,0.5,0.5,-0.44845253229141235,0.3388729393482208,simulator_service,service_success,True,,0.0013,0.0,service_success,0.0,False
-19.432198,30,15118.994416,False,2.5660481612988884,True,False,3.7836545064790243,out_of_bounds,True,0.41891048777925893,0.0,4.014129456035163,4.213289662114486,4.014129456035163,1.9171835169738256,30,30,1.0,1.3346280233350387,1.7315713578051015,0.6935660036126088,0.7071067811865476,-0.5,-0.4178999066352844,0.5,-1.524368405342102,simulator_service,service_success,True,,0.0013,0.0,service_success,0.0,False
-27.030748,29,15156.414618,False,5.800826416902013,True,False,0.3513724915118554,out_of_bounds,True,0.536972831948543,0.0,3.0039242896966325,3.2674025929470574,3.0039242896966325,0.3513724915118554,29,29,1.0,1.3896387671518675,1.5084089200687503,0.6464864710358541,0.7071067811865476,0.5,-0.5,-0.5,-1.2350293397903442,simulator_service,service_success,True,,0.0024,0.0,service_success,0.0,False
-28.93732,44,15196.907445,False,1.6281221804143702,True,False,2.5981665398272034,out_of_bounds,True,0.3617176863773106,0.0,3.239317848480653,4.163321049732929,3.239317848480653,1.8182474412212397,44,44,1.0,1.3010021015405058,1.7231750184544201,0.6390042899940797,0.7071067811865476,-0.5,0.5,0.5,-0.8492915630340576,simulator_service,service_success,True,,0.0013,0.0,service_success,0.0,False
-20.755375,15,15231.310771,False,4.915189047831308,True,False,0.6430461028345662,out_of_bounds,True,0.11431055609947459,0.0,1.8012826873532157,1.8012826873532157,1.8012826873532157,0.6430461028345662,15,15,1.0,1.097797978878903,1.4585028907311715,0.5986316935726319,0.7071067811865476,0.5,0.5,-0.3398803770542145,1.2295169830322266,simulator_service,service_success,True,,0.0013,0.0,service_success,0.0,False
-21.269463,15,15265.816257,False,4.124384067665817,True,False,2.853941584737314,out_of_bounds,True,0.285669101902263,0.0,1.7662977073070711,1.7662977073070711,1.7662977073070711,1.958444436950837,15,15,1.0,1.1496393250009083,1.793711581496792,0.657276149973669,0.7071067811865476,-0.24684886634349823,0.5,0.5,-0.4303615689277649,simulator_service,service_success,True,,0.0013,0.0,service_success,0.0,False
-18.5364,15,15306.563813,False,2.9912071797223296,False,True,0.8211078075369187,unsafe_low_altitude,True,0.8411806739164941,0.0,1.8667113587234314,1.8667113587234314,1.8667113587234314,0.8211078075369187,15,15,1.0,0.9363763610766305,1.031861347910043,0.6623066172397992,0.7071067811865476,0.5,0.460940957069397,-0.5,-0.3284204602241516,simulator_service,service_success,True,,0.0013,0.0,service_success,0.0,False
-35.787224,43,15344.067781,False,3.855030298179935,True,False,3.7936594905194716,out_of_bounds,True,0.3360805701751317,0.0,2.377302992069175,4.768288616902286,2.377302992069175,1.1003742008184878,43,43,1.0,1.5280779109277631,1.793711581496792,0.6688383165574282,0.7071067811865476,0.5,-0.5,0.5,1.5707963705062866,simulator_service,service_success,True,,0.0015,0.0,service_success,0.0,False
-72.93474,148,15403.309373,False,4.497208422269185,True,False,2.7277089123968326,out_of_bounds,True,0.5016277640178707,0.0,4.052815556154185,14.232627138066285,4.052815556154185,1.2063545787797116,148,148,1.0,1.2539930143438975,1.793711581496792,0.6331590272469919,0.7071067811865476,0.5,-0.5,0.5,-0.1721126139163971,simulator_service,service_success,True,,0.0023,0.0,service_success,0.0,False
-26.386276,30,15441.033344,False,2.645283742103934,True,False,2.591587777984381,out_of_bounds,True,0.7088072136506133,0.0,1.7457958516601002,2.6048919160320896,1.7457958516601002,1.6788790702265182,30,30,1.0,1.3670450565929397,1.744558762574708,0.5949839312428026,0.7071067811865476,-0.5,0.3598891496658325,0.5,-1.5536940097808838,simulator_service,service_success,True,,0.0023,0.0,service_success,0.0,False
-18.630745,15,15475.806148,False,2.4364031920198084,True,False,2.7944220875001733,out_of_bounds,True,0.14459664261652355,0.0,0.7873519121852636,0.7873519121852636,0.7873519121852636,2.0186573925834104,15,15,1.0,1.305459071051204,1.7520599849025777,0.6771571176562984,0.7071067811865476,-0.5,0.5,0.12459389865398407,-0.566676139831543,simulator_service,service_success,True,,0.0012,0.0,service_success,0.0,False
-22.426937,30,15513.684474,False,3.1829592918371032,True,False,2.82717357086651,out_of_bounds,True,0.31430261971806617,0.0,1.835703309992677,2.8819819096629162,1.835703309992677,1.290014440486201,30,30,1.0,1.1451362162524117,1.5105846226453898,0.4517915711362916,0.6616433856796626,-0.3021891415119171,-0.20884470641613007,0.5,1.121539831161499,simulator_service,service_success,True,,0.0012,0.0,service_success,0.0,True
-22.307966,15,15548.57725,False,3.811303632729147,True,False,0.4809225033046857,out_of_bounds,True,0.008535650211805216,0.0,1.6286925495203146,1.6286925495203146,1.6286925495203146,0.4809225033046857,15,15,1.0,1.6196532300138602,1.7288583493721839,0.5388915980708057,0.7071067811865476,-0.5,0.008049968630075455,-0.5,-1.5707963705062866,simulator_service,service_success,True,,0.0013,0.0,service_success,0.0,False
-22.06194,15,15583.359808,False,4.978692400007312,True,False,0.4147093105844122,out_of_bounds,True,0.19934073645688283,0.0,1.8366154842352598,1.8366154842352598,1.8366154842352598,0.4147093105844122,15,15,1.0,1.3472051431964653,1.793711581496792,0.687798825618153,0.7071067811865476,0.5,-0.5,-0.5,-1.5707963705062866,simulator_service,service_success,True,,0.0012,0.0,service_success,0.0,False
-71.20949,75,15627.556178,False,6.765337029091054,True,False,4.045758566837158,out_of_bounds,True,0.5747280588395568,0.0,2.962108026252146,8.157902186906833,3.2148242699148155,1.1700276322924483,75,75,1.0,1.3868948715830016,1.793711581496792,0.6435150790862388,0.7071067811865476,0.5,-0.5,0.5,0.4144992232322693,simulator_service,service_success,True,,0.0012,0.0,service_success,0.0,False
-22.215986,15,15668.814431,False,5.954755864535796,False,True,0.9297400318993527,unsafe_low_altitude,True,0.7134009862997975,0.0,1.932017126579914,1.932017126579914,1.932017126579914,0.9297400318993527,15,15,1.0,1.294838091761414,1.7443359923330237,0.625299240859502,0.7071067811865476,0.05093748867511749,-0.5,-0.1965218037366867,1.5707963705062866,simulator_service,service_success,True,,0.0023,0.0,service_success,0.0,False
-20.887398,30,15706.970247,False,3.522941301620305,True,False,3.81531489775434,out_of_bounds,True,0.1978081900341525,0.0,2.8439680416869124,3.607146481736259,2.8439680416869124,1.417600737437029,30,30,1.0,1.1762541038808203,1.6503803129327068,0.5215256467213041,0.7071067811865476,0.1607295572757721,-0.06795445084571838,0.5,1.4928735494613647,simulator_service,service_success,True,,0.0014,0.0,service_success,0.0,False
-55.175735,75,15754.483292,False,6.678270871319312,True,False,2.7908664438127095,out_of_bounds,True,0.427331565246734,0.0,3.882770094587192,8.07863155980169,3.882770094587192,1.4801459939227906,75,75,1.0,1.3691600763429679,1.793711581496792,0.6216730398052476,0.7071067811865476,0.5,0.5,0.5,-0.15378035604953766,simulator_service,service_success,True,,0.0012,0.0,service_success,0.0,False
-26.675625,30,15792.714097,False,5.395613193780714,True,False,2.7743076925362313,out_of_bounds,True,0.7546712801120874,0.0,2.456447993145712,2.506851983707647,2.456447993145712,1.443783538106543,30,30,1.0,1.2444717908084968,1.793711581496792,0.5643518848873814,0.7071067811865476,0.5,0.5,0.5,1.5707963705062866,simulator_service,service_success,True,,0.0012,0.0,service_success,0.0,False
-17.872047,15,15827.94353,False,3.251807228631315,True,False,2.8218293776041823,out_of_bounds,True,0.7031323859594151,0.0,1.775603930693634,1.775603930693634,1.775603930693634,1.651259494555154,15,15,1.0,1.304327588618637,1.4529992103900995,0.6706469705998205,0.7071067811865476,0.5,0.2744743824005127,0.10438428819179535,1.0726065635681152,simulator_service,service_success,True,,0.0012,0.0,service_success,0.0,False
-30.9067,44,15869.393098,False,3.5481319976693,True,False,3.0103250835409687,out_of_bounds,True,0.02920171129598289,0.0,3.0745688462056076,4.494504644857987,3.0745688462056076,1.1413567755329228,44,44,1.0,1.105616771444718,1.793711581496792,0.529738771214099,0.7071067811865476,-0.5,0.09087594598531723,0.2810545265674591,0.37139177322387695,simulator_service,service_success,True,,0.0012,0.0,service_success,0.0,False
-49.629913,60,15910.686542,False,6.774434327843293,True,False,2.513339357379819,out_of_bounds,True,0.48507226819486415,0.0,3.0149612107997865,6.079368116746209,3.0149612107997865,1.10438734672402,60,60,1.0,1.2542725984595386,1.793711581496792,0.629588122867914,0.7071067811865476,0.5,-0.5,0.5,-1.1885238885879517,simulator_service,service_success,True,,0.0012,0.0,service_success,0.0,True
-36.758614,61,15955.243105,False,3.3508275182059353,True,False,0.16682225488336913,out_of_bounds,True,0.22530925603276858,0.0,2.5613168554297436,6.066473381989853,2.5613168554297436,0.16682225488336913,61,61,1.0,1.4128097470135943,1.793711581496792,0.6682635121579725,0.7071067811865476,-0.5,-0.5,-0.3186497092247009,0.6221914291381836,simulator_service,service_success,True,,0.0022,0.0,service_success,0.0,False
-20.6056,16,15990.654656,False,3.693065293194898,True,False,0.2901518645954598,out_of_bounds,True,0.43303565095783736,0.0,1.5177507422379821,0.0,0.0,1.8008628958815593,15,15,1.0,1.4316874533334223,1.793711581496792,0.7071067811865478,0.7071067811865476,0.5,0.5,-0.5,1.5707963705062866,simulator_service,service_success,True,,0.0012,0.0,service_success,0.0,False
-20.655602,15,16026.063833,False,4.609795428614013,True,False,2.7868409290094847,out_of_bounds,True,0.5598193917452754,0.0,1.6878528576274354,1.6878528576274354,1.6878528576274354,1.8948560099699039,15,15,1.0,1.3533513277722353,1.4420949754563401,0.7071067811865478,0.7071067811865476,0.5,-0.5,0.5,0.9367027878761292,simulator_service,service_success,True,,0.0012,0.0,service_success,0.0,False
-18.439432,30,16064.565443,False,2.2126621179932955,True,False,0.7297705268193145,out_of_bounds,True,0.9261741260482951,0.0,1.259825697534481,2.727753161740238,1.259825697534481,0.7297705268193145,30,30,1.0,0.8502667941672531,1.793711581496792,0.5789903321407349,0.7071067811865476,-0.5,0.5,-0.5,0.42612549662590027,simulator_service,service_success,True,,0.0012,0.0,service_success,0.0,False
-30.249222,61,16109.263457,False,4.869121346602084,True,False,2.3988776179405082,out_of_bounds,True,0.5837301195762232,0.0,3.7381544535772777,4.461296227692709,3.7381544535772777,1.266962792361566,61,61,1.0,1.1189300709072334,1.793711581496792,0.587549763755087,0.7071067811865476,-0.10196598619222641,-0.5,0.5,0.7608731389045715,simulator_service,service_success,True,,0.0012,0.0,service_success,0.0,False
-74.819855,166,16182.012002,False,5.489532643201245,False,True,0.9080448495829623,unsafe_low_altitude,True,0.23426533150045697,0.0,3.7434370558432932,14.71497582770761,3.872066358942606,0.9080448495829623,166,166,1.0,1.2086675813139027,1.793711581496792,0.6130248013870612,0.7071067811865476,-0.5,0.5,-0.5,-0.7671694159507751,simulator_service,service_success,True,,0.0012,0.0,service_success,0.0,False
-47.498844,90,16233.163066,False,3.359246873646903,True,False,2.8184937926141385,out_of_bounds,True,0.39951853086358763,0.0,3.4622106756723525,6.790843054098227,3.4622106756723525,1.7101930595189028,90,90,1.0,1.3010463284659974,1.793711581496792,0.6495488963736837,0.7071067811865476,0.5,0.5,-0.5,-1.1697232723236084,simulator_service,service_success,True,,0.0014,0.0,service_success,0.0,False
-26.39162,31,16271.826386,False,3.4134651320797733,True,False,2.6970674527262766,out_of_bounds,True,0.25323820416091003,0.0,2.9665170615688203,3.76757884911202,2.9665170615688203,1.1618000541360665,31,31,1.0,1.3106125808005444,1.793711581496792,0.6415985651667114,0.7071067811865476,-0.5,0.5,0.2577284574508667,0.2999895215034485,simulator_service,service_success,True,,0.0012,0.0,service_success,0.0,False
-19.85274,16,16307.573412,False,3.2814666797663703,True,False,2.5494123553685513,out_of_bounds,True,0.28107565395978723,0.0,1.2929032608671513,1.2929032608671513,1.2929032608671513,1.9135563018432202,16,16,1.0,1.2295739547758846,1.7412683522063146,0.6278723315214094,0.7071067811865476,-0.10944007337093353,0.5,0.5,0.21704858541488647,simulator_service,service_success,True,,0.0012,0.0,service_success,0.0,False
-18.877733,16,16343.352787,False,2.3473020351920626,True,False,2.600380845222873,out_of_bounds,True,0.28818374213323,0.0,1.212044603078011,1.212044603078011,1.212044603078011,2.0221903434102306,16,16,1.0,1.5255623059224488,1.793711581496792,0.6354667786385509,0.7071067811865476,0.5,0.5,0.32254111766815186,-1.0895142555236816,simulator_service,service_success,True,,0.0011,0.0,service_success,0.0,False
-68.50409,106,16400.846277,False,5.557414458004072,False,True,0.8439229328217226,unsafe_low_altitude,True,0.8844696134180373,0.0,3.063398267189108,9.853025238738212,3.485325893765756,0.8439229328217226,106,106,1.0,1.4284117632704376,1.793711581496792,0.6684516469701939,0.7071067811865476,-0.5,-0.5,-0.5,1.5707963705062866,simulator_service,service_success,True,,0.0011,0.0,service_success,0.0,False
-22.647991,16,16436.636486,False,4.765288703544743,True,False,0.590448098224835,out_of_bounds,True,0.19126844628363607,0.0,1.544825519486028,1.544825519486028,1.544825519486028,0.590448098224835,16,16,1.0,1.0953816141208919,1.6602740726931924,0.6466735198970394,0.7071067811865476,0.5,-0.5,-0.5,-1.4165133237838745,simulator_service,service_success,True,,0.0025,0.0,service_success,0.0,False
-21.755302,16,16472.426844,False,3.592934659196718,True,False,0.11900331960000604,out_of_bounds,True,0.07066139178885444,0.0,1.7794175441987092,1.7794175441987092,1.7794175441987092,0.11900331960000604,16,16,1.0,1.4617072116153966,1.7861313745038865,0.5048256100534806,0.6876511102233598,0.1373313069343567,0.14658993482589722,-0.5,0.2014344185590744,simulator_service,service_success,True,,0.0011,0.0,service_success,0.0,False
-22.047243,16,16508.356808,False,3.4389526754288586,True,False,0.0,out_of_bounds,True,0.43571681890990915,0.0,1.834009451842724,1.834009451842724,1.834009451842724,0.0,16,16,1.0,1.1422625713409498,1.1706960426643043,0.5369761579919472,0.7071067811865476,-0.41153424978256226,-0.030072255060076714,-0.5,-0.8999412059783936,simulator_service,service_success,True,,0.0011,0.0,service_success,0.0,False
-18.355675,16,16541.172565,False,1.8513910553175512,True,False,0.42307425828622774,out_of_bounds,True,0.41918515502744513,0.0,1.882405701870386,1.882405701870386,1.882405701870386,0.42307425828622774,16,16,1.0,1.2143910676835308,1.7390624305084597,0.5923766123210065,0.7071067811865476,-0.5,0.5,0.08293701708316803,0.36664944887161255,simulator_service,service_success,True,,0.0013,0.0,service_success,0.0,False
-20.015762,16,16583.457337,False,4.163807068825267,False,True,0.8942439350068861,unsafe_low_altitude,True,0.16455325324975176,0.0,1.338223551060799,1.338223551060799,1.338223551060799,0.8942439350068861,16,16,1.0,1.3015892287445738,1.7270357905727565,0.592053379259879,0.7071067811865476,-0.3850078582763672,-0.5,-0.5,-0.12786462903022766,simulator_service,service_success,True,,0.0021,0.0,service_success,0.0,False
-30.741407,31,16622.774072,False,5.847499528271091,True,False,3.55621154241869,out_of_bounds,True,0.2705535706804463,0.0,2.6461511600685,3.5952615630125013,2.6461511600685,1.8420735602163938,31,31,1.0,1.1519065463343572,1.452690719987552,0.7071067811865474,0.7071067811865476,0.5,-0.5,-0.5,-0.3325825035572052,simulator_service,service_success,True,,0.0013,0.0,service_success,0.0,False
-18.679096,16,16658.887564,False,1.4464822528789276,True,False,0.6518006024771037,out_of_bounds,True,0.916897396201804,0.0,1.933656389014466,1.933656389014466,1.933656389014466,0.6518006024771037,16,16,1.0,1.405174048434302,1.497815296494995,0.625297243244821,0.7071067811865476,0.009588733315467834,0.2706194221973419,0.5,1.2780381441116333,simulator_service,service_success,True,,0.0011,0.0,service_success,0.0,False
-21.737036,16,16691.770796,False,2.516044593491993,True,False,0.7930576751514892,out_of_bounds,True,0.8456678234798876,0.0,1.728359956253327,1.728359956253327,1.728359956253327,0.7930576751514892,16,16,1.0,1.2882297110938645,1.722641238813615,0.6888805130802587,0.7071067811865476,0.3492535352706909,0.5,0.0342554897069931,-0.6800058484077454,simulator_service,service_success,True,,0.0011,0.0,service_success,0.0,False
-22.55144,16,16728.001732,False,5.135398709318689,True,False,0.7120754360499054,out_of_bounds,True,0.8934878744153077,0.0,2.138011332518318,2.138011332518318,2.138011332518318,0.7120754360499054,16,16,1.0,1.3683474207011268,1.7232484637537036,0.6989402146441169,0.7071067811865476,0.5,-0.5,-0.5,0.3077728748321533,simulator_service,service_success,True,,0.0021,0.0,service_success,0.0,False
-36.188416,47,16767.425312,False,4.755984839042683,True,False,0.5896815739955426,out_of_bounds,True,0.7203612958262263,0.0,4.55162896450352,5.252527972344598,4.55162896450352,0.5896815739955426,47,47,1.0,1.3100769661864986,1.793711581496792,0.6543164729864509,0.7071067811865476,-0.5,0.5,0.5,-0.2587518095970154,simulator_service,service_success,True,,0.0011,0.0,service_success,0.0,False
-21.610159,16,16803.80193,False,4.140600998830743,True,False,2.5736462962761775,out_of_bounds,True,0.36615312724700166,0.0,1.7495473861695423,1.7495473861695423,1.7495473861695423,1.60358103868433,16,16,1.0,1.3545294095517204,1.7348836741997604,0.7071067811865478,0.7071067811865476,0.5,-0.5,0.5,0.9673478603363037,simulator_service,service_success,True,,0.002,0.0,service_success,0.0,False
-19.333324,16,16836.81576,False,1.5353316096872458,True,False,2.9337615103888766,out_of_bounds,True,0.4808942053113808,0.0,2.0449248263707593,2.0449248263707593,2.0449248263707593,1.4903383554536291,16,16,1.0,1.1209564708179478,1.388747659632186,0.6947263930334117,0.7071067811865476,0.5,-0.46372658014297485,0.5,-0.13764473795890808,simulator_service,service_success,True,,0.0011,0.0,service_success,0.0,False
-41.898026,63,16946.351727,False,4.471631557562265,True,False,3.620473253749884,out_of_bounds,True,0.22805231842603954,0.0,3.2187868589207267,5.998225236351534,3.2187868589207267,1.1537516227504834,63,63,1.0,1.251115383257021,1.793711581496792,0.6140941700205618,0.7071067811865476,-0.3801279067993164,-0.5,0.3356812000274658,-1.5707963705062866,simulator_service,service_success,True,,0.0021,0.0,service_success,0.0,False
-28.781933,61,16998.851912,False,1.5463497743441679,False,True,0.9647763052822769,unsafe_low_altitude,True,0.4389929325178069,0.0,2.7275980242417455,4.6287959233599985,2.7275980242417455,0.9647763052822769,61,61,1.0,1.4192735088563497,1.793711581496792,0.6621497378562353,0.7071067811865476,0.4884582757949829,0.5,-0.5,-1.271117925643921,simulator_service,service_success,True,,0.0013,0.0,service_success,0.0,False
-37.031425,47,17099.082052,False,4.54308218973321,True,False,2.648706351977,out_of_bounds,True,0.6356176350258345,0.0,1.5598640001692916,4.718736697941319,2.5205527300144217,1.077240381621224,47,47,1.0,1.4143525037976186,1.793711581496792,0.6947380899480732,0.7071067811865476,0.5,-0.5,-0.5,0.7598336935043335,simulator_service,service_success,True,,0.0013,0.0,service_success,0.0,False
-38.00924,78,17148.599865,False,3.351197509228684,True,False,2.7483692758989378,out_of_bounds,True,0.2435876415299968,0.0,2.097972681545739,7.317246156952432,3.0912464203459695,1.1952254346836046,78,78,1.0,0.9672635981613701,1.6891950154121609,0.5779447962265812,0.7071067811865476,-0.10931764543056488,0.5,-0.5,0.8640312552452087,simulator_service,service_success,True,,0.0024,0.0,service_success,0.0,False
-18.106081,16,17191.632349,False,2.4234596473066996,False,True,0.914821518123002,unsafe_low_altitude,True,0.3029121357712197,0.0,1.9449068585826597,1.9449068585826597,1.9449068585826597,0.914821518123002,16,16,1.0,1.2746726201479948,1.2835307027110854,0.6319666260378716,0.7071067811865476,0.3954605162143707,-0.5,-0.5,0.9906229376792908,simulator_service,service_success,True,,0.001,0.0,service_success,0.0,False
-22.27516,16,17228.468877,False,3.9897560807013948,True,False,2.7967932882636437,out_of_bounds,True,0.6373116705918971,0.0,1.9399135943222756,1.9399135943222756,1.9399135943222756,1.580364619235881,16,16,1.0,1.6854986176626814,1.793711581496792,0.6857999117417661,0.7071067811865476,-0.5,0.5,-0.5,-1.5707963705062866,simulator_service,service_success,True,,0.0012,0.0,service_success,0.0,False
-24.819519,32,17268.510782,False,1.6338568757918537,True,False,2.5199424073434114,out_of_bounds,True,0.38415886615882283,0.0,2.1979270150541206,3.644340148334779,2.1979270150541206,1.1680079137458257,32,32,1.0,1.475875943186552,1.7251277800686962,0.6500344029209215,0.7071067811865476,0.0016764849424362183,-0.5,0.10103392601013184,-0.2758706510066986,simulator_service,service_success,True,,0.001,0.0,service_success,0.0,False
-22.162024,32,17308.635409,False,2.31398421544129,True,False,2.5155143186439717,out_of_bounds,True,0.08109063925168021,0.0,1.1073311331381912,1.4042946397887,1.1073311331381912,1.4904075185894894,32,32,1.0,0.9165382739166691,1.1055770557495288,0.7038222901337732,0.7071067811865476,0.5,0.5,-0.2460695505142212,-0.5275305509567261,simulator_service,service_success,True,,0.001,0.0,service_success,0.0,False
-27.778584,32,17406.553593,False,2.337448989606862,True,False,2.7872945641335174,out_of_bounds,True,0.20502355062076089,0.0,2.7671347314103523,2.8480200146053876,2.7671347314103523,1.8236246554733881,32,32,1.0,0.893551772632033,1.793711581496792,0.6127415628299775,0.7071067811865476,-0.5,0.5,0.5,1.5707963705062866,simulator_service,service_success,True,,0.001,0.0,service_success,0.0,False
-18.99739,16,17443.632554,False,2.9119087187226707,True,False,2.9327451443022974,out_of_bounds,True,0.2632041356622261,0.0,1.879592800637001,1.879592800637001,1.879592800637001,1.5488809989799266,16,16,1.0,1.0039614522337095,1.127089801908279,0.6710484853352257,0.7071067811865476,0.5,0.24720074236392975,0.19090214371681213,0.5043190717697144,simulator_service,service_success,True,,0.0012,0.0,service_success,0.0,False
-29.040829,48,17558.627124,False,2.9394292269771496,False,True,0.8317287952903073,unsafe_low_altitude,True,0.9704615284441975,0.0,1.2496934324943347,3.0989858477584837,1.3044112701341215,0.8317287952903073,48,48,1.0,1.0278937846527876,1.7386660828394849,0.44564943493882997,0.6789888442559986,-0.31954893469810486,-0.5,-0.5,-0.15846027433872223,simulator_service,service_success,True,,0.001,0.0,service_success,0.0,False
