#{"t_start": 1783283551.6105137, "env_id": "None"}
r,l,t,is_success,final_distance,is_out_of_bounds,is_unsafe_low_altitude,altitude,terminal_reason,terminal_stop_command_accepted,terminal_yaw_error,terminal_yaw_penalty,physical_displacement,path_length,max_physical_displacement,min_altitude,motion_command_steps,motion_command_accepted_steps,motion_command_acceptance_rate,mean_action_norm,max_action_norm,mean_xy_action_norm,max_xy_action_norm,last_action_vx,last_action_vy,last_action_vz,last_action_vyaw,reset_method,reset_path,reset_service_attempted,reset_failure_class,reset_position_error,reset_yaw_error,reset_service_status,vertical_safety_penalty,low_altitude_guard_active,bounds_guard_active
12.174698,7,20.376168,True,0.3712070664290821,False,False,1.6872214648881354,success,True,0.7176496874206865,7.176496874206864,1.054522984454407,1.0655170481471206,1.054522984454407,1.0908170171587999,7,7,1.0,1.793711581496792,1.793711581496792,0.7071067811865477,0.7071067811865476,0.5,0.5,-0.5,1.5707963705062866,simulator_service,service_success,True,,0.1193,1.621,service_success,0.0,False,True
17.465847,11,27.610154,True,0.2714808384807889,False,False,0.9983641567080691,success,True,0.13959658755875728,1.3959658755875728,1.4578137075224153,1.9079980378359374,1.4578137075224153,0.8708835805685966,11,11,1.0,1.6126612519280856,1.793711581496792,0.7071067811865478,0.7071067811865476,0.5,-0.5,0.5,-0.22300589084625244,simulator_service,service_success,True,,0.1185,0.7393,service_success,0.0,False,False
8.603172,45,45.473043,True,0.35098946917110047,False,False,1.7849240340280101,success,True,0.15412847575646474,1.5412847575646473,3.430970067318382,6.57468816091957,3.430970067318382,0.9598279189500272,45,45,1.0,1.7899741722803282,1.793711581496792,0.6965730229580864,0.7071067811865476,-0.5,0.5,0.5,1.5707963705062866,velocity,post_controller_hold,False,,0.194,0.0616,not_attempted,0.0,False,False
-5.9893627,69,56.721195,True,0.38218421234374617,False,False,1.079886182352589,success,True,0.6517041699869716,6.517041699869716,4.442885611600661,10.974892229462748,4.442885611600661,0.9067466359993189,69,69,1.0,1.7707505745436083,1.793711581496792,0.6890048647263598,0.7071067811865476,-0.5,-0.5,0.5,-1.5707963705062866,velocity,post_controller_hold,False,,0.1615,1.6408,not_attempted,0.0,True,False
7.221632,35,66.289437,True,0.3744032925227284,False,False,1.7738382519638591,success,True,0.8637140956571346,8.637140956571347,1.1691896563295452,5.105553246330002,1.2299325313382647,1.4777268367350813,35,35,1.0,1.7765789355030073,1.793711581496792,0.6542687994291699,0.7071067811865476,0.5,0.5,-0.5,-1.5707963705062866,velocity,post_controller_hold,False,,0.1953,0.1773,not_attempted,0.0,False,False
10.118068,32,81.780098,True,0.3764143660718117,False,False,1.7581750477706581,success,True,0.15589571265629312,1.5589571265629312,3.992170954661765,5.40188594380334,3.992170954661765,1.6337599735039596,32,32,1.0,1.6946842396900021,1.793711581496792,0.7071067811865474,0.7071067811865476,0.5,0.5,-0.5,-0.858384370803833,velocity,post_controller_hold,False,,0.148,0.945,not_attempted,0.0,False,False
2.9802315,42,94.307385,True,0.3883882425889381,False,False,1.6294953978657138,success,True,0.546368402212176,5.463684022121759,5.051450062636966,6.986575381148242,5.051450062636966,1.2910701650563763,42,42,1.0,1.7909289759508749,1.793711581496792,0.6992388128307584,0.7071067811865476,-0.5,-0.5,0.5,-1.5707963705062866,velocity,post_controller_hold,False,,0.1914,2.8312,not_attempted,0.0,False,False
8.096203,39,109.088059,True,0.3171672548360339,False,False,1.2248198518692608,success,True,0.8208811786410178,8.208811786410179,1.3527292964298712,6.24158843653507,1.9361496193720538,0.9898234415538064,39,39,1.0,1.7590563450834293,1.793711581496792,0.7018446832199438,0.7071067811865476,-0.5,-0.5,0.5,1.5707963705062866,velocity,post_controller_hold,False,,0.1635,2.7657,not_attempted,0.0,False,False
3.7488685,37,128.002066,True,0.3658662193473495,False,False,1.7483974037608851,success,True,0.9414241010765421,9.414241010765421,3.020908353294251,5.905108607422996,3.635402838875302,0.9161174989421801,37,37,1.0,1.7881148613517013,1.793711581496792,0.7065751863390506,0.7071067811865476,0.5,-0.5,-0.5,1.5707963705062866,velocity,post_controller_hold,False,,0.1677,0.3934,not_attempted,0.0,False,False
4.851197,34,137.881313,True,0.35523237990238354,False,False,1.5747501121550367,success,True,0.7157751638871918,7.157751638871917,3.590159433162985,5.812159355315756,3.590159433162985,0.9678791643864977,34,34,1.0,1.7903403961448143,1.793711581496792,0.6975156809328668,0.7071067811865476,0.5,0.5,-0.5,1.5707963705062866,velocity,post_controller_hold,False,,0.1176,1.7974,not_attempted,0.0,False,False
14.196743,30,151.451899,True,0.39902935162637365,False,False,1.7365065927927523,success,True,0.058348660039734296,0.5834866003973429,2.884022622219399,5.148840775957871,2.9627642783701766,1.2107036958817985,30,30,1.0,1.6545704312278162,1.793711581496792,0.701589939508263,0.7071067811865476,0.5,-0.5,0.5,1.5707963705062866,velocity,post_controller_hold,False,,0.1313,1.4222,not_attempted,0.0,False,False
9.864479,44,171.925043,True,0.27509432679626333,False,False,1.9771255278141053,success,True,0.08991341490278631,0.8991341490278631,3.6316126936478272,6.462501937455741,3.6316126936478272,1.200992243278884,44,44,1.0,1.7893721972489052,1.793711581496792,0.6946410499186061,0.7071067811865476,-0.5,-0.5,0.5,1.5707963705062866,velocity,post_controller_hold,False,,0.1718,0.1662,not_attempted,0.0,False,False
2.8672092,95,185.977974,True,0.3913766915676577,False,False,1.4202050697828579,success,True,0.7004585965447184,7.004585965447184,0.9590692686665949,15.052243378478652,2.2272016349930763,0.8765749317419668,95,95,1.0,1.7442483830096727,1.793711581496792,0.6955286719493731,0.7071067811865476,-0.5,0.5,-0.5,1.5707963705062866,velocity,post_controller_hold,False,,0.1617,1.8165,not_attempted,0.0,False,False
4.7171073,78,208.366973,True,0.36973516878634805,False,False,1.2072689193994666,success,True,0.5142151003011379,5.14215100301138,2.3000384387371877,11.873827227380477,3.3136530863196456,1.0288905894363842,78,78,1.0,1.671149377333521,1.793711581496792,0.6902042954259546,0.7071067811865476,-0.5,0.5,0.5,1.5707963705062866,velocity,post_controller_hold,False,,0.1836,2.9105,not_attempted,0.0,True,False
-1.668321,52,219.415027,True,0.39309914983816774,False,False,1.914396373846723,success,True,0.5756240093861323,5.756240093861323,4.358644432051313,8.35689630466127,4.358644432051313,1.029478231958573,52,52,1.0,1.7472903047254407,1.793711581496792,0.6934372187880098,0.7071067811865476,0.5,0.5,0.5,1.5707963705062866,velocity,post_controller_hold,False,,0.1712,0.8038,not_attempted,0.0,False,False
7.3111134,46,240.970954,True,0.31290652344869474,False,False,1.1410129776389957,success,True,0.007248634325869608,0.07248634325869607,3.5852776142592444,7.802039643084926,3.5852776142592444,1.1047138987050777,46,46,1.0,1.7932360081090422,1.793711581496792,0.707106781186547,0.7071067811865476,0.5,-0.5,0.5,-1.5707963705062866,velocity,post_controller_hold,False,,0.1719,2.5068,not_attempted,0.0,True,False
0.32448968,63,252.142084,True,0.3636493434549443,False,False,1.9204938663055748,success,True,0.8712575487387787,8.712575487387786,3.0186933018605693,10.014324652012423,3.3889497462118565,0.9282369259736466,63,63,1.0,1.7020187214586322,1.793711581496792,0.6968641338651097,0.7071067811865476,-0.5,-0.5,-0.5,1.1131097078323364,velocity,post_controller_hold,False,,0.1694,1.4597,not_attempted,0.0,False,True
10.486228,47,265.38399,True,0.38309578692611673,False,False,1.6845722113416648,success,True,0.31796538083519127,3.1796538083519126,2.643474666805805,7.270024649486773,2.643474666805805,1.2243240892388334,47,47,1.0,1.7176128267034734,1.793711581496792,0.695150230643669,0.7071067811865476,-0.5,0.19924497604370117,0.5,1.5707963705062866,velocity,post_controller_hold,False,,0.1534,2.0265,not_attempted,0.0,False,False
3.5064151,30,279.932183,True,0.38001550903710013,False,False,1.3981604120753806,success,True,0.9750059933928171,9.75005993392817,3.46334913601594,4.987991140542494,3.46334913601594,0.9313340918552869,30,30,1.0,1.7932956846612318,1.793711581496792,0.7060308935685431,0.7071067811865476,0.5,0.5,-0.5,-1.5707963705062866,velocity,post_controller_hold,False,,0.1747,2.3137,not_attempted,0.0,False,False
18.279676,9,292.69797,True,0.3928540243087534,False,False,1.6009153149232365,success,True,0.05054462884527213,0.5054462884527213,1.470559472303562,1.6373646731722609,1.470559472303562,1.5490078043197657,9,9,1.0,1.783503670356448,1.793711581496792,0.7071067811865477,0.7071067811865476,-0.5,0.5,-0.3754385709762573,-1.5707963705062866,velocity,post_controller_hold,False,,0.1479,1.3987,not_attempted,0.0,False,False
5.5655956,43,308.614029,True,0.3486061516836026,False,False,1.353959903819879,success,True,0.767804198470611,7.67804198470611,2.7305456248922546,6.465586592136366,2.7305456248922546,1.130346470958229,43,43,1.0,1.790136491694966,1.793711581496792,0.6982059121066894,0.7071067811865476,0.5,-0.5,0.5,1.5707963705062866,velocity,post_controller_hold,False,,0.172,3.0905,not_attempted,0.0,False,False
9.647411,27,324.226984,True,0.39582840184052726,False,False,1.43020303351618,success,True,0.589910348123034,5.89910348123034,2.736498382651449,4.106205258443137,2.736498382651449,1.2788201293348198,27,27,1.0,1.7896982445402263,1.793711581496792,0.6958043482405636,0.7071067811865476,-0.5,0.5,-0.5,1.5707963705062866,velocity,post_controller_hold,False,,0.1443,0.4701,not_attempted,0.0,False,False
17.62221,8,334.34033,True,0.3602128006083498,False,False,1.4830473419614472,success,True,0.16669627091906195,1.6669627091906194,0.8015446477248823,1.1107947995222323,0.8015446477248823,1.0502995493025662,8,8,1.0,1.6279508757484005,1.793711581496792,0.6868711256359543,0.7071067811865476,-0.5,0.5,0.5,-1.5707963705062866,velocity,post_controller_hold,False,,0.1756,0.2464,not_attempted,0.0,False,False
11.022789,33,352.755002,True,0.3112898341652008,False,False,1.293133930008338,success,True,0.08091303885781931,0.8091303885781931,3.4516495771173674,5.456753094344559,3.4516495771173674,1.211226117490154,33,33,1.0,1.7892847144325519,1.793711581496792,0.7071067811865474,0.7071067811865476,0.5,0.5,0.5,-1.5707963705062866,velocity,post_controller_hold,False,,0.1625,0.8026,not_attempted,0.0,True,False
9.485711,12,366.271187,True,0.30680629351783395,False,False,1.1913718111331146,success,True,0.9404512402545829,9.40451240254583,1.1858022500120775,1.680225189273621,1.1858022500120775,1.0985677707610562,12,12,1.0,1.7913106621491195,1.793711581496792,0.7007190801723086,0.7071067811865476,-0.5,0.5,-0.5,-1.5707963705062866,velocity,post_controller_hold,False,,0.1067,0.0284,not_attempted,0.0,False,False
-11.442072,135,377.142035,True,0.3848870397631704,False,False,1.294967233928081,success,True,0.70923745705856,7.0923745705856,4.739392559281471,23.356512109447127,6.754653808915572,0.7444774736063877,135,135,1.0,1.7248465842009313,1.793711581496792,0.6919400587069465,0.7071067811865476,0.5,0.5,-0.5,1.5707963705062866,velocity,post_controller_hold,False,,0.1662,0.303,not_attempted,0.0,False,False
13.436555,27,395.955059,True,0.38386542840797677,False,False,0.9798290870669221,success,True,0.143323002252196,1.4332300225219599,2.6517802919925484,3.9812331347228054,2.6517802919925484,0.941100176063855,27,27,1.0,1.7912010747057632,1.793711581496792,0.6998546123335214,0.7071067811865476,0.5,-0.5,0.5,1.5707963705062866,velocity,post_controller_hold,False,,0.1457,1.6092,not_attempted,0.0,True,False
5.731816,58,411.383173,True,0.35172202090802884,False,False,1.4796876536901344,success,True,0.6531289186307935,6.5312891863079345,1.6599288444368998,9.7722310752186,3.4387007722058462,0.9885865273756828,58,58,1.0,1.7438214173596434,1.793711581496792,0.7071067811865469,0.7071067811865476,0.5,0.5,0.3322506844997406,1.5707963705062866,velocity,post_controller_hold,False,,0.1992,2.4352,not_attempted,0.0,False,False
2.5227654,53,425.073323,True,0.38557372575632876,False,False,1.1532869357383408,success,True,0.771885089141796,7.71885089141796,2.5808002741913,8.62884721319567,2.7871255402046633,1.1351076940992604,53,53,1.0,1.7587220568340922,1.793711581496792,0.6968402063139945,0.7071067811865476,-0.5,0.5,0.5,1.5707963705062866,velocity,post_controller_hold,False,,0.1626,1.4921,not_attempted,0.0,True,False
3.5920403,48,439.697472,True,0.3951299643563184,False,False,1.478015099230502,success,True,0.7198927644975754,7.198927644975754,4.01336784557677,7.88110338519023,4.441109834315763,1.2716319412787633,48,48,1.0,1.7690712603909307,1.793711581496792,0.7029067479764687,0.7071067811865476,-0.5,-0.5,-0.5,1.5707963705062866,velocity,post_controller_hold,False,,0.1426,1.4802,not_attempted,0.0,False,False
-0.41769698,40,458.920095,True,0.34800550813875253,False,False,1.4631100055969244,success,True,0.8297361199050589,8.29736119905059,4.331923109988977,6.138997991068727,4.331923109988977,1.2596664561563082,40,40,1.0,1.7903879543889498,1.793711581496792,0.6977904885959081,0.7071067811865476,0.5,0.5,-0.5,-1.5707963705062866,velocity,post_controller_hold,False,,0.1554,2.756,not_attempted,0.0,False,False
5.7701855,42,477.925325,True,0.3769234386342905,False,False,1.6972437651228676,success,True,0.11935493577937668,1.1935493577937668,4.206800557731194,6.6113657755626605,4.206800557731194,1.038383117839419,42,42,1.0,1.7750288644932626,1.793711581496792,0.7038284256434549,0.7071067811865476,0.5,-0.5,-0.5,1.5707963705062866,velocity,post_controller_hold,False,,0.1821,0.8771,not_attempted,0.0,False,True
-2.309122,105,486.28402,True,0.37952240194826165,False,False,1.8413792823134734,success,True,0.7480950150257899,7.480950150257899,3.1717399767604784,17.654229030235296,4.289698382594474,0.9404500981416817,105,105,1.0,1.762361526900649,1.793711581496792,0.6940919895268464,0.7071067811865476,-0.5,-0.5,0.5,1.3477022647857666,velocity,post_controller_hold,False,,0.1816,2.751,not_attempted,0.0,False,False
1.2018642,54,504.697994,True,0.3989273241406194,False,False,1.567275737927418,success,True,0.7233018185094602,7.233018185094602,3.777943036850711,8.108428452148452,4.001961796442208,0.9037916811565292,54,54,1.0,1.6579045505788552,1.793711581496792,0.7013541222217282,0.7071067811865476,0.5,0.5,-0.5,1.5707963705062866,velocity,post_controller_hold,False,,0.1949,2.1278,not_attempted,0.0,False,False
12.050181,17,519.215194,True,0.36509037614557616,False,False,1.6293876344196723,success,True,0.6098939753705334,6.098939753705333,1.3625579382814543,2.4684548810234985,1.3625579382814543,1.2956246125182656,17,17,1.0,1.7878820043638493,1.793711581496792,0.6905525534159357,0.7071067811865476,-0.5,-0.5,-0.5,1.5707963705062866,velocity,post_controller_hold,False,,0.1278,1.0595,not_attempted,0.0,False,False
3.0661228,81,529.942989,True,0.28912992245714975,False,False,1.556617686493033,success,True,0.6314064733362941,6.31406473336294,3.212764231163612,13.571292898966414,4.08663166984621,0.8845211747281286,81,81,1.0,1.7637161780046606,1.793711581496792,0.7022064940449345,0.7071067811865476,0.5,-0.5,-0.5,-1.5707963705062866,velocity,post_controller_hold,False,,0.1539,3.0701,not_attempted,0.0,False,False
14.633517,17,544.930476,True,0.35363533268471375,False,False,1.7805395782997142,success,True,0.28317542253218336,2.8317542253218337,1.9990270629950926,2.914939812581606,1.9990270629950926,0.8411900374714154,17,17,1.0,1.7873216237177638,1.793711581496792,0.6905707383365902,0.7071067811865476,-0.5,-0.5,-0.5,1.5707963705062866,velocity,post_controller_hold,False,,0.1733,2.8149,not_attempted,0.0,False,True
12.187022,15,556.545126,True,0.38976411409241885,False,False,1.699489006485981,success,True,0.5919101459643913,5.919101459643913,1.2828565238372418,2.105591282650873,1.3215367382559011,1.1036427246944285,15,15,1.0,1.7894164337147203,1.793711581496792,0.7071067811865478,0.7071067811865476,-0.5,0.5,0.5,1.5707963705062866,velocity,post_controller_hold,False,,0.1896,0.0128,not_attempted,0.0,False,False
3.9197545,44,575.2589,True,0.3860378729820924,False,False,1.7989591582470827,success,True,0.8194319177563751,8.194319177563752,3.2998060767075734,6.70307037054706,3.2998060767075734,1.2712522245802766,44,44,1.0,1.7514325764427283,1.793711581496792,0.7028428701956645,0.7071067811865476,-0.5,0.5,0.5,-1.5707963705062866,velocity,post_controller_hold,False,,0.1563,1.4394,not_attempted,0.0,False,False
5.574552,75,589.556187,True,0.3325961414271125,False,False,1.0306068831886597,success,True,0.1036959622306233,1.036959622306233,4.875924760036978,12.382776374237523,5.993002682746922,0.8758394380639537,75,75,1.0,1.7670346490720377,1.793711581496792,0.6809193002256361,0.7071067811865476,0.5,-0.5,0.5,1.5707963705062866,velocity,post_controller_hold,False,,0.1585,2.5535,not_attempted,0.0,False,False
17.26183,11,601.268931,True,0.37745531251927816,False,False,1.4694879343560256,success,True,0.13591974080578814,1.3591974080578815,1.3629998372091625,1.5749423515044414,1.3629998372091625,1.4694879343560256,11,11,1.0,1.785665492079557,1.793711581496792,0.7071067811865478,0.7071067811865476,0.5,-0.5,0.09612862765789032,-1.5707963705062866,velocity,post_controller_hold,False,,0.1327,1.7902,not_attempted,0.0,False,False
8.92987,42,615.172241,True,0.32305745413137316,False,False,1.7361581806551185,success,True,0.41930110649018976,4.1930110649018975,2.922519966759818,7.178908300261747,2.922519966759818,0.857385957341786,42,42,1.0,1.6844316435902273,1.793711581496792,0.7024443582368881,0.7071067811865476,0.5,0.5,0.5,1.5707963705062866,velocity,post_controller_hold,False,,0.155,1.6373,not_attempted,0.0,False,False
-15.076163,76,643.58934,True,0.3501324666217503,False,False,1.5530937107113048,success,True,0.7793935106632327,7.793935106632327,4.385426744041365,11.695027089272994,4.385426744041365,0.9456799418624525,76,76,1.0,1.7460439124856255,1.793711581496792,0.6972391833399497,0.7071067811865476,0.5,0.5,0.5,-0.9268879890441895,velocity,post_controller_hold,False,,0.1858,0.0924,not_attempted,0.0,False,False
-27.537159,105,648.992969,False,1.506644526177115,True,False,2.5736061867244686,out_of_bounds,True,0.05260873229511495,0.0,2.386149611196881,16.21040139655413,3.5947882605336625,1.1384147750571254,104,104,1.0,1.758434239044807,1.793711581496792,0.6966952317664455,0.7071067811865476,0.5,0.5,0.5,-1.5707963705062866,velocity,post_controller_hold,False,,0.1561,1.8753,not_attempted,0.0,False,False
7.6327925,28,664.007905,True,0.349754050695571,False,False,1.240316108614142,success,True,0.5753006044896574,5.753006044896574,3.3128165407682326,4.717294796958427,3.3128165407682326,1.0334830876289987,28,28,1.0,1.7694491057736048,1.793711581496792,0.7071067811865476,0.7071067811865476,0.5,-0.5,0.5,0.7012868523597717,simulator_service,service_success,True,,0.0046,0.0,service_success,0.0,True,False
8.717032,44,688.529019,True,0.38547308610513686,False,False,1.7121550030529666,success,True,0.36623616230051986,3.6623616230051987,3.6910091124531585,6.564619015903322,3.9270299947080356,0.9367361046471699,44,44,1.0,1.7892991347023164,1.793711581496792,0.6944292161473608,0.7071067811865476,-0.5,-0.5,-0.5,-1.5707963705062866,velocity,post_controller_hold,False,,0.1295,2.5344,not_attempted,0.0,False,True
5.250268,60,710.948148,True,0.32011041298860593,False,False,1.9266412942821103,success,True,0.08710138083080005,0.8710138083080005,4.5067825142751925,9.358463135214993,5.323131038259721,0.8783237139701282,60,60,1.0,1.7726212643671198,1.793711581496792,0.7008898518649477,0.7071067811865476,-0.5,-0.5,-0.5,1.5707963705062866,velocity,post_controller_hold,False,,0.1374,1.5087,not_attempted,0.0,False,True
6.603456,59,733.264149,True,0.38782663019470326,False,False,1.3641918674201567,success,True,0.626525160483986,6.26525160483986,2.2328533954357916,8.525833414109131,2.7136682360621696,1.2155908883823168,59,59,1.0,1.6487942775294138,1.793711581496792,0.6707217100153444,0.7071067811865476,-0.5,-0.5,0.5,-1.5707963705062866,velocity,post_controller_hold,False,,0.1782,3.0871,not_attempted,0.0,True,False
-23.07933,200,748.006148,False,0.9233166811492749,False,False,1.681377667025729,max_steps,True,0.3785031579766573,0.0,2.291647122224415,32.481297580408544,3.421824219317714,0.9080846931564146,200,200,1.0,1.7027618192001477,1.793711581496792,0.6902826885999186,0.7071067811865476,-0.5,0.5,-0.5,-1.5707963705062866,velocity,post_controller_hold,False,,0.1819,1.2861,not_attempted,0.0,False,True
7.1795235,35,767.524998,True,0.35788196625368845,False,False,1.928107336669718,success,True,0.4673990363797191,4.6739903637971905,3.5237134219067046,5.270310259422246,3.5237134219067046,1.233466054526141,35,35,1.0,1.792519946407694,1.793711581496792,0.7038578825570229,0.7071067811865476,-0.5,-0.31955909729003906,0.5,1.5707963705062866,velocity,post_controller_hold,False,,0.1881,0.3989,not_attempted,0.0,False,False
6.019489,46,777.680037,True,0.39741997727384804,False,False,1.2403890279440264,success,True,0.3249615082636159,3.249615082636159,3.6333199180191773,8.165261120818974,4.236722231952868,0.9132739001693824,46,46,1.0,1.7934546298743357,1.793711581496792,0.706442780815192,0.7071067811865476,-0.5,-0.5,-0.5,1.5707963705062866,velocity,post_controller_hold,False,,0.164,2.5268,not_attempted,0.0,False,False
13.272077,11,791.443047,True,0.33270137512953907,False,False,1.5650991324985728,success,True,0.5341751809237218,5.341751809237218,1.7127681320423394,1.9476395333407295,1.7127681320423394,1.5650991324985728,11,11,1.0,1.7937115814967926,1.793711581496792,0.7071067811865478,0.7071067811865476,0.5,-0.5,-0.5,-1.5707963705062866,velocity,post_controller_hold,False,,0.1706,0.3635,not_attempted,0.0,False,False
15.516352,15,801.997908,True,0.3813425523588873,False,False,1.9466190279439617,success,True,0.24404290330847286,2.4404290330847287,1.369796083094542,2.672606136249815,1.4136140795464414,1.3705904885611213,15,15,1.0,1.7868275000788187,1.793711581496792,0.6876756662801656,0.7071067811865476,-0.5,0.5,0.5,1.5707963705062866,velocity,post_controller_hold,False,,0.1055,1.7878,not_attempted,0.0,False,False
11.279101,27,816.725009,True,0.3744391926091907,False,False,1.206299413626123,success,True,0.311538842972607,3.1153884297260697,2.8223961846742465,4.168902980283174,2.8223961846742465,1.1164735580544998,27,27,1.0,1.7619696160441076,1.793711581496792,0.7054082242150038,0.7071067811865476,0.5,0.5,-0.5,0.40075838565826416,velocity,post_controller_hold,False,,0.0903,0.4262,not_attempted,0.0,False,False
-1.9224557,54,828.958955,True,0.24643332464914489,False,False,1.2955093859674038,success,True,0.9560293127152732,9.560293127152732,4.457904429232287,9.186823604329765,4.457904429232287,1.0776926440795824,54,54,1.0,1.7893810447480876,1.793711581496792,0.695026983591817,0.7071067811865476,-0.5,-0.5,0.5,-1.5707963705062866,velocity,post_controller_hold,False,,0.1346,2.5667,not_attempted,0.0,False,False
13.5428,14,840.173954,True,0.3928249056235811,False,False,1.3129669757425193,success,True,0.4467391553368977,4.4673915533689765,1.6748900297167648,2.0801083663622757,1.6748900297167648,1.3129669757425193,14,14,1.0,1.7910863986979813,1.793711581496792,0.7000183122722555,0.7071067811865476,-0.5,-0.3456931710243225,-0.5,-1.5707963705062866,velocity,post_controller_hold,False,,0.1669,2.2278,not_attempted,0.0,False,False
4.5602717,69,863.89617,True,0.3939980441260765,False,False,1.6084384792940964,success,True,0.7494886519388719,7.49488651938872,2.5046352261197455,10.34394412765873,3.008511648412495,1.1270806958804869,69,69,1.0,1.7373454850949577,1.793711581496792,0.6806782463764467,0.7071067811865476,-0.5,-0.5,0.5,1.5707963705062866,velocity,post_controller_hold,False,,0.1018,2.0302,not_attempted,0.0,False,False
0.71960175,133,880.941987,True,0.3620750991969301,False,False,1.1365890242558223,success,True,0.392766390919959,3.92766390919959,1.7028125979229558,21.435477150458212,2.060557819788278,1.1173486694572987,133,133,1.0,1.7235570104041136,1.793711581496792,0.6918727009608208,0.7071067811865476,-0.5,0.39126455783843994,0.5,1.5707963705062866,velocity,post_controller_hold,False,,0.1444,0.0764,not_attempted,0.0,True,False
8.241681,29,896.659016,True,0.30375227940509236,False,False,1.9643705037894437,success,True,0.4514750026348821,4.514750026348821,3.9197905278846457,4.552540910009957,3.9197905278846457,1.311940319024561,29,29,1.0,1.7252205292641936,1.793711581496792,0.7071067811865475,0.7071067811865476,-0.5,0.5,0.0069119930267333984,1.5090866088867188,velocity,post_controller_hold,False,,0.1431,0.73,not_attempted,0.0,False,False
10.189132,71,909.517031,True,0.3737357184237533,False,False,1.7126364698504573,success,True,0.0006128002297793633,0.006128002297793633,3.139260934471745,11.502225395903904,3.897264827662048,0.8245011250016537,71,71,1.0,1.758044416945006,1.793711581496792,0.7020748606469719,0.7071067811865476,-0.5,0.5,0.5,1.5707963705062866,velocity,post_controller_hold,False,,0.0897,0.1787,not_attempted,0.0,False,False
-0.9488227,80,931.276057,True,0.3346418817350843,False,False,1.6429006799294577,success,True,0.8175078919433689,8.17507891943369,3.599276747901379,12.670714536872762,4.2293609129529415,0.90226441193513,80,80,1.0,1.7012744987898398,1.793711581496792,0.6998571109614451,0.7071067811865476,-0.1947333812713623,0.5,-0.5,1.5707963705062866,velocity,post_controller_hold,False,,0.178,0.6039,not_attempted,0.0,False,True
3.6752431,75,944.833036,True,0.3502546608649313,False,False,1.285521894588701,success,True,0.9069109104514306,9.069109104514306,1.1995954050238467,11.347792659510615,1.7112291804084825,0.7833585608262686,75,75,1.0,1.7725082642896728,1.793711581496792,0.6878358288791606,0.7071067811865476,-0.5,-0.5,-0.5,-1.5707963705062866,velocity,post_controller_hold,False,,0.1679,0.6578,not_attempted,0.0,False,False
8.358178,29,958.951097,True,0.3590351873986304,False,False,1.3352454746063565,success,True,0.8263186565335618,8.26318656533562,2.268195267503812,4.55734497347505,2.560640893161084,1.1819140921387796,29,29,1.0,1.788823001221374,1.793711581496792,0.6928739826942694,0.7071067811865476,-0.5,0.038114070892333984,0.5,-1.5707963705062866,velocity,post_controller_hold,False,,0.1405,1.4122,not_attempted,0.0,False,False
4.939506,62,972.492979,True,0.33262784444660437,False,False,1.342912865818041,success,True,0.46829329733461694,4.682932973346169,3.633804871715028,10.765825279894027,3.8119122058977792,0.81514052010813,62,62,1.0,1.7642874895630323,1.793711581496792,0.702619769739884,0.7071067811865476,-0.5,0.5,-0.5,-1.5707963705062866,velocity,post_controller_hold,False,,0.1991,2.3264,not_attempted,0.0,False,False
7.5065866,55,989.569988,True,0.3970904092942653,False,False,1.1920159128984655,success,True,0.32983600763281745,3.2983600763281746,3.4416120230855185,8.902344698152067,3.65143854770237,1.1920159128984655,55,55,1.0,1.6655107873415396,1.793711581496792,0.7005426794053519,0.7071067811865476,-0.5,-0.5,-0.5,-1.5707963705062866,velocity,post_controller_hold,False,,0.1547,1.9738,not_attempted,0.0,False,False
5.4152675,59,1004.021138,True,0.35053861350678844,False,False,1.6957773428869731,success,True,0.846434623733436,8.464346237334361,1.3414461069498322,9.061489276342302,2.028135259385973,1.09925675932211,59,59,1.0,1.6499597059492646,1.793711581496792,0.6951528668532532,0.7071067811865476,0.5,-0.5,-0.5,1.5707963705062866,velocity,post_controller_hold,False,,0.1271,2.9058,not_attempted,0.0,False,False
0.3446001,44,1014.89007,True,0.27302780243879565,False,False,1.3077559757497659,success,True,0.9288328767805969,9.288328767805968,3.864403381738908,7.136897688049875,4.068706226407031,1.1571946324613376,44,44,1.0,1.7601073705597317,1.793711581496792,0.7024525961815433,0.7071067811865476,0.5,0.5,-0.5,1.5707963705062866,velocity,post_controller_hold,False,,0.1701,1.9078,not_attempted,0.0,False,False
8.175602,66,1041.806129,True,0.36872666001971816,False,False,1.1853543250714058,success,True,0.2634180321067873,2.6341803210678734,1.9816412382293882,9.927300350305906,2.6418146483792144,0.979478849961771,66,66,1.0,1.7824777145887865,1.793711581496792,0.7005085701434082,0.7071067811865476,0.5,-0.5,0.5,1.5707963705062866,velocity,post_controller_hold,False,,0.1812,2.8295,not_attempted,0.0,True,False
3.4902716,83,1069.92611,True,0.38327689783051044,False,False,1.6803249179979787,success,True,0.888654066515258,8.88654066515258,2.0403631037337338,12.24272918185702,2.4772712601779987,1.1858105909214682,83,83,1.0,1.5569568016460564,1.793711581496792,0.6962555422895682,0.7071067811865476,-0.5,0.5,0.5,-1.464146375656128,velocity,post_controller_hold,False,,0.0981,2.7425,not_attempted,0.0,False,False
-38.83429,200,1092.83053,False,1.0770543684177736,False,False,1.1812337341582335,max_steps,True,0.8483009514725646,0.0,5.307415783711889,31.36359296508144,5.3144820184803265,0.7918194202214845,200,200,1.0,1.697926492913978,1.793711581496792,0.6949523303806696,0.7071067811865476,-0.5,0.5,0.5,-1.5707963705062866,velocity,post_controller_hold,False,,0.1048,1.5695,not_attempted,0.0,False,False
10.32678,39,1103.741122,True,0.3843219856002776,False,False,1.7332338189344327,success,True,0.5645795791401466,5.645795791401466,1.7912728516368968,6.591520390746535,2.292885369942855,1.191138673284348,39,39,1.0,1.7251244790456837,1.793711581496792,0.7014150644064265,0.7071067811865476,0.5,-0.5,-0.5,1.5707963705062866,velocity,post_controller_hold,False,,0.186,2.535,not_attempted,0.0,False,False
11.714249,26,1117.646963,True,0.1926460946337399,False,False,1.4219971006750551,success,True,0.4484740513028855,4.4847405130288545,2.834310560558233,4.538761084788932,3.024494079938509,1.2497414405464877,26,26,1.0,1.7936070685919197,1.793711581496792,0.7068405620542682,0.7071067811865476,-0.5,-0.5,-0.5,1.5707963705062866,velocity,post_controller_hold,False,,0.144,1.5901,not_attempted,0.0,False,False
5.339742,67,1142.067037,True,0.2621587289928916,False,False,1.3782470231804353,success,True,0.20134484134918249,2.0134484134918247,4.546886404242485,10.125017451426222,4.873664295690396,1.0721428125000314,67,67,1.0,1.7423675556509017,1.793711581496792,0.7003885843261608,0.7071067811865476,-0.5,-0.5,0.07572733610868454,1.5707963705062866,velocity,post_controller_hold,False,,0.1092,1.1754,not_attempted,0.0,False,False
5.176371,59,1166.887007,True,0.22572170768574018,False,False,1.1936767087810465,success,True,0.8884440076721996,8.884440076721996,1.341990277531525,8.443753161227669,1.5116789170683722,1.0862646724632876,59,59,1.0,1.6551238180194872,1.793711581496792,0.6904208426651445,0.7071067811865476,-0.5,-0.5,-0.5,1.5707963705062866,velocity,post_controller_hold,False,,0.0846,2.6675,not_attempted,0.0,False,False
-8.79141,183,1189.659032,True,0.37342120210173163,False,False,1.2945203609518885,success,True,0.1404862109686598,1.4048621096865979,4.636228259483004,29.40168953588755,5.696289666561324,0.8675532318094032,183,183,1.0,1.7152869469261636,1.793711581496792,0.6921570100321408,0.7071067811865476,-0.5,0.5,0.4580337107181549,1.5707963705062866,velocity,post_controller_hold,False,,0.1608,1.906,not_attempted,0.0,False,False
-2.7969382,77,1208.108966,True,0.3011366316898211,False,False,1.3319869429314757,success,True,0.5655733908692583,5.655733908692583,4.804949144585737,12.505918083907169,5.457369928051463,1.0497976462350112,77,77,1.0,1.7918172762421114,1.793711581496792,0.7028832977030945,0.7071067811865476,0.5,0.5,-0.5,1.5707963705062866,velocity,post_controller_hold,False,,0.07,1.2215,not_attempted,0.0,False,False
17.065588,8,1218.723069,True,0.3312557537058807,False,False,1.7947517485885454,success,True,0.2286055576802524,2.286055576802524,0.8807240489568898,1.0230153528056853,0.8807240489568898,1.5769315715122036,8,8,1.0,1.793711581496792,1.793711581496792,0.7071067811865477,0.7071067811865476,0.5,-0.5,0.5,1.5707963705062866,velocity,post_controller_hold,False,,0.1382,0.9717,not_attempted,0.0,False,False
14.824845,32,1241.343871,True,0.24893083351058798,False,False,1.0622935901639632,success,True,0.05070721626331026,0.5070721626331026,1.8598188587126792,4.576920058628543,1.8598188587126792,1.0622935901639632,32,32,1.0,1.7385271115709,1.793711581496792,0.6940383488292977,0.7071067811865476,0.5,0.5,0.5,-1.5707963705062866,velocity,post_controller_hold,False,,0.1344,0.6365,not_attempted,0.0,True,False
-7.6791887,85,1249.070053,True,0.3607225564980791,False,False,1.6827826426302583,success,True,0.1969977520153704,1.969977520153704,3.916608963819458,15.007999256872822,3.916608963819458,0.9162983536814988,85,85,1.0,1.7928327195591174,1.793711581496792,0.7045622188922329,0.7071067811865476,0.5,0.5,-0.5,1.5707963705062866,velocity,post_controller_hold,False,,0.1543,1.7007,not_attempted,0.0,False,False
3.065907,48,1277.564887,True,0.3884703529876122,False,False,1.1321336519979268,success,True,0.5766851180128576,5.766851180128576,3.849870515658845,8.021044438943665,3.849870515658845,0.879600969349254,48,48,1.0,1.7887090532641376,1.793711581496792,0.707106781186547,0.7071067811865476,0.5,-0.5,0.5,1.5707963705062866,velocity,post_controller_hold,False,,0.0752,2.4972,not_attempted,0.0,True,False
0.7374672,65,1291.093074,True,0.3771159717504665,False,False,1.356763798849424,success,True,0.2565043127599849,2.565043127599849,4.737107854671393,10.058926817543389,5.516546873696858,0.9604099097062656,65,65,1.0,1.76736542651394,1.793711581496792,0.6950834082939351,0.7071067811865476,-0.5,-0.5,-0.5,1.5707963705062866,velocity,post_controller_hold,False,,0.1414,0.2148,not_attempted,0.0,False,False
4.4175386,44,1307.089733,True,0.34995281024582486,False,False,1.2079715865292817,success,True,0.9042405381523573,9.042405381523572,2.7248440835054435,6.603590084663042,2.8372683724263017,0.8488312033453337,44,44,1.0,1.6628450091371365,1.793711581496792,0.6942461911756744,0.7071067811865476,0.5,0.5,0.5,-1.5707963705062866,velocity,post_controller_hold,False,,0.1034,0.4787,not_attempted,0.0,False,False
-0.16212702,45,1319.009008,True,0.39894856164237635,False,False,1.4192905674940293,success,True,0.6335678252151724,6.335678252151724,3.7555604740049326,7.392383393548992,3.7555604740049326,0.8797592346524201,45,45,1.0,1.7924870383832876,1.793711581496792,0.7036730316345916,0.7071067811865476,-0.5,-0.5,-0.5,1.5707963705062866,velocity,post_controller_hold,False,,0.1394,0.9565,not_attempted,0.0,False,False
5.6876473,22,1334.604047,True,0.39898785373849477,False,False,1.0298979187064459,success,True,0.9827774847827697,9.827774847827698,2.572509769593915,3.733097255573063,2.572509769593915,0.9181390380206436,22,22,1.0,1.7243246012794105,1.793711581496792,0.7071067811865478,0.7071067811865476,0.5,0.5,0.5,0.5584237575531006,velocity,post_controller_hold,False,,0.0889,0.9316,not_attempted,0.0,True,False
10.115192,41,1351.730691,True,0.2463785176617526,False,False,1.552384229064621,success,True,0.25312050978829786,2.5312050978829785,3.3518797239234988,6.8314819975200285,3.5223370351871464,1.1122373716454272,41,41,1.0,1.7914251220981394,1.793711581496792,0.7025020576896557,0.7071067811865476,0.5,-0.5,-0.5,1.5707963705062866,velocity,post_controller_hold,False,,0.106,0.0302,not_attempted,0.0,False,False
12.484224,12,1366.353025,True,0.2902347789480929,False,False,1.1019195244273514,success,True,0.59947440538579,5.9947440538579,1.4588943618445884,1.6941333891526236,1.4588943618445884,0.9283817579648652,12,12,1.0,1.7937115814967928,1.793711581496792,0.7071067811865478,0.7071067811865476,-0.5,0.5,0.5,-1.5707963705062866,velocity,post_controller_hold,False,,0.1226,0.0739,not_attempted,0.0,False,False
4.7911043,93,1383.424891,True,0.31268588249531737,False,False,1.570337239522652,success,True,0.3324800522485125,3.324800522485125,2.2784507834061327,15.044142014810953,2.9964873229850317,0.8540883929164855,93,93,1.0,1.6961520870609612,1.793711581496792,0.7017034883874627,0.7071067811865476,-0.5,0.5,0.5,-1.5707963705062866,velocity,post_controller_hold,False,,0.1884,0.2075,not_attempted,0.0,False,False
10.6564665,44,1392.07006,True,0.2969768388966366,False,False,1.7646076486637308,success,True,0.17638426888937336,1.7638426888937335,2.9791883712687746,7.109967091646153,4.023279279995087,0.9451613921863672,44,44,1.0,1.7419097029635922,1.793711581496792,0.6896883942333902,0.7071067811865476,0.5,-0.5,0.41036176681518555,1.5707963705062866,velocity,post_controller_hold,False,,0.1011,0.9053,not_attempted,0.0,False,False
6.432157,37,1416.795095,True,0.3768884653686339,False,False,1.3219979094318615,success,True,0.25390350752214363,2.5390350752214363,4.918229083498413,5.981296069083589,4.918229083498413,1.08455620255375,37,37,1.0,1.692349388360045,1.793711581496792,0.7071067811865472,0.7071067811865476,0.5,0.5,-0.5,-1.5707963705062866,velocity,post_controller_hold,False,,0.1339,1.3068,not_attempted,0.0,False,False
0.5339424,89,1435.542986,True,0.38755720453069425,False,False,1.800499098317372,success,True,0.6637948720424147,6.637948720424147,3.247451308693682,14.546120154542146,4.926493193734975,1.0793575551656935,89,89,1.0,1.7042643833314388,1.793711581496792,0.6960469631615465,0.7071067811865476,0.5,-0.5,-0.5,1.5707963705062866,velocity,post_controller_hold,False,,0.0707,3.1286,not_attempted,0.0,False,False
16.110508,13,1450.264084,True,0.369877507523716,False,False,1.280520416184218,success,True,0.20916105126730888,2.091610512673089,1.6576814312149846,1.8966229648123492,1.6576814312149846,1.187601843199948,13,13,1.0,1.7937115814967928,1.793711581496792,0.7071067811865478,0.7071067811865476,-0.5,0.5,0.5,1.5707963705062866,velocity,post_controller_hold,False,,0.1036,0.0413,not_attempted,0.0,False,False
4.3469706,46,1469.380409,True,0.2679932428229282,False,False,1.8004245960585155,success,True,0.6909100203430465,6.909100203430465,3.1663963352533804,6.776484078191227,3.1663963352533804,1.134027234313531,46,46,1.0,1.7834411958857566,1.793711581496792,0.68125504125256,0.7071067811865476,0.5,-0.5,-0.5,-1.5707963705062866,velocity,post_controller_hold,False,,0.0524,2.9211,not_attempted,0.0,False,False
-1.9499499,123,1487.713335,True,0.37730356152240563,False,False,1.5922270086959247,success,True,0.7438963970463951,7.438963970463951,3.270256704481467,19.536058926720173,4.1165565139722595,1.0094676337567656,123,123,1.0,1.7355498380982501,1.793711581496792,0.6917056477358707,0.7071067811865476,-0.5,-0.5,0.5,0.9934989213943481,velocity,post_controller_hold,False,,0.1752,2.6441,not_attempted,0.0,False,False
7.763291,46,1507.833269,True,0.2959188239627517,False,False,1.7977140189244043,success,True,0.22990216484654152,2.2990216484654153,2.9154163289730524,6.899889460969291,2.941484750077326,0.984610903690276,46,46,1.0,1.7924342204922628,1.793711581496792,0.7034953541043837,0.7071067811865476,0.5,-0.5,-0.5,1.5707963705062866,velocity,post_controller_hold,False,,0.1399,0.2059,not_attempted,0.0,False,True
-6.143226,98,1527.506054,True,0.25943176264518414,False,False,1.3290433003022413,success,True,0.48997113760339495,4.89971137603395,3.991816583467646,15.79469350620995,6.8733592983288485,0.9726165161884154,98,98,1.0,1.7862187446104683,1.793711581496792,0.6952919487140035,0.7071067811865476,-0.5,-0.5,0.5,1.5707963705062866,velocity,post_controller_hold,False,,0.1289,3.1155,not_attempted,0.0,False,False
0.9216668,45,1548.058038,True,0.16198638314634575,False,False,1.1471904496620222,success,True,0.4334181901985405,4.334181901985405,4.906707782130589,7.787652917164086,4.906707782130589,0.9561878876535505,45,45,1.0,1.722242745836087,1.793711581496792,0.6900362491881452,0.7071067811865476,0.5,-0.5,0.5,-1.5707963705062866,velocity,post_controller_hold,False,,0.176,0.6974,not_attempted,0.0,False,False
10.019917,79,1573.524006,True,0.3974091154799168,False,False,2.009290326456998,success,True,0.10452763988023706,1.0452763988023706,1.7258248078801657,12.265133214533297,2.248739420927789,0.720619127500027,79,79,1.0,1.7391048162282305,1.793711581496792,0.6995766935048321,0.7071067811865476,0.5,0.5,-0.3624558448791504,1.5707963705062866,velocity,post_controller_hold,False,,0.0718,1.4421,not_attempted,0.0,False,False
6.9813933,79,1588.381123,True,0.39544614157318175,False,False,1.939138451104919,success,True,0.2355455819948854,2.355455819948854,2.804481569758831,12.319763657479886,3.230897850063929,0.9637981073465511,79,79,1.0,1.7479796157285463,1.793711581496792,0.6989865365733847,0.7071067811865476,-0.5,-0.5,0.5,-1.5707963705062866,velocity,post_controller_hold,False,,0.1612,2.1449,not_attempted,0.0,False,False
9.48278,39,1605.139983,True,0.3480448326375941,False,False,1.8689931057796692,success,True,0.2678977513475575,2.678977513475575,3.9114956434382235,6.568536778338673,3.9114956434382235,1.178017503943978,39,39,1.0,1.7849852349064053,1.793711581496792,0.6969151113621298,0.7071067811865476,-0.5,-0.5,-0.5,1.5707963705062866,velocity,post_controller_hold,False,,0.1232,0.7515,not_attempted,0.0,False,True
3.1995392,34,1624.468058,True,0.3130444104938615,False,False,1.5944034683540835,success,True,0.8137111603290688,8.137111603290688,3.6822174699221897,5.028200040572403,3.6822174699221897,0.9641038309413681,34,34,1.0,1.7875654896977897,1.793711581496792,0.6892684018092079,0.7071067811865476,-0.5,0.05806899070739746,0.5,1.5707963705062866,velocity,post_controller_hold,False,,0.0901,0.5575,not_attempted,0.0,False,False
2.9216263,64,1646.687199,True,0.37939648745578614,False,False,1.2674629261442114,success,True,0.15963971251534717,1.5963971251534717,4.306696047702354,9.63288085817002,4.67584268707075,0.9122740027844802,64,64,1.0,1.773114863041088,1.793711581496792,0.6947259392135751,0.7071067811865476,-0.5,-0.5,0.5,-1.5707963705062866,velocity,post_controller_hold,False,,0.1818,1.8855,not_attempted,0.0,False,False
-3.6468563,132,1664.29811,True,0.24636061820904098,False,False,1.0063164041175523,success,True,0.6840128701251367,6.840128701251366,3.0000872836604824,21.226163133664215,3.4654462266575545,1.0063164041175523,132,132,1.0,1.7436707034084222,1.793711581496792,0.6997569190150941,0.7071067811865476,-0.5,0.5,-0.5,1.5707963705062866,velocity,post_controller_hold,False,,0.1664,0.9073,not_attempted,0.0,False,False
8.34287,31,1681.014073,True,0.35885404112148567,False,False,1.3696736327091081,success,True,0.4505843888940897,4.5058438889408965,3.5678676979645125,4.764917443831047,3.5678676979645125,0.9678254926586181,31,31,1.0,1.7854510712902592,1.793711581496792,0.6988029712163014,0.7071067811865476,-0.5,0.5,-0.5,-1.5707963705062866,velocity,post_controller_hold,False,,0.0826,0.2473,not_attempted,0.0,False,False
14.575684,27,1696.63751,True,0.2562393166477593,False,False,1.2903481171361846,success,True,0.27775847615827687,2.7775847615827685,1.6029937371804608,3.9290413861224174,1.9468092837894346,1.2903481171361846,27,27,1.0,1.6471117521049956,1.793711581496792,0.6887962400683553,0.7071067811865476,-0.5,0.2684202194213867,-0.5,1.5707963705062866,velocity,post_controller_hold,False,,0.0952,2.6685,not_attempted,0.0,False,False
-9.57668,80,1715.310435,True,0.2712133549336387,False,False,1.049586279448737,success,True,0.1578549016422378,1.578549016422378,4.484411460755964,13.95675592150646,4.484411460755964,0.9146877737751473,80,80,1.0,1.7604083174277332,1.793711581496792,0.6995879504319923,0.7071067811865476,0.5,0.5,0.5,1.5707963705062866,velocity,post_controller_hold,False,,0.1207,2.6886,not_attempted,0.0,False,False
10.0965,27,1727.054017,True,0.2169172093303214,False,False,1.509262477162029,success,True,0.43845796793853864,4.384579679385387,2.8060850488342646,4.368625483507954,2.8060850488342646,1.3011957376238348,27,27,1.0,1.6694448564418451,1.793711581496792,0.7071067811865476,0.7071067811865476,-0.5,0.5,-0.5,1.5707963705062866,velocity,post_controller_hold,False,,0.1355,0.5163,not_attempted,0.0,False,False
10.357193,26,1748.115638,True,0.3939580391731789,False,False,1.0573963802817077,success,True,0.5463423756848897,5.463423756848897,1.997035999067467,4.177883571961397,2.2764311580433354,1.0573963802817077,26,26,1.0,1.7937115814967934,1.793711581496792,0.7071067811865477,0.7071067811865476,0.5,0.5,0.5,-1.5707963705062866,velocity,post_controller_hold,False,,0.1472,3.0807,not_attempted,0.0,True,False
12.696561,37,1766.766086,True,0.378256406275731,False,False,1.1079236815279634,success,True,0.09096937285685001,0.9096937285685002,2.6991609784151747,5.802188055596654,2.6991609784151747,0.7468313672030024,37,37,1.0,1.7418018349635964,1.793711581496792,0.7015318088088255,0.7071067811865476,0.5,-0.5,-0.5,-1.5707963705062866,velocity,post_controller_hold,False,,0.1875,2.645,not_attempted,0.0,False,False
8.464188,31,1784.741241,True,0.23248726296263858,False,False,1.4608575701232385,success,True,0.7319229490995544,7.319229490995544,2.7569293165818336,4.941260879763947,2.7569293165818336,0.88671517261586,31,31,1.0,1.7937115814967934,1.793711581496792,0.7071067811865474,0.7071067811865476,0.5,0.5,0.5,-1.5707963705062866,velocity,post_controller_hold,False,,0.1426,0.411,not_attempted,0.0,False,False
4.079342,54,1808.691978,True,0.34782786391974313,False,False,1.4362432339090208,success,True,0.2890776152472946,2.890776152472946,4.554341479629909,8.82140727697878,5.0174752991871525,0.9572541835349997,54,54,1.0,1.7924656171183229,1.793711581496792,0.7037622308920872,0.7071067811865476,-0.5,-0.5,-0.5,1.5707963705062866,velocity,post_controller_hold,False,,0.0958,2.765,not_attempted,0.0,False,False
-1.5515746,95,1833.47227,True,0.3391208158947753,False,False,1.549363932173754,success,True,0.5062062675923374,5.062062675923374,3.786012789359846,14.778934521802743,4.377640227239407,0.753528920993874,95,95,1.0,1.7459420508693302,1.793711581496792,0.7007030389118574,0.7071067811865476,-0.5,0.5,-0.5,1.5707963705062866,velocity,post_controller_hold,False,,0.1374,1.6833,not_attempted,0.0,False,False
5.370077,73,1850.709393,True,0.26617344323464376,False,False,1.154749307761784,success,True,0.5928382974241928,5.928382974241928,1.5318723252539108,11.04682460571719,1.6593836512092206,1.154749307761784,73,73,1.0,1.7525164424044413,1.793711581496792,0.6960761491371782,0.7071067811865476,-0.5,-0.5,0.12217366695404053,-1.5707963705062866,velocity,post_controller_hold,False,,0.0865,2.4222,not_attempted,0.0,False,False
7.6647944,54,1870.793092,True,0.1029942369611954,False,False,1.9012873014684055,success,True,0.19061927575986526,1.9061927575986526,3.109148085027351,9.188377460474063,4.044568429899017,0.9237698909212588,54,54,1.0,1.7868181371763658,1.793711581496792,0.6941017727167079,0.7071067811865476,0.5,0.5,-0.5,-1.5707963705062866,velocity,post_controller_hold,False,,0.1243,2.5765,not_attempted,0.0,False,True
4.074976,65,1892.428719,True,0.3265932944701511,False,False,1.8320042394172058,success,True,0.46867631261172377,4.6867631261172376,4.235677115464349,10.324529969034788,4.292167475874576,1.373565169245784,65,65,1.0,1.6811908860687994,1.793711581496792,0.7018269814111462,0.7071067811865476,-0.5,0.5,-0.5,-1.5707963705062866,velocity,post_controller_hold,False,,0.0907,2.6252,not_attempted,0.0,False,True
-3.441279,49,1909.40526,True,0.3548671913774459,False,False,1.773719269605842,success,True,0.9889441111439216,9.889441111439215,3.8988091308521446,7.787730272001522,3.8988091308521446,1.0033925293540151,49,49,1.0,1.6762977986740146,1.793711581496792,0.6996474930579274,0.7071067811865476,-0.5,0.5,-0.5,1.5707963705062866,velocity,post_controller_hold,False,,0.0644,0.4252,not_attempted,0.0,False,False
7.555316,32,1930.522055,True,0.3062877736763625,False,False,1.6808445861520585,success,True,0.5365279315298375,5.365279315298375,3.715457703620948,4.971242302570483,3.715457703620948,1.0352158392903301,32,32,1.0,1.7893809677948505,1.793711581496792,0.6945495354846788,0.7071067811865476,0.5,0.5,0.5,1.5707963705062866,velocity,post_controller_hold,False,,0.1105,2.9066,not_attempted,0.0,False,False
13.0077095,7,1942.042083,True,0.3732922049927007,False,False,1.8373889357179944,success,True,0.6371159323212656,6.371159323212656,0.8810334568536123,0.8870262612155924,0.8810334568536123,1.3230889713574683,7,7,1.0,1.793711581496792,1.793711581496792,0.7071067811865477,0.7071067811865476,-0.5,-0.5,-0.5,-1.5707963705062866,velocity,post_controller_hold,False,,0.2008,2.7115,not_attempted,0.0,False,True
10.231329,66,1956.247749,True,0.3811068198633459,False,False,1.413576410787174,success,True,0.39118528288429216,3.9118528288429215,1.4848951809947997,10.319482646989826,1.8249728513255006,0.9197878901486827,66,66,1.0,1.7893543517991548,1.793711581496792,0.6989211331337142,0.7071067811865476,0.5,0.5,0.5,-1.5707963705062866,velocity,post_controller_hold,False,,0.0732,1.4366,not_attempted,0.0,True,False
10.61794,20,1973.761079,True,0.2865722921882233,False,False,0.9580755343546271,success,True,0.5970446454470351,5.97044645447035,2.4231918485888033,2.9409467792004533,2.4231918485888033,0.8287338692689578,20,20,1.0,1.7937115814967932,1.793711581496792,0.7071067811865478,0.7071067811865476,0.5,0.5,0.5,1.5707963705062866,velocity,post_controller_hold,False,,0.1027,0.8222,not_attempted,0.0,True,False
9.077766,34,1982.760968,True,0.3276106843479403,False,False,1.4408766666051938,success,True,0.751837563904553,7.51837563904553,1.795033148465897,5.6004988052418625,1.795033148465897,0.8304146407720311,34,34,1.0,1.4735396099751168,1.793711581496792,0.6895723886542915,0.7071067811865476,-0.5,0.5,-0.5,-1.5707963705062866,velocity,post_controller_hold,False,,0.039,2.774,not_attempted,0.0,False,False
7.8484817,44,2002.983361,True,0.3224619643008544,False,False,1.2315850861927768,success,True,0.713980447979595,7.13980447979595,1.9949057396675463,6.722114996568984,2.4023874710174105,1.2315850861927768,44,44,1.0,1.7757293257265425,1.793711581496792,0.6767746625639576,0.7071067811865476,0.5,0.5,0.5,1.5707963705062866,velocity,post_controller_hold,False,,0.13,0.1708,not_attempted,0.0,True,False
4.803656,74,2026.880076,True,0.34071991667174445,False,False,1.11858350729048,success,True,0.11624748582551074,1.1624748582551074,5.155856177646256,11.314520087609953,5.792323902089643,0.9621614715054824,74,74,1.0,1.723520180887872,1.793711581496792,0.7046303959762991,0.7071067811865476,-0.5,-0.5,0.5,1.5707963705062866,velocity,post_controller_hold,False,,0.1459,2.5245,not_attempted,0.0,True,False
7.113529,63,2043.696377,True,0.2961104670056846,False,False,1.7704386070198996,success,True,0.4317730859105218,4.317730859105218,2.0378638107361344,9.83563659552015,2.834545912795828,0.7281663263955113,63,63,1.0,1.6520759128483873,1.793711581496792,0.6962359854339194,0.7071067811865476,0.5,0.06610262393951416,-0.1756111979484558,-1.5707963705062866,velocity,post_controller_hold,False,,0.1033,1.4075,not_attempted,0.0,False,False
8.798511,21,2064.230398,True,0.3531888055201234,False,False,1.7474014404925349,success,True,0.719307141273373,7.1930714127337305,2.27420780681824,3.0247508523426965,2.27420780681824,1.1444532166929648,21,21,1.0,1.7937115814967932,1.793711581496792,0.7071067811865478,0.7071067811865476,-0.5,-0.5,0.5,1.5707963705062866,velocity,post_controller_hold,False,,0.1829,0.8319,not_attempted,0.0,False,False
6.2934356,35,2083.036332,True,0.3769891668844532,False,False,1.413226155783937,success,True,0.7491431490531463,7.491431490531463,2.8945523404977154,5.296124584548626,3.065157734593809,1.0260426839875716,35,35,1.0,1.7235705884065702,1.793711581496792,0.7066986648795881,0.7071067811865476,0.5,0.5,-0.5,-1.5707963705062866,velocity,post_controller_hold,False,,0.0215,1.0861,not_attempted,0.0,False,False
3.9635952,83,2094.407944,True,0.34022882324234927,False,False,1.304886663583305,success,True,0.15788781434555668,1.5788781434555668,3.733221035834894,13.69602592261957,4.085491024188666,1.2600272030804027,83,83,1.0,1.7420224981564412,1.793711581496792,0.6991150786901196,0.7071067811865476,0.5,0.5,0.5,-1.5707963705062866,velocity,post_controller_hold,False,,0.1444,0.0177,not_attempted,0.0,False,False
11.33921,23,2113.227944,True,0.2428879458607946,False,False,1.283070514009115,success,True,0.5996674887232981,5.996674887232981,1.3101167594491205,3.2472689560039467,1.6371419634653492,1.2135132828157769,23,23,1.0,1.689731143251171,1.793711581496792,0.7071067811865478,0.7071067811865476,-0.5,0.5,0.5,0.9981064796447754,velocity,post_controller_hold,False,,0.0842,1.3206,not_attempted,0.0,True,False
-6.8584886,73,2139.655105,True,0.25350313161698607,False,False,1.2838488821462692,success,True,0.4970425102669909,4.97042510266991,5.0851604885400254,12.160452623755265,5.185473153187411,0.9555846586356812,73,73,1.0,1.7918832318826095,1.793711581496792,0.7021990832244203,0.7071067811865476,-0.5,0.5,0.5,-1.5707963705062866,velocity,post_controller_hold,False,,0.1494,2.1298,not_attempted,0.0,True,False
1.2663854,49,2139.655245,True,0.34160336874267677,False,False,1.3453098097950928,success,True,0.9666402398103269,9.66640239810327,3.34047637517133,7.533409282662418,3.34047637517133,1.3198479262993366,49,49,1.0,1.7937115814967937,1.793711581496792,0.707106781186547,0.7071067811865476,0.5,0.5,-0.5,-1.5707963705062866,velocity,post_controller_hold,False,,0.0848,2.3933,not_attempted,0.0,False,False
5.16448,40,2159.283052,True,0.3694976359614808,False,False,1.492726364043512,success,True,0.8360590637962243,8.360590637962243,2.6388064573505923,5.976491444425628,3.4404186996194333,1.1315240557808586,40,40,1.0,1.7472320290214327,1.793711581496792,0.7007727876492192,0.7071067811865476,0.5,-0.5,-0.31077027320861816,1.5707963705062866,velocity,post_controller_hold,False,,0.1844,1.2644,not_attempted,0.0,False,False
1.8226619,62,2179.591879,True,0.2911715302133831,False,False,1.0031925948263645,success,True,0.17745396817929476,1.7745396817929477,3.263325065108777,10.551065284964158,3.263325065108777,0.9466508818160604,62,62,1.0,1.7937115814967937,1.793711581496792,0.7071067811865468,0.7071067811865476,-0.5,0.5,0.5,-1.5707963705062866,velocity,post_controller_hold,False,,0.206,0.6865,not_attempted,0.0,True,False
3.072365,35,2197.30632,True,0.3387126247357771,False,False,1.1432414871236423,success,True,0.8212365948298781,8.212365948298782,3.7589764194702036,5.441585225601107,3.7589764194702036,1.1432414871236423,35,35,1.0,1.7914571214722395,1.793711581496792,0.7068944049244421,0.7071067811865476,0.5,-0.5,0.5,1.5707963705062866,velocity,post_controller_hold,False,,0.0461,2.6206,not_attempted,0.0,True,False
9.208684,61,2209.598324,True,0.28844835208082187,False,False,1.987011111105784,success,True,0.36423409173065946,3.6423409173065946,2.038066042702937,9.527263418027818,3.2233095794236246,0.8777684256559165,61,61,1.0,1.6743436232564002,1.793711581496792,0.699315398409178,0.7071067811865476,-0.5,-0.5,0.5,0.009933114051818848,velocity,post_controller_hold,False,,0.1054,1.2762,not_attempted,0.0,False,False
15.252911,18,2227.612284,True,0.360633485229226,False,False,1.6668143651158707,success,True,0.20897482977992626,2.0897482977992627,2.4180866391386884,3.0938247874215135,2.4180866391386884,1.4277357583198151,18,18,1.0,1.7743598468923498,1.793711581496792,0.65093803092938,0.7071067811865476,0.5,0.05019950866699219,-0.5,1.5707963705062866,velocity,post_controller_hold,False,,0.2204,0.4914,not_attempted,0.0,False,False
12.754923,27,2246.606109,True,0.31415340173983564,False,False,1.3514923117706423,success,True,0.15511344438093244,1.5511344438093244,2.946836655930742,4.581735141229189,2.946836655930742,1.090427996537534,27,27,1.0,1.5582981430188256,1.793711581496792,0.7071067811865476,0.7071067811865476,0.5,-0.5,0.5,1.5707963705062866,velocity,post_controller_hold,False,,0.1336,2.45,not_attempted,0.0,True,False
1.1317244,69,2268.337542,True,0.2557939090864109,False,False,1.7558751938176134,success,True,0.6841716521954616,6.841716521954616,3.1203879753302903,11.095597144885623,3.8067293927343866,0.8959345349044864,69,69,1.0,1.7877233104823511,1.793711581496792,0.6901657997346378,0.7071067811865476,0.5,0.5,0.5,-1.5707963705062866,velocity,post_controller_hold,False,,0.1762,1.3864,not_attempted,0.0,False,False
12.434343,57,2280.029582,True,0.11875231592441012,False,False,1.6485386058404323,success,True,0.04804153127100529,0.48041531271005294,1.6925934158931308,9.535837138463993,2.2576880765171268,0.838602148870404,57,57,1.0,1.7889593824215224,1.793711581496792,0.7056429756703174,0.7071067811865476,-0.37277889251708984,0.5,-0.5,-1.5707963705062866,velocity,post_controller_hold,False,,0.1543,0.9689,not_attempted,0.0,False,False
6.47913,30,2300.857808,True,0.2994443770730459,False,False,1.6994035485391665,success,True,0.8343327835449805,8.343327835449806,1.7167993714650418,4.765477623713263,1.7167993714650418,1.6994035485391665,30,30,1.0,1.7937115814967934,1.793711581496792,0.7071067811865475,0.7071067811865476,-0.5,-0.5,-0.5,1.5707963705062866,velocity,post_controller_hold,False,,0.1558,2.986,not_attempted,0.0,False,False
5.3422217,45,2324.180104,True,0.32122202545479156,False,False,1.8648237470185212,success,True,0.6932967629329034,6.932967629329035,2.821527723477332,6.502137321104423,2.827023397766672,0.8501593562630889,45,45,1.0,1.7605652781839536,1.793711581496792,0.7026569680671989,0.7071067811865476,0.5,-0.5,-0.5,-1.5707963705062866,velocity,post_controller_hold,False,,0.0537,2.0812,not_attempted,0.0,False,True
-6.927061,126,2352.549437,True,0.2944648694315095,False,False,1.702733822598387,success,True,0.5202164003989344,5.202164003989344,4.2505340656466455,19.995776273364157,4.951383630780188,0.844038711702864,126,126,1.0,1.7220657712903487,1.793711581496792,0.6967155126053562,0.7071067811865476,0.5,0.5,-0.5,1.5707963705062866,velocity,post_controller_hold,False,,0.1268,2.9204,not_attempted,0.0,False,True
1.8961653,53,2362.598092,True,0.3109275806278122,False,False,1.6598410725280506,success,True,0.1625104734954133,1.625104734954133,4.024706682859608,8.464589040017234,4.024706682859608,1.1331797821704697,53,53,1.0,1.7132798548859083,1.793711581496792,0.6944498875038345,0.7071067811865476,0.5,0.5,-0.5,1.5707963705062866,velocity,post_controller_hold,False,,0.157,0.7711,not_attempted,0.0,False,False
7.5851707,38,2383.670016,True,0.38860948137726997,False,False,1.7630351227256682,success,True,0.33021169063223177,3.3021169063223175,3.1645609881321346,5.245170268220402,3.1645609881321346,1.569963065746965,38,38,1.0,1.7746231636093226,1.793711581496792,0.6942336686321267,0.7071067811865476,-0.5,0.5,0.23771151900291443,1.5707963705062866,velocity,post_controller_hold,False,,0.1692,0.672,not_attempted,0.0,False,False
1.7583455,39,2383.670097,True,0.2055033348414163,False,False,1.704192529836567,success,True,0.93702783802204,9.3702783802204,4.060422965681401,6.376010127944711,4.060422965681401,1.2324225162886275,39,39,1.0,1.663772331443323,1.793711581496792,0.7071067811865471,0.7071067811865476,0.5,-0.5,-0.5,-1.5707963705062866,velocity,post_controller_hold,False,,0.1871,1.6653,not_attempted,0.0,False,False
15.572356,24,2400.094042,True,0.32306165394891195,False,False,1.3940034133810109,success,True,0.10520955172234263,1.0520955172234263,2.4839106743737953,3.6160451130783184,2.4839106743737953,0.8514083250611164,24,24,1.0,1.7937115814967932,1.793711581496792,0.7071067811865478,0.7071067811865476,-0.5,0.5,0.5,1.5707963705062866,velocity,post_controller_hold,False,,0.1641,2.374,not_attempted,0.0,False,False
6.155657,26,2415.909442,True,0.3883990753778806,False,False,1.2990483227041427,success,True,0.8527254433377691,8.527254433377692,3.3068769494531476,3.8935210892084355,3.3068769494531476,1.0667449554891866,26,26,1.0,1.7805178170282656,1.793711581496792,0.7071067811865477,0.7071067811865476,-0.5,0.5,0.5,1.5707963705062866,velocity,post_controller_hold,False,,0.0712,1.7546,not_attempted,0.0,False,False
2.450216,62,2429.841913,True,0.36876314492548556,False,False,1.5717434536919275,success,True,0.9612618589712438,9.612618589712438,1.921660696314193,9.870612423632172,2.683984468504051,0.8780934606413464,62,62,1.0,1.7510905870127995,1.793711581496792,0.6867792573259602,0.7071067811865476,-0.5,-0.5,0.5,-1.0736908912658691,velocity,post_controller_hold,False,,0.2299,0.9257,not_attempted,0.0,False,False
5.1229396,31,2449.155073,True,0.33952908799192,False,False,1.6344445825137262,success,True,0.955689199664842,9.556891996648421,2.499838991474719,4.558282588610755,2.800997530944853,1.0541948805443866,31,31,1.0,1.7937115814967934,1.793711581496792,0.7071067811865474,0.7071067811865476,-0.5,-0.5,-0.5,1.5707963705062866,velocity,post_controller_hold,False,,0.1087,0.8947,not_attempted,0.0,False,False
6.478281,50,2469.586063,True,0.26141213075671965,False,False,1.5933954898582185,success,True,0.5035022256988041,5.035022256988041,3.181961835194109,7.217015369451893,3.2572892846373227,1.0718229373189345,50,50,1.0,1.7756414232648274,1.793711581496792,0.7053222040813613,0.7071067811865476,0.5,0.5,-0.5,1.5707963705062866,velocity,post_controller_hold,False,,0.1514,2.1673,not_attempted,0.0,False,False
-0.81341076,107,2488.035049,True,0.28979910591848695,False,False,0.9054378173277468,success,True,0.40416911746034323,4.041691174603432,3.9893159563136193,16.53682115187008,4.508763345802243,0.7695381594874787,107,107,1.0,1.7535628222647954,1.793711581496792,0.7009211559094971,0.7071067811865476,0.5,-0.5,0.5,1.5707963705062866,velocity,post_controller_hold,False,,0.0745,0.5138,not_attempted,0.0,True,False
2.6180832,49,2512.456445,True,0.377437820524719,False,False,1.3540095368642937,success,True,0.12370175931376273,1.2370175931376273,4.996674300040384,7.463007924989284,4.996674300040384,0.9389717219456023,49,49,1.0,1.791108462658664,1.793711581496792,0.6996602203664666,0.7071067811865476,-0.5,0.5,0.5,-1.5707963705062866,velocity,post_controller_hold,False,,0.1381,2.8725,not_attempted,0.0,False,False
-5.788013,73,2529.201997,True,0.2178672704662012,False,False,1.1277877417468936,success,True,0.763297472167364,7.63297472167364,4.5502275703193416,11.196339796326853,4.600383194234594,0.640139798990478,73,73,1.0,1.7065326980027757,1.793711581496792,0.7071067811865467,0.7071067811865476,-0.5,0.5,0.5,1.5707963705062866,velocity,post_controller_hold,False,,0.1049,0.6735,not_attempted,0.0,True,False
3.3694956,53,2554.323999,True,0.3604909104925167,False,False,1.5578408244456794,success,True,0.852871010228939,8.52871010228939,3.08873870175017,8.010882578611684,3.420976256417856,0.7970394939025314,53,53,1.0,1.7866505499354497,1.793711581496792,0.686935465405024,0.7071067811865476,-0.5,-0.5,0.5,-1.5707963705062866,velocity,post_controller_hold,False,,0.1697,2.0235,not_attempted,0.0,False,False
-2.4445481,71,2567.568958,True,0.3768242468634613,False,False,1.795694845895535,success,True,0.5853985774332299,5.8539857743322985,5.043775822085236,11.040313101071293,5.4077656537173855,0.902408445423633,71,71,1.0,1.7242247118136331,1.793711581496792,0.703391737326975,0.7071067811865476,-0.5,0.5,0.5,-1.5707963705062866,velocity,post_controller_hold,False,,0.1436,1.5244,not_attempted,0.0,False,False
-2.4229455,62,2597.396377,True,0.23800822515094125,False,False,1.7670017362422408,success,True,0.6865051071988808,6.865051071988808,3.9626940604663723,9.172150077639042,4.272020760094593,0.966799689737975,62,62,1.0,1.790181641420686,1.793711581496792,0.6971828997647874,0.7071067811865476,0.32729530334472656,0.5,-0.5,-1.5707963705062866,velocity,post_controller_hold,False,,0.0667,0.2616,not_attempted,0.0,False,False
-0.30864197,96,2614.743159,True,0.39549430084673715,False,False,1.3462824540677636,success,True,0.24332088995421183,2.433208899542118,3.941769940626627,15.457960192376197,4.773897403395963,1.0069534877069812,96,96,1.0,1.6861835179724964,1.793711581496792,0.6991489430708547,0.7071067811865476,-0.5,-0.16058063507080078,-0.5,-1.5707963705062866,velocity,post_controller_hold,False,,0.1379,2.6667,not_attempted,0.0,False,False
7.818863,31,2629.215016,True,0.17805041077649675,False,False,1.4033540821541095,success,True,0.4515136331900828,4.515136331900828,3.4409312772030027,4.856672134733886,3.4409312772030027,0.886113482240972,31,31,1.0,1.4540292409814393,1.793711581496792,0.7071067811865474,0.7071067811865476,-0.5,-0.5,0.5,-1.0297130346298218,velocity,post_controller_hold,False,,0.1325,0.672,not_attempted,0.0,False,False
6.4047537,36,2647.569981,True,0.25559850312500454,False,False,1.740057118194149,success,True,0.7757004295970237,7.757004295970237,2.46238038636589,5.984864655430591,2.6743957809953502,0.6659559352918472,36,36,1.0,1.7925592629697071,1.793711581496792,0.7039664722774753,0.7071067811865476,-0.5,0.5,0.5,-1.5707963705062866,velocity,post_controller_hold,False,,0.2089,2.9306,not_attempted,0.0,False,False
4.193189,34,2666.177083,True,0.2802587761881724,False,False,1.4429285069900213,success,True,0.7437689690591174,7.437689690591174,3.3173497885002345,5.002141931442769,3.3173497885002345,1.0826430945657413,34,34,1.0,1.6480493111870036,1.793711581496792,0.7071067811865472,0.7071067811865476,0.5,-0.5,0.5,-1.5707963705062866,velocity,post_controller_hold,False,,0.1815,0.7411,not_attempted,0.0,False,False
-1.4035728,86,2683.336026,True,0.1208516898677808,False,False,1.471698778557044,success,True,0.5828095607470123,5.828095607470123,2.615781540545882,13.254999179229944,2.615781540545882,1.1004547825108617,86,86,1.0,1.7886711768291548,1.793711581496792,0.6927126427837613,0.7071067811865476,0.5,-0.5,-0.5,-1.5707963705062866,velocity,post_controller_hold,False,,0.1449,2.4197,not_attempted,0.0,False,False
13.496251,14,2699.759974,True,0.22847308698261862,False,False,1.9043840826955116,success,True,0.45102857868767277,4.510285786876728,1.8645062429922552,1.9356960913906107,1.8645062429922552,1.3970833101597078,14,14,1.0,1.783558696942998,1.793711581496792,0.7071067811865478,0.7071067811865476,-0.5,0.5,0.5,1.5707963705062866,velocity,post_controller_hold,False,,0.0766,2.0092,not_attempted,0.0,False,False
-7.032605,72,2724.105178,True,0.25674096218512793,False,False,1.8747449364059032,success,True,0.5577401088668317,5.577401088668317,5.117398006158677,11.692038182753755,5.854626562610003,1.2045965460651824,72,72,1.0,1.763299067476448,1.793711581496792,0.7071067811865467,0.7071067811865476,0.5,-0.5,0.5,1.5707963705062866,velocity,post_controller_hold,False,,0.1259,1.4001,not_attempted,0.0,False,False
-2.6639388,102,2749.282211,True,0.2532848501399341,False,False,1.9600797856938803,success,True,0.5339436272095118,5.339436272095118,3.9773657251895913,14.142533636762646,4.636402202416049,1.0946369925739567,102,102,1.0,1.6595950093657164,1.793711581496792,0.7040833120456079,0.7071067811865476,0.5,0.5,-0.5,-1.5707963705062866,velocity,post_controller_hold,False,,0.1119,2.5754,not_attempted,0.0,False,False
-0.3881645,86,2767.326051,True,0.3506701050295331,False,False,1.5496694091718166,success,True,0.4025492795721271,4.025492795721271,3.763985829160729,13.374708040747235,5.284843584868699,0.9184433163697864,86,86,1.0,1.761134838557509,1.793711581496792,0.7071067811865466,0.7071067811865476,-0.5,-0.5,0.5,-1.5707963705062866,velocity,post_controller_hold,False,,0.1089,0.6766,not_attempted,0.0,False,False
9.367434,47,2785.896243,True,0.17437738956991652,False,False,1.8193785258609128,success,True,0.2857432709622194,2.857432709622194,3.3709801760692066,6.935854644976635,3.95728606817054,1.0852722143575562,47,47,1.0,1.6464143839646532,1.793711581496792,0.6978804424009208,0.7071067811865476,-0.5,0.5,0.5,1.5707963705062866,velocity,post_controller_hold,False,,0.1719,0.6135,not_attempted,0.0,False,False
1.71328,51,2800.747999,True,0.22455779107086782,False,False,1.1861087512104103,success,True,0.30178064789457154,3.0178064789457153,4.14585925071981,7.388759559431697,4.263601754093688,1.0978651024591293,51,51,1.0,1.61222005102629,1.793711581496792,0.677903844403905,0.7071067811865476,-0.5,0.5,0.5,1.5707963705062866,velocity,post_controller_hold,False,,0.1463,0.3942,not_attempted,0.0,True,False
12.812422,34,2824.767964,True,0.12906854034951368,False,False,1.2634181080186069,success,True,0.026752600632423396,0.26752600632423396,3.3869120398967896,4.764132589623292,3.3869120398967896,1.0265077089286707,34,34,1.0,1.6901884667676832,1.793711581496792,0.7071067811865472,0.7071067811865476,-0.5,-0.5,-0.5,-1.5707963705062866,velocity,post_controller_hold,False,,0.0918,3.0643,not_attempted,0.0,False,False
9.485024,60,2836.823207,True,0.35795086770797363,False,False,1.5273111015385152,success,True,0.2137688750141625,2.137688750141625,2.6476598987385023,8.941309906920367,3.311358492835911,0.8672704171524807,60,60,1.0,1.7473781684422558,1.793711581496792,0.6922191881514351,0.7071067811865476,-0.5,-0.5,0.5,-0.7022703886032104,velocity,post_controller_hold,False,,0.1814,2.1191,not_attempted,0.0,False,False
5.506011,32,2856.895099,True,0.23735300639361864,False,False,1.4185316129302266,success,True,0.7452077744292295,7.4520777442922945,3.925755375492547,4.890655868567452,3.925755375492547,0.9728379045223274,32,32,1.0,1.7877694252994918,1.793711581496792,0.6901244346760101,0.7071067811865476,-0.5,-0.5,-0.5,1.5707963705062866,velocity,post_controller_hold,False,,0.1283,0.7676,not_attempted,0.0,False,False
5.054856,59,2878.342003,True,0.33760949631047793,False,False,1.6701759100281925,success,True,0.5557338751792769,5.557338751792768,2.9921686827651266,8.824005799352376,3.5428738451470014,0.7350837512173092,59,59,1.0,1.7694183947191824,1.793711581496792,0.6814644793598448,0.7071067811865476,0.5,0.5,-0.5,1.5707963705062866,velocity,post_controller_hold,False,,0.0551,2.2103,not_attempted,0.0,False,True
-1.3788743,54,2897.211094,True,0.26790548379768314,False,False,1.2303644737665924,success,True,0.8196461428440935,8.196461428440935,4.261850549694212,7.634873686936372,4.261850549694212,1.2303644737665924,54,54,1.0,1.7510988382271622,1.793711581496792,0.7071067811865469,0.7071067811865476,0.5,0.5,0.5,1.5707963705062866,velocity,post_controller_hold,False,,0.1913,2.8627,not_attempted,0.0,False,False
11.486944,20,2911.942986,True,0.20229084753378765,False,False,1.2657183240387748,success,True,0.4672067614610386,4.672067614610386,2.687837420743045,3.0251136644235874,2.687837420743045,1.2657183240387748,20,20,1.0,1.6600641212314795,1.793711581496792,0.7071067811865478,0.7071067811865476,0.5,-0.5,-0.5,1.5707963705062866,velocity,post_controller_hold,False,,0.029,0.9926,not_attempted,0.0,False,False
3.4064517,44,2931.058035,True,0.27627149084280267,False,False,1.6948659256510608,success,True,0.4153680561176387,4.153680561176387,3.867010846634724,6.169457263470939,3.867010846634724,1.2202469840609418,44,44,1.0,1.788619064160004,1.793711581496792,0.6934263132931288,0.7071067811865476,-0.5,0.5,-0.5,1.5707963705062866,velocity,post_controller_hold,False,,0.1403,0.6986,not_attempted,0.0,False,False
9.004724,16,2948.372355,True,0.21551398679358252,False,False,1.1653447284503602,success,True,0.8924566166956897,8.924566166956897,1.6300481456834424,2.387903132489516,1.6300481456834424,1.1653447284503602,16,16,1.0,1.793711581496793,1.793711581496792,0.7071067811865478,0.7071067811865476,-0.5,-0.5,0.5,1.5707963705062866,velocity,post_controller_hold,False,,0.1754,0.4498,not_attempted,0.0,True,False
5.301107,36,2968.293039,True,0.390556015832928,False,False,1.7432704571525106,success,True,0.5215097617545309,5.215097617545309,4.086343551341643,5.366516575339682,4.086343551341643,0.842609469693115,36,36,1.0,1.7937115814967934,1.793711581496792,0.7071067811865472,0.7071067811865476,-0.5,-0.5,-0.5,-1.5707963705062866,velocity,post_controller_hold,False,,0.085,2.6162,not_attempted,0.0,False,True
-31.251093,200,2993.864078,False,0.5907563753229567,False,False,1.7043257711648603,max_steps,True,0.2746672542329008,0.0,3.5965381590833663,29.826608326172334,4.785917942278201,0.9234388093502571,200,200,1.0,1.7542512910315444,1.793711581496792,0.6981971922835833,0.7071067811865476,0.28554534912109375,0.5,-0.5,1.5707963705062866,velocity,post_controller_hold,False,,0.0843,2.0591,not_attempted,0.0,False,False
-13.1050005,121,3022.016445,True,0.2128175480116171,False,False,1.7345546366976647,success,True,0.9527829513956751,9.527829513956751,4.205559769297239,17.982348802453124,5.412453206626336,0.7616470014730342,121,121,1.0,1.684238480435616,1.793711581496792,0.7016334162649132,0.7071067811865476,0.5,0.5,0.5,1.5707963705062866,velocity,post_controller_hold,False,,0.1914,0.2601,not_attempted,0.0,False,False
5.580968,33,3044.036978,True,0.3477147281395102,False,False,1.8272748403891486,success,True,0.6979623772730759,6.979623772730759,3.1884826207658787,4.60871659464225,3.1884826207658787,1.3271495363736443,33,33,1.0,1.74960318560057,1.793711581496792,0.6757610128277886,0.7071067811865476,-0.5,-0.5,-0.5,1.5707963705062866,velocity,post_controller_hold,False,,0.2351,1.267,not_attempted,0.0,False,True
-10.28484,135,3066.789452,True,0.20140822664521818,False,False,1.2246968211743194,success,True,0.6715774231670181,6.7157742316701805,4.338084462187512,20.63305886413862,4.907748478466739,1.0380964835234232,135,135,1.0,1.7441565566895778,1.793711581496792,0.6986886095083426,0.7071067811865476,-0.5,-0.5,-0.5,0.42344552278518677,velocity,post_controller_hold,False,,0.0814,0.2207,not_attempted,0.0,False,False
13.405372,51,3087.058943,True,0.32849586383202206,False,False,1.4284183250765459,success,True,0.06741729627390909,0.6741729627390909,1.7059949511047698,7.577174123652194,2.0584740543211697,0.874631212640289,51,51,1.0,1.6061784403568902,1.793711581496792,0.7003464839345562,0.7071067811865476,-0.5,-0.5,-0.5,-1.5707963705062866,velocity,post_controller_hold,False,,0.1855,2.0738,not_attempted,0.0,False,False
6.286725,34,3109.306148,True,0.014295126972906748,False,False,1.327897803380691,success,True,0.7010842689850747,7.010842689850747,3.420516736173302,4.64582093569849,3.4677147523266463,1.327897803380691,34,34,1.0,1.7917037497346968,1.793711581496792,0.7012997230359701,0.7071067811865476,0.5,0.5,-0.5,-1.5707963705062866,velocity,post_controller_hold,False,,0.1548,2.6235,not_attempted,0.0,False,False
3.0423167,46,3109.30623,True,0.3449562672698193,False,False,1.316924833792378,success,True,0.8024967040421815,8.024967040421815,3.607857523177846,6.576861356358026,3.9411487815171196,1.1794922771365162,46,46,1.0,1.7372034851911624,1.793711581496792,0.6846316436302659,0.7071067811865476,0.5,-0.5,0.5,1.5707963705062866,velocity,post_controller_hold,False,,0.199,2.7748,not_attempted,0.0,True,False
8.513859,27,3133.223979,True,0.37534314664927587,False,False,1.372014227781707,success,True,0.6557190814061991,6.557190814061991,2.767542578691156,3.468927485417929,2.767542578691156,1.372014227781707,27,27,1.0,1.789854284043071,1.793711581496792,0.6967316594275492,0.7071067811865476,-0.5,0.5,-0.5,1.5707963705062866,velocity,post_controller_hold,False,,0.0507,1.4218,not_attempted,0.0,False,False
9.392139,48,3154.694043,True,0.24595894782864589,False,False,1.840466469644415,success,True,0.5722728743772995,5.722728743772994,1.355714165905366,6.835624627811856,2.070380291160554,1.3598101538961762,48,48,1.0,1.760368138083695,1.793711581496792,0.6893508435013719,0.7071067811865476,-0.5,0.5,0.5,-1.5707963705062866,velocity,post_controller_hold,False,,0.2393,0.5605,not_attempted,0.0,False,False
11.552229,22,3171.240016,True,0.136437118290532,False,False,1.3483263366473568,success,True,0.43078829946131786,4.307882994613179,2.900847157805579,3.6795663527498856,2.900847157805579,1.3483263366473568,22,22,1.0,1.765471508637891,1.793711581496792,0.7008237084451542,0.7071067811865476,0.5,0.5,-0.5,-1.5707963705062866,velocity,post_controller_hold,False,,0.1382,2.8366,not_attempted,0.0,False,False
10.826334,32,3195.423251,True,0.28067461107224284,False,False,1.6778344639639118,success,True,0.3648003253109895,3.648003253109895,1.768432767557009,4.617378828674285,1.768432767557009,1.0530342293263881,32,32,1.0,1.791777205711998,1.793711581496792,0.7071067811865474,0.7071067811865476,0.5,-0.5,0.5,1.5707963705062866,velocity,post_controller_hold,False,,0.1389,0.0411,not_attempted,0.0,False,False
-1.8685343,62,3214.764137,True,0.2512887574881429,False,False,1.3201386975751175,success,True,0.5069317237181215,5.069317237181215,3.3283987038954983,9.42970068328484,3.7448806893717292,1.1669831201590228,62,62,1.0,1.754195135325842,1.793711581496792,0.6994867805301529,0.7071067811865476,0.31131526827812195,-0.5,-0.5,-1.5707963705062866,velocity,post_controller_hold,False,,0.1997,2.4996,not_attempted,0.0,False,False
8.197927,56,3231.840058,True,0.38675156846220604,False,False,2.004675728923786,success,True,0.47963512963702415,4.796351296370242,2.0870521710348493,7.825099545946916,2.4623056951085482,0.8636828464406794,56,56,1.0,1.7051118953325943,1.793711581496792,0.6993511831350554,0.7071067811865476,-0.5,-0.5,0.5,-1.5707963705062866,velocity,post_controller_hold,False,,0.1196,0.4187,not_attempted,0.0,False,False
11.009806,32,3249.485062,True,0.33180152178358446,False,False,1.2577090036577843,success,True,0.10315483177818566,1.0315483177818565,3.443851857683069,4.947955789261356,3.443851857683069,1.2577090036577843,32,32,1.0,1.7895474659307444,1.793711581496792,0.6951121736445335,0.7071067811865476,0.5,0.5,0.5,-1.5707963705062866,velocity,post_controller_hold,False,,0.1595,2.6231,not_attempted,0.0,True,False
8.2443905,40,3272.27307,True,0.16847351382719963,False,False,1.6229615754461941,success,True,0.43819926384383745,4.3819926384383745,3.144997466489452,6.388636861886395,3.2684283683755955,1.2331570831307261,40,40,1.0,1.789185834070175,1.793711581496792,0.7071067811865471,0.7071067811865476,0.5,0.5,0.19278061389923096,1.5707963705062866,velocity,post_controller_hold,False,,0.2117,0.4093,not_attempted,0.0,False,False
1.7761722,72,3299.387048,True,0.2539544206315236,False,False,1.4487625837374485,success,True,0.5364901414700615,5.364901414700615,3.3529344655088593,10.186567415550845,4.064780351114611,1.0876519039888364,72,72,1.0,1.7861177351462543,1.793711581496792,0.6991849501087263,0.7071067811865476,-0.5,-0.5,0.5,1.5707963705062866,velocity,post_controller_hold,False,,0.2207,1.718,not_attempted,0.0,False,False
-3.7252653,106,3319.513004,True,0.3230200719008409,False,False,2.0611929487308647,success,True,0.4339916876110643,4.339916876110643,4.874317954755665,14.963632529272699,5.93985627342955,0.9124561774030099,106,106,1.0,1.7387691547046866,1.793711581496792,0.6994221928125505,0.7071067811865476,0.5,0.5,0.5,1.0701699256896973,velocity,post_controller_hold,False,,0.1404,1.6142,not_attempted,0.0,False,False
0.3450537,45,3348.528121,True,0.2636032020315875,False,False,1.3068274491313698,success,True,0.6725560309094649,6.725560309094649,4.561062050232829,6.330074244671385,4.561062050232829,0.9289486630898641,45,45,1.0,1.7937115814967937,1.793711581496792,0.707106781186547,0.7071067811865476,-0.5,-0.5,0.5,1.5707963705062866,velocity,post_controller_hold,False,,0.1438,0.5673,not_attempted,0.0,True,False
-0.17774741,62,3367.603025,True,0.34253408446875955,False,False,1.8907588100288548,success,True,0.6686068485346104,6.686068485346103,4.720464702342758,10.021110647383754,4.720464702342758,1.042709499033463,62,62,1.0,1.7802752496604295,1.793711581496792,0.7071067811865468,0.7071067811865476,-0.5,-0.5,-0.5,-1.5707963705062866,velocity,post_controller_hold,False,,0.1626,2.8816,not_attempted,0.0,False,False
1.4904491,49,3396.927021,True,0.2157726983764921,False,False,1.6444468924830953,success,True,0.7536479344438092,7.536479344438092,4.297306627665521,7.106009688489399,4.297306627665521,1.0454097144249956,49,49,1.0,1.784539194740402,1.793711581496792,0.6908137259720873,0.7071067811865476,-0.5,0.5,-0.5,-1.5707963705062866,velocity,post_controller_hold,False,,0.1204,2.7932,not_attempted,0.0,False,True
-0.5099448,89,3416.75002,True,0.3773405673141483,False,False,1.0243571404027696,success,True,0.35705602532718245,3.5705602532718244,4.153541171525609,12.84329066060326,5.456536844631496,0.9989717917354024,89,89,1.0,1.7765945490176702,1.793711581496792,0.7071067811865466,0.7071067811865476,-0.5,0.5,0.5,-1.5707963705062866,velocity,post_controller_hold,False,,0.1146,1.9339,not_attempted,0.0,True,False
10.699994,11,3432.674976,True,0.16804196831278376,False,False,1.3358744600284442,success,True,0.8383907736069076,8.383907736069077,1.145046736499859,1.2539254022838406,1.145046736499859,1.3358744600284442,11,11,1.0,1.5121292806514155,1.793711581496792,0.7071067811865478,0.7071067811865476,-0.5,-0.5,-0.5,0.5376758575439453,velocity,post_controller_hold,False,,0.1803,2.6229,not_attempted,0.0,False,False
-0.18273309,49,3450.051159,True,0.32588770412871165,False,False,1.4552202098490736,success,True,0.5831608131046403,5.831608131046403,4.745831317234977,7.662530247755712,4.745831317234977,1.074555363019717,49,49,1.0,1.7839428604322647,1.793711581496792,0.6793581969086347,0.7071067811865476,0.5,0.1445178985595703,-0.5,-1.5707963705062866,velocity,post_controller_hold,False,,0.1539,2.1753,not_attempted,0.0,False,False
7.3601446,39,3468.706042,True,0.14795724343034322,False,False,1.487977464123838,success,True,0.4004433941488156,4.004433941488156,3.9266322944122094,5.900714685923581,3.9266322944122094,0.7616656937533962,39,39,1.0,1.5745710139749636,1.793711581496792,0.6865119813822483,0.7071067811865476,-0.5,-0.5,0.5,-0.6474627256393433,velocity,post_controller_hold,False,,0.1908,1.451,not_attempted,0.0,False,False
5.1507473,33,3490.120002,True,0.22753196808883958,False,False,1.2189763143754813,success,True,0.7907640997499247,7.9076409974992465,2.9759987941721606,4.462328886537537,2.9759987941721606,1.08613002081756,33,33,1.0,1.7937115814967934,1.793711581496792,0.7071067811865474,0.7071067811865476,0.5,0.5,-0.5,-1.5707963705062866,velocity,post_controller_hold,False,,0.1882,1.7664,not_attempted,0.0,False,False
5.1983986,59,3507.470005,True,0.22449972602642934,False,False,1.9118715347868098,success,True,0.5350323369780564,5.350323369780564,3.1711002694200907,8.691495915578482,3.2625852630457155,0.8972220359361803,59,59,1.0,1.7779870700810707,1.793711581496792,0.7071067811865469,0.7071067811865476,0.5,-0.5,-0.5,-1.5707963705062866,velocity,post_controller_hold,False,,0.1505,0.1589,not_attempted,0.0,False,False
11.73559,8,3531.593981,True,0.15412113178262285,False,False,1.1072726732648788,success,True,0.7511679563504385,7.511679563504385,1.0821129360014285,1.0832787260742678,1.0821129360014285,1.1072726732648788,8,8,1.0,1.793711581496792,1.793711581496792,0.7071067811865477,0.7071067811865476,-0.5,-0.5,-0.5,1.5707963705062866,velocity,post_controller_hold,False,,0.1295,1.1981,not_attempted,0.0,False,False
-6.3884244,56,3559.309038,True,0.3784734599499923,False,False,1.67806619302688,success,True,0.859147572235444,8.59147572235444,3.8370934467163322,8.090008965562372,3.8370934467163322,1.2063633210519096,56,56,1.0,1.7031321620933413,1.793711581496792,0.7031156573800378,0.7071067811865476,0.5,-0.5,-0.5,1.5707963705062866,velocity,post_controller_hold,False,,0.1655,0.4142,not_attempted,0.0,False,True
11.421811,77,3591.230577,True,0.30198712199943484,False,False,1.6398666989032515,success,True,0.005658722343214238,0.05658722343214238,1.9266681481934032,9.98046641830649,2.2998395130508063,0.9562163266219957,77,77,1.0,1.706717916361783,1.793711581496792,0.7031421320047286,0.7071067811865476,0.5,-0.5,0.5,-1.5707963705062866,velocity,post_controller_hold,False,,0.2051,2.9547,not_attempted,0.0,False,False
1.3007678,50,3614.851455,True,0.3835052352880885,False,False,1.7581548399279965,success,True,0.6587302879096895,6.587302879096894,4.776301927487768,7.094632992543798,5.229279072960409,0.8554861483039794,50,50,1.0,1.7937115814967937,1.793711581496792,0.707106781186547,0.7071067811865476,0.5,0.5,-0.5,-1.5707963705062866,velocity,post_controller_hold,False,,0.144,1.6753,not_attempted,0.0,False,True
-6.6862106,193,3633.036137,True,0.20196911061969972,False,False,1.6314901530453425,success,True,0.47424446185560104,4.742444618556011,2.386352482602144,28.78078495744366,3.0395228187205006,0.7703173193153239,193,193,1.0,1.7441766303539683,1.793711581496792,0.6961671893156742,0.7071067811865476,0.5,0.5,0.5,-1.5707963705062866,velocity,post_controller_hold,False,,0.1363,2.202,not_attempted,0.0,False,False
9.079894,44,3656.874011,True,0.28785613448078423,False,False,1.8501909595831625,success,True,0.4539152207681944,4.539152207681944,3.40433029262261,6.8938716604994745,3.9652157770408536,1.0437672725143128,44,44,1.0,1.615036580066574,1.793711581496792,0.6930370782223417,0.7071067811865476,0.5,-0.5,-0.5,-1.5707963705062866,velocity,post_controller_hold,False,,0.2056,2.7512,not_attempted,0.0,False,False
5.4533978,44,3676.157983,True,0.32096639118477516,False,False,1.4339262604402203,success,True,0.8059896116851946,8.059896116851945,2.770287355224976,6.285866001755031,3.2285519264184694,0.8200259638435385,44,44,1.0,1.7766166252066997,1.793711581496792,0.7058352863482541,0.7071067811865476,0.5,0.5,-0.5,1.5707963705062866,velocity,post_controller_hold,False,,0.1997,0.6741,not_attempted,0.0,False,False
10.007825,37,3698.281146,True,0.3958574495972711,False,False,1.9339716377085234,success,True,0.13079087779289952,1.3079087779289953,2.9196092816876673,5.847250423588408,2.9196092816876673,1.0946011033232819,37,37,1.0,1.7937115814967934,1.793711581496792,0.7071067811865472,0.7071067811865476,0.5,0.5,-0.5,1.5707963705062866,velocity,post_controller_hold,False,,0.11,1.1345,not_attempted,0.0,False,False
7.991642,69,3719.887012,True,0.32661231767205184,False,False,1.4310132881135156,success,True,0.33908293301581593,3.3908293301581596,1.7839144495265467,10.032787450387774,2.5717653757042034,0.8502735840779932,69,69,1.0,1.7463631353945217,1.793711581496792,0.7071067811865468,0.7071067811865476,0.5,0.5,0.5,-1.2971183061599731,velocity,post_controller_hold,False,,0.2026,0.9061,not_attempted,0.0,True,False
4.408281,54,3744.300999,True,0.37717532179274676,False,False,1.9091166687123753,success,True,0.12585472990439794,1.2585472990439794,4.250650937448792,8.14647712361303,4.250650937448792,1.033456591623533,54,54,1.0,1.7920024432036552,1.793711581496792,0.7024564069971918,0.7071067811865476,0.5,-0.5,0.5,1.5707963705062866,velocity,post_controller_hold,False,,0.2058,1.2982,not_attempted,0.0,False,False
6.7667127,61,3770.114998,True,0.39007959267238823,False,False,1.1808982802683918,success,True,0.24131430559354322,2.413143055935432,4.123947125177186,8.245101630856952,4.366218158525038,1.048114462421633,61,61,1.0,1.6566875772620564,1.793711581496792,0.7071067811865468,0.7071067811865476,-0.5,-0.5,-0.5,-1.5707963705062866,velocity,post_controller_hold,False,,0.2143,0.523,not_attempted,0.0,False,False
4.9208307,47,3787.021032,True,0.38140102912356144,False,False,1.3587827594147055,success,True,0.21776584449222944,2.177658444922294,4.640764461833739,7.0125768318540835,4.640764461833739,1.0067059134835927,47,47,1.0,1.7937115814967937,1.793711581496792,0.707106781186547,0.7071067811865476,0.5,0.5,0.5,-1.5707963705062866,velocity,post_controller_hold,False,,0.1483,3.1063,not_attempted,0.0,True,False
-3.965784,127,3832.741102,True,0.20674036040819638,False,False,1.78297390819607,success,True,0.36607703521463403,3.6607703521463404,3.952011393470149,17.416369671218064,4.565070507828075,0.6334880865710724,127,127,1.0,1.7218534640528145,1.793711581496792,0.7009122644814649,0.7071067811865476,0.5,-0.5,-0.5,-1.5707963705062866,velocity,post_controller_hold,False,,0.1797,2.5401,not_attempted,0.0,False,False
-6.2186613,132,3852.432928,True,0.14078930104550488,False,False,1.3544061422064313,success,True,0.5471016452257145,5.471016452257144,3.2160459617924575,17.977949170374945,3.247849151915315,0.7798328204680912,132,132,1.0,1.7304355453244569,1.793711581496792,0.7003153704648448,0.7071067811865476,0.5,-0.5,0.5,-1.5707963705062866,velocity,post_controller_hold,False,,0.1843,0.0442,not_attempted,0.0,False,False
9.205916,42,3879.757356,True,0.2686487199380608,False,False,1.7337981446749333,success,True,0.23234813364370757,2.3234813364370757,1.3512174961493773,5.651249865635949,1.3512174961493773,1.229506726425884,42,42,1.0,1.7795076903743063,1.793711581496792,0.7027959514603056,0.7071067811865476,-0.5,0.5,-0.5,-1.5707963705062866,velocity,post_controller_hold,False,,0.1891,3.0277,not_attempted,0.0,False,True
5.398524,44,3903.887249,True,0.2768198676698838,False,False,1.2812110960974985,success,True,0.09757273328861892,0.9757273328861892,4.611178095671387,6.287017123894639,4.611178095671387,1.2116382330710254,44,44,1.0,1.7910534589247655,1.793711581496792,0.7000292865148112,0.7071067811865476,0.5,0.5,-0.5,1.5707963705062866,velocity,post_controller_hold,False,,0.1933,1.3143,not_attempted,0.0,False,False
-13.658822,128,3929.867208,True,0.3930879620448571,False,False,1.7242424618751393,success,True,0.4694156413794342,4.694156413794342,4.578999834921133,19.460095745745036,7.047591015044937,0.7698970900835475,128,128,1.0,1.739851523931758,1.793711581496792,0.7071067811865486,0.7071067811865476,0.5,-0.5,0.5,1.5707963705062866,velocity,post_controller_hold,False,,0.2356,1.2855,not_attempted,0.0,False,False
3.9707882,56,3967.49514,True,0.3493556411394343,False,False,1.666432950299346,success,True,0.8643744506255091,8.643744506255091,2.2726073546841294,7.01383103685302,2.9699943676206413,1.2112200624378335,56,56,1.0,1.7647747944650278,1.793711581496792,0.7071067811865469,0.7071067811865476,0.5,0.5,-0.5,1.1458770036697388,velocity,post_controller_hold,False,,0.1544,0.4916,not_attempted,0.0,False,True
-2.4553337,110,3993.425939,True,0.3218997052322507,False,False,1.8207886076038902,success,True,0.13976199985693558,1.3976199985693558,4.239571606225569,16.487549975414588,6.259844615626564,1.2115328733555277,110,110,1.0,1.7873472795854346,1.793711581496792,0.7018300055531617,0.7071067811865476,0.5,0.5,0.5,1.5707963705062866,velocity,post_controller_hold,False,,0.1059,2.0227,not_attempted,0.0,False,False
10.08428,15,4015.82496,True,0.14231946705744786,False,False,1.617117465409867,success,True,0.8000225252827087,8.000225252827086,1.8934722077135844,2.014654020253886,1.8934722077135844,1.179259221199352,15,15,1.0,1.793711581496793,1.793711581496792,0.7071067811865478,0.7071067811865476,-0.5,-0.5,0.5,1.5707963705062866,velocity,post_controller_hold,False,,0.0767,1.3325,not_attempted,0.0,False,False
2.1899962,50,4034.808169,True,0.06665858381433681,False,False,1.543693108329187,success,True,0.6154696931954737,6.154696931954737,3.998833841119802,6.58287665460771,3.998833841119802,0.8476118978904934,50,50,1.0,1.7325001088817418,1.793711581496792,0.6928785547109746,0.7071067811865476,-0.5,0.5,0.5,-1.5707963705062866,velocity,post_controller_hold,False,,0.1706,1.3341,not_attempted,0.0,False,False
8.561432,37,4067.631387,True,0.333822764690607,False,False,1.041183364354555,success,True,0.09070574825354044,0.9070574825354044,4.12737627774985,5.578081536048122,4.12737627774985,1.041183364354555,37,37,1.0,1.7923119403459684,1.793711581496792,0.7071067811865472,0.7071067811865476,0.5,0.5,-0.5,1.5707963705062866,velocity,post_controller_hold,False,,0.1776,0.6415,not_attempted,0.0,False,False
-2.6354704,93,4099.651401,True,0.11605176580957763,False,False,1.184054614425909,success,True,0.8535111116899348,8.535111116899348,2.5341497714272254,13.79575573832145,3.7727512118689988,0.8392769715290171,93,93,1.0,1.7569244820376062,1.793711581496792,0.6821251294188705,0.7071067811865476,-0.5,-0.5,0.5,-1.0940732955932617,velocity,post_controller_hold,False,,0.2272,1.8904,not_attempted,0.0,True,False
9.287671,52,4121.062485,True,0.397341658885055,False,False,1.1332335449489372,success,True,0.25016762473736814,2.5016762473736813,2.3667537433557144,8.196619115040814,3.0050916357696873,0.9870319447321825,52,52,1.0,1.6606146949300462,1.793711581496792,0.705196720428228,0.7071067811865476,0.5,0.5,-0.5,1.5707963705062866,velocity,post_controller_hold,False,,0.1372,0.292,not_attempted,0.0,False,False
-17.379877,6,4134.46796,False,3.8940432197536143,True,False,2.5920863480679857,out_of_bounds,True,0.418022417535154,0.0,1.3261739607902097,0.6226777108105094,0.6226777108105094,1.8058344955495964,5,5,1.0,1.793711581496792,1.793711581496792,0.7071067811865476,0.7071067811865476,-0.5,-0.5,0.5,-1.5707963705062866,velocity,post_controller_hold,False,,0.0826,0.8163,not_attempted,0.0,False,False
8.11385,24,4151.767096,True,0.3875846676654506,False,False,1.2011525954347826,success,True,0.7125325256527529,7.125325256527529,2.6875175077861986,3.6568822879057845,2.6875175077861986,0.942145269890981,24,24,1.0,1.692267529387349,1.793711581496792,0.7071067811865478,0.7071067811865476,-0.5,0.5,-0.5,-1.5707963705062866,velocity,post_controller_hold,False,,0.1714,2.0811,not_attempted,0.0,False,False
9.398915,38,4179.807067,True,0.21826259301155607,False,False,1.2180019249583391,success,True,0.4933267889225907,4.933267889225907,2.31188668785424,5.537288699702078,2.354845445978715,0.8440219441267683,38,38,1.0,1.7937115814967934,1.793711581496792,0.7071067811865471,0.7071067811865476,0.5,0.5,-0.5,1.5707963705062866,simulator_service,service_success,True,,0.0123,0.0,service_success,0.0,False,False
-3.875227,85,4218.431061,True,0.14206845645117014,False,False,1.3968173057182827,success,True,0.7559685268795985,7.559685268795985,4.282808949321382,10.39755677236144,5.204103426819744,1.3001574645645821,85,85,1.0,1.7828503532191322,1.793711581496792,0.7013824205840022,0.7071067811865476,-0.5,0.5,0.5,-1.5707963705062866,velocity,post_controller_hold,False,,0.0468,2.704,not_attempted,0.0,True,False
-9.191966,183,4251.291191,True,0.29874783661092713,False,False,1.7780853750751742,success,True,0.8707003333447307,8.707003333447307,2.9006548155462024,23.324975052605883,3.946486667324886,0.5969532914864234,183,183,1.0,1.7447765024360438,1.793711581496792,0.7036997362309467,0.7071067811865476,0.5,0.5,0.5,1.5707963705062866,velocity,post_controller_hold,False,,0.2197,2.1549,not_attempted,0.0,False,False
-1.2339987,179,4286.834986,True,0.3417155653659136,False,False,1.2539078399885923,success,True,0.07657878645771746,0.7657878645771745,2.9816264178520586,22.40607261882005,4.098809222926419,0.9926808363164416,179,179,1.0,1.7450207955037083,1.793711581496792,0.7043816837589354,0.7071067811865476,0.5,-0.5,-0.5,-1.5707963705062866,velocity,post_controller_hold,False,,0.1569,3.0794,not_attempted,0.0,False,False
1.0152552,97,4312.710341,True,0.29649437971272136,False,False,2.1136951032586677,success,True,0.1255947558995173,1.255947558995173,3.5229673234443277,12.865324913750275,4.020526639659624,1.1195123919838654,97,97,1.0,1.7879609739305908,1.793711581496792,0.7071067811865471,0.7071067811865476,-0.5,0.5,-0.5,1.5707963705062866,velocity,post_controller_hold,False,,0.2193,1.86,not_attempted,0.0,False,True
6.7498813,80,4345.755751,True,0.2624104592866067,False,False,1.3462159074987223,success,True,0.08803281330266667,0.8803281330266667,3.739300209885903,10.482829721497268,4.33277377671051,1.2529825075262444,80,80,1.0,1.784656017064448,1.793711581496792,0.7006913155461156,0.7071067811865476,0.5,0.5,0.5,-1.5707963705062866,velocity,post_controller_hold,False,,0.0994,0.8046,not_attempted,0.0,True,False
3.5083115,65,4376.781485,True,0.14096782882475992,False,False,1.2282301926784223,success,True,0.3189233408069627,3.189233408069627,3.8624203983278083,8.652140705340857,4.1584760388176125,1.2282301926784223,65,65,1.0,1.7255354050594578,1.793711581496792,0.6890571324620024,0.7071067811865476,-0.5,-0.5,-0.5,-1.5707963705062866,velocity,post_controller_hold,False,,0.1029,1.3533,not_attempted,0.0,False,False
-3.3901267,166,4406.05402,True,0.37944736916375216,False,False,1.506707969495388,success,True,0.3198196798316333,3.198196798316333,3.7030317695220987,22.937877558877698,5.008669489872955,1.0356039026342079,166,166,1.0,1.7305394312692706,1.793711581496792,0.7021169975001591,0.7071067811865476,-0.5,-0.5,0.5,1.5707963705062866,velocity,post_controller_hold,False,,0.0716,0.8081,not_attempted,0.0,True,False
-0.68142056,91,4438.307384,True,0.2799278725920627,False,False,1.5547497581419967,success,True,0.03172281742382303,0.31722817423823035,3.364568974769401,12.494431907265628,4.378187831084832,1.448005412173564,91,91,1.0,1.7685925903136817,1.793711581496792,0.6961815348439272,0.7071067811865476,-0.5,-0.5,-0.5,1.5707963705062866,velocity,post_controller_hold,False,,0.2183,2.4175,not_attempted,0.0,False,True
-4.241797,79,4466.96159,True,0.17719656461361613,False,False,1.094093210511687,success,True,0.9595628232661909,9.595628232661909,1.5040622458953037,11.763758402623232,2.2139681006500713,1.094093210511687,79,79,1.0,1.7231094598936896,1.793711581496792,0.7033221570792094,0.7071067811865476,0.5,-0.5,-0.5,1.5707963705062866,velocity,post_controller_hold,False,,0.2106,1.7094,not_attempted,0.0,False,False
-4.101397,50,4498.676033,True,0.2216958176762844,False,False,1.1605083547280766,success,True,0.6485740424466069,6.485740424466069,5.018980670916836,7.499327103955517,5.018980670916836,1.04454244105474,50,50,1.0,1.7937115814967937,1.793711581496792,0.707106781186547,0.7071067811865476,0.5,0.5,-0.5,-1.5707963705062866,velocity,post_controller_hold,False,,0.2193,1.9897,not_attempted,0.0,False,False
-4.6701403,102,4528.432167,True,0.26709744762897253,False,False,1.382426807479491,success,True,0.5165318416146248,5.165318416146248,3.8338423974537945,15.258724428434924,4.7982742047990925,0.7544043105724153,102,102,1.0,1.7336095924791388,1.793711581496792,0.7056575824397969,0.7071067811865476,-0.5,0.5,-0.5,1.5707963705062866,velocity,post_controller_hold,False,,0.2088,2.4608,not_attempted,0.0,False,False
1.0040383,48,4550.692088,True,0.2640997612831888,False,False,1.8126702120877114,success,True,0.6900623847093235,6.900623847093234,4.12250036368737,7.451498461738379,4.673458743779615,1.0865693918030956,48,48,1.0,1.7937115814967937,1.793711581496792,0.707106781186547,0.7071067811865476,0.5,-0.5,-0.5,1.5707963705062866,velocity,post_controller_hold,False,,0.2088,0.293,not_attempted,0.0,False,True
8.679132,61,4581.218298,True,0.29749119901253945,False,False,1.2964324411544843,success,True,0.2731817183967351,2.731817183967351,3.0915571426751596,8.190777201148531,3.6064571499545135,0.9957138003705609,61,61,1.0,1.730857996052275,1.793711581496792,0.7071067811865468,0.7071067811865476,-0.5,0.5,0.5,1.5707963705062866,velocity,post_controller_hold,False,,0.1533,1.448,not_attempted,0.0,True,False
0.38231707,59,4614.94118,True,0.28958492461876884,False,False,1.5751593850805585,success,True,0.5210384192154076,5.210384192154076,4.328684536421347,8.265241781569564,4.328684536421347,1.2962062724620158,59,59,1.0,1.790495934468316,1.793711581496792,0.6982369756073732,0.7071067811865476,-0.5,-0.5,0.5,-1.5707963705062866,velocity,post_controller_hold,False,,0.0941,2.5038,not_attempted,0.0,False,False
-0.21823224,158,4637.933948,True,0.379795868866319,False,False,1.8068738348715783,success,True,0.4134118781405232,4.134118781405232,1.6968674077036223,23.005128208575577,3.0245834268664193,1.0049663780080635,158,158,1.0,1.7729766244418037,1.793711581496792,0.7058570388733857,0.7071067811865476,-0.5,-0.5,0.5,-1.5707963705062866,velocity,post_controller_hold,False,,0.1156,0.4358,not_attempted,0.0,False,False
9.032437,33,4655.957124,True,0.2798351338307375,False,False,2.125853753276339,success,True,0.46235957247218556,4.623595724721856,2.126146407421903,4.364786585762545,2.126146407421903,1.1920391972002244,33,33,1.0,1.7501318634651972,1.793711581496792,0.7071067811865474,0.7071067811865476,0.5,0.5,-0.5,1.5707963705062866,velocity,post_controller_hold,False,,0.1987,1.0488,not_attempted,0.0,False,True
3.6149697,55,4680.879295,True,0.19944427565997322,False,False,1.2138728909962029,success,True,0.39110107308673375,3.9110107308673374,2.3960966449193353,6.760614999321843,2.4581601883102757,0.9180986470934313,55,55,1.0,1.6893071768593368,1.793711581496792,0.6895335053273343,0.7071067811865476,0.1182844340801239,0.5,-0.5,-1.5707963705062866,velocity,post_controller_hold,False,,0.1306,1.7928,not_attempted,0.0,False,False
5.391197,70,4705.581819,True,0.37152537927285384,False,False,1.812067572299452,success,True,0.6369509871759331,6.369509871759331,2.7413645864687846,9.672309911728188,3.8317110013034394,0.9170186156854997,70,70,1.0,1.6902669920439732,1.793711581496792,0.701663223613183,0.7071067811865476,-0.5,-0.5,0.5,-1.5707963705062866,velocity,post_controller_hold,False,,0.1447,2.4597,not_attempted,0.0,False,False
8.975914,27,4727.324102,True,0.2603292407137317,False,False,1.577474798722245,success,True,0.5252266587871987,5.252266587871986,3.174101206549925,4.210576504814728,3.174101206549925,1.4270754530863063,27,27,1.0,1.7937115814967934,1.793711581496792,0.7071067811865476,0.7071067811865476,-0.5,0.5,-0.5,1.5707963705062866,velocity,post_controller_hold,False,,0.2062,0.341,not_attempted,0.0,False,False
11.052775,35,4755.641146,True,0.15665099443306657,False,False,1.3434496078832954,success,True,0.13818661391752582,1.3818661391752582,3.3944761500968563,4.536345223747218,3.3944761500968563,1.1032358146863919,35,35,1.0,1.779027676918421,1.793711581496792,0.665918429069191,0.7071067811865476,0.5,-0.5,-0.5,-1.5707963705062866,velocity,post_controller_hold,False,,0.1252,2.7174,not_attempted,0.0,False,False
-7.1233354,106,4787.283089,True,0.30933610546223644,False,False,1.4872898338315796,success,True,0.5903373898958139,5.903373898958138,5.103771521543219,15.28633114372009,6.093000003243454,0.9978197531042388,106,106,1.0,1.772996982670342,1.793711581496792,0.6983282856707546,0.7071067811865476,-0.5,-0.5,-0.5,1.5707963705062866,velocity,post_controller_hold,False,,0.1447,0.0147,not_attempted,0.0,False,True
-8.48922,103,4815.141007,True,0.2161641240620349,False,False,1.5330365663662842,success,True,0.467286775192523,4.67286775192523,4.866594778324241,14.675997697947702,5.347126385293492,1.1059172264342232,103,103,1.0,1.7528919973334374,1.793711581496792,0.6959244852591816,0.7071067811865476,0.5,0.5,-0.5,-1.5707963705062866,velocity,post_controller_hold,False,,0.1685,2.9363,not_attempted,0.0,False,False
-1.9864604,56,4848.531234,True,0.2884810326799097,False,False,1.9191151891073728,success,True,0.6688972181419411,6.688972181419412,4.772249995097324,8.04588698062629,5.1052577945076,1.2095829738210844,56,56,1.0,1.790712378074071,1.793711581496792,0.6986661543059153,0.7071067811865476,-0.5,0.5,0.5,-1.5707963705062866,velocity,post_controller_hold,False,,0.1952,1.6686,not_attempted,0.0,False,False
6.2438593,27,4869.471547,True,0.3546069269557181,False,False,1.4348122012802516,success,True,0.9116890360854287,9.116890360854287,2.291287935667375,4.197044289611915,2.3424980119329586,0.7520193341741008,27,27,1.0,1.555700101421887,1.793711581496792,0.6966136078019476,0.7071067811865476,0.5,0.5,-0.5,0.19782960414886475,velocity,post_controller_hold,False,,0.1557,2.7407,not_attempted,0.0,False,True
4.0832133,37,4895.630383,True,0.2257183304112648,False,False,1.2402573512747357,success,True,0.649113416240752,6.49113416240752,3.871049823025419,5.873605961199503,3.871049823025419,1.2402573512747357,37,37,1.0,1.421507913074165,1.793711581496792,0.6867246198344614,0.7071067811865476,0.021808624267578125,0.5,-0.5,-1.035705804824829,velocity,post_controller_hold,False,,0.0536,0.8885,not_attempted,0.0,False,False
11.235806,45,4919.291069,True,0.38973937268638176,False,False,1.1908373518624789,success,True,0.18207176976426584,1.8207176976426585,2.6561025262570084,6.219985675206235,3.3869073950035276,0.9760738364541879,45,45,1.0,1.7921967993645573,1.793711581496792,0.7027268285544339,0.7071067811865476,0.5,-0.5,0.5,1.5707963705062866,velocity,post_controller_hold,False,,0.1019,1.2906,not_attempted,0.0,False,False
3.9966202,78,4954.569162,True,0.36295604586744223,False,False,1.1068802744356443,success,True,0.8518656785757209,8.518656785757209,1.4057411491019667,10.189267414567132,2.3546289311829387,1.0418064610080833,78,78,1.0,1.5818529567782897,1.793711581496792,0.6999779838714653,0.7071067811865476,0.5,-0.5,0.5,-1.5707963705062866,velocity,post_controller_hold,False,,0.1302,0.025,not_attempted,0.0,False,False
10.535909,39,4984.569325,True,0.35742302960061073,False,False,1.526320034782706,success,True,0.008294515673899364,0.08294515673899364,4.331938200598829,5.7984971215928445,4.331938200598829,0.91458342659411,39,39,1.0,1.7823691004040678,1.793711581496792,0.6978357582355649,0.7071067811865476,-0.5,-0.3610215187072754,0.5,-1.5707963705062866,velocity,post_controller_hold,False,,0.2142,0.3364,not_attempted,0.0,False,False
-1.3658414,108,5010.72908,True,0.2727362560032998,False,False,1.3323576297854807,success,True,0.26954458507484313,2.695445850748431,4.229077282450618,16.044637561484784,4.588104136827334,0.8651024055634748,108,108,1.0,1.7657980679003342,1.793711581496792,0.6949317248352258,0.7071067811865476,0.5,0.5,0.5,-1.5707963705062866,velocity,post_controller_hold,False,,0.1611,2.5875,not_attempted,0.0,False,False
1.4675039,35,5042.005049,True,0.37907714875499854,False,False,1.396456234333318,success,True,0.8444896939516455,8.444896939516456,3.6265283658230305,5.606020159757356,3.6265283658230305,1.1243102116699615,35,35,1.0,1.7937115814967934,1.793711581496792,0.7071067811865472,0.7071067811865476,-0.5,-0.5,0.5,-1.5707963705062866,velocity,post_controller_hold,False,,0.1437,0.0566,not_attempted,0.0,True,False
-1.8283465,42,5066.323101,True,0.3651756928479458,False,False,1.7808352256040525,success,True,0.9417279360866178,9.417279360866178,4.409044532904025,5.815689192820184,4.409044532904025,1.1212775762966005,42,42,1.0,1.6165870806028162,1.793711581496792,0.6879390846644767,0.7071067811865476,0.5,-0.5,-0.5,1.5707963705062866,velocity,post_controller_hold,False,,0.239,2.3724,not_attempted,0.0,False,False
7.8685803,66,5093.90897,True,0.3206363570764356,False,False,1.5219594568546324,success,True,0.6070284318740395,6.070284318740395,1.3544136965794153,7.937252969633445,1.7624350398951232,0.7922577852345635,66,66,1.0,1.7937115814967937,1.793711581496792,0.7071067811865468,0.7071067811865476,0.5,0.5,0.5,-1.5707963705062866,velocity,post_controller_hold,False,,0.1457,1.2937,not_attempted,0.0,False,False
8.678786,63,5116.761049,True,0.3754465002412852,False,False,1.5884206748570904,success,True,0.4262032403271191,4.262032403271191,2.3173666668563526,8.577946207219775,3.182703844602003,0.9795925643803175,63,63,1.0,1.687238385395141,1.793711581496792,0.7067015082146826,0.7071067811865476,0.5,-0.5,0.5,0.3042715787887573,velocity,post_controller_hold,False,,0.195,2.2994,not_attempted,0.0,True,False
9.46423,30,5151.201965,True,0.3819309321362059,False,False,1.2726145298188714,success,True,0.11549458463281263,1.1549458463281264,4.078183600888404,4.5305577934592725,4.078183600888404,0.859327833259106,30,30,1.0,1.7937115814967934,1.793711581496792,0.7071067811865475,0.7071067811865476,0.5,-0.5,-0.5,1.5707963705062866,velocity,post_controller_hold,False,,0.1058,1.9536,not_attempted,0.0,False,False
9.598578,53,5175.233286,True,0.34333444308985334,False,False,1.0199731800011933,success,True,0.3012176820170421,3.0121768201704207,1.3377399532867678,8.236963648888228,2.8180201322683245,0.7532680024671943,53,53,1.0,1.7761348522686646,1.793711581496792,0.7071067811865469,0.7071067811865476,-0.5,0.5,0.5,1.5707963705062866,velocity,post_controller_hold,False,,0.1226,2.4485,not_attempted,0.0,True,False
7.3310313,38,5205.450991,True,0.3665694773512429,False,False,2.083063158670219,success,True,0.09284625322639332,0.9284625322639333,4.308326484861696,5.401163054955653,4.308326484861696,1.0318301383239867,38,38,1.0,1.7937115814967934,1.793711581496792,0.7071067811865471,0.7071067811865476,-0.5,0.5,0.5,-1.5707963705062866,velocity,post_controller_hold,False,,0.0319,1.0675,not_attempted,0.0,False,False
2.2257357,115,5247.594037,True,0.32251161966827185,False,False,1.0205987504551202,success,True,0.4469430567730497,4.469430567730496,3.1310620194004084,15.59216298464827,3.4634560943987713,0.9355123686876464,115,115,1.0,1.6888615240823557,1.793711581496792,0.6895102504402206,0.7071067811865476,0.5,-0.5,0.5,1.5707963705062866,velocity,post_controller_hold,False,,0.0064,1.3719,not_attempted,0.0,False,False
-4.9230084,81,5279.590041,True,0.2521824939052726,False,False,1.0319385527228293,success,True,0.9161912180017945,9.161912180017945,4.200957024249135,11.157298512372911,5.480081644588562,0.6318535238280858,81,81,1.0,1.7870833370647368,1.793711581496792,0.6884766574609054,0.7071067811865476,0.5,-0.5,-0.5,-1.5707963705062866,velocity,post_controller_hold,False,,0.1739,3.0211,not_attempted,0.0,False,False
12.071237,35,5304.094011,True,0.21248976864665053,False,False,1.4790470063197865,success,True,0.16588710212731245,1.6588710212731246,2.609849502463256,4.514731734016472,2.609849502463256,0.9893930224093077,35,35,1.0,1.7937115814967934,1.793711581496792,0.7071067811865472,0.7071067811865476,0.5,0.5,-0.5,1.5707963705062866,velocity,post_controller_hold,False,,0.1123,2.1052,not_attempted,0.0,False,False
-12.476098,110,5342.007168,True,0.36811786052375906,False,False,1.4671560720954535,success,True,0.5029052752038311,5.029052752038311,4.743310068616561,14.609615333879626,5.381174029696806,0.7171461982622571,110,110,1.0,1.7862503197809658,1.793711581496792,0.6957116672589575,0.7071067811865476,0.5,-0.5,0.5,1.5707963705062866,velocity,post_controller_hold,False,,0.1769,1.828,not_attempted,0.0,True,False
1.1719862,42,5374.633382,True,0.37082629873923917,False,False,0.9995950883138335,success,True,0.8845259727883459,8.845259727883459,2.641501206637419,5.876576614424528,2.6816380300390206,0.9995950883138335,42,42,1.0,1.7356267205332478,1.793711581496792,0.707106781186547,0.7071067811865476,-0.5,0.5,0.5,1.5707963705062866,velocity,post_controller_hold,False,,0.1586,1.2766,not_attempted,0.0,False,False
12.884327,8,5403.976947,True,0.3838710030397519,False,False,1.0970297716465625,success,True,0.6188965212594186,6.188965212594186,1.0862818854682315,1.0862818854682315,1.0862818854682315,1.0970297716465625,8,8,1.0,1.793711581496792,1.793711581496792,0.7071067811865477,0.7071067811865476,0.5,0.5,-0.5,-1.5707963705062866,velocity,post_controller_hold,False,,0.0584,2.3216,not_attempted,0.0,False,False
-1.4285343,150,5436.051941,True,0.2525060472678562,False,False,1.1929290199523719,success,True,0.1088378454481905,1.088378454481905,3.0402743864194726,20.507182263139047,3.7863841233450017,0.7144981068684683,150,150,1.0,1.7713197587173803,1.793711581496792,0.7017847305431101,0.7071067811865476,-0.5,-0.5,-0.5,-1.5707963705062866,velocity,post_controller_hold,False,,0.183,1.6357,not_attempted,0.0,False,False
5.8659096,32,5463.852157,True,0.3128887468816776,False,False,1.4067154309845216,success,True,0.7873063366009853,7.873063366009853,3.2284913682399154,4.329740965096481,3.2284913682399154,1.092562506573875,32,32,1.0,1.7937115814967934,1.793711581496792,0.7071067811865474,0.7071067811865476,-0.5,-0.5,0.5,1.5707963705062866,velocity,post_controller_hold,False,,0.1746,2.5308,not_attempted,0.0,False,False
4.5088215,100,5497.27707,True,0.365420895710149,False,False,1.7568443313911175,success,True,0.3169733189001262,3.169733189001262,2.6463060918404993,13.6034279801824,3.271433466362227,0.8310527242440742,100,100,1.0,1.7489254913515198,1.793711581496792,0.7015459515727984,0.7071067811865476,0.5,0.5,0.5,-1.5707963705062866,velocity,post_controller_hold,False,,0.1914,2.1457,not_attempted,0.0,False,False
13.135617,37,5531.720095,True,0.20316126015093028,False,False,1.5536041833211174,success,True,0.34270003441441116,3.4270003441441115,1.1832948149647797,4.382190320494479,1.5892888107646979,1.2878576940689106,37,37,1.0,1.6374739037430717,1.793711581496792,0.7071067811865472,0.7071067811865476,0.5,0.5,0.5,1.5707963705062866,velocity,post_controller_hold,False,,0.082,1.3582,not_attempted,0.0,True,False
-7.542537,54,5562.220478,True,0.214540029210432,False,False,1.512074358531481,success,True,0.8693087737418344,8.693087737418344,4.834721362009925,8.135787217455889,4.955116506438722,0.971614464554255,54,54,1.0,1.641966527958827,1.793711581496792,0.7071067811865469,0.7071067811865476,-0.5,-0.5,-0.5,1.5707963705062866,velocity,post_controller_hold,False,,0.2273,0.6276,not_attempted,0.0,False,False
6.653215,23,5596.265132,True,0.3982045534002487,False,False,1.8284310927570022,success,True,0.9120848929955796,9.120848929955796,2.324095005072257,3.3638720181995216,2.324095005072257,1.6281575415696348,23,23,1.0,1.7937115814967932,1.793711581496792,0.7071067811865478,0.7071067811865476,-0.5,-0.5,0.5,1.5707963705062866,velocity,post_controller_hold,False,,0.1569,2.3349,not_attempted,0.0,False,False
-10.115765,163,5620.672311,True,0.26643430772688376,False,False,1.218027626957141,success,True,0.7366470466400264,7.366470466400265,4.1067939321010805,21.7162466505102,5.103534887479138,0.6723642932042573,163,163,1.0,1.7393841473013611,1.793711581496792,0.6996817094156307,0.7071067811865476,0.5,-0.5,0.5,1.5707963705062866,velocity,post_controller_hold,False,,0.226,2.1892,not_attempted,0.0,True,False
5.9708953,51,5649.861204,True,0.38807245956088166,False,False,1.3983130657317038,success,True,0.4372307732519343,4.372307732519343,3.5034984858497715,6.952654053770294,3.917904503489682,1.1644179332415996,51,51,1.0,1.7932115397931918,1.793711581496792,0.7058126395959016,0.7071067811865476,0.5,0.5,-0.5,1.5707963705062866,velocity,post_controller_hold,False,,0.1775,0.668,not_attempted,0.0,False,False
2.7229707,41,5675.305217,True,0.2655916905895425,False,False,1.028899239742893,success,True,0.5113696744743546,5.113696744743546,3.4267653511249376,6.02769738324162,3.4267653511249376,0.8326303989496053,41,41,1.0,1.7937115814967934,1.793711581496792,0.7071067811865471,0.7071067811865476,-0.5,-0.5,0.5,-1.5707963705062866,velocity,post_controller_hold,False,,0.1044,0.7849,not_attempted,0.0,True,False
14.007494,20,5698.381529,True,0.3495778049399555,False,False,1.5298380732278274,success,True,0.39089914357965344,3.9089914357965343,1.42327216303544,2.7966811551708894,1.5344919393113565,1.2543910535153147,20,20,1.0,1.605225866647628,1.793711581496792,0.688087649456656,0.7071067811865476,-0.5,0.5,0.5,1.5707963705062866,velocity,post_controller_hold,False,,0.0156,2.9494,not_attempted,0.0,True,False
10.046081,68,5734.195034,True,0.36137922663016225,False,False,1.6625022130055873,success,True,0.12209531041887524,1.2209531041887525,2.603201351675452,8.168166710282605,2.8450151962643906,0.9625333316705772,68,68,1.0,1.7167890226028863,1.793711581496792,0.6841957097433229,0.7071067811865476,0.5,-0.5,0.5,1.5707963705062866,velocity,post_controller_hold,False,,0.1281,3.03,not_attempted,0.0,False,False
-3.041448,133,5779.929075,True,0.3298775828585741,False,False,1.0721387590413123,success,True,0.6534572842024625,6.534572842024625,2.6882457055190327,18.769627170208096,2.9220747219413092,0.7458437796725478,133,133,1.0,1.7341157772471376,1.793711581496792,0.7053697445506184,0.7071067811865476,-0.5,0.5,-0.5,1.5707963705062866,velocity,post_controller_hold,False,,0.1903,0.6955,not_attempted,0.0,False,False
8.939615,50,5797.926998,True,0.35583369304065393,False,False,1.432513075958641,success,True,0.14310471826213095,1.4310471826213096,3.441175606242557,7.2295365152167825,4.025353795717917,1.1622673563654342,50,50,1.0,1.7897750710035063,1.793711581496792,0.6957959713587123,0.7071067811865476,0.5,-0.5,-0.5,1.5707963705062866,velocity,post_controller_hold,False,,0.1609,1.9937,not_attempted,0.0,False,False
3.5148048,91,5841.857231,True,0.29224188250973415,False,False,1.5732507085326497,success,True,0.6730895569362847,6.730895569362847,2.244668623419651,11.51937558982195,3.014594776420877,0.5206835668271305,91,91,1.0,1.6922944761764582,1.793711581496792,0.6871250046701333,0.7071067811865476,-0.5,0.5,0.5,1.5707963705062866,velocity,post_controller_hold,False,,0.1863,0.7615,not_attempted,0.0,False,False
-1.6944929,102,5875.120944,True,0.2958721687805725,False,False,0.962528537616457,success,True,0.8601883529164054,8.601883529164054,1.6016173417693074,14.735595370757922,3.197688960480035,0.8501782612368367,102,102,1.0,1.6767492882243749,1.793711581496792,0.7023434155337189,0.7071067811865476,0.5,-0.5,-0.5,-1.5707963705062866,velocity,post_controller_hold,False,,0.0633,2.9999,not_attempted,0.0,False,False
-1.506532,47,5911.662076,True,0.3789887851813461,False,False,1.7809474047401146,success,True,0.8640404345247091,8.640404345247092,4.1656725761147735,6.608548361108893,4.224884620230171,0.9659152658729556,47,47,1.0,1.7937115814967937,1.793711581496792,0.707106781186547,0.7071067811865476,-0.5,-0.5,-0.5,1.5707963705062866,velocity,post_controller_hold,False,,0.2159,0.5177,not_attempted,0.0,False,True
7.531798,25,5937.160981,True,0.39805332931469284,False,False,1.16399796690026,success,True,0.7359821593142658,7.359821593142658,2.401089453444882,3.3550785539647814,2.401089453444882,0.9683776085159885,25,25,1.0,1.7488069020626071,1.793711581496792,0.7071067811865477,0.7071067811865476,-0.5,0.5,0.5,-1.5707963705062866,velocity,post_controller_hold,False,,0.1362,1.0987,not_attempted,0.0,False,False
-8.877196,114,5969.059968,True,0.3333121639541954,False,False,1.9996962156638378,success,True,0.7568812884368943,7.568812884368943,4.566949194443604,16.99138137692233,5.370899174189821,0.7848466314512093,114,114,1.0,1.7578951485029264,1.793711581496792,0.6972708030669512,0.7071067811865476,0.5,0.5,-0.5,1.5707963705062866,velocity,post_controller_hold,False,,0.1632,2.4994,not_attempted,0.0,False,False
7.579304,46,5993.485081,True,0.24179938487248828,False,False,1.354853098479464,success,True,0.19399201087917464,1.9399201087917464,4.312523478863603,7.420702568571919,5.098657410508294,0.8064125950626599,46,46,1.0,1.7937115814967937,1.793711581496792,0.707106781186547,0.7071067811865476,0.5,-0.5,0.5,1.5707963705062866,velocity,post_controller_hold,False,,0.1659,1.3749,not_attempted,0.0,False,False
0.1293492,53,6027.804045,True,0.28379820888921636,False,False,1.2688358921596892,success,True,0.8941824433200826,8.941824433200825,3.554088000292953,7.499603893571431,4.34557203306596,1.0764581624416585,53,53,1.0,1.686712227247451,1.793711581496792,0.7021208292968347,0.7071067811865476,0.5,0.5,0.5,1.5707963705062866,velocity,post_controller_hold,False,,0.0179,0.1507,not_attempted,0.0,False,False
-16.190739,8,6042.030174,False,1.769821009161012,True,False,2.683459642790892,out_of_bounds,True,0.9227078293866012,0.0,1.1879241822543498,1.1879241822543498,1.1879241822543498,1.9756409238909112,8,8,1.0,1.793711581496792,1.793711581496792,0.7071067811865477,0.7071067811865476,-0.5,-0.5,0.5,-1.5707963705062866,velocity,post_controller_hold,False,,0.0535,1.7476,not_attempted,0.0,False,False
3.7468915,60,6082.037174,True,0.28397329034946583,False,False,0.9642167401019544,success,True,0.19628488971037203,1.9628488971037203,4.115956342089955,8.207906500812316,4.818410024034309,0.9254317624937568,60,60,1.0,1.788952784263749,1.793711581496792,0.6937028236476261,0.7071067811865476,-0.5,-0.5,-0.5,1.5707963705062866,simulator_service,service_success,True,,0.012,0.0696,service_success,0.0,False,False
-1.0973282,164,6107.583428,True,0.3208675047393475,False,False,1.478951225700331,success,True,0.20213523970322447,2.0213523970322447,2.1274532067578824,22.136224815425223,2.801119354346104,0.6700591113303285,164,164,1.0,1.7191257817036962,1.793711581496792,0.6787825244464383,0.7071067811865476,0.5,0.0065479278564453125,-0.5,-1.5707963705062866,velocity,post_controller_hold,False,,0.132,0.3826,not_attempted,0.0,False,False
11.640977,75,6137.752273,True,0.37822863344204904,False,False,1.5373261415356358,success,True,0.009614072061190257,0.09614072061190257,1.4264337173536756,9.912581199735563,2.659787923277011,0.6291604141632968,75,75,1.0,1.665026402894168,1.793711581496792,0.7071067811865467,0.7071067811865476,0.5,0.5,0.5,-1.1823976039886475,velocity,post_controller_hold,False,,0.0484,0.7117,not_attempted,0.0,False,False
-3.1524284,81,6162.405248,True,0.17068865604953318,False,False,1.8096173194034815,success,True,0.5189403380278953,5.189403380278953,4.820113301210873,11.549628713722633,5.446896140835987,0.9365259916303849,81,81,1.0,1.6493505193005777,1.793711581496792,0.7071067811865467,0.7071067811865476,0.5,-0.5,0.5,1.5707963705062866,velocity,post_controller_hold,False,,0.0229,0.9116,not_attempted,0.0,False,False
9.726446,25,6194.028291,True,0.3266125110634946,False,False,1.4996336402200738,success,True,0.626156360871096,6.2615636087109605,2.5724269664434805,3.5241674804498313,2.5724269664434805,1.3247689489835799,25,25,1.0,1.7783252414329802,1.793711581496792,0.683003360522509,0.7071067811865476,0.5,0.5,-0.5,1.5707963705062866,velocity,post_controller_hold,False,,0.1493,0.1209,not_attempted,0.0,False,False
0.40986222,61,6219.576249,True,0.3760843265839526,False,False,1.3537654190794122,success,True,0.32992118338585547,3.2992118338585548,5.168222190673735,8.9463250631003,5.168222190673735,1.0717651812346063,61,61,1.0,1.7350336077750734,1.793711581496792,0.7071067811865468,0.7071067811865476,0.5,-0.5,0.5,-1.4658381938934326,velocity,post_controller_hold,False,,0.1018,0.7312,not_attempted,0.0,False,False
5.6726375,30,6250.950064,True,0.36510242236924567,False,False,1.4967172616202622,success,True,0.6789055500178426,6.789055500178426,3.5675650877397507,4.751904772160459,3.5675650877397507,0.6969638602652528,30,30,1.0,1.6307917856220313,1.793711581496792,0.7071067811865475,0.7071067811865476,0.5,-0.5,0.5,-1.5707963705062866,velocity,post_controller_hold,False,,0.1405,0.7983,not_attempted,0.0,True,False
-1.8346276,75,6283.898084,True,0.3644782193747785,False,False,1.3142006802536554,success,True,0.8266740548309166,8.266740548309166,3.524814346127873,10.374022596308318,4.632441163657393,1.1460614781065794,75,75,1.0,1.64062111022558,1.793711581496792,0.7041947542781465,0.7071067811865476,-0.5,0.5,-0.5,-0.25379014015197754,velocity,post_controller_hold,False,,0.0597,2.7784,not_attempted,0.0,False,True
13.944914,47,6312.56818,True,0.13686573689561285,False,False,1.3993523421503147,success,True,0.007427692834583255,0.07427692834583255,2.020154233897991,6.781086030514296,2.5479481995257265,1.11526014530765,47,47,1.0,1.5345594924682646,1.793711581496792,0.6807888529675518,0.7071067811865476,-0.5,-0.5,-0.5,1.5707963705062866,velocity,post_controller_hold,False,,0.1592,1.2548,not_attempted,0.0,False,False
-1.0123898,42,6342.289619,True,0.1998777166743715,False,False,1.721202339772867,success,True,0.847365813724799,8.473658137247991,4.467324572141671,5.666672404007008,4.467324572141671,1.2472478368720676,42,42,1.0,1.7937115814967934,1.793711581496792,0.707106781186547,0.7071067811865476,-0.5,-0.5,0.5,1.5707963705062866,velocity,post_controller_hold,False,,0.1197,1.982,not_attempted,0.0,True,False
4.964085,63,6373.91642,True,0.18869640754897915,False,False,1.1227493458383997,success,True,0.8510042046858397,8.510042046858397,1.9654005801602485,7.746449150834793,2.883310347306079,1.1227493458383997,63,63,1.0,1.7030367387031222,1.793711581496792,0.6867805055061924,0.7071067811865476,-0.5,0.5,-0.5,1.5707963705062866,velocity,post_controller_hold,False,,0.1923,0.7795,not_attempted,0.0,False,False
4.9626894,26,6394.318008,True,0.3470409594664712,False,False,1.5416739850732084,success,True,0.9670545891588891,9.67054589158889,2.756118079942774,3.752636462156253,2.756118079942774,1.3771408059666552,26,26,1.0,1.637236171477325,1.793711581496792,0.7071067811865477,0.7071067811865476,0.5,0.5,-0.5,-1.4182279109954834,velocity,post_controller_hold,False,,0.1797,0.0225,not_attempted,0.0,False,False
0.46612263,86,6434.534934,True,0.3901869044254558,False,False,1.4361315241839725,success,True,0.5516296883538083,5.516296883538083,3.604851929206464,12.339847338853335,4.396974391428428,0.9266263562676077,86,86,1.0,1.7677964653617515,1.793711581496792,0.6994776939527135,0.7071067811865476,0.5,0.5,-0.5,-1.5707963705062866,velocity,post_controller_hold,False,,0.0336,0.3677,not_attempted,0.0,False,False
5.406345,46,6463.760019,True,0.3690067787817609,False,False,1.412511608745401,success,True,0.7176978296942094,7.176978296942094,2.489992390121573,6.126670557008994,2.815299808572884,0.5344528852387787,46,46,1.0,1.707957155154928,1.793711581496792,0.707106781186547,0.7071067811865476,0.5,-0.5,-0.5,1.5707963705062866,velocity,post_controller_hold,False,,0.208,2.426,not_attempted,0.0,False,False
7.4529424,52,6495.385043,True,0.20324793770173352,False,False,1.2721764406457947,success,True,0.24565795879548322,2.456579587954832,3.2328908174475672,6.5306554447919405,3.2328908174475672,1.0790044502163274,52,52,1.0,1.7937115814967937,1.793711581496792,0.7071067811865469,0.7071067811865476,-0.5,-0.5,0.5,1.5707963705062866,velocity,post_controller_hold,False,,0.1539,2.3946,not_attempted,0.0,False,False
-17.90464,179,6518.928437,True,0.33711515915584606,False,False,1.7366982359068117,success,True,0.996162093327197,9.96162093327197,3.472613642845334,25.63663637232691,4.695795288911313,0.8353105184695035,179,179,1.0,1.7120670489158196,1.793711581496792,0.7071067811865499,0.7071067811865476,0.5,-0.5,-0.5,1.5707963705062866,velocity,post_controller_hold,False,,0.153,0.7037,not_attempted,0.0,False,False
-7.3730245,70,6556.753083,True,0.35661751631660793,False,False,1.7899597134628218,success,True,0.7485036552083804,7.485036552083804,4.639542133895718,10.005229289849314,5.128148456781446,0.5302153897466019,70,70,1.0,1.727941281831871,1.793711581496792,0.7071067811865467,0.7071067811865476,0.5,0.5,0.5,1.5707963705062866,velocity,post_controller_hold,False,,0.1691,1.63,not_attempted,0.0,False,False
-24.69789,200,6609.808043,False,1.213284224909144,False,False,1.7450287898147374,max_steps,True,0.22017733489722285,0.0,1.5483993002698941,26.207155577864487,3.617753347167511,0.8477849708931531,200,200,1.0,1.7495111546697846,1.793711581496792,0.7026671162648545,0.7071067811865476,-0.5,-0.5,-0.5,1.5707963705062866,velocity,post_controller_hold,False,,0.1989,1.4833,not_attempted,0.0,False,False
-11.739891,138,6635.48052,True,0.3528780355780149,False,False,1.5264490499045933,success,True,0.6546079757835737,6.546079757835736,4.3900876113402,18.221399582182652,5.812823375315995,0.7313430447943057,138,138,1.0,1.786224964702404,1.793711581496792,0.6975377950354271,0.7071067811865476,-0.5,0.5,-0.5,-1.5707963705062866,velocity,post_controller_hold,False,,0.1053,0.3656,not_attempted,0.0,False,False
-1.0847969,84,6679.197148,True,0.0909893988235237,False,False,1.1291151091842326,success,True,0.21016855569827186,2.1016855569827184,3.276899180145936,11.640009230001239,4.022742157389488,0.9591578015491761,84,84,1.0,1.684236292246982,1.793711581496792,0.6984065809980412,0.7071067811865476,0.5,0.5,0.5,1.5707963705062866,velocity,post_controller_hold,False,,0.2061,0.6414,not_attempted,0.0,True,False
-4.192067,145,6713.94964,True,0.34490721813234054,False,False,1.3071691616681982,success,True,0.874271366027276,8.74271366027276,2.1137506954722003,19.846373554425163,3.48116339884846,0.6813693375236738,145,145,1.0,1.7308867850062268,1.793711581496792,0.6966108798134473,0.7071067811865476,-0.5,0.5,-0.5,0.0686647891998291,velocity,post_controller_hold,False,,0.1391,2.3174,not_attempted,0.0,False,False
2.1921558,81,6750.508068,True,0.35370777206020143,False,False,1.0707334070065297,success,True,0.06444771314330827,0.6444771314330827,3.5775996056024963,11.286983967060902,3.98973978872604,0.716191465031649,81,81,1.0,1.7929766983263313,1.793711581496792,0.7050254194523109,0.7071067811865476,-0.5,-0.5,-0.5,1.5707963705062866,velocity,post_controller_hold,False,,0.1057,1.2837,not_attempted,0.0,False,False
1.5077323,34,6776.145998,True,0.38268486291042464,False,False,1.1804019114920876,success,True,0.9042653094557765,9.042653094557766,4.303156192127504,5.771250620021138,4.311283836870279,0.744798468223597,34,34,1.0,1.7937115814967934,1.793711581496792,0.7071067811865472,0.7071067811865476,0.5,0.5,-0.5,1.5707963705062866,velocity,post_controller_hold,False,,0.2189,1.7022,not_attempted,0.0,False,False
-17.337725,10,6791.746364,False,2.4462859252489992,True,False,0.2513345184802902,out_of_bounds,True,0.10715974583738376,0.0,0.8894865854549564,0.8894865854549564,0.8894865854549564,0.2513345184802902,10,10,1.0,1.7937115814967926,1.793711581496792,0.7071067811865477,0.7071067811865476,-0.5,0.5,-0.5,1.5707963705062866,velocity,post_controller_hold,False,,0.0287,0.3209,not_attempted,0.0,False,False
1.8778756,54,6832.900091,True,0.3849727225055944,False,False,1.118745661170401,success,True,0.29167151864224533,2.9167151864224534,5.015457260263847,7.5379731334299835,5.184094587030707,0.9288088766736234,54,54,1.0,1.7937115814967937,1.793711581496792,0.7071067811865469,0.7071067811865476,0.5,-0.5,0.5,-1.5707963705062866,simulator_service,service_success,True,,0.0113,0.0002,service_success,0.0,True,False
15.266412,22,6861.108082,True,0.19620669002167726,False,False,1.5954504098610736,success,True,0.21506361457565248,2.1506361457565246,1.9172654384781322,2.7211045589105973,1.9172654384781322,1.425312471755744,22,22,1.0,1.7846111919818783,1.793711581496792,0.6808862714880756,0.7071067811865476,0.5,-0.5,-0.5,1.5707963705062866,velocity,post_controller_hold,False,,0.076,0.4687,not_attempted,0.0,False,False
6.133617,26,6890.428277,True,0.3121671946245329,False,False,1.4385109293395877,success,True,0.7928820309517088,7.928820309517088,2.691743693261064,3.6986580796020907,2.691743693261064,0.8277124955370647,26,26,1.0,1.7937115814967934,1.793711581496792,0.7071067811865477,0.7071067811865476,0.5,0.5,-0.5,-1.5707963705062866,velocity,post_controller_hold,False,,0.1085,2.8129,not_attempted,0.0,False,False
-29.043545,200,6928.019275,False,0.9921363628685431,False,False,1.3751294165867836,max_steps,True,0.41870519659733235,0.0,4.812775203432503,28.449770764933408,5.688637489761498,0.5763638439530075,200,200,1.0,1.755561132725492,1.793711581496792,0.7071067811865502,0.7071067811865476,-0.5,-0.5,-0.3475736379623413,-1.5707963705062866,velocity,post_controller_hold,False,,0.14,2.3079,not_attempted,0.0,False,False
-18.17234,10,6948.797271,False,2.666307533064909,False,True,0.4572178511407214,unsafe_low_altitude,True,0.4622976009483793,0.0,1.4723283310248905,1.4723283310248905,1.4723283310248905,0.4572178511407214,10,10,1.0,1.7937115814967926,1.793711581496792,0.7071067811865477,0.7071067811865476,-0.5,-0.5,0.5,-1.5707963705062866,velocity,post_controller_hold,False,,0.1297,1.1759,not_attempted,0.0,False,False
-1.7146065,94,6970.446895,True,0.3563511055690658,False,False,1.7514496051081343,success,True,0.8319536769824595,8.319536769824595,3.276897195915882,12.601189503863502,3.863114658108076,1.0419405608684518,94,94,1.0,1.7720291424640902,1.793711581496792,0.7017262396820863,0.7071067811865476,-0.5,0.5,-0.5,0.9290245175361633,velocity,post_controller_hold,False,,0.0611,1.1811,not_attempted,0.0,False,False
-16.673021,10,6986.466551,False,2.226577903484364,True,False,0.20159701626837084,out_of_bounds,True,0.05218721959564984,0.0,1.2805169944738848,1.2805169944738848,1.2805169944738848,0.20159701626837084,10,10,1.0,1.3347862151288947,1.793711581496792,0.7071067811865477,0.7071067811865476,-0.5,-0.5,-0.5,1.5707963705062866,velocity,post_controller_hold,False,,0.1251,2.3948,not_attempted,0.0,False,False
7.4834867,75,7025.473177,True,0.23418624636407087,False,False,1.1875225826644287,success,True,0.43608184297971525,4.360818429797153,1.5798061539823398,9.767413904717165,1.7837592158951696,1.1875225826644287,75,75,1.0,1.7476347340345155,1.793711581496792,0.7071067811865467,0.7071067811865476,-0.5,0.5,-0.5,-1.5707963705062866,simulator_service,service_success,True,,0.0122,0.011,service_success,0.0,False,False
-0.85645646,128,7060.386059,True,0.3578381520220097,False,False,1.5456308860186774,success,True,0.6222709617170368,6.222709617170368,2.7372077130485395,17.61387360016358,3.4582517457457884,0.8635551783639517,128,128,1.0,1.7577844406635295,1.793711581496792,0.7057247857443021,0.7071067811865476,-0.5,0.5,-0.5,-1.5707963705062866,simulator_service,service_success,True,,0.0113,0.0001,service_success,0.0,False,False
3.2647943,32,7093.000064,True,0.20419806029944879,False,False,2.01021320964236,success,True,0.7167432564202457,7.167432564202457,4.3783265499540285,5.107650562483983,4.3783265499540285,1.1018909352223902,32,32,1.0,1.784860941876302,1.793711581496792,0.7071067811865474,0.7071067811865476,0.5,-0.5,0.5,1.5707963705062866,velocity,post_controller_hold,False,,0.1104,1.3195,not_attempted,0.0,False,False
-1.268248,50,7130.117179,True,0.38405903896201626,False,False,1.2375194123668392,success,True,0.9338706851346767,9.338706851346767,3.4140950952629607,6.720084901004713,4.055930012141749,1.2375194123668392,50,50,1.0,1.7856505690833722,1.793711581496792,0.707106781186547,0.7071067811865476,0.5,-0.5,-0.5,1.5707963705062866,velocity,post_controller_hold,False,,0.1879,2.9562,not_attempted,0.0,False,False
-2.7583156,154,7157.807003,True,0.16793819234580534,False,False,1.155438121077081,success,True,0.3662549634898477,3.662549634898477,2.8893508983397878,20.98062744584898,3.6853287069046554,0.8617121838287224,154,154,1.0,1.72115339544085,1.793711581496792,0.6906556729913349,0.7071067811865476,0.5,-0.5,0.5,0.8458319902420044,velocity,post_controller_hold,False,,0.0855,2.2184,not_attempted,0.0,True,False
-17.573988,9,7172.201363,False,2.7209562641506633,True,False,2.768839681387657,out_of_bounds,True,0.10247228274274979,0.0,1.6135390969975567,0.0,0.0,1.9041295948744135,8,8,1.0,1.793711581496792,1.793711581496792,0.7071067811865477,0.7071067811865476,-0.5,-0.5,0.5,1.5707963705062866,velocity,post_controller_hold,False,,0.2112,2.7766,not_attempted,0.0,False,False
9.363477,35,7207.906408,True,0.38207197712136703,False,False,1.5361082899077076,success,True,0.42558864726768075,4.255886472676807,2.607440557431137,4.009233599676811,2.607440557431137,1.2237850655258726,35,35,1.0,1.5984504961481238,1.793711581496792,0.7071067811865472,0.7071067811865476,0.5,0.5,0.5,1.5707963705062866,simulator_service,service_success,True,,0.0112,0.0,service_success,0.0,False,False
-0.97269124,48,7236.945813,True,0.2203694461872628,False,False,1.8385085393912197,success,True,0.9886586738384853,9.886586738384853,4.3645048130049044,7.487130090204646,4.3645048130049044,1.2232500887837554,48,48,1.0,1.7937115814967937,1.793711581496792,0.707106781186547,0.7071067811865476,-0.5,-0.5,0.5,1.5707963705062866,velocity,post_controller_hold,False,,0.1866,1.2255,not_attempted,0.0,False,False
15.302554,18,7268.308987,True,0.29087415027775704,False,False,1.948846449281181,success,True,0.1693665865873961,1.693665865873961,1.8565573356997034,3.215970049039455,1.8565573356997034,1.5021313858218357,18,18,1.0,1.793711581496793,1.793711581496792,0.7071067811865478,0.7071067811865476,0.5,-0.5,0.5,-1.5707963705062866,velocity,post_controller_hold,False,,0.1841,0.8466,not_attempted,0.0,False,False
14.493966,17,7298.256335,True,0.23676098872988188,False,False,1.6558639973108187,success,True,0.39069758119299036,3.906975811929904,1.3706059825441588,2.371862789052624,1.5288193613928736,0.7569201025732126,17,17,1.0,1.793711581496793,1.793711581496792,0.7071067811865478,0.7071067811865476,0.5,-0.5,0.5,1.5707963705062866,velocity,post_controller_hold,False,,0.0744,1.6053,not_attempted,0.0,False,False
-20.372581,11,7298.256417,False,3.770613973183046,True,False,2.561466467015947,out_of_bounds,True,0.006070108453510967,0.0,1.6231103506624276,1.6231103506624276,1.6231103506624276,1.5969881162728163,11,11,1.0,1.7937115814967926,1.793711581496792,0.7071067811865478,0.7071067811865476,-0.5,-0.5,0.5,-1.5707963705062866,velocity,post_controller_hold,False,,0.1,2.1935,not_attempted,0.0,False,False
10.851496,46,7334.361657,True,0.2531777165043021,False,False,0.9272814835822397,success,True,0.4199381787522169,4.199381787522169,1.3532840269497486,5.731350003891059,1.9166355953362426,0.8962475647556468,46,46,1.0,1.7576100197094089,1.793711581496792,0.707106781186547,0.7071067811865476,0.5,0.5,-0.5,1.5707963705062866,velocity,post_controller_hold,False,,0.1597,3.0117,not_attempted,0.0,False,False
8.553002,29,7363.284038,True,0.18202805221199686,False,False,1.5567897465203349,success,True,0.4412313092966814,4.412313092966814,2.9885036048688183,3.634214799347048,2.9885036048688183,1.2677788520498163,29,29,1.0,1.7922114748742624,1.793711581496792,0.7071067811865475,0.7071067811865476,0.5,0.5,-0.5,1.5707963705062866,velocity,post_controller_hold,False,,0.191,3.0714,not_attempted,0.0,False,False
-6.2641435,146,7402.003047,True,0.20199262697769324,False,False,1.6629424770089598,success,True,0.5483169138347447,5.483169138347447,4.1508091407566186,19.25047185068121,5.19114260374125,0.8038787751444775,146,146,1.0,1.7611207992556746,1.793711581496792,0.7043388828577152,0.7071067811865476,0.5,-0.5,-0.5,-1.5707963705062866,simulator_service,service_success,True,,0.011,0.0001,service_success,0.0,False,False
7.961643,23,7428.532972,True,0.24502276275372809,False,False,1.4141519690173274,success,True,0.7568753075735521,7.568753075735522,2.300052125450456,3.2043307170288564,2.300052125450456,1.010488795542078,23,23,1.0,1.7937115814967932,1.793711581496792,0.7071067811865478,0.7071067811865476,-0.5,0.5,-0.5,1.5707963705062866,velocity,post_controller_hold,False,,0.136,0.8932,not_attempted,0.0,False,False
-6.420693,95,7456.11215,True,0.2453555383117974,False,False,1.487281463588162,success,True,0.7416815739823985,7.416815739823985,4.155849837510942,12.59967479593419,4.926066615137364,1.2483137119985055,95,95,1.0,1.7879561328030338,1.793711581496792,0.6905207912297691,0.7071067811865476,-0.5,-0.5,-0.5,-1.5707963705062866,velocity,post_controller_hold,False,,0.2299,1.8397,not_attempted,0.0,False,False
