#{"t_start": 1783292569.8024292, "env_id": "None"}
r,l,t,is_success,final_distance,is_out_of_bounds,is_unsafe_low_altitude,altitude,terminal_reason,terminal_stop_command_accepted,terminal_yaw_error,terminal_yaw_penalty,physical_displacement,path_length,max_physical_displacement,min_altitude,motion_command_steps,motion_command_accepted_steps,motion_command_acceptance_rate,mean_action_norm,max_action_norm,mean_xy_action_norm,max_xy_action_norm,last_action_vx,last_action_vy,last_action_vz,last_action_vyaw,reset_method,reset_path,reset_service_attempted,reset_failure_class,reset_position_error,reset_yaw_error,reset_service_status,vertical_safety_penalty,low_altitude_guard_active,bounds_guard_active
10.313172,7,20.057291,True,0.3458555918785493,False,False,1.6777033084070652,success,True,0.9061901208569136,9.061901208569136,1.042194694150582,1.0517798597892942,1.042194694150582,1.0841550229471795,7,7,1.0,1.7848897860469872,1.793711581496792,0.6819916741219775,0.7071067811865476,0.5,0.17966854572296143,-0.5,1.5707963705062866,simulator_service,service_success,True,,0.073,1.1387,service_success,0.0,False,True
15.623352,13,27.297267,True,0.3711017581403989,False,False,1.1076493564237941,success,True,0.30969274903817917,3.0969274903817916,1.5788254980639878,2.22276229504381,1.5788254980639878,0.8964184430313632,13,13,1.0,1.7885332554604862,1.793711581496792,0.6921652728722782,0.7071067811865476,0.5,-0.5,0.5,-1.5707963705062866,simulator_service,service_success,True,,0.105,0.6493,service_success,0.0,False,False
9.731351,31,41.353155,True,0.32132382469578236,False,False,1.611102169957592,success,True,0.3420240469099045,3.420240469099045,3.328915602244041,4.583593665899623,3.328915602244041,1.034405283294804,31,31,1.0,1.788509773832591,1.793711581496792,0.6925011654614136,0.7071067811865476,0.5,-0.5,-0.5,-1.5707963705062866,velocity,post_controller_hold,False,,0.1679,1.1863,not_attempted,0.0,False,False
8.991137,11,50.174071,True,0.38507353498501323,False,False,1.346250216077025,success,True,0.9974718331536778,9.974718331536778,1.0011534531025021,1.4849836807065013,1.0011534531025021,1.346250216077025,11,11,1.0,1.7872582789147893,1.793711581496792,0.7071067811865478,0.7071067811865476,-0.5,0.5,0.5,1.5707963705062866,velocity,post_controller_hold,False,,0.1701,1.3506,not_attempted,0.0,False,False
-1.7563316,57,59.193129,True,0.3507268498262169,False,False,1.1327180410130933,success,True,0.6863497176245761,6.863497176245761,4.16399749612369,9.833562143216913,4.16399749612369,0.8774034140552113,57,57,1.0,1.7909388195396005,1.793711581496792,0.6992236869620068,0.7071067811865476,0.5,-0.5,0.5,1.5707963705062866,velocity,post_controller_hold,False,,0.2002,1.5341,not_attempted,0.0,True,False
0.050661817,55,75.417095,True,0.39280314352493595,False,False,1.5979226814774277,success,True,0.37700872157748205,3.7700872157748204,4.420867252086964,8.939531442307011,4.47710935532501,1.064827510940987,55,55,1.0,1.7925098537175492,1.793711581496792,0.7036497441924797,0.7071067811865476,0.5,-0.5,0.5,-1.5707963705062866,velocity,post_controller_hold,False,,0.174,2.5635,not_attempted,0.0,False,False
0.8979987,58,89.806144,True,0.35186124174462696,False,False,1.757065442871606,success,True,0.9569450437312222,9.569450437312222,4.043347799571789,8.913602636708687,4.130492861336231,0.9634666880390671,58,58,1.0,1.7423133134521833,1.793711581496792,0.6775711213247629,0.7071067811865476,0.5,-0.5,-0.5,1.5707963705062866,velocity,post_controller_hold,False,,0.1264,2.5951,not_attempted,0.0,False,True
16.014711,24,106.72207,True,0.3657583522973644,False,False,1.2148659206157246,success,True,0.18423003698139434,1.8423003698139433,1.4173738803170435,3.5176861254597966,1.6388004021000893,1.0419039526909792,24,24,1.0,1.7937115814967932,1.793711581496792,0.7071067811865478,0.7071067811865476,-0.5,-0.5,0.5,1.5707963705062866,velocity,post_controller_hold,False,,0.157,0.3693,not_attempted,0.0,False,False
5.568439,59,126.399973,True,0.3797572680116872,False,False,1.9537678562257643,success,True,0.5092013158591726,5.092013158591726,3.4066621740934835,9.677302465866648,4.008367785017892,0.9321143462488268,59,59,1.0,1.787740979570075,1.793711581496792,0.6902416673465052,0.7071067811865476,0.5,-0.5,-0.5,1.5707963705062866,velocity,post_controller_hold,False,,0.1753,2.958,not_attempted,0.0,False,False
11.671075,33,136.82808,True,0.36588608937439804,False,False,1.7106568160856355,success,True,0.057587975908185825,0.5758797590818583,3.5913119663989574,5.4565359092917465,3.5913119663989574,1.004423682455127,33,33,1.0,1.7926776749511195,1.793711581496792,0.7043289683583991,0.7071067811865476,0.5,0.5,-0.5,1.5707963705062866,velocity,post_controller_hold,False,,0.1357,1.1701,not_attempted,0.0,False,False
12.63537,29,150.624056,True,0.3578423304494206,False,False,1.7119392298457456,success,True,0.25881051808028893,2.588105180802889,2.980802543258389,4.8123973893226655,2.991583194406716,1.2637728496824066,29,29,1.0,1.7451433155080458,1.793711581496792,0.7034667043733583,0.7071067811865476,0.5,-0.5,0.5,1.5707963705062866,velocity,post_controller_hold,False,,0.1696,1.6212,not_attempted,0.0,False,False
14.875815,36,162.445139,True,0.36664600778695616,False,False,1.6558896376971657,success,True,0.18673586818643798,1.8673586818643797,1.1878154508211656,5.478057850967222,1.5688661140539428,0.8949807850754308,36,36,1.0,1.7826225602486145,1.793711581496792,0.6988007135500026,0.7071067811865476,-0.5,-0.5,0.5,1.5707963705062866,velocity,post_controller_hold,False,,0.2013,0.5983,not_attempted,0.0,False,False
1.525949,42,178.017024,True,0.33061417959785533,False,False,1.850296808417681,success,True,0.9683015894341666,9.683015894341665,3.5833697193284575,6.854958675289065,3.7428251775542716,1.3647794678951422,42,42,1.0,1.7892768857836638,1.793711581496792,0.6944273773186654,0.7071067811865476,-0.5,0.5,0.5,1.5707963705062866,velocity,post_controller_hold,False,,0.1795,2.0268,not_attempted,0.0,False,False
-2.5799758,59,195.331318,True,0.38790631551876587,False,False,1.8022588994030506,success,True,0.9110574048412414,9.110574048412413,4.412089546513837,9.582286561989704,4.428402782532316,0.9711786687975481,59,59,1.0,1.7880220478559472,1.793711581496792,0.6924773892948077,0.7071067811865476,0.5,-0.5,-0.5,1.5707963705062866,velocity,post_controller_hold,False,,0.1862,0.5973,not_attempted,0.0,False,False
11.841633,34,207.987994,True,0.3472781695230608,False,False,1.38469759503625,success,True,0.26738870777426704,2.6738870777426706,3.2873552545426854,5.264361254352908,3.3858567531112733,1.0366689301526328,34,34,1.0,1.7659120536299633,1.793711581496792,0.7071067811865472,0.7071067811865476,0.5,0.5,0.5,-1.5707963705062866,velocity,post_controller_hold,False,,0.1937,1.9223,not_attempted,0.0,False,False
5.021134,83,222.781641,True,0.3425992023140717,False,False,1.2054316382564003,success,True,0.40530423233225676,4.053042323322567,2.008587641054753,12.684799084525135,2.8508137308454256,1.0696281357052966,83,83,1.0,1.6638729464075797,1.793711581496792,0.699263669316565,0.7071067811865476,0.5,0.5,-0.5,1.5707963705062866,velocity,post_controller_hold,False,,0.1727,0.3342,not_attempted,0.0,False,False
7.6462226,40,243.259047,True,0.37377400056857946,False,False,1.191680562188772,success,True,0.21945051351696715,2.1945051351696714,3.704322298101295,6.055222851619803,3.704322298101295,1.129181290618863,40,40,1.0,1.789022254363049,1.793711581496792,0.6984785179716043,0.7071067811865476,0.5,-0.5,0.5,-1.5707963705062866,velocity,post_controller_hold,False,,0.1657,0.7206,not_attempted,0.0,True,False
8.216347,56,257.175221,True,0.36830734663536213,False,False,1.4000265670981973,success,True,0.22556112045482665,2.2556112045482664,3.607561272897619,9.247379205587107,4.136531030086446,0.9993449773605402,56,56,1.0,1.7310279335703682,1.793711581496792,0.6983636519660081,0.7071067811865476,0.5,0.5,-0.5,-1.5707963705062866,velocity,post_controller_hold,False,,0.1655,2.8697,not_attempted,0.0,False,False
15.73527,18,268.27012,True,0.34874004588708846,False,False,2.0567415584459896,success,True,0.17839757528061684,1.7839757528061684,2.3271629123534185,3.0912822246227263,2.3271629123534185,1.7796036409913296,18,18,1.0,1.6882953256895448,1.793711581496792,0.7026061367071323,0.7071067811865476,0.5,-0.5,-0.5,1.5707963705062866,velocity,post_controller_hold,False,,0.1529,2.0369,not_attempted,0.0,False,True
15.664071,24,284.586182,True,0.25743833452496484,False,False,1.6592660840979863,success,True,0.10090167628815586,1.0090167628815585,2.019452921908029,3.501891023521816,2.1975226314950382,1.6592660840979863,24,24,1.0,1.7848390913308183,1.793711581496792,0.6959124651129018,0.7071067811865476,0.5,-0.5,-0.5,-1.5707963705062866,velocity,post_controller_hold,False,,0.1936,0.175,not_attempted,0.0,False,False
1.0982165,49,295.78828,True,0.2842143871880801,False,False,1.501668633342336,success,True,0.7318681839670497,7.3186818396704965,4.627875512265158,8.418335681229284,4.748496727814406,0.8390837117330525,49,49,1.0,1.7908446362978045,1.793711581496792,0.6992402717759355,0.7071067811865476,0.5,-0.5,0.5,-1.5707963705062866,velocity,post_controller_hold,False,,0.1336,0.4137,not_attempted,0.0,False,False
8.988905,23,307.19904,True,0.355316783907653,False,False,1.163851033851383,success,True,0.6376367039297449,6.376367039297449,2.6618411124331764,4.115883194324259,2.6618411124331764,1.163851033851383,23,23,1.0,1.6356077857259845,1.793711581496792,0.7024386175246262,0.7071067811865476,0.5,-0.5,0.5,-1.5707963705062866,velocity,post_controller_hold,False,,0.1604,2.6628,not_attempted,0.0,True,False
12.800244,25,321.206282,True,0.2901159990398476,False,False,1.3240633485147417,success,True,0.2282599801629422,2.2825998016294218,2.747183711475693,4.363783010493497,2.747183711475693,1.0752591300132466,25,25,1.0,1.7919481993842883,1.793711581496792,0.702276072633277,0.7071067811865476,0.5,0.5,-0.5,-1.5707963705062866,velocity,post_controller_hold,False,,0.1681,2.621,not_attempted,0.0,False,False
9.263432,40,338.112084,True,0.2971061174205803,False,False,1.6527902496870217,success,True,0.35840405347194226,3.5840405347194224,2.977070563679941,6.719342902020439,3.127498922558623,0.9796833692811786,40,40,1.0,1.6789965376732963,1.793711581496792,0.7042308616568254,0.7071067811865476,0.5,-0.5,0.5,1.5707963705062866,velocity,post_controller_hold,False,,0.1668,2.0468,not_attempted,0.0,False,False
11.432791,6,347.930305,True,0.31204620933445654,False,False,1.7358801599119593,success,True,0.8121426321674742,8.121426321674742,0.7039570876160658,0.7499791053466323,0.7039570876160658,1.3675308798028136,6,6,1.0,1.793711581496792,1.793711581496792,0.7071067811865476,0.7071067811865476,-0.5,0.5,-0.5,1.5707963705062866,velocity,post_controller_hold,False,,0.2029,2.9334,not_attempted,0.0,False,False
1.3819662,52,358.521396,True,0.2945956790060344,False,False,1.153434117652395,success,True,0.983820341324029,9.83820341324029,2.339463843619231,8.665355463159324,2.525376748743489,1.1307124690580268,52,52,1.0,1.6628131797726966,1.793711581496792,0.6819228984675859,0.7071067811865476,-0.5,0.5,0.5,-1.5707963705062866,velocity,post_controller_hold,False,,0.1649,1.6871,not_attempted,0.0,True,False
2.844846,61,379.441108,True,0.3489901084401172,False,False,1.4616606528836575,success,True,0.5552562046824209,5.5525620468242085,3.661960338145901,9.93553694018758,4.051955197545994,0.9793268449434115,61,61,1.0,1.7208160693643455,1.793711581496792,0.7011137651488948,0.7071067811865476,-0.5,0.5,-0.5,1.5707963705062866,velocity,post_controller_hold,False,,0.181,2.9427,not_attempted,0.0,False,False
14.055318,11,392.65532,True,0.382063913140734,False,False,1.236922434665649,success,True,0.4936115192896496,4.936115192896496,1.0647819255851503,1.49004432637976,1.0647819255851503,1.155267428703263,11,11,1.0,1.7936948559650665,1.793711581496792,0.7070643418432812,0.7071067811865476,-0.5,0.5,-0.5,-1.5707963705062866,velocity,post_controller_hold,False,,0.1136,2.3251,not_attempted,0.0,False,False
4.491055,76,403.731394,True,0.35902872863171087,False,False,1.7442247246027773,success,True,0.5259609006377535,5.259609006377534,2.686162861743981,13.284870253223403,3.1005577988365096,0.8084100706095435,76,76,1.0,1.7689011288553147,1.793711581496792,0.7000449370870525,0.7071067811865476,0.5,0.5,-0.5,1.5707963705062866,velocity,post_controller_hold,False,,0.186,2.7123,not_attempted,0.0,False,True
13.400076,60,422.267047,True,0.2273063361193067,False,False,1.4245903120077514,success,True,0.019057426174643257,0.19057426174643258,1.5342172881977698,9.387072895228755,2.6186888481666033,0.9542188313280797,60,60,1.0,1.7285144836085715,1.793711581496792,0.7045610211551809,0.7071067811865476,0.5,0.5,0.5,1.5707963705062866,velocity,post_controller_hold,False,,0.189,0.9244,not_attempted,0.0,False,False
-1.3817996,55,431.446759,True,0.35332494690050764,False,False,1.7538471556558504,success,True,0.9606279933562544,9.606279933562544,3.576539269756245,8.58871062623169,3.576539269756245,1.0164953500302456,55,55,1.0,1.6880308243148996,1.793711581496792,0.6937898489096689,0.7071067811865476,0.5,0.5,-0.5,1.5707963705062866,velocity,post_controller_hold,False,,0.1876,0.4503,not_attempted,0.0,False,True
13.65968,15,444.860111,True,0.36791467788831334,False,False,1.2704896480241752,success,True,0.43754863637722463,4.3754863637722465,1.4163231746585474,2.130862526263187,1.4163231746585474,1.1631647919432948,15,15,1.0,1.7909829761857439,1.793711581496792,0.6996789221915539,0.7071067811865476,-0.5,-0.5,-0.5,1.5707963705062866,velocity,post_controller_hold,False,,0.1256,1.4747,not_attempted,0.0,False,False
9.911942,47,459.2794,True,0.3400956364424849,False,False,1.4749416786743499,success,True,0.12627230037461928,1.262723003746193,3.9220644275055214,8.313214415080706,4.443650346202697,1.291050285621197,47,47,1.0,1.7720671033112296,1.793711581496792,0.7023104376497319,0.7071067811865476,-0.5,-0.5,-0.5,1.5707963705062866,velocity,post_controller_hold,False,,0.1127,1.6006,not_attempted,0.0,False,False
2.1564038,51,480.697281,True,0.2875191690410208,False,False,1.293003770491555,success,True,0.5545117600109352,5.545117600109352,4.604844897061561,7.853526988685732,4.94201430925566,1.2357832123972465,51,51,1.0,1.753901832605389,1.793711581496792,0.7019674124690237,0.7071067811865476,-0.5,-0.5,0.5,-1.5707963705062866,velocity,post_controller_hold,False,,0.1258,0.004,not_attempted,0.0,True,False
3.660503,110,501.472061,True,0.28650372486324854,False,False,1.701856991321707,success,True,0.370074921513934,3.70074921513934,2.305894622428264,18.066361134825158,2.607187931344506,0.922170374327253,110,110,1.0,1.747415798590462,1.793711581496792,0.7029127354568503,0.7071067811865476,0.5,-0.5,-0.27811092138290405,1.5707963705062866,velocity,post_controller_hold,False,,0.1762,0.4845,not_attempted,0.0,False,False
12.545155,9,511.690211,True,0.3040568567264831,False,False,1.8485189077717048,success,True,0.657798694408112,6.57798694408112,1.2139882609848864,1.2784252429423861,1.2139882609848864,1.3174458315944968,9,9,1.0,1.7937115814967923,1.793711581496792,0.7071067811865477,0.7071067811865476,0.5,0.5,-0.5,-1.5707963705062866,velocity,post_controller_hold,False,,0.1738,3.1333,not_attempted,0.0,False,True
1.6630143,56,523.616053,True,0.3515006170515503,False,False,1.7553409001559686,success,True,0.4200068167005992,4.200068167005992,4.648710414415853,9.500479079966645,4.810534448127188,1.0037400818055136,56,56,1.0,1.7861901635262176,1.793711581496792,0.7009284097491574,0.7071067811865476,-0.5,-0.5,0.5,-1.5707963705062866,velocity,post_controller_hold,False,,0.1513,2.8349,not_attempted,0.0,False,False
3.346279,53,543.527147,True,0.34169632913543585,False,False,1.8400756278133987,success,True,0.8384497638519219,8.38449763851922,3.6197209107642583,8.364286834232535,4.0875744050613845,1.0294231478562526,53,53,1.0,1.7005468826017522,1.793711581496792,0.7026422240920288,0.7071067811865476,0.5,-0.5,-0.5,-1.5707963705062866,velocity,post_controller_hold,False,,0.1588,1.8623,not_attempted,0.0,False,True
3.7425604,48,543.527236,True,0.361522450996737,False,False,1.2936537815991793,success,True,0.0906864445178131,0.906864445178131,3.057244589686142,7.50126169178505,3.143481260469793,0.924392945208016,48,48,1.0,1.79328408269478,1.793711581496792,0.7059859095971408,0.7071067811865476,0.42048466205596924,-0.5,0.5,-1.5707963705062866,velocity,post_controller_hold,False,,0.1278,3.123,not_attempted,0.0,True,False
12.434395,27,556.612125,True,0.3747543467709376,False,False,1.415305573784858,success,True,0.20396728311870105,2.0396728311870103,2.7138091836247256,4.201494969650991,2.7138091836247256,1.1947557472575736,27,27,1.0,1.7917919937925217,1.793711581496792,0.7067395374133305,0.7071067811865476,0.5,-0.5,0.5,1.5707963705062866,velocity,post_controller_hold,False,,0.1786,1.3581,not_attempted,0.0,False,False
2.0258799,30,569.841114,True,0.389136358736583,False,False,1.1517160555210864,success,True,0.8745699651595401,8.745699651595402,4.436469449107682,5.104023870289238,4.436469449107682,1.1517160555210864,30,30,1.0,1.792627631019573,1.793711581496792,0.7042032159611833,0.7071067811865476,-0.3666057586669922,-0.5,0.5,-1.5707963705062866,velocity,post_controller_hold,False,,0.1233,0.3882,not_attempted,0.0,True,False
4.729518,40,589.822139,True,0.34797455184286824,False,False,1.43402286705867,success,True,0.34743808024991607,3.4743808024991605,4.256624093472619,6.567178749214616,4.256624093472619,0.9075391208882317,40,40,1.0,1.6635513996155873,1.793711581496792,0.7019882673535289,0.7071067811865476,0.5,-0.5,0.5,-1.5707963705062866,velocity,post_controller_hold,False,,0.1624,0.7938,not_attempted,0.0,False,False
8.251357,49,611.350221,True,0.34692242708107723,False,False,1.221232628733504,success,True,0.6831484438293296,6.831484438293296,1.7753003628461128,7.237040147294563,2.9356511235856035,0.9641272948668396,49,49,1.0,1.6943217110161555,1.793711581496792,0.7032949143956128,0.7071067811865476,-0.4431450366973877,-0.5,0.5,1.5707963705062866,velocity,post_controller_hold,False,,0.1676,1.8505,not_attempted,0.0,False,False
4.0234118,94,623.262059,True,0.39702441269242433,False,False,1.3249284737406355,success,True,0.47221083521343166,4.722108352134317,1.4226166750623517,14.737506322147748,3.5320039070000067,0.873595939008143,94,94,1.0,1.7294641340662136,1.793711581496792,0.698602248773636,0.7071067811865476,0.5,0.5,0.5,-1.5707963705062866,velocity,post_controller_hold,False,,0.1022,0.0043,not_attempted,0.0,False,False
7.6043835,27,638.278351,True,0.34679861850540367,False,False,1.361390436602968,success,True,0.7416382268800329,7.416382268800329,2.6127177115540774,4.0192343580611585,2.6127177115540774,0.9464033474644522,27,27,1.0,1.7911219235176092,1.793711581496792,0.6995856870915345,0.7071067811865476,-0.5,-0.5,0.5,1.5707963705062866,velocity,post_controller_hold,False,,0.1664,2.1303,not_attempted,0.0,True,False
11.103325,30,653.296188,True,0.3166541984813471,False,False,1.3166731239047924,success,True,0.2300397105083538,2.300397105083538,3.330000069081221,4.464312392343584,3.330000069081221,1.0193242105264004,30,30,1.0,1.7584798731224411,1.793711581496792,0.7004327006993724,0.7071067811865476,-0.5,-0.5,0.5,-1.5707963705062866,velocity,post_controller_hold,False,,0.1872,2.1696,not_attempted,0.0,False,False
-1.2201113,101,673.157302,True,0.15630761202166807,False,False,1.8950707163455636,success,True,0.3883367370530649,3.8833673705306486,3.6195332817205075,16.8792051233579,4.763335039625921,0.839678381037658,101,101,1.0,1.7196447303578057,1.793711581496792,0.7001113545525653,0.7071067811865476,0.5,0.5,-0.5,1.5707963705062866,velocity,post_controller_hold,False,,0.2056,2.6872,not_attempted,0.0,False,False
4.4336476,40,689.116096,True,0.3905141450346392,False,False,1.67785637209688,success,True,0.7065477665346707,7.065477665346707,2.914514249604222,6.7549123557168596,2.914514249604222,0.9836092720389188,40,40,1.0,1.767871843410583,1.793711581496792,0.702301338107386,0.7071067811865476,-0.5,0.5,-0.5,-1.5707963705062866,velocity,post_controller_hold,False,,0.1618,0.7142,not_attempted,0.0,False,False
11.479752,14,703.878278,True,0.35678850485715374,False,False,1.2248018184219696,success,True,0.6810663356077263,6.810663356077264,1.7719872074118341,2.4002241003145417,1.7719872074118341,1.2248018184219696,14,14,1.0,1.7836929031722615,1.793711581496792,0.6927828715531865,0.7071067811865476,0.5,-0.5,0.5,-1.5707963705062866,velocity,post_controller_hold,False,,0.1923,2.6414,not_attempted,0.0,True,False
4.621666,43,720.996418,True,0.36705227787702194,False,False,1.855230082848449,success,True,0.324431388013863,3.24431388013863,4.357428436443409,6.812998523427811,4.357428436443409,1.3079915045639183,43,43,1.0,1.7920686776660706,1.793711581496792,0.707106781186547,0.7071067811865476,-0.5,-0.5,-0.5,1.5707963705062866,velocity,post_controller_hold,False,,0.1202,2.2106,not_attempted,0.0,False,False
-0.1535155,55,730.629366,True,0.3892745655523783,False,False,1.6764171968752697,success,True,0.7733552594250298,7.733552594250298,4.542895605097809,9.355320998576788,5.186719955057066,0.7438865736020288,55,55,1.0,1.7815498354460007,1.793711581496792,0.697243728245307,0.7071067811865476,0.5,-0.5,-0.5,1.5707963705062866,velocity,post_controller_hold,False,,0.1577,1.3079,not_attempted,0.0,False,False
11.113573,21,742.417071,True,0.3447118283334169,False,False,1.608744848656183,success,True,0.6522520878820833,6.522520878820833,1.6839050407290468,3.537914365581225,1.6943716278790268,0.8530448363380738,21,21,1.0,1.7087008518817224,1.793711581496792,0.6959539394014552,0.7071067811865476,-0.5,0.5,-0.5,1.5707963705062866,velocity,post_controller_hold,False,,0.1568,1.3232,not_attempted,0.0,False,False
9.393453,27,755.048203,True,0.3938609515739568,False,False,1.3363398629369585,success,True,0.6652440177449113,6.652440177449113,1.8778264106414553,4.228472613005706,2.3918156193517692,1.3363398629369585,27,27,1.0,1.7333004520201005,1.793711581496792,0.6984137772385347,0.7071067811865476,0.45818448066711426,0.5,-0.5,1.5707963705062866,velocity,post_controller_hold,False,,0.1647,0.2371,not_attempted,0.0,False,False
15.478003,19,766.434034,True,0.3366088610638032,False,False,1.8066338620109437,success,True,0.12861065665265073,1.2861065665265072,2.125808704924891,3.2753298373359114,2.125808704924891,1.186017476611535,19,19,1.0,1.788714193130626,1.793711581496792,0.7071067811865478,0.7071067811865476,0.5,-0.5,0.5,-1.5707963705062866,velocity,post_controller_hold,False,,0.1827,0.6311,not_attempted,0.0,False,False
3.2252686,51,786.951126,True,0.3618306061312824,False,False,1.7960487338153421,success,True,0.7968056365465847,7.968056365465847,2.699107479410259,7.403975692806062,3.092791121357669,1.7960487338153421,51,51,1.0,1.7390953724232219,1.793711581496792,0.7022821938501796,0.7071067811865476,0.5,0.5,-0.37567371129989624,1.5707963705062866,velocity,post_controller_hold,False,,0.1423,2.6244,not_attempted,0.0,False,False
12.380678,7,799.967313,True,0.3903143043345841,False,False,1.4252104376340522,success,True,0.7025095275320192,7.025095275320192,0.8617356036474838,0.9581108310107634,0.8617356036474838,1.4252104376340522,7,7,1.0,1.793711581496792,1.793711581496792,0.7071067811865477,0.7071067811865476,0.5,0.5,-0.5,-1.5707963705062866,velocity,post_controller_hold,False,,0.128,1.832,not_attempted,0.0,False,False
4.307203,84,813.765189,True,0.35114505543641794,False,False,1.2644265062540365,success,True,0.1834678752988972,1.8346787529889719,4.030642093772583,13.970943150841743,4.506795791068407,0.7408729280496116,84,84,1.0,1.718676298417731,1.793711581496792,0.6975524309730261,0.7071067811865476,0.5,-0.5,-0.5,-1.5707963705062866,velocity,post_controller_hold,False,,0.1447,1.9638,not_attempted,0.0,False,False
5.188221,67,832.088277,True,0.33429349609583525,False,False,1.6480730684996445,success,True,0.5304170406152862,5.304170406152862,2.2311003647622107,10.53655606641276,2.4180161889762464,0.9973975622083279,67,67,1.0,1.7708014311620308,1.793711581496792,0.70230543976388,0.7071067811865476,-0.5,-0.5,0.5,1.5707963705062866,velocity,post_controller_hold,False,,0.1601,1.9283,not_attempted,0.0,False,False
1.3424025,87,847.888235,True,0.3531531991546072,False,False,1.7786752314328351,success,True,0.9020823934044601,9.0208239340446,1.357869896205995,13.204771955428544,2.557882074461591,0.9105921740605996,87,87,1.0,1.6761965973506099,1.793711581496792,0.6946950931442976,0.7071067811865476,0.5,0.5,-0.5,-1.5707963705062866,velocity,post_controller_hold,False,,0.1072,1.4383,not_attempted,0.0,False,False
1.2604222,48,860.211134,True,0.3749028585621284,False,False,1.4208208840734264,success,True,0.9870270364092176,9.870270364092177,3.0319225008056705,7.691093428251254,3.7554222225405747,1.2040595013459752,48,48,1.0,1.7900799291170744,1.793711581496792,0.7005902109149234,0.7071067811865476,0.5,-0.5,-0.5,1.5707963705062866,velocity,post_controller_hold,False,,0.1489,0.6704,not_attempted,0.0,False,False
5.3333,32,873.406131,True,0.3747856626473588,False,False,1.2731200904995243,success,True,0.8683693845132513,8.683693845132513,2.8610609367635167,5.165187437820984,3.0235424482710687,0.9934324176963633,32,32,1.0,1.7571962293468677,1.793711581496792,0.7007730892319465,0.7071067811865476,-0.5,-0.5,-0.5,1.372270941734314,velocity,post_controller_hold,False,,0.1556,3.0718,not_attempted,0.0,False,False
6.3291764,44,887.723278,True,0.2900980640884389,False,False,1.5880293224920263,success,True,0.35938040828524076,3.5938040828524076,4.008397679069584,7.262171715630073,4.086839280012448,1.156809339436312,44,44,1.0,1.748319140631009,1.793711581496792,0.6949225140558731,0.7071067811865476,-0.5,-0.5,-0.5,-1.5707963705062866,velocity,post_controller_hold,False,,0.0829,2.7513,not_attempted,0.0,False,False
13.359625,21,905.943141,True,0.3809788062126603,False,False,1.443362102378799,success,True,0.3337241263994215,3.337241263994215,2.2408222179391415,3.2586123112971954,2.2408222179391415,0.8655288307467143,21,21,1.0,1.7904019962839914,1.793711581496792,0.7071067811865478,0.7071067811865476,0.5,0.5,-0.5,1.5707963705062866,velocity,post_controller_hold,False,,0.1661,0.3924,not_attempted,0.0,False,False
13.82465,17,921.754272,True,0.3970059213116786,False,False,1.2633430978156233,success,True,0.364644583692495,3.6464458369249497,1.6579567382787832,2.5431249691359947,1.6579567382787832,1.1870071902570238,17,17,1.0,1.7310736828497455,1.793711581496792,0.7071067811865478,0.7071067811865476,0.5,-0.5,-0.5,-1.5707963705062866,velocity,post_controller_hold,False,,0.1311,2.7917,not_attempted,0.0,False,False
8.300297,69,931.922153,True,0.36866236200024705,False,False,1.2630349340205347,success,True,0.3299991583763479,3.2999915837634792,1.353957760268075,11.778971515126015,1.9921691229140523,1.112894024630815,69,69,1.0,1.7445560470774266,1.793711581496792,0.6912690369206671,0.7071067811865476,0.5,-0.5,-0.5,-1.5707963705062866,velocity,post_controller_hold,False,,0.1254,1.2601,not_attempted,0.0,False,False
3.0011876,28,947.936212,True,0.39004098136066184,False,False,1.5560049899343502,success,True,0.9560750526544294,9.560750526544293,3.7905022493769307,4.375679479372154,3.7905022493769307,1.284265021339693,28,28,1.0,1.6417745516861906,1.793711581496792,0.7071067811865476,0.7071067811865476,-0.5,0.5,-0.5,-1.5707963705062866,velocity,post_controller_hold,False,,0.1285,2.6111,not_attempted,0.0,False,False
1.2699162,44,964.952977,True,0.36210120202605267,False,False,1.6429406996422913,success,True,0.9293914239215249,9.293914239215248,3.643899715584138,7.0484713358689755,4.33605516743794,0.9131852292715423,44,44,1.0,1.7937115814967937,1.793711581496792,0.707106781186547,0.7071067811865476,-0.5,-0.5,-0.5,-1.5707963705062866,velocity,post_controller_hold,False,,0.119,2.3452,not_attempted,0.0,False,True
3.646745,80,976.773137,True,0.39472147422224596,False,False,2.059156664742415,success,True,0.8789521809377846,8.789521809377845,1.6123396784587778,13.632094788777808,2.0537554094538004,0.9745893063640138,80,80,1.0,1.7713460034281845,1.793711581496792,0.6958695275065746,0.7071067811865476,-0.5,-0.5,-0.5,1.5707963705062866,velocity,post_controller_hold,False,,0.1306,2.6288,not_attempted,0.0,False,False
8.988267,39,993.170107,True,0.3738746771157589,False,False,1.164178790366873,success,True,0.28929893957822334,2.8929893957822332,3.3898406035840223,6.4410486539440654,3.3898406035840223,1.140735286863447,39,39,1.0,1.7052817284577126,1.793711581496792,0.7011770128805853,0.7071067811865476,-0.5,0.5,0.5,-0.15021467208862305,velocity,post_controller_hold,False,,0.2064,2.7024,not_attempted,0.0,True,False
17.435835,13,1006.982954,True,0.36026647864202666,False,False,1.147225372276953,success,True,0.13196213214458347,1.3196213214458345,1.1557975475331528,1.8519000817077542,1.1557975475331528,0.8651877765580535,13,13,1.0,1.7937115814967928,1.793711581496792,0.7071067811865478,0.7071067811865476,-0.5,0.5,-0.5,-1.5707963705062866,velocity,post_controller_hold,False,,0.1757,1.929,not_attempted,0.0,False,False
-2.040293,51,1023.591097,True,0.34801467377704276,False,False,1.3769359208742493,success,True,0.8989983399240233,8.989983399240234,4.782015568624371,8.620920614466602,4.782015568624371,0.8119993890041355,51,51,1.0,1.7765639830512931,1.793711581496792,0.6951010971299535,0.7071067811865476,0.5,-0.5,-0.5,1.5707963705062866,velocity,post_controller_hold,False,,0.186,1.718,not_attempted,0.0,False,False
5.033692,35,1038.716121,True,0.3878829016558187,False,False,1.403181265448975,success,True,0.6021198088975624,6.021198088975624,3.7567604570045643,5.822173480886504,3.7567604570045643,1.1915500083665351,35,35,1.0,1.7909632356675778,1.793711581496792,0.7037497785915018,0.7071067811865476,0.5,0.5,-0.5,1.5707963705062866,velocity,post_controller_hold,False,,0.2183,1.4614,not_attempted,0.0,False,False
6.526588,39,1055.806089,True,0.3704211045980749,False,False,0.9051119970331944,success,True,0.4502826871243092,4.502826871243092,4.3005717204992076,6.954501382897716,4.863046203284017,0.9051119970331944,39,39,1.0,1.7312810129186578,1.793711581496792,0.6921722343614969,0.7071067811865476,-0.5,0.5,0.5,-1.5707963705062866,velocity,post_controller_hold,False,,0.0933,1.524,not_attempted,0.0,True,False
10.38843,22,1069.32704,True,0.23412129718286398,False,False,1.3693215170120583,success,True,0.5599079099594886,5.599079099594886,2.400672009971481,3.444748654104376,2.400672009971481,0.9259221729538066,22,22,1.0,1.7932603274512673,1.793711581496792,0.7059442320164941,0.7071067811865476,0.5,0.5,-0.5,1.5707963705062866,velocity,post_controller_hold,False,,0.169,1.6366,not_attempted,0.0,False,False
1.44592,55,1085.447028,True,0.3729136643677996,False,False,1.6124409885715394,success,True,0.581346978315765,5.81346978315765,4.865164652447371,9.446309362821587,5.220208173166069,0.8969680083525107,55,55,1.0,1.7728587607015096,1.793711581496792,0.705379219277878,0.7071067811865476,0.5,0.5,-0.5,-1.5707963705062866,velocity,post_controller_hold,False,,0.166,2.8375,not_attempted,0.0,False,False
4.18005,30,1085.447105,True,0.33575145410131113,False,False,1.5096689261787577,success,True,0.7379946422548138,7.379946422548138,4.073348922336408,4.727875864177911,4.073348922336408,0.9281486093377741,30,30,1.0,1.7937115814967934,1.793711581496792,0.7071067811865475,0.7071067811865476,-0.5,0.5,0.5,-1.5707963705062866,velocity,post_controller_hold,False,,0.1345,1.7958,not_attempted,0.0,False,False
3.3481588,39,1100.753165,True,0.23390811693233945,False,False,1.5682664764964585,success,True,0.6880800838183698,6.880800838183698,4.0002454808560985,6.0802168646450845,4.0002454808560985,1.0319881391837757,39,39,1.0,1.676872470122334,1.793711581496792,0.7071067811865471,0.7071067811865476,0.5,-0.5,-0.5,-1.5707963705062866,velocity,post_controller_hold,False,,0.1252,0.6711,not_attempted,0.0,False,False
8.183097,57,1117.769165,True,0.38687534280558156,False,False,1.3220426983581575,success,True,0.5283429935192226,5.283429935192227,0.9458192433480758,8.88614719268656,2.26920055131095,1.1690572827940668,57,57,1.0,1.7817695668553897,1.793711581496792,0.7071067811865469,0.7071067811865476,0.5,0.5,-0.5,1.5707963705062866,velocity,post_controller_hold,False,,0.1452,0.0009,not_attempted,0.0,False,False
11.565877,28,1127.860139,True,0.26587382428268935,False,False,1.3792772669169604,success,True,0.109480444742675,1.09480444742675,2.9611359517944016,4.723160298265546,2.9611359517944016,0.9036424670556962,28,28,1.0,1.7870416737965107,1.793711581496792,0.6880491965089446,0.7071067811865476,-0.5,-0.5,-0.5,1.5707963705062866,velocity,post_controller_hold,False,,0.1629,0.8727,not_attempted,0.0,False,False
11.7499275,11,1139.980385,True,0.3466560849944164,False,False,1.254557865635889,success,True,0.6898050417579532,6.898050417579532,1.2985382502855112,1.516942068368188,1.2985382502855112,0.8555747714489774,11,11,1.0,1.7937115814967926,1.793711581496792,0.7071067811865478,0.7071067811865476,-0.5,0.5,0.5,1.5707963705062866,velocity,post_controller_hold,False,,0.1732,1.6869,not_attempted,0.0,False,False
11.213271,39,1155.900018,True,0.3131963445882265,False,False,1.6351272015648293,success,True,0.27426974700002055,2.7426974700002056,2.6847773120007203,5.856706820967219,3.4908656328236374,1.0621080044827078,39,39,1.0,1.791656289169843,1.793711581496792,0.7015211989968057,0.7071067811865476,-0.5,-0.5,-0.5,-1.5707963705062866,velocity,post_controller_hold,False,,0.0939,0.3745,not_attempted,0.0,False,False
-0.36223662,61,1165.085379,True,0.30682895278756095,False,False,1.4117908368582655,success,True,0.35026283624017435,3.5026283624017434,4.800314263286816,10.951295804225394,4.87576906546968,0.8924881392832738,61,61,1.0,1.7937115814967937,1.793711581496792,0.7071067811865468,0.7071067811865476,0.5,0.5,-0.5,1.5707963705062866,velocity,post_controller_hold,False,,0.138,1.0776,not_attempted,0.0,False,False
12.33255,8,1175.104025,True,0.2795539994916968,False,False,1.6029897279593373,success,True,0.7008620175281917,7.008620175281917,0.7950986452356453,0.9813516286665439,0.7950986452356453,1.450027524321313,8,8,1.0,1.76821804693249,1.793711581496792,0.6358259347780643,0.7071067811865476,0.5,-0.5,0.5,1.5707963705062866,velocity,post_controller_hold,False,,0.1328,1.7999,not_attempted,0.0,False,False
9.456772,39,1196.428008,True,0.3476700880222845,False,False,1.3794030700241013,success,True,0.5994621184860648,5.994621184860648,1.634551016047046,5.818396406916137,2.2094382510351944,1.1522159632636069,39,39,1.0,1.6395616355943343,1.793711581496792,0.7071067811865471,0.7071067811865476,-0.5,0.5,0.5,1.5707963705062866,velocity,post_controller_hold,False,,0.1781,2.1794,not_attempted,0.0,False,False
-0.48857594,53,1212.717085,True,0.3384457230607273,False,False,1.400856352663778,success,True,0.7403253832461794,7.403253832461793,4.488682972937308,9.396040228993405,4.488682972937308,0.981625486068775,53,53,1.0,1.75059194430215,1.793711581496792,0.7005718631198088,0.7071067811865476,-0.5,0.5,0.5,-0.8115708827972412,velocity,post_controller_hold,False,,0.1614,0.9656,not_attempted,0.0,True,False
10.959078,25,1232.840666,True,0.3895703682530577,False,False,1.777894112249383,success,True,0.3878043495905025,3.8780434959050245,2.6364100756204736,3.700799438674523,2.6364100756204736,1.240734969065576,25,25,1.0,1.7865029105398653,1.793711581496792,0.6998856799584854,0.7071067811865476,0.5,0.5,-0.5,-1.5707963705062866,velocity,post_controller_hold,False,,0.1352,0.4492,not_attempted,0.0,False,False
6.208167,31,1249.153147,True,0.36391600314288874,False,False,1.6683538335521106,success,True,0.6051605862257367,6.051605862257366,3.836066403388468,5.696155791141135,3.836066403388468,0.8667477867150221,31,31,1.0,1.7923165127233613,1.793711581496792,0.7071067811865474,0.7071067811865476,0.5,0.5,-0.5,1.5707963705062866,velocity,post_controller_hold,False,,0.1113,0.7632,not_attempted,0.0,False,False
12.339246,23,1265.156256,True,0.3399784306121028,False,False,1.7614643786811337,success,True,0.3284249596582183,3.2842495965821827,2.8019194563072976,3.9484019310118965,2.8019194563072976,0.8693321688337181,23,23,1.0,1.644561239760623,1.793711581496792,0.7071067811865478,0.7071067811865476,-0.5,0.5,-0.5,-1.5707963705062866,velocity,post_controller_hold,False,,0.1205,2.9889,not_attempted,0.0,False,True
4.822484,57,1284.876076,True,0.3291757776651159,False,False,1.0922522997887658,success,True,0.6272176468196632,6.272176468196632,2.986384775566759,8.87111089234049,3.867270188903543,0.9054796632627267,57,57,1.0,1.758539982055851,1.793711581496792,0.6889298007174105,0.7071067811865476,-0.5,0.5,0.5,-1.5707963705062866,velocity,post_controller_hold,False,,0.1709,2.7085,not_attempted,0.0,True,False
12.341161,26,1302.892268,True,0.32022724876192216,False,False,1.4947090830330207,success,True,0.339858572139352,3.3985857213935198,2.400473874397426,3.9506988015251197,2.405282989532586,1.351930907001169,26,26,1.0,1.7937115814967934,1.793711581496792,0.7071067811865477,0.7071067811865476,-0.5,-0.5,-0.5,1.5707963705062866,velocity,post_controller_hold,False,,0.1629,0.9112,not_attempted,0.0,False,False
1.2411299,77,1321.98614,True,0.35788628058958566,False,False,1.541979298207837,success,True,0.028384256422878243,0.2838425642287824,4.799196020463069,12.66582305588831,5.150856054682381,1.1134834475263047,77,77,1.0,1.748494267679139,1.793711581496792,0.7028559882104578,0.7071067811865476,0.06998758763074875,0.5,-0.5,-1.5707963705062866,velocity,post_controller_hold,False,,0.0991,2.9267,not_attempted,0.0,False,False
6.692483,45,1336.211086,True,0.22532036235030142,False,False,1.3794103672284892,success,True,0.7768938140336675,7.768938140336675,2.5566137636948567,7.567424295758316,3.109503528590645,0.8402136813089013,45,45,1.0,1.740780975075996,1.793711581496792,0.707106781186547,0.7071067811865476,-0.5,-0.5,0.5,1.5707963705062866,velocity,post_controller_hold,False,,0.1746,2.5256,not_attempted,0.0,False,False
9.465757,63,1356.001296,True,0.29012134439841475,False,False,1.8685877177740118,success,True,0.15997048930759875,1.5997048930759874,2.707952123868545,10.01702274986426,3.8126362260245927,1.190783111857302,63,63,1.0,1.6683975442697287,1.793711581496792,0.7015648297302052,0.7071067811865476,-0.5,0.5,-0.5,-1.5707963705062866,velocity,post_controller_hold,False,,0.1058,1.0342,not_attempted,0.0,False,True
3.268795,60,1369.341134,True,0.37969792379771783,False,False,1.503871623360126,success,True,0.7600119166737488,7.600119166737488,3.306736265273504,9.818432638305802,4.221034506230921,1.088573863958094,60,60,1.0,1.7226373767539236,1.793711581496792,0.7010989942512295,0.7071067811865476,0.5,0.5,0.5,1.5707963705062866,velocity,post_controller_hold,False,,0.167,1.1026,not_attempted,0.0,False,False
8.378216,13,1383.650108,True,0.39758738033315444,False,False,1.2185344190142455,success,True,0.9860023608575174,9.860023608575174,1.5823304580405708,1.8215079287773632,1.5823304580405708,1.2179233908305296,13,13,1.0,1.6943445500751841,1.793711581496792,0.7071067811865478,0.7071067811865476,-0.5,-0.5,-0.5,1.5707963705062866,velocity,post_controller_hold,False,,0.1152,0.0559,not_attempted,0.0,False,False
11.866314,44,1397.825234,True,0.3832314190246337,False,False,1.0853844142173914,success,True,0.08016759179656244,0.8016759179656243,2.8371169219843826,8.051280515671781,3.2641767261491945,1.048377648249058,44,44,1.0,1.5744790517407912,1.793711581496792,0.6989005942141375,0.7071067811865476,-0.5,-0.5,0.5,-1.5707963705062866,velocity,post_controller_hold,False,,0.0825,0.2577,not_attempted,0.0,True,False
9.630004,34,1413.073061,True,0.18852876635022503,False,False,1.5299849396835976,success,True,0.4964595592083309,4.964595592083309,2.9951525305762483,5.671406004732874,3.2429311465659545,1.0405110865287721,34,34,1.0,1.7821738267294518,1.793711581496792,0.693636033073341,0.7071067811865476,-0.5,0.5,0.5,1.5707963705062866,velocity,post_controller_hold,False,,0.1541,0.2048,not_attempted,0.0,False,False
0.057338785,51,1428.544154,True,0.2973523458214472,False,False,1.241996334629186,success,True,0.7554123651407053,7.554123651407053,3.846238935440936,8.400233855076943,4.038040792165268,0.8695450395043097,51,51,1.0,1.758974247658822,1.793711581496792,0.707106781186547,0.7071067811865476,-0.5,-0.5,0.22156596183776855,1.5707963705062866,velocity,post_controller_hold,False,,0.1129,0.9811,not_attempted,0.0,False,False
16.720911,25,1443.47001,True,0.31160022230177126,False,False,1.3667589592488096,success,True,0.03603373992703803,0.36033739927038033,1.397666798538009,3.738006953629435,1.732249036784092,1.0410996230080856,25,25,1.0,1.7615450058122248,1.793711581496792,0.6806633000875959,0.7071067811865476,0.5,0.5,-0.5,1.5707963705062866,velocity,post_controller_hold,False,,0.18,0.9926,not_attempted,0.0,False,False
6.087487,48,1454.494063,True,0.3241067239306209,False,False,1.593956409126705,success,True,0.25930981501366246,2.5930981501366244,3.8672587821492184,8.50108682763886,3.8672587821492184,1.1810966047444154,48,48,1.0,1.7477142685486513,1.793711581496792,0.6960021479054279,0.7071067811865476,0.5,0.5,-0.5,1.5707963705062866,velocity,post_controller_hold,False,,0.1772,2.8692,not_attempted,0.0,False,False
6.2515545,45,1474.678454,True,0.24944456499698547,False,False,1.3364715247288192,success,True,0.4167774682855651,4.167774682855651,2.8795662115339025,7.20772964819493,2.8883579874963496,1.0782158094201313,45,45,1.0,1.7155337386624336,1.793711581496792,0.7019610284911295,0.7071067811865476,0.5,0.5,0.5,1.5707963705062866,velocity,post_controller_hold,False,,0.109,0.3598,not_attempted,0.0,False,False
5.7000427,45,1487.421013,True,0.3821028328549053,False,False,1.5123473176806301,success,True,0.8615700317290157,8.615700317290157,1.818555024382212,7.070805443104742,2.985231195691294,0.7399772858317455,45,45,1.0,1.7852496116397778,1.793711581496792,0.6828604700719124,0.7071067811865476,0.5,0.5,-0.5,-1.5707963705062866,velocity,post_controller_hold,False,,0.2048,0.5513,not_attempted,0.0,False,False
10.860575,20,1501.920257,True,0.342013021064055,False,False,1.4654401444153708,success,True,0.5704570418864314,5.704570418864314,2.60670357766683,3.659869132199739,2.60670357766683,0.8508912299263973,20,20,1.0,1.7332317553117065,1.793711581496792,0.7071067811865478,0.7071067811865476,-0.5,0.5,-0.5,-1.5707963705062866,velocity,post_controller_hold,False,,0.1519,3.1209,not_attempted,0.0,False,False
5.737366,62,1519.936234,True,0.3668335010308893,False,False,1.4309820801845166,success,True,0.1282324212040229,1.282324212040229,3.6562481230402404,10.230453888673885,3.6562481230402404,1.03784604179631,62,62,1.0,1.7018995955306804,1.793711581496792,0.6997616386249818,0.7071067811865476,0.5,0.5,-0.5,1.5707963705062866,velocity,post_controller_hold,False,,0.1288,2.8614,not_attempted,0.0,False,False
-2.767062,56,1537.131743,True,0.38631454307013036,False,False,1.339791977587617,success,True,0.9737275124983189,9.737275124983189,3.8714570316926182,9.155060892988509,4.0405812734973985,1.0829898943323386,56,56,1.0,1.7893976604674922,1.793711581496792,0.6948143684968596,0.7071067811865476,0.5,0.5,0.5,1.5707963705062866,velocity,post_controller_hold,False,,0.1493,2.5507,not_attempted,0.0,False,False
13.613719,28,1554.139366,True,0.30435438377039425,False,False,1.3280793584524364,success,True,0.27282098969075486,2.728209896907549,1.3995606565165104,4.198050002788426,1.3995606565165104,1.3280793584524364,28,28,1.0,1.7886877581667127,1.793711581496792,0.6931262880095665,0.7071067811865476,0.5,-0.5,0.5,-1.5707963705062866,velocity,post_controller_hold,False,,0.1667,0.8467,not_attempted,0.0,False,False
3.3726354,30,1575.864273,True,0.3326907862919728,False,False,1.752920983088602,success,True,0.850088167991646,8.50088167991646,4.161174261473065,4.957932952469646,4.161174261473065,0.9850020295464548,30,30,1.0,1.7937115814967934,1.793711581496792,0.7071067811865475,0.7071067811865476,0.5,-0.5,0.5,-1.5707963705062866,velocity,post_controller_hold,False,,0.2208,0.0546,not_attempted,0.0,False,False
9.044763,15,1591.782072,True,0.18692559776920173,False,False,1.4477632051674763,success,True,0.938704604992619,9.38704604992619,1.4051773643307726,2.1412321399251435,1.4051773643307726,1.4477632051674763,15,15,1.0,1.7930689659085297,1.793711581496792,0.7054645513002232,0.7071067811865476,-0.4824243187904358,-0.5,-0.5,1.5707963705062866,velocity,post_controller_hold,False,,0.2062,1.2103,not_attempted,0.0,False,False
-13.100531,93,1605.246231,True,0.3527613982890291,False,False,1.461346338720393,success,True,0.24278370559689005,2.4278370559689004,4.075662498984301,16.202569814484306,4.208080293951077,0.8438562952874153,93,93,1.0,1.7581066423508651,1.793711581496792,0.6996835152910998,0.7071067811865476,0.5,-0.5,0.5,1.5707963705062866,velocity,post_controller_hold,False,,0.1152,0.3484,not_attempted,0.0,False,False
4.417629,56,1626.79917,True,0.21475835229572318,False,False,1.220048412296722,success,True,0.5707546202755358,5.707546202755358,2.446406072619068,9.229158423401982,2.495862205920787,0.9740583131305076,56,56,1.0,1.7881230944606323,1.793711581496792,0.6952070900260086,0.7071067811865476,0.5,-0.5,-0.5,1.5707963705062866,velocity,post_controller_hold,False,,0.0819,0.2277,not_attempted,0.0,False,False
8.021472,50,1641.178276,True,0.35643422907138383,False,False,1.0774861841642116,success,True,0.14263364676223092,1.4263364676223091,3.8818305619228743,8.13250762310539,4.484612615798446,1.054164418206437,50,50,1.0,1.776620872728065,1.793711581496792,0.707106781186547,0.7071067811865476,0.5,0.5,-0.5,1.5707963705062866,velocity,post_controller_hold,False,,0.1231,0.3541,not_attempted,0.0,False,False
14.780828,23,1658.712085,True,0.3966071585891576,False,False,1.6052269534500645,success,True,0.25425643661831104,2.5425643661831105,1.828164799239355,3.884305263554113,2.067643953376535,1.2508255321116344,23,23,1.0,1.7937115814967932,1.793711581496792,0.7071067811865478,0.7071067811865476,-0.5,0.5,-0.5,-1.5707963705062866,velocity,post_controller_hold,False,,0.1654,1.3406,not_attempted,0.0,False,False
-3.3102632,66,1682.283095,True,0.3352877086869354,False,False,1.0694893650533095,success,True,0.7786795884120865,7.786795884120865,4.870805753094646,10.202738732277624,5.009817814822614,1.0687549417801405,66,66,1.0,1.7513818286799274,1.793711581496792,0.6972630617778803,0.7071067811865476,-0.5,0.5,0.5,1.5707963705062866,velocity,post_controller_hold,False,,0.1927,1.7991,not_attempted,0.0,False,False
8.314788,24,1701.801068,True,0.38109512072499246,False,False,1.437315441014672,success,True,0.8046900148781636,8.046900148781637,2.250370679123191,3.517265154487482,2.250370679123191,1.437315441014672,24,24,1.0,1.755998581630702,1.793711581496792,0.6906267708394602,0.7071067811865476,-0.5,-0.5,-0.5,1.5707963705062866,velocity,post_controller_hold,False,,0.2138,0.0501,not_attempted,0.0,False,False
4.603522,28,1724.617077,True,0.36880372998345123,False,False,1.7258996585733524,success,True,0.9505426244185132,9.505426244185132,2.9513437170529278,4.340028105294629,2.9513437170529278,0.9542045205898211,28,28,1.0,1.7401896904666534,1.793711581496792,0.7071067811865476,0.7071067811865476,-0.5,-0.5,0.5,1.5707963705062866,velocity,post_controller_hold,False,,0.1872,2.9051,not_attempted,0.0,False,False
4.791112,127,1741.534059,True,0.389888600179775,False,False,1.6084138837498088,success,True,0.13512845264624737,1.3512845264624738,2.175192067160395,20.489042666050658,3.13138757585357,0.874936120723642,127,127,1.0,1.7837510113716573,1.793711581496792,0.6983836703839662,0.7071067811865476,0.5,0.5,-0.5,-1.5707963705062866,velocity,post_controller_hold,False,,0.0452,2.0431,not_attempted,0.0,False,False
2.2636604,35,1762.839129,True,0.3521588061765809,False,False,0.9994288312951919,success,True,0.8284376985036336,8.284376985036335,3.6595228497346715,5.623179824347911,3.6595228497346715,0.9994288312951919,35,35,1.0,1.7374837528141607,1.793711581496792,0.7071067811865472,0.7071067811865476,0.5,0.5,-0.5,-1.5707963705062866,velocity,post_controller_hold,False,,0.1695,1.6112,not_attempted,0.0,False,False
10.385021,23,1783.261191,True,0.30731056704726023,False,False,1.6091658361997532,success,True,0.5328882339560098,5.328882339560098,2.7177631409153413,4.125035374933541,2.7177631409153413,0.8300208446036241,23,23,1.0,1.7860116002374937,1.793711581496792,0.7071067811865478,0.7071067811865476,-0.5,-0.5,0.5,-1.5707963705062866,velocity,post_controller_hold,False,,0.16,3.0377,not_attempted,0.0,False,False
10.651939,28,1798.761148,True,0.24418203865234425,False,False,1.9414817690548165,success,True,0.3478518534006422,3.4785185340064215,3.4413741176443917,4.771017032382243,3.4413741176443917,1.1949356815936703,28,28,1.0,1.7937115814967934,1.793711581496792,0.7071067811865476,0.7071067811865476,0.5,0.5,0.5,1.5707963705062866,velocity,post_controller_hold,False,,0.1537,0.6327,not_attempted,0.0,False,False
12.424379,31,1814.875097,True,0.28169823982061837,False,False,1.6615268046524165,success,True,0.3297396496727119,3.297396496727119,2.5576080904599396,5.2258401536211565,3.3788855654145413,0.9517777657448148,31,31,1.0,1.7583710856552488,1.793711581496792,0.7071067811865474,0.7071067811865476,-0.5,-0.5,-0.5,-0.8957406282424927,velocity,post_controller_hold,False,,0.008,0.9191,not_attempted,0.0,False,False
0.29293498,49,1835.482163,True,0.3921206263486065,False,False,1.7192313947633118,success,True,0.6364666740958298,6.364666740958298,4.46536447952337,8.381859960506889,4.880009148010206,0.9707348722089855,49,49,1.0,1.7077053833906108,1.793711581496792,0.707106781186547,0.7071067811865476,0.5,-0.5,0.5,1.17168390750885,velocity,post_controller_hold,False,,0.2241,0.8886,not_attempted,0.0,False,False
-5.1476445,46,1854.303141,True,0.27650076476117835,False,False,1.075393677722356,success,True,0.9803759760250025,9.803759760250024,4.9418542623449415,8.178321296757598,4.9418542623449415,0.5049249779600989,46,46,1.0,1.7937115814967937,1.793711581496792,0.707106781186547,0.7071067811865476,0.5,-0.5,0.5,-1.5707963705062866,velocity,post_controller_hold,False,,0.1959,1.1637,not_attempted,0.0,True,False
8.275457,33,1872.899086,True,0.3262216717124977,False,False,1.2100990132566511,success,True,0.5091358356118717,5.091358356118717,3.520181899042,5.627586364647676,3.902705706471805,0.8752081116474734,33,33,1.0,1.7905893758567928,1.793711581496792,0.6984200380878408,0.7071067811865476,0.5,0.5,-0.5,-1.5707963705062866,velocity,post_controller_hold,False,,0.0699,2.7835,not_attempted,0.0,False,False
12.717011,29,1887.414249,True,0.37999261396902284,False,False,1.2940322059993685,success,True,0.43959946447666753,4.395994644766676,1.1127531579813892,4.063724680982916,1.8020111854394463,0.9363566397788844,29,29,1.0,1.7309557039714893,1.793711581496792,0.7051711675335867,0.7071067811865476,-0.5,0.5,-0.5,-1.5707963705062866,velocity,post_controller_hold,False,,0.1338,0.9358,not_attempted,0.0,False,False
-2.5097508,45,1909.315062,True,0.3584443417929154,False,False,0.9368901491629563,success,True,0.8594293843295854,8.594293843295853,3.302165014627238,8.141656043060802,3.302165014627238,0.8178845420839899,45,45,1.0,1.7937115814967937,1.793711581496792,0.707106781186547,0.7071067811865476,-0.5,0.5,-0.5,1.5707963705062866,velocity,post_controller_hold,False,,0.1155,2.6584,not_attempted,0.0,False,False
11.0651655,45,1928.532029,True,0.31190373661345067,False,False,1.1190285694406923,success,True,0.47029385680217833,4.702938568021783,1.4420143081643872,7.375323416152154,2.4250096785221156,0.8916828256599834,45,45,1.0,1.7937115814967937,1.793711581496792,0.707106781186547,0.7071067811865476,-0.5,0.5,0.5,-1.5707963705062866,velocity,post_controller_hold,False,,0.1353,2.1779,not_attempted,0.0,True,False
-25.294436,44,1936.930517,False,1.6542760270200114,True,False,2.544048929656486,out_of_bounds,True,0.26035989888208094,0.0,2.964683925949788,6.677649193305212,3.580247440857401,1.2531080142893436,43,43,1.0,1.7937115814967937,1.793711581496792,0.707106781186547,0.7071067811865476,-0.5,-0.5,0.5,1.5707963705062866,velocity,post_controller_hold,False,,0.0783,2.2921,not_attempted,0.0,False,False
-7.837426,100,1971.650045,True,0.3967585706484706,False,False,1.4135942619512252,success,True,0.3367509580101909,3.367509580101909,4.533932983469443,15.36119650149622,5.455577552182145,0.8791567512119529,100,100,1.0,1.7933812272179817,1.793711581496792,0.7071067811865472,0.7071067811865476,0.5,-0.5,-0.5,-1.5707963705062866,velocity,post_controller_hold,False,,0.1307,1.7095,not_attempted,0.0,False,False
2.135649,115,1989.853225,True,0.14351326155794983,False,False,1.566780316631038,success,True,0.5689523929433948,5.689523929433948,2.036857567649519,17.72319439366766,3.041592348538271,1.112769527999837,115,115,1.0,1.6971415811923576,1.793711581496792,0.6903017083916372,0.7071067811865476,0.5,-0.5,-0.5,-1.5707963705062866,simulator_service,service_success,True,,0.0086,0.0,service_success,0.0,False,False
6.7469816,23,2004.590347,True,0.36012922184606305,False,False,0.8442277560037575,success,True,0.7836726804727349,7.836726804727348,3.4325547751260417,3.9516037397224926,3.4325547751260417,0.8442277560037575,23,23,1.0,1.7937115814967932,1.793711581496792,0.7071067811865478,0.7071067811865476,0.5,-0.5,0.5,1.5707963705062866,velocity,post_controller_hold,False,,0.189,0.1429,not_attempted,0.0,False,False
12.090366,26,2018.971225,True,0.38480161676041036,False,False,1.250801519898807,success,True,0.3285514761606678,3.285514761606678,2.9688750694114483,4.282209061032168,2.9688750694114483,1.0928375379899378,26,26,1.0,1.7937115814967934,1.793711581496792,0.7071067811865477,0.7071067811865476,-0.5,-0.5,-0.5,1.5707963705062866,velocity,post_controller_hold,False,,0.1663,0.7992,not_attempted,0.0,False,False
17.375307,15,2034.88777,True,0.13819652365702373,False,False,1.5482863514507008,success,True,0.09079955681238498,0.9079955681238498,1.5685318877855303,2.1957938124819987,1.5685318877855303,1.5482863514507008,15,15,1.0,1.793711581496793,1.793711581496792,0.7071067811865478,0.7071067811865476,-0.5,0.5,-0.5,-1.5707963705062866,velocity,post_controller_hold,False,,0.1224,0.6587,not_attempted,0.0,False,False
5.4315095,29,2055.611115,True,0.334528366509272,False,False,1.511546044244813,success,True,0.9461287667850313,9.461287667850314,2.959827969474213,4.165039381733311,2.959827969474213,0.7785130133817999,29,29,1.0,1.73052153900601,1.793711581496792,0.7056168137510876,0.7071067811865476,0.5,-0.5,0.5,-0.3145807981491089,velocity,post_controller_hold,False,,0.1466,0.1214,not_attempted,0.0,False,False
2.1497498,81,2073.393065,True,0.341011029691879,False,False,1.383415607184824,success,True,0.6544728945734969,6.544728945734969,1.3898445284509608,13.38171781274632,1.7925907262016443,0.8681672271419434,81,81,1.0,1.779642589914873,1.793711581496792,0.6972553022922692,0.7071067811865476,0.340390682220459,0.5,0.5,1.5707963705062866,velocity,post_controller_hold,False,,0.1159,0.6519,not_attempted,0.0,False,False
4.056951,32,2095.817075,True,0.23989997503927823,False,False,1.2174755191699187,success,True,0.9650794159639614,9.650794159639615,3.2755920640899787,4.767443983472317,3.2755920640899787,0.978710944924871,32,32,1.0,1.7897643080778558,1.793711581496792,0.6963363416226704,0.7071067811865476,0.5,0.5,0.5,-1.5707963705062866,velocity,post_controller_hold,False,,0.0684,2.4089,not_attempted,0.0,False,False
12.860435,33,2113.836221,True,0.37835237508898917,False,False,1.4387386002339424,success,True,0.13118157507963066,1.3118157507963066,2.664498680936139,4.872373195465657,2.8552637497127384,1.2998013870856175,33,33,1.0,1.7937115814967934,1.793711581496792,0.7071067811865474,0.7071067811865476,-0.5,-0.5,0.5,1.5707963705062866,velocity,post_controller_hold,False,,0.1887,1.4717,not_attempted,0.0,False,False
-2.1461806,124,2132.242181,True,0.3320412171370715,False,False,1.5827945254345537,success,True,0.30623191342422884,3.0623191342422884,4.287199597563385,18.67462147816418,5.0085293767169725,0.8247770839166186,124,124,1.0,1.7586128431438812,1.793711581496792,0.689188228517389,0.7071067811865476,0.5,-0.5,0.5,1.5707963705062866,velocity,post_controller_hold,False,,0.1252,0.7056,not_attempted,0.0,False,False
9.758296,27,2150.053174,True,0.2802303708909117,False,False,1.7150977692344973,success,True,0.4401174787457687,4.401174787457687,3.241958561957802,3.8162609200120636,3.241958561957802,1.1975496691031884,27,27,1.0,1.64742634656045,1.793711581496792,0.6776317306601556,0.7071067811865476,-0.5,0.5,-0.5,-1.5707963705062866,velocity,post_controller_hold,False,,0.1163,2.0809,not_attempted,0.0,False,True
7.648681,80,2164.458064,True,0.3250728492786305,False,False,2.064878027343161,success,True,0.2925100457290477,2.925100457290477,1.8346818668249538,11.73064616301068,2.7117286710255435,0.8499114419480768,80,80,1.0,1.764230596863295,1.793711581496792,0.7030167699940293,0.7071067811865476,-0.5,-0.5,-0.5,1.5707963705062866,velocity,post_controller_hold,False,,0.1473,2.1074,not_attempted,0.0,False,True
12.14952,31,2179.679572,True,0.30606979949291635,False,False,1.3061064062409227,success,True,0.43485982129556433,4.348598212955643,1.800987119652104,4.648664294256346,2.360487513316916,1.3061064062409227,31,31,1.0,1.7937115814967934,1.793711581496792,0.7071067811865474,0.7071067811865476,0.5,-0.5,-0.5,-1.5707963705062866,velocity,post_controller_hold,False,,0.1404,0.7894,not_attempted,0.0,False,False
11.878214,28,2197.994132,True,0.22813627264013578,False,False,1.6108198728460426,success,True,0.3022515280250974,3.0225152802509743,2.5522840486214746,3.748906014498318,2.5522840486214746,0.9254623927182902,28,28,1.0,1.7777959849858789,1.793711581496792,0.7035421900295759,0.7071067811865476,0.5,0.5,0.5,1.5707963705062866,velocity,post_controller_hold,False,,0.1253,1.8461,not_attempted,0.0,False,False
9.635125,48,2219.280829,True,0.22028909562014787,False,False,1.0802778922679455,success,True,0.2380940279884201,2.380940279884201,2.7929760449028698,8.108457422494467,3.7104597953059435,1.06688517802279,48,48,1.0,1.7916785061444294,1.793711581496792,0.7015827519177852,0.7071067811865476,0.5,-0.5,-0.5,1.5707963705062866,velocity,post_controller_hold,False,,0.0699,0.2014,not_attempted,0.0,False,False
9.287321,19,2234.317076,True,0.35185108969962436,False,False,1.4775369949909152,success,True,0.7040024507274959,7.040024507274959,2.810239601685332,3.6110234417064473,2.810239601685332,1.0111188608088395,19,19,1.0,1.7865582339109407,1.793711581496792,0.6864338085531739,0.7071067811865476,0.5,-0.5,0.5,1.5707963705062866,velocity,post_controller_hold,False,,0.1144,0.361,not_attempted,0.0,False,False
5.836883,54,2253.700328,True,0.358955737765247,False,False,1.3064282262958775,success,True,0.5661761693836933,5.661761693836933,1.9863375370919907,8.430526249181177,3.346734978684362,1.1214473483148413,54,54,1.0,1.7389821871715694,1.793711581496792,0.6978630753161214,0.7071067811865476,-0.5,-0.5,0.5,1.5707963705062866,velocity,post_controller_hold,False,,0.174,2.8625,not_attempted,0.0,False,False
0.050114308,43,2270.936105,True,0.35540260127806667,False,False,0.9342673781373029,success,True,0.507805490695662,5.078054906956621,4.477284218176179,7.026565339609069,4.477284218176179,0.7260306492375194,43,43,1.0,1.7937115814967937,1.793711581496792,0.707106781186547,0.7071067811865476,-0.5,0.5,0.5,1.5707963705062866,velocity,post_controller_hold,False,,0.1644,1.057,not_attempted,0.0,False,False
5.2414513,39,2296.225101,True,0.2953147561468894,False,False,1.8656353128149656,success,True,0.4252112939801563,4.252112939801563,4.22551834722448,6.44539869896153,4.22551834722448,1.1587671350557198,39,39,1.0,1.7754746362857174,1.793711581496792,0.6984611247520294,0.7071067811865476,0.5,0.5,-0.5,1.5707963705062866,velocity,post_controller_hold,False,,0.1352,2.4892,not_attempted,0.0,False,True
-0.12678598,68,2323.840049,True,0.3700320842204816,False,False,1.2622001986029223,success,True,0.7005806521050107,7.005806521050108,3.882663258490756,10.194121058826527,4.418095894148692,0.9196887101407518,68,68,1.0,1.7937115814967937,1.793711581496792,0.7071067811865468,0.7071067811865476,-0.5,0.5,0.5,1.5707963705062866,velocity,post_controller_hold,False,,0.0978,1.5083,not_attempted,0.0,True,False
1.4290563,127,2344.060177,True,0.35614245181261345,False,False,1.7743695877530659,success,True,0.43279728678742024,4.327972867874203,3.1772077842297826,19.24945313846274,4.363643140876805,0.8977047573457869,127,127,1.0,1.7443923911114663,1.793711581496792,0.6980114273151761,0.7071067811865476,-0.5,0.5,0.5,-1.5707963705062866,velocity,post_controller_hold,False,,0.0981,2.1096,not_attempted,0.0,False,False
6.2678294,47,2359.06917,True,0.2518766708713209,False,False,1.3365901783323935,success,True,0.8414541146663491,8.414541146663492,2.064020546264856,7.219651989432725,2.6428300890137653,0.7304032527945983,47,47,1.0,1.7012951292272662,1.793711581496792,0.707106781186547,0.7071067811865476,-0.5,-0.5,-0.5,1.5707963705062866,velocity,post_controller_hold,False,,0.092,2.3979,not_attempted,0.0,False,False
0.78136134,48,2378.281355,True,0.39162288703291565,False,False,1.394755013507245,success,True,0.8265524770776441,8.265524770776441,4.0604286776304575,7.736528541745145,4.486367404543577,0.919844218353367,48,48,1.0,1.7527517788541696,1.793711581496792,0.7028605744846154,0.7071067811865476,0.5,0.5,0.5,-1.5707963705062866,velocity,post_controller_hold,False,,0.202,2.3636,not_attempted,0.0,False,False
8.4941025,17,2392.708194,True,0.395150780096756,False,False,1.8453623565182047,success,True,0.8784981739594865,8.784981739594866,1.9056370418567345,2.50725708061957,1.9056370418567345,1.0113027203268332,17,17,1.0,1.793711581496793,1.793711581496792,0.7071067811865478,0.7071067811865476,-0.5,0.5,-0.5,1.5707963705062866,velocity,post_controller_hold,False,,0.1377,0.3851,not_attempted,0.0,False,True
6.3878694,88,2413.383124,True,0.35292202220137014,False,False,1.3428686654247697,success,True,0.11626194655879217,1.1626194655879216,3.3544477866157165,13.5309333496357,3.754460328623505,1.1194193595459627,88,88,1.0,1.7874450672116593,1.793711581496792,0.693626951009622,0.7071067811865476,0.5,0.5,-0.5,-1.5707963705062866,velocity,post_controller_hold,False,,0.1012,2.503,not_attempted,0.0,False,False
1.1803774,59,2426.823241,True,0.22238476771729712,False,False,1.480785552663887,success,True,0.8130356227782507,8.130356227782507,3.1953159594239886,9.766162900867,3.332297731253455,0.7381466042902605,59,59,1.0,1.7937115814967937,1.793711581496792,0.7071067811865469,0.7071067811865476,0.5,-0.5,-0.5,-1.5707963705062866,velocity,post_controller_hold,False,,0.223,0.4732,not_attempted,0.0,False,False
5.2090816,46,2448.403136,True,0.3653022772477245,False,False,1.1419127628831396,success,True,0.5114966156660938,5.114966156660938,3.5464430519976515,7.058816179951173,4.474409275213377,1.1118933820573471,46,46,1.0,1.664992931555973,1.793711581496792,0.698705234412899,0.7071067811865476,-0.5,0.5,0.5,-1.5707963705062866,velocity,post_controller_hold,False,,0.1313,2.3153,not_attempted,0.0,False,False
-7.105713,61,2467.934178,True,0.24515092624427856,False,False,1.6586041927824358,success,True,0.9324292661159171,9.324292661159172,4.879230039383055,9.580409051165569,5.488532826459183,0.8392340998152891,61,61,1.0,1.7937115814967937,1.793711581496792,0.7071067811865468,0.7071067811865476,0.5,-0.5,-0.5,-1.5707963705062866,velocity,post_controller_hold,False,,0.1622,2.1579,not_attempted,0.0,False,False
10.833218,40,2488.257247,True,0.31357164289119915,False,False,1.7316766272045445,success,True,0.11809241072437036,1.1809241072437036,3.3462923809405383,5.8536548781237805,3.4310828065714913,0.7090367439176354,40,40,1.0,1.7937115814967934,1.793711581496792,0.7071067811865471,0.7071067811865476,-0.5,-0.5,-0.5,-1.5707963705062866,velocity,post_controller_hold,False,,0.1064,0.2219,not_attempted,0.0,False,False
-31.746304,72,2498.51933,False,1.0168496886350213,True,False,2.555401069038777,out_of_bounds,True,0.25107535027573,0.0,5.22931615250787,11.164330747019509,5.769962352631031,1.0378511357917595,71,71,1.0,1.7685861798844262,1.793711581496792,0.7071067811865467,0.7071067811865476,0.5,0.5,0.5,1.5707963705062866,velocity,post_controller_hold,False,,0.0756,2.5232,not_attempted,0.0,False,False
10.618009,32,2515.086279,True,0.29126709660991446,False,False,1.2427120190084011,success,True,0.16088100962056415,1.6088100962056415,4.156354951930397,5.168434057361888,4.156354951930397,0.8724746365393793,32,32,1.0,1.7442538019841507,1.793711581496792,0.7071067811865474,0.7071067811865476,-0.5,0.5,0.5,-0.504757285118103,velocity,post_controller_hold,False,,0.0995,0.844,not_attempted,0.0,True,False
5.1321487,31,2537.808331,True,0.34964070168612355,False,False,1.5599008738792701,success,True,0.8436568639721698,8.436568639721697,3.703227287739609,4.463824715494192,3.7536976127540327,1.2980704365894198,31,31,1.0,1.6990447180199393,1.793711581496792,0.7071067811865474,0.7071067811865476,0.5,-0.5,-0.5,1.5707963705062866,velocity,post_controller_hold,False,,0.2055,1.8031,not_attempted,0.0,False,False
3.7270682,97,2570.830609,True,0.32106901249040665,False,False,1.674982359084414,success,True,0.3147010868603904,3.1470108686039038,4.231817375727127,12.758672514930044,4.990325333917302,1.1219390889814331,97,97,1.0,1.6333306012820383,1.793711581496792,0.7019071550004429,0.7071067811865476,-0.5,-0.5,-0.5,1.0495457649230957,velocity,post_controller_hold,False,,0.0569,3.0338,not_attempted,0.0,False,False
-30.09378,200,2592.039055,False,1.1019258339022708,False,False,1.0858286215868762,max_steps,True,0.9251590123919563,0.0,4.73427413425573,28.600117099447658,5.9826019100491,0.9255844365540694,200,200,1.0,1.7220357159492676,1.793711581496792,0.7038625308726172,0.7071067811865476,0.5,0.5,-0.5,-1.5707963705062866,simulator_service,service_success,True,,0.0095,0.0,service_success,0.0,False,False
2.214081,66,2609.349385,True,0.17869363579879785,False,False,1.3076546419311605,success,True,0.17617813861220294,1.7617813861220295,4.476795538976292,9.663829132349608,4.476795538976292,1.0025636368248885,66,66,1.0,1.7394324669433106,1.793711581496792,0.6921650085623876,0.7071067811865476,-0.5,0.5,0.5,1.5707963705062866,velocity,post_controller_hold,False,,0.089,3.0039,not_attempted,0.0,False,False
14.70244,35,2634.074048,True,0.3018135350484021,False,False,1.0790770036897852,success,True,0.018439569128334842,0.18439569128334843,2.910421073165432,5.008331163012299,3.7242985735446847,1.0790770036897852,35,35,1.0,1.690595950090244,1.793711581496792,0.7071067811865472,0.7071067811865476,-0.5,0.5,0.5,1.5707963705062866,velocity,post_controller_hold,False,,0.1309,1.5829,not_attempted,0.0,True,False
3.1291497,60,2634.074121,True,0.2873161694260041,False,False,1.7410295600635046,success,True,0.4491332799443463,4.491332799443463,3.851805934530716,9.285499830801792,4.526251458171644,0.9181566159110445,60,60,1.0,1.7758497705112846,1.793711581496792,0.7062462898206484,0.7071067811865476,0.5,-0.5,0.5,1.5707963705062866,velocity,post_controller_hold,False,,0.0991,1.5738,not_attempted,0.0,False,False
5.975019,35,2650.893246,True,0.32601222242736166,False,False,1.8278916806922263,success,True,0.4155708302328362,4.155708302328362,3.918857534446337,4.900808944159416,3.918857534446337,1.517193859867553,35,35,1.0,1.62807400028453,1.793711581496792,0.7071067811865472,0.7071067811865476,-0.5,0.5,-0.5,1.5707963705062866,velocity,post_controller_hold,False,,0.1869,0.2723,not_attempted,0.0,False,False
5.700093,41,2666.788233,True,0.3796126991210795,False,False,1.374019643547338,success,True,0.5521007862546431,5.521007862546431,3.2952583103966133,6.802629798991404,3.9134425452855335,0.9205609392401602,41,41,1.0,1.7271807979444103,1.793711581496792,0.7071067811865471,0.7071067811865476,-0.5,-0.5,-0.5,-1.5707963705062866,velocity,post_controller_hold,False,,0.1268,2.0414,not_attempted,0.0,False,False
6.309139,40,2686.3111,True,0.30776042152315614,False,False,1.3019171511036065,success,True,0.9266789129887255,9.266789129887256,1.1741149120605974,6.0883611832111875,2.4380480657820054,1.1077403292527783,40,40,1.0,1.7731935290672336,1.793711581496792,0.6898813130456467,0.7071067811865476,0.5,-0.5,-0.5,1.5707963705062866,velocity,post_controller_hold,False,,0.125,2.0721,not_attempted,0.0,False,False
8.583666,35,2699.211178,True,0.21501157594195297,False,False,1.4981134470267157,success,True,0.6130019433373732,6.130019433373732,2.4966422822273846,5.125237600398233,2.7667140552183276,1.2741419794750157,35,35,1.0,1.704761422470252,1.793711581496792,0.706268816266081,0.7071067811865476,0.5,-0.5,-0.5,-1.5707963705062866,velocity,post_controller_hold,False,,0.0543,2.6027,not_attempted,0.0,False,False
7.591551,73,2726.533104,True,0.35886259797977405,False,False,1.551072083698715,success,True,0.10144214570706836,1.0144214570706835,4.353247837727389,10.801291312046398,4.840056776911091,0.8492972409549417,73,73,1.0,1.793675975340807,1.793711581496792,0.7070162806957695,0.7071067811865476,0.5,-0.5,0.5,-1.5707963705062866,velocity,post_controller_hold,False,,0.1499,3.0384,not_attempted,0.0,False,False
4.15382,93,2744.93052,True,0.38661228607171716,False,False,1.886929429890012,success,True,0.5102794137702479,5.102794137702479,1.6678273142994036,12.459905385813366,2.421832201741623,0.8930963163307006,93,93,1.0,1.7792633546393504,1.793711581496792,0.6990437778859827,0.7071067811865476,0.5,0.5,0.5,-1.5707963705062866,velocity,post_controller_hold,False,,0.1241,1.9828,not_attempted,0.0,False,False
9.715902,32,2764.058054,True,0.33737448457866925,False,False,1.704221540076371,success,True,0.28880438623636645,2.8880438623636646,3.8864924448289995,4.606327092132411,3.8864924448289995,1.2715146078092359,32,32,1.0,1.7937115814967934,1.793711581496792,0.7071067811865474,0.7071067811865476,-0.5,0.5,-0.5,1.5707963705062866,velocity,post_controller_hold,False,,0.0881,2.8308,not_attempted,0.0,False,True
-1.1958287,60,2781.964896,True,0.17844588794981467,False,False,1.5799631152474791,success,True,0.8338718611096869,8.33871861109687,4.12277711761767,9.878189224989033,4.322686482923066,1.1587120534799205,60,60,1.0,1.7135026171509486,1.793711581496792,0.7071067811865468,0.7071067811865476,0.5,0.5,0.5,-1.5707963705062866,velocity,post_controller_hold,False,,0.2115,1.3378,not_attempted,0.0,True,False
6.3011847,24,2797.972059,True,0.3936773883706307,False,False,1.3055862416583075,success,True,0.8157661996855214,8.157661996855214,3.5769106212802266,4.033483552084543,3.5769106212802266,1.1937953577346727,24,24,1.0,1.7631909359061233,1.793711581496792,0.7071067811865478,0.7071067811865476,0.5,-0.5,-0.5,-1.2849490642547607,velocity,post_controller_hold,False,,0.1567,0.5428,not_attempted,0.0,False,False
7.5293736,23,2815.291038,True,0.2512902934592958,False,False,1.7392158723748838,success,True,0.8151364110878286,8.151364110878287,2.2613433424603007,3.340556306889748,2.2613433424603007,1.042798912046394,23,23,1.0,1.7920661316011495,1.793711581496792,0.7028372161599796,0.7071067811865476,0.5,0.5,0.5,-1.5707963705062866,velocity,post_controller_hold,False,,0.1307,1.7554,not_attempted,0.0,False,False
3.6904507,54,2833.381751,True,0.3620984109412163,False,False,1.5358439822206211,success,True,0.30745062878066204,3.0745062878066203,2.9193826777570178,8.728172932529608,2.9575822343447364,1.2526208923160456,54,54,1.0,1.6854408076701317,1.793711581496792,0.6974961241697044,0.7071067811865476,0.5,-0.5,0.21600675582885742,1.5707963705062866,velocity,post_controller_hold,False,,0.0721,1.8241,not_attempted,0.0,False,False
14.066326,30,2856.000065,True,0.19424241988740837,False,False,1.7331401721517032,success,True,0.2811587984940926,2.811587984940926,1.6432079854832484,3.6800308676586773,2.0268439287115063,1.007108522600301,30,30,1.0,1.7937115814967934,1.793711581496792,0.7071067811865475,0.7071067811865476,0.5,0.5,-0.5,-1.5707963705062866,velocity,post_controller_hold,False,,0.0329,1.0456,not_attempted,0.0,False,True
6.945581,33,2878.712447,True,0.363700646358615,False,False,1.482067691526092,success,True,0.66010296409022,6.601029640902199,3.031859028821595,4.720156477090278,3.3130635697415154,1.155349630381631,33,33,1.0,1.7936990553987988,1.793711581496792,0.7070749963869281,0.7071067811865476,0.5,-0.5,-0.5,-1.5707963705062866,velocity,post_controller_hold,False,,0.0949,2.834,not_attempted,0.0,False,False
12.434326,10,2898.748208,True,0.3474790202589447,False,False,1.5573835707164443,success,True,0.6558718307401656,6.558718307401657,1.2650596151329363,1.2908158924603423,1.2650596151329363,1.5573835707164443,10,10,1.0,1.6233687196464963,1.793711581496792,0.7071067811865477,0.7071067811865476,-0.5,-0.5,-0.5,-1.5707963705062866,velocity,post_controller_hold,False,,0.2157,2.3012,not_attempted,0.0,False,True
3.900482,89,2917.319121,True,0.30072252412248773,False,False,2.145353977489546,success,True,0.48089818329972855,4.8089818329972855,2.9652054992065198,14.142645603381965,3.647508824779823,0.8897181877209056,89,89,1.0,1.7707321564083682,1.793711581496792,0.6912936501648649,0.7071067811865476,0.5,-0.5,-0.5,1.5707963705062866,velocity,post_controller_hold,False,,0.1841,1.1353,not_attempted,0.0,False,True
10.315553,28,2939.238149,True,0.33711815216943125,False,False,1.4190769822338647,success,True,0.30985071079961446,3.0985071079961446,2.918796737251491,4.298167189336901,2.918796737251491,1.1507743967117134,28,28,1.0,1.7114156207978775,1.793711581496792,0.7071067811865476,0.7071067811865476,0.5,-0.5,0.5,-1.5349125862121582,velocity,post_controller_hold,False,,0.0967,1.9464,not_attempted,0.0,True,False
10.008628,33,2957.259366,True,0.39172357693639026,False,False,1.5929274029312863,success,True,0.5797531519475377,5.797531519475378,1.5795147943571315,5.362476072032943,1.5930692141469405,1.3125002547179871,33,33,1.0,1.748339608836873,1.793711581496792,0.6997939464173912,0.7071067811865476,-0.5,-0.5,0.5,-1.5707963705062866,velocity,post_controller_hold,False,,0.0889,0.0979,not_attempted,0.0,False,False
-3.3570144,53,2983.859102,True,0.09568062702650858,False,False,1.1310586978769723,success,True,0.5751926178433677,5.751926178433678,4.490586682938461,8.17864756694949,4.490586682938461,1.0950314095726106,53,53,1.0,1.7062723644056201,1.793711581496792,0.7035517007521034,0.7071067811865476,0.5,-0.37685680389404297,0.5,1.5707963705062866,velocity,post_controller_hold,False,,0.1198,1.2437,not_attempted,0.0,True,False
2.8761163,70,2999.981435,True,0.3632034902157609,False,False,1.8239746054326116,success,True,0.8837812480865906,8.837812480865907,2.487955339524692,9.9361617193146,3.025106905185643,0.8613441297244497,70,70,1.0,1.7342571362057864,1.793711581496792,0.7071067811865467,0.7071067811865476,0.5,-0.5,0.5,-1.5707963705062866,velocity,post_controller_hold,False,,0.1687,1.649,not_attempted,0.0,False,False
7.031613,79,3033.423129,True,0.39454202143482453,False,False,1.6561011292678098,success,True,0.02863376963412717,0.2863376963412717,3.0088718377246515,10.643063413539839,3.6940644297119616,1.008986133198161,79,79,1.0,1.741964710604352,1.793711581496792,0.7071067811865467,0.7071067811865476,-0.5,-0.5,-0.5,1.5707963705062866,velocity,post_controller_hold,False,,0.1877,1.3141,not_attempted,0.0,False,False
-4.3232827,127,3056.875016,True,0.37218521089903595,False,False,1.2522626273923603,success,True,0.7753050514626793,7.753050514626793,3.215393992977648,17.501863854888985,4.041502113745388,1.087407941850454,127,127,1.0,1.7886421128434236,1.793711581496792,0.692830847633843,0.7071067811865476,0.5,-0.5,-0.5,1.5707963705062866,velocity,post_controller_hold,False,,0.1738,2.0415,not_attempted,0.0,False,False
1.8168578,76,3080.136188,True,0.24449434029024633,False,False,1.2248489620204461,success,True,0.6692728367513868,6.692728367513868,3.7930804535539067,10.711799667822431,4.205203173367226,1.1225885352152176,76,76,1.0,1.7862146240190613,1.793711581496792,0.7071067811865467,0.7071067811865476,-0.5,-0.5,-0.5,1.5707963705062866,velocity,post_controller_hold,False,,0.1785,2.543,not_attempted,0.0,False,False
-0.101660974,71,3103.006145,True,0.3451040803634054,False,False,1.3010530019495914,success,True,0.9849953992535803,9.849953992535802,2.7362825665437205,10.424107208165276,3.2763847571127713,1.2503816838978261,71,71,1.0,1.721356183673041,1.793711581496792,0.6923934526534045,0.7071067811865476,0.5,0.5,-0.5,-1.5707963705062866,velocity,post_controller_hold,False,,0.1131,1.2579,not_attempted,0.0,False,False
1.3787609,42,3124.84669,True,0.3700239481905653,False,False,1.868079894076306,success,True,0.5929238517634751,5.929238517634751,4.570914311388949,6.591404437553108,4.570914311388949,0.9492657889459937,42,42,1.0,1.7910575601247447,1.793711581496792,0.6998973296385276,0.7071067811865476,0.5,-0.5,-0.5,-1.5707963705062866,velocity,post_controller_hold,False,,0.1979,0.1079,not_attempted,0.0,False,False
15.444279,24,3144.418127,True,0.39252251631648516,False,False,1.1535386206598504,success,True,0.00454266675798682,0.0454266675798682,3.2011381644136407,4.005122278671669,3.2501343112729826,0.8019645357779517,24,24,1.0,1.7937115814967932,1.793711581496792,0.7071067811865478,0.7071067811865476,0.5,0.5,0.5,1.5707963705062866,velocity,post_controller_hold,False,,0.0491,0.3168,not_attempted,0.0,True,False
1.4316136,54,3174.368125,True,0.21724831518288756,False,False,1.681793129636867,success,True,0.8022769118632267,8.022769118632267,4.624145906670738,8.158702456559785,5.146497965777995,0.8421858647102987,54,54,1.0,1.5865163754401184,1.793711581496792,0.6946671055715622,0.7071067811865476,0.5,0.5,-0.5,1.1084110736846924,velocity,post_controller_hold,False,,0.1579,1.448,not_attempted,0.0,False,True
1.9839027,62,3191.057126,True,0.3928545245572195,False,False,1.4712932662194518,success,True,0.4846682273022636,4.846682273022636,3.3460883856519974,9.635081768647975,3.9115239218113755,1.0199945565914597,62,62,1.0,1.7912621185050701,1.793711581496792,0.700304806592667,0.7071067811865476,0.5,0.5,0.5,1.5707963705062866,velocity,post_controller_hold,False,,0.0993,1.3389,not_attempted,0.0,True,False
10.868128,33,3211.863471,True,0.3441484746537897,False,False,1.6472206599915333,success,True,0.12366256089592839,1.236625608959284,3.332570800178765,4.752705001582283,3.332570800178765,0.8089359814206913,33,33,1.0,1.7937115814967934,1.793711581496792,0.7071067811865474,0.7071067811865476,0.5,0.5,0.5,1.5707963705062866,velocity,post_controller_hold,False,,0.1358,1.9934,not_attempted,0.0,False,False
-5.5675716,75,3233.085189,True,0.35218755724143685,False,False,1.2298308714772161,success,True,0.8774289644581791,8.77428964458179,4.5494801090542145,11.514639266461709,4.5494801090542145,0.7580843604617968,75,75,1.0,1.793711581496793,1.793711581496792,0.7071067811865467,0.7071067811865476,0.5,0.5,-0.5,1.5707963705062866,velocity,post_controller_hold,False,,0.129,1.028,not_attempted,0.0,False,False
8.765841,42,3258.416211,True,0.12683977784878095,False,False,1.6879608713200291,success,True,0.4271156273966363,4.271156273966363,3.1658521112789577,5.515986079732002,3.1673033816619918,0.9862449830631591,42,42,1.0,1.684803355136249,1.793711581496792,0.707106781186547,0.7071067811865476,0.5,0.5,0.5,1.5707963705062866,velocity,post_controller_hold,False,,0.1932,2.6197,not_attempted,0.0,False,False
1.3175375,72,3277.782151,True,0.19420851339637482,False,False,2.0562803823275972,success,True,0.13552752423126393,1.3552752423126393,4.934003473541117,11.268407262436666,5.513229886517022,0.8943381745062313,72,72,1.0,1.7769640103022497,1.793711581496792,0.7071067811865467,0.7071067811865476,-0.5,-0.5,0.5,1.5707963705062866,velocity,post_controller_hold,False,,0.2375,1.0934,not_attempted,0.0,False,False
18.515852,7,3299.932095,True,0.39291822828851114,False,False,1.4703759586226355,success,True,0.10352308832612293,1.0352308832612294,0.9532591816568196,1.0735369411515938,0.9532591816568196,1.4264294204333927,7,7,1.0,1.7783932670814175,1.793711581496792,0.7071067811865477,0.7071067811865476,0.5,-0.5,0.5,1.5707963705062866,velocity,post_controller_hold,False,,0.1734,0.88,not_attempted,0.0,False,False
5.13922,39,3321.974076,True,0.1602830746434531,False,False,1.2607159323835504,success,True,0.45814247227314997,4.5814247227315,4.241118274920858,5.4806112973311665,4.241118274920858,1.1610470393817003,39,39,1.0,1.7937115814967934,1.793711581496792,0.7071067811865471,0.7071067811865476,0.5,-0.5,0.5,1.5707963705062866,velocity,post_controller_hold,False,,0.1347,2.2626,not_attempted,0.0,True,False
17.01202,15,3342.071374,True,0.38520726552134193,False,False,1.911047758785189,success,True,0.05294562393633321,0.5294562393633321,1.5691608237581935,2.150887211148423,1.5691608237581935,1.0566093620126595,15,15,1.0,1.793711581496793,1.793711581496792,0.7071067811865478,0.7071067811865476,-0.5,0.5,0.5,1.5707963705062866,velocity,post_controller_hold,False,,0.1803,1.2449,not_attempted,0.0,False,False
-4.3129044,67,3362.004271,True,0.3690663836324787,False,False,1.4062385801188244,success,True,0.8434792132673822,8.434792132673822,4.723358156638261,10.596905664898893,5.8949205031436644,1.0105959288559798,67,67,1.0,1.7907531624257096,1.793711581496792,0.698596723987265,0.7071067811865476,0.5,0.5,0.5,1.5707963705062866,velocity,post_controller_hold,False,,0.2151,1.4248,not_attempted,0.0,False,False
0.01280493,48,3384.693113,True,0.19045346112998351,False,False,1.5251020346449131,success,True,0.9783221358062262,9.783221358062262,4.611793053934624,7.092817805861546,4.66981376304517,1.0454354786052509,48,48,1.0,1.7870038207032979,1.793711581496792,0.6881992850035572,0.7071067811865476,-0.5,-0.5,0.5,-1.5707963705062866,velocity,post_controller_hold,False,,0.2038,1.1972,not_attempted,0.0,False,False
-1.495074,53,3400.227253,True,0.34610359226907506,False,False,1.344796233870428,success,True,0.8889975353951329,8.889975353951328,4.042313858651563,8.643417046411589,5.1776041891185764,1.2576636706494786,53,53,1.0,1.6173379601133193,1.793711581496792,0.7038054541862069,0.7071067811865476,0.5,0.5,-0.5,-0.005921363830566406,velocity,post_controller_hold,False,,0.1417,1.8072,not_attempted,0.0,False,False
-19.213058,13,3412.714957,False,2.4866911805983385,True,False,2.6069189522463834,out_of_bounds,True,0.5143529929530252,0.0,1.6488664571639549,1.4357096235267668,1.2607204446611424,1.9120292816760502,12,12,1.0,1.7937115814967928,1.793711581496792,0.7071067811865478,0.7071067811865476,-0.5,0.5,0.5,-1.5707963705062866,velocity,post_controller_hold,False,,0.1216,1.567,not_attempted,0.0,False,False
11.7999325,30,3440.369154,True,0.33459808556231496,False,False,1.1303244769400147,success,True,0.5414088619446109,5.414088619446109,1.5716083055418404,4.216017155113528,2.2173643618231895,1.1298078550935282,30,30,1.0,1.7303586259010757,1.793711581496792,0.7071067811865475,0.7071067811865476,0.5,-0.5,-0.5,-1.5707963705062866,velocity,post_controller_hold,False,,0.1551,2.1952,not_attempted,0.0,False,False
2.81965,67,3464.437553,True,0.3152025803206396,False,False,1.0072946612151286,success,True,0.9249319880592325,9.249319880592324,1.8631446072594675,8.37733710660394,3.0451281024340817,1.0072946612151286,67,67,1.0,1.7827014313671377,1.793711581496792,0.6904023635019632,0.7071067811865476,-0.5,-0.5,0.5,1.5707963705062866,simulator_service,service_success,True,,0.012,0.0,service_success,0.0,False,False
5.909964,56,3479.768089,True,0.20828662864283756,False,False,1.4528624458742667,success,True,0.4781466664017291,4.781466664017291,3.8568116782536204,7.577783619286021,4.3004878909558615,0.9073064671883936,56,56,1.0,1.7122490582569363,1.793711581496792,0.6871982450864538,0.7071067811865476,-0.5,-0.5,0.5,-0.5242486000061035,velocity,post_controller_hold,False,,0.1,0.9669,not_attempted,0.0,False,False
4.989105,38,3506.059076,True,0.23763403025646093,False,False,1.0800148052267948,success,True,0.46809818861684493,4.68098188616845,4.105821154164671,5.81483586510057,4.105821154164671,1.0800148052267948,38,38,1.0,1.7871254767727403,1.793711581496792,0.7071067811865471,0.7071067811865476,0.5,0.5,-0.5,1.5707963705062866,velocity,post_controller_hold,False,,0.1705,1.8768,not_attempted,0.0,False,False
5.2114325,44,3535.87631,True,0.3243061301008076,False,False,1.74347475726593,success,True,0.5650681001085772,5.650681001085772,3.594171922352467,5.397940924253386,3.594171922352467,1.1687188799226171,44,44,1.0,1.7681954273130898,1.793711581496792,0.707106781186547,0.7071067811865476,0.5,0.5,0.5,1.5707963705062866,velocity,post_controller_hold,False,,0.1038,1.6097,not_attempted,0.0,False,False
-5.125134,99,3556.891153,True,0.3862312737194409,False,False,1.2589675266584917,success,True,0.4634576610440443,4.634576610440443,3.0012807706593727,14.791419500588983,3.4255507030019436,0.885796252466156,99,99,1.0,1.7846424392471336,1.793711581496792,0.7026225993633697,0.7071067811865476,-0.5,-0.5,-0.5,1.5707963705062866,velocity,post_controller_hold,False,,0.215,2.0059,not_attempted,0.0,False,False
1.8966291,52,3587.909347,True,0.3882868904095381,False,False,1.666037450827006,success,True,0.9867465845279912,9.867465845279913,2.740126710101461,6.6422722279574815,2.946560801435353,0.8287454097573402,52,52,1.0,1.7913903420299624,1.793711581496792,0.7071067811865469,0.7071067811865476,-0.5,0.5,0.5,-1.5707963705062866,velocity,post_controller_hold,False,,0.2381,2.9074,not_attempted,0.0,False,False
-3.9604352,127,3615.401297,True,0.3799310254299877,False,False,1.9141578924165654,success,True,0.038399259702999435,0.38399259702999433,4.5527810287708785,17.62004991114363,5.7566273232372245,0.8275243835630867,127,127,1.0,1.7311546639725282,1.793711581496792,0.7016452360535143,0.7071067811865476,-0.5,0.5,-0.5,-1.5707963705062866,velocity,post_controller_hold,False,,0.1895,0.5739,not_attempted,0.0,False,True
9.624271,71,3640.032126,True,0.27260523746268145,False,False,1.2021784047052726,success,True,0.06520413289058971,0.652041328905897,3.0448197681485034,10.05717159778786,3.6658851189457553,0.5779393232821285,71,71,1.0,1.7545376139541544,1.793711581496792,0.7066836701558281,0.7071067811865476,0.5,-0.5,0.5,-1.5707963705062866,velocity,post_controller_hold,False,,0.1804,2.0015,not_attempted,0.0,False,False
9.788852,45,3665.945218,True,0.19411145661445617,False,False,1.4609690794149996,success,True,0.2953664751321985,2.953664751321985,2.625133956840298,6.545211809942676,3.1538525063850438,1.3175798144435684,45,45,1.0,1.7015421993368718,1.793711581496792,0.707106781186547,0.7071067811865476,-0.5,-0.5,-0.5,0.1539994478225708,velocity,post_controller_hold,False,,0.2178,1.5924,not_attempted,0.0,False,False
13.211211,25,3683.153024,True,0.28757118440632573,False,False,2.0924285536436584,success,True,0.19893540438455634,1.9893540438455635,2.856831218526133,3.882378865084706,2.996823949288982,1.919143525998128,25,25,1.0,1.7937115814967932,1.793711581496792,0.7071067811865477,0.7071067811865476,-0.5,-0.5,-0.5,1.5707963705062866,velocity,post_controller_hold,False,,0.162,2.2918,not_attempted,0.0,False,False
1.3128889,55,3713.344278,True,0.37004173304226234,False,False,1.3836037963266192,success,True,0.8312012625313335,8.312012625313335,3.553125660343295,7.3471325734154265,3.9595593848537827,1.0484396826007372,55,55,1.0,1.7484595871801523,1.793711581496792,0.6861980198834844,0.7071067811865476,-0.5,0.5,-0.5,-1.5707963705062866,velocity,post_controller_hold,False,,0.1746,1.7466,not_attempted,0.0,False,False
-2.2628806,56,3735.67948,True,0.18426440842411665,False,False,1.638838634278244,success,True,0.9995072024100943,9.995072024100942,4.284000357845818,8.646896181914466,4.89801346841195,1.0747072853954691,56,56,1.0,1.7928576489845087,1.793711581496792,0.7071067811865469,0.7071067811865476,0.5,0.5,0.5,1.5707963705062866,velocity,post_controller_hold,False,,0.169,0.4462,not_attempted,0.0,False,False
-2.7557425,57,3762.69232,True,0.3876700295264402,False,False,1.2855617254428227,success,True,0.7944695239547468,7.9446952395474675,4.347764389780552,7.804941779555877,4.347764389780552,1.1835348649698136,57,57,1.0,1.7908300874363288,1.793711581496792,0.699260674505246,0.7071067811865476,0.5,0.5,0.5,-1.5707963705062866,velocity,post_controller_hold,False,,0.2042,1.9548,not_attempted,0.0,True,False
8.172401,26,3784.609125,True,0.3268983852521285,False,False,1.573647257855201,success,True,0.5793185442082095,5.793185442082095,3.161187983093762,4.047714088210034,3.161187983093762,0.7528990271320147,26,26,1.0,1.7937115814967934,1.793711581496792,0.7071067811865477,0.7071067811865476,0.5,-0.5,0.5,1.5707963705062866,velocity,post_controller_hold,False,,0.1877,1.6175,not_attempted,0.0,False,False
10.563715,12,3809.855243,True,0.2967910397623346,False,False,1.5878391487317527,success,True,0.8198142209221939,8.198142209221938,1.5091046332852194,1.5460011368747386,1.5091046332852194,1.5878391487317527,12,12,1.0,1.7937115814967928,1.793711581496792,0.7071067811865478,0.7071067811865476,-0.5,0.5,-0.5,-1.5707963705062866,velocity,post_controller_hold,False,,0.1489,1.2938,not_attempted,0.0,False,False
-0.970471,118,3830.965153,True,0.37106973454886094,False,False,1.3008958736595215,success,True,0.4078672237471634,4.0786722374716335,3.742612614928348,17.159639924184255,5.376448548785522,1.1807698494325518,118,118,1.0,1.7865079824010681,1.793711581496792,0.7035985603548017,0.7071067811865476,-0.5,0.5,-0.5,1.5707963705062866,velocity,post_controller_hold,False,,0.1011,3.0689,not_attempted,0.0,False,False
12.751149,21,3851.688323,True,0.2761915926455999,False,False,1.2854315858628123,success,True,0.3668085762832952,3.668085762832952,2.1486387246727063,3.036965507895004,2.1486387246727063,1.215991646045418,21,21,1.0,1.7937115814967932,1.793711581496792,0.7071067811865478,0.7071067811865476,0.5,-0.5,0.5,1.5707963705062866,velocity,post_controller_hold,False,,0.1607,1.9503,not_attempted,0.0,True,False
5.772281,33,3875.107247,True,0.32254199449123067,False,False,1.4613408219314585,success,True,0.8727670747666494,8.727670747666494,3.160782070981425,4.430697218329575,3.160782070981425,1.2457968794673318,33,33,1.0,1.7747674958850543,1.793711581496792,0.7071067811865474,0.7071067811865476,-0.5,-0.5,-0.5,1.5707963705062866,velocity,post_controller_hold,False,,0.166,2.135,not_attempted,0.0,False,False
-4.0353723,120,3899.263285,True,0.3806858686354292,False,False,1.4958215605916234,success,True,0.6383084487007155,6.383084487007155,4.390427822185707,16.89032029453392,5.426612698841202,0.7001729488189959,120,120,1.0,1.7748241604317185,1.793711581496792,0.7045426944929649,0.7071067811865476,0.5,-0.5,-0.5,-1.5707963705062866,velocity,post_controller_hold,False,,0.0481,1.6003,not_attempted,0.0,False,False
1.0921488,36,3924.378229,True,0.3755555766195336,False,False,1.915302108478519,success,True,0.9258501163471149,9.258501163471148,3.5698665917326884,5.108324804345528,3.5698665917326884,1.5683580320692394,36,36,1.0,1.7937115814967934,1.793711581496792,0.7071067811865472,0.7071067811865476,-0.5,0.5,0.5,1.5707963705062866,velocity,post_controller_hold,False,,0.1075,1.4993,not_attempted,0.0,False,False
13.201794,25,3949.602095,True,0.3882516136739634,False,False,1.59971394911007,success,True,0.330162025745438,3.3016202574543803,1.85228738639767,3.0790878581283083,1.85228738639767,0.9555593987841721,25,25,1.0,1.7937115814967932,1.793711581496792,0.7071067811865477,0.7071067811865476,-0.5,0.5,0.5,-1.5707963705062866,velocity,post_controller_hold,False,,0.1518,1.6518,not_attempted,0.0,False,False
-8.785664,137,3969.737134,True,0.2762966672616173,False,False,1.6519011951643257,success,True,0.8922804365359368,8.922804365359369,3.110449805661453,19.855550926937333,3.840054069361316,0.7679489291001572,137,137,1.0,1.765560432536221,1.793711581496792,0.7028490006741177,0.7071067811865476,-0.5,0.5,0.5,1.5707963705062866,velocity,post_controller_hold,False,,0.1893,0.1655,not_attempted,0.0,False,False
6.689858,26,3994.323172,True,0.32342124274582784,False,False,0.9256774111570879,success,True,0.8684246093250416,8.684246093250415,2.4936026573591707,3.4628220502362694,2.549098093146841,0.6456330876794527,26,26,1.0,1.7937115814967934,1.793711581496792,0.7071067811865477,0.7071067811865476,0.5,-0.5,0.5,-1.5707963705062866,velocity,post_controller_hold,False,,0.1229,1.1547,not_attempted,0.0,True,False
3.0359519,37,4020.647678,True,0.35616256747638,False,False,1.3595876030527245,success,True,0.6563006267680079,6.5630062676800796,3.763130634646548,5.43904688896693,3.763130634646548,1.1705801088777266,37,37,1.0,1.7757411308765656,1.793711581496792,0.7071067811865472,0.7071067811865476,-0.5,-0.5,-0.5,1.5707963705062866,velocity,post_controller_hold,False,,0.0942,0.7324,not_attempted,0.0,False,False
8.073532,58,4047.053253,True,0.2922886355239726,False,False,1.9049736447724364,success,True,0.12285304106096377,1.2285304106096377,3.1847507696205253,8.413988662319731,3.3940378843890944,1.1886441738167102,58,58,1.0,1.7462902046969315,1.793711581496792,0.7071067811865469,0.7071067811865476,0.5,-0.5,0.5,1.5707963705062866,velocity,post_controller_hold,False,,0.224,1.3005,not_attempted,0.0,False,False
10.543065,41,4076.581865,True,0.23721589293026268,False,False,1.5648463922616833,success,True,0.3287113240341238,3.2871132403412378,2.131686421247405,5.37651059379206,2.4498829150413086,1.126940767431234,41,41,1.0,1.7857555748099894,1.793711581496792,0.7071067811865471,0.7071067811865476,-0.5,0.5,0.5,-1.4769903421401978,velocity,post_controller_hold,False,,0.0679,0.3303,not_attempted,0.0,False,False
5.8394017,42,4100.896484,True,0.30439597884417063,False,False,1.2283550356105777,success,True,0.2288340093845858,2.288340093845858,4.140150275570391,5.7774058165348725,4.140150275570391,1.1869791087216606,42,42,1.0,1.7937115814967934,1.793711581496792,0.707106781186547,0.7071067811865476,-0.5,-0.5,-0.5,1.5707963705062866,velocity,post_controller_hold,False,,0.0804,0.5536,not_attempted,0.0,False,False
1.4606175,37,4125.207133,True,0.2706437513018159,False,False,1.3724046297492376,success,True,0.8667453037753742,8.667453037753742,2.809988831031235,5.471764414985801,2.809988831031235,1.1168752833590196,37,37,1.0,1.6187795837297383,1.793711581496792,0.7071067811865472,0.7071067811865476,0.5,0.5,-0.5,-1.5707963705062866,velocity,post_controller_hold,False,,0.106,0.0073,not_attempted,0.0,False,False
-5.747916,112,4150.688314,True,0.31062497918956045,False,False,1.5318623562352975,success,True,0.5874012906293256,5.874012906293256,3.710579180781768,16.216707306783128,4.229021211514367,1.0991162895314561,112,112,1.0,1.7322641447384783,1.793711581496792,0.7009164757216009,0.7071067811865476,0.5,-0.5,0.5,1.5707963705062866,velocity,post_controller_hold,False,,0.1929,1.0844,not_attempted,0.0,True,False
4.4981565,30,4174.566023,True,0.1561215936776933,False,False,1.4745706539207006,success,True,0.8703584475760664,8.703584475760664,3.4964044979006856,4.724397141827685,3.4964044979006856,1.3523819764281966,30,30,1.0,1.7937115814967934,1.793711581496792,0.7071067811865475,0.7071067811865476,-0.5,-0.5,0.5,-1.5707963705062866,velocity,post_controller_hold,False,,0.0965,2.631,not_attempted,0.0,True,False
8.372151,53,4206.699355,True,0.25983123016423326,False,False,1.0516256648371929,success,True,0.5855204302543225,5.855204302543226,1.5815850176192914,6.8378902944633575,1.9986554292975593,1.0516256648371929,53,53,1.0,1.7353271096152143,1.793711581496792,0.6956689993418387,0.7071067811865476,-0.5,0.5,0.5,-0.3077341318130493,velocity,post_controller_hold,False,,0.1248,1.343,not_attempted,0.0,True,False
-8.192113,70,4244.311149,True,0.1688311415811914,False,False,1.105436941509403,success,True,0.9046654489563759,9.046654489563759,4.877922034700461,10.413124996308659,5.407559945886547,1.105436941509403,70,70,1.0,1.7799686441745795,1.793711581496792,0.7057836064624059,0.7071067811865476,-0.5,-0.5,-0.5,-1.5707963705062866,velocity,post_controller_hold,False,,0.0571,1.5358,not_attempted,0.0,False,False
-0.09240652,65,4282.454265,True,0.3817919871050779,False,False,2.002725927907801,success,True,0.592449590659917,5.924495906599169,4.484917897053798,8.562938451483706,5.076151084746064,1.1224202926885198,65,65,1.0,1.7596414462547867,1.793711581496792,0.7071067811865468,0.7071067811865476,0.5,-0.5,-0.5,1.5707963705062866,velocity,post_controller_hold,False,,0.1002,0.1171,not_attempted,0.0,False,False
6.889911,30,4312.656315,True,0.35359767474942727,False,False,1.100652298892305,success,True,0.7079610294594427,7.079610294594428,3.0336765397487464,4.190543089076624,3.0336765397487464,1.100652298892305,30,30,1.0,1.78965912051884,1.793711581496792,0.6955956967260845,0.7071067811865476,-0.5,0.5,-0.5,-1.5707963705062866,velocity,post_controller_hold,False,,0.2148,1.7601,not_attempted,0.0,False,False
-25.837381,200,4329.759057,False,1.3628078905321914,False,False,1.621915106092558,max_steps,True,0.28738462638369694,0.0,3.607330450585837,28.035525867219423,5.175143357617371,0.888647535977311,200,200,1.0,1.710241827371878,1.793711581496792,0.7036574195525916,0.7071067811865476,-0.5,0.5,-0.5,1.5707963705062866,velocity,post_controller_hold,False,,0.1117,1.9526,not_attempted,0.0,False,False
5.910076,32,4356.274091,True,0.38596071486471356,False,False,1.1826887168748312,success,True,0.450478185138222,4.50478185138222,4.489849059414251,5.347217464483787,4.489849059414251,1.0737373763989453,32,32,1.0,1.7937115814967934,1.793711581496792,0.7071067811865474,0.7071067811865476,0.5,-0.5,-0.5,1.5707963705062866,velocity,post_controller_hold,False,,0.083,0.7274,not_attempted,0.0,False,False
9.745538,42,4376.06925,True,0.3900992408696199,False,False,1.3817062021815063,success,True,0.0848966287530177,0.8489662875301771,3.239509473613465,6.731200673567527,3.56937307924146,1.0684938591538495,42,42,1.0,1.691442184554092,1.793711581496792,0.7058889265368835,0.7071067811865476,-0.5,-0.5,-0.5,0.32685935497283936,velocity,post_controller_hold,False,,0.1279,2.3367,not_attempted,0.0,False,False
8.6784115,34,4403.583993,True,0.26604771606848937,False,False,1.1503975334094299,success,True,0.37672790044995874,3.7672790044995876,3.6725224724892844,4.93952514229733,3.6725224724892844,1.1199305537804423,34,34,1.0,1.7937115814967934,1.793711581496792,0.7071067811865472,0.7071067811865476,-0.5,0.5,0.5,-1.5707963705062866,velocity,post_controller_hold,False,,0.1054,2.2293,not_attempted,0.0,True,False
13.525054,19,4425.912229,True,0.3012816589667735,False,False,1.8983020017297676,success,True,0.38475906010290756,3.8475906010290757,1.8091938727867696,2.694884682945369,1.8091938727867696,1.3827610105469181,19,19,1.0,1.7937115814967932,1.793711581496792,0.7071067811865478,0.7071067811865476,0.5,0.5,-0.5,-1.5707963705062866,velocity,post_controller_hold,False,,0.1292,1.4858,not_attempted,0.0,False,False
3.8703525,76,4461.151059,True,0.19116084199328065,False,False,1.6491856006778773,success,True,0.017213502369030173,0.17213502369030173,3.0669168079727167,10.194651118249457,3.559751873217289,1.0784264631911589,76,76,1.0,1.7514024824107177,1.793711581496792,0.6967163326738293,0.7071067811865476,-0.5,0.5,0.5,-1.5707963705062866,velocity,post_controller_hold,False,,0.0962,0.4843,not_attempted,0.0,False,False
-22.499357,200,4491.79673,False,0.8647423204218984,False,False,1.223710134659317,max_steps,True,0.6340309874974109,0.0,2.499415852992029,25.42110451265658,2.9190158793528065,0.754997725586433,200,200,1.0,1.7761101744745644,1.793711581496792,0.7060015135119652,0.7071067811865476,-0.5,-0.5,0.5,-1.5707963705062866,velocity,post_controller_hold,False,,0.0636,2.3704,not_attempted,0.0,True,False
16.654116,20,4511.326133,True,0.31589532624321753,False,False,1.279832337099647,success,True,0.03030603435135171,0.3030603435135171,2.385415760969825,2.655595352750189,2.385415760969825,1.279832337099647,20,20,1.0,1.785065574126809,1.793711581496792,0.7071067811865478,0.7071067811865476,-0.5,-0.5,0.5,-1.5707963705062866,velocity,post_controller_hold,False,,0.1741,1.5694,not_attempted,0.0,False,False
10.037482,29,4540.55908,True,0.31091138182407585,False,False,1.0255701156006178,success,True,0.36274858155447975,3.6274858155447975,3.1870298032632722,4.2974005950848815,3.1870298032632722,1.0255701156006178,29,29,1.0,1.7937115814967934,1.793711581496792,0.7071067811865475,0.7071067811865476,-0.5,-0.5,0.5,1.5707963705062866,velocity,post_controller_hold,False,,0.0286,0.7426,not_attempted,0.0,True,False
-3.9390345,146,4572.256347,True,0.36175276012249835,False,False,1.5117132264564765,success,True,0.11122401324312471,1.1122401324312472,5.124305400625101,20.890678672897092,5.4425919166382215,1.0649893448250687,146,146,1.0,1.7429395083468755,1.793711581496792,0.703472288815632,0.7071067811865476,0.5,-0.5,0.5,-1.5707963705062866,velocity,post_controller_hold,False,,0.0726,2.0727,not_attempted,0.0,True,False
9.1211405,52,4594.971196,True,0.2702533881256774,False,False,1.3985716458709625,success,True,0.10871358606297596,1.0871358606297596,3.502125022002392,7.806711061272442,4.086922891788363,0.7816435446907775,52,52,1.0,1.7273750600180913,1.793711581496792,0.7038646600236027,0.7071067811865476,-0.5,-0.5,0.5,1.5707963705062866,velocity,post_controller_hold,False,,0.1302,2.2047,not_attempted,0.0,True,False
-3.623452,89,4637.102386,True,0.26899858736748844,False,False,1.6499623534393892,success,True,0.4610012685269309,4.610012685269309,5.071348157704708,13.546674803363835,6.4825355708044174,1.047360562816891,89,89,1.0,1.793334116168431,1.793711581496792,0.7071067811865466,0.7071067811865476,0.5,-0.5,0.5,-1.5707963705062866,velocity,post_controller_hold,False,,0.1802,1.0328,not_attempted,0.0,False,False
5.3902936,44,4666.119376,True,0.2073860160790627,False,False,1.2808460251457574,success,True,0.6060414554599963,6.060414554599963,2.500447154769426,5.887462457715629,2.500447154769426,0.98573439354599,44,44,1.0,1.7900038157599503,1.793711581496792,0.6966909466806904,0.7071067811865476,0.5,-0.5,0.5,-1.5707963705062866,velocity,post_controller_hold,False,,0.1636,2.8315,not_attempted,0.0,True,False
4.8440385,44,4693.828436,True,0.3898698280632889,False,False,1.866244075351882,success,True,0.7570433442211041,7.570433442211041,2.972903608060147,6.206769824635031,3.460489049425619,1.178091277356153,44,44,1.0,1.7248784644366744,1.793711581496792,0.707106781186547,0.7071067811865476,-0.5,0.5,0.5,1.5707963705062866,velocity,post_controller_hold,False,,0.1868,0.3826,not_attempted,0.0,False,False
-41.103516,200,4722.28408,False,0.8270912519438947,False,False,1.147069316713818,max_steps,True,0.813563051245336,0.0,4.302679660352317,27.50920835766745,5.173037857104521,0.6527603340561491,200,200,1.0,1.7657470050697188,1.793711581496792,0.7003671683676983,0.7071067811865476,0.5,0.5,0.5,-1.5707963705062866,velocity,post_controller_hold,False,,0.0907,1.1667,not_attempted,0.0,False,False
7.375838,38,4749.175282,True,0.26850023850564547,False,False,1.1710447961381365,success,True,0.2450035771447917,2.450035771447917,4.013782495997096,5.6391514308050965,4.013782495997096,0.5697399995679473,38,38,1.0,1.7937115814967934,1.793711581496792,0.7071067811865471,0.7071067811865476,-0.5,0.5,-0.5,-1.5707963705062866,velocity,post_controller_hold,False,,0.0954,0.7758,not_attempted,0.0,False,False
3.2736347,39,4779.702051,True,0.16004499764150787,False,False,1.060905601901698,success,True,0.7184047829666579,7.184047829666579,3.570099292484877,5.425922837053381,3.570099292484877,1.0108858565410754,39,39,1.0,1.7937115814967934,1.793711581496792,0.7071067811865471,0.7071067811865476,-0.5,0.5,-0.5,1.5707963705062866,velocity,post_controller_hold,False,,0.1813,0.5141,not_attempted,0.0,False,False
17.466173,11,4801.917036,True,0.23455655172056755,False,False,1.1084309603174392,success,True,0.12771635288897837,1.2771635288897838,1.4537277866435923,1.5349281671347246,1.4537277866435923,1.1034046274593627,11,11,1.0,1.7937115814967926,1.793711581496792,0.7071067811865478,0.7071067811865476,0.5,0.5,0.5,1.5707963705062866,velocity,post_controller_hold,False,,0.0667,2.4973,not_attempted,0.0,False,False
4.5786576,42,4825.510649,True,0.18658012927910678,False,False,1.5878706235636368,success,True,0.3370854093518435,3.3708540935184352,4.550202595503174,6.945277116679612,4.550202595503174,0.8673895871451125,42,42,1.0,1.7937115814967934,1.793711581496792,0.707106781186547,0.7071067811865476,-0.5,-0.5,0.5,-1.5707963705062866,velocity,post_controller_hold,False,,0.178,0.3245,not_attempted,0.0,False,False
-2.8644066,56,4856.846559,True,0.370481011236391,False,False,1.171930112728034,success,True,0.8067460500100595,8.067460500100594,3.8100579149829565,8.316444382512259,3.8100579149829565,0.9610665074088481,56,56,1.0,1.7892852018918872,1.793711581496792,0.6948423550141952,0.7071067811865476,-0.5,0.5,0.5,-1.5707963705062866,velocity,post_controller_hold,False,,0.152,2.0947,not_attempted,0.0,False,False
4.676097,50,4879.199306,True,0.16768232298755864,False,False,1.7471793460818001,success,True,0.9304249206408494,9.304249206408494,2.1112487316858806,6.773375723933132,2.674676492642881,1.0788727105106657,50,50,1.0,1.740614145857588,1.793711581496792,0.6912644250219493,0.7071067811865476,0.5,0.5,0.5,1.5707963705062866,velocity,post_controller_hold,False,,0.0357,1.0067,not_attempted,0.0,False,False
10.2844,31,4910.230265,True,0.3387564974718914,False,False,1.4753681557317404,success,True,0.0054266792056823455,0.05426679205682346,4.325874589596635,4.645687590088679,4.325874589596635,1.4753681557317404,31,31,1.0,1.7937115814967934,1.793711581496792,0.7071067811865474,0.7071067811865476,0.5,-0.5,-0.5,1.5707963705062866,velocity,post_controller_hold,False,,0.0928,3.0517,not_attempted,0.0,False,False
-0.6595322,76,4939.487216,True,0.15683361450315808,False,False,1.2087086535265688,success,True,0.620189698369336,6.20189698369336,3.917680344478274,10.965757713296377,5.223802467067506,1.2087086535265688,76,76,1.0,1.7169381855219061,1.793711581496792,0.6976978065489032,0.7071067811865476,0.5,0.5,-0.5,-1.5707963705062866,velocity,post_controller_hold,False,,0.0542,2.8522,not_attempted,0.0,False,False
8.679606,44,4968.226209,True,0.30511578922382293,False,False,1.353013522333018,success,True,0.2842268807374832,2.842268807374832,2.939079277983693,6.5158959208612055,4.050985238646785,0.9119807628588464,44,44,1.0,1.7937115814967937,1.793711581496792,0.707106781186547,0.7071067811865476,0.5,0.5,0.5,-1.5707963705062866,velocity,post_controller_hold,False,,0.138,0.4048,not_attempted,0.0,False,False
9.968992,13,4987.683079,True,0.3859225853153287,False,False,1.7291163857017708,success,True,0.8398298179906724,8.398298179906723,1.6127976772609323,2.2085879375118393,1.6127976772609323,0.7420301984557246,13,13,1.0,1.7937115814967928,1.793711581496792,0.7071067811865478,0.7071067811865476,-0.5,0.5,0.5,-1.5707963705062866,velocity,post_controller_hold,False,,0.0761,0.875,not_attempted,0.0,False,False
14.737935,29,5015.942135,True,0.36983891509781985,False,False,1.363745340175897,success,True,0.23894239148924004,2.3894239148924004,1.240742754803782,3.685617522659515,1.5490781152295539,1.363745340175897,29,29,1.0,1.7916639872616753,1.793711581496792,0.7071067811865475,0.7071067811865476,0.5,0.5,-0.5,-1.5707963705062866,velocity,post_controller_hold,False,,0.1212,2.5095,not_attempted,0.0,False,False
0.48610583,37,5038.875131,True,0.2831807774363522,False,False,1.4913953141076843,success,True,0.8853039560952992,8.853039560952991,4.652767039808444,6.247809967215952,4.652767039808444,1.2156019814900365,37,37,1.0,1.7937115814967934,1.793711581496792,0.7071067811865472,0.7071067811865476,-0.5,-0.5,-0.5,1.5707963705062866,velocity,post_controller_hold,False,,0.0342,0.7952,not_attempted,0.0,False,True
3.000531,74,5075.031503,True,0.0962929979117843,False,False,1.8561759075066844,success,True,0.07481310643383382,0.7481310643383382,4.722066711058509,10.617335034753351,4.722066711058509,0.7808994973378621,74,74,1.0,1.7937115814967932,1.793711581496792,0.7071067811865467,0.7071067811865476,-0.5,0.5,-0.5,-1.5707963705062866,velocity,post_controller_hold,False,,0.1916,1.2748,not_attempted,0.0,False,True
1.1177429,71,5098.517129,True,0.39303053532324245,False,False,1.3821614484072111,success,True,0.8461974946437382,8.461974946437381,3.5516955886138235,10.083224858359108,4.372773199977886,0.915368690826979,71,71,1.0,1.7937115814967937,1.793711581496792,0.7071067811865467,0.7071067811865476,0.5,0.5,0.5,-1.5707963705062866,velocity,post_controller_hold,False,,0.2299,0.3922,not_attempted,0.0,False,False
16.64727,9,5129.239208,True,0.3512002380949977,False,False,1.0736332203558088,success,True,0.2580019099911239,2.580019099911239,1.2105212806152685,1.2325363879891864,1.2105212806152685,1.0736332203558088,9,9,1.0,1.5540242613953432,1.793711581496792,0.7071067811865477,0.7071067811865476,0.5,0.5,-0.5,-1.5707963705062866,velocity,post_controller_hold,False,,0.1555,0.3661,not_attempted,0.0,False,False
-6.5686407,136,5181.619161,True,0.3806718845898941,False,False,1.6523647814374316,success,True,0.7595843946392525,7.595843946392526,1.9790604727469894,17.823671255436032,3.3716296625524818,0.8536655311612887,136,136,1.0,1.7514012537659065,1.793711581496792,0.7056070584078946,0.7071067811865476,0.5,0.5,0.5,1.5707963705062866,velocity,post_controller_hold,False,,0.172,0.9504,not_attempted,0.0,False,False
17.326149,13,5208.534116,True,0.2558722647990346,False,False,1.8949415021232412,success,True,0.12170296456508467,1.2170296456508467,1.3842359989386475,1.6896777636947933,1.3842359989386475,1.4200870154013434,13,13,1.0,1.7937115814967928,1.793711581496792,0.7071067811865478,0.7071067811865476,0.5,-0.5,-0.5,-1.5707963705062866,velocity,post_controller_hold,False,,0.0423,1.7694,not_attempted,0.0,False,False
-27.781052,200,5236.94519,False,0.9265412047940276,False,False,1.960789362113351,max_steps,True,0.3275395908813393,0.0,3.6980070855379368,29.17950678316055,5.674663492290642,0.8469677347462155,200,200,1.0,1.7526224523228722,1.793711581496792,0.6972073456136948,0.7071067811865476,0.5,-0.5,0.5,-1.5707963705062866,velocity,post_controller_hold,False,,0.1208,2.8495,not_attempted,0.0,False,False
-6.905861,123,5277.757076,True,0.35902940373236525,False,False,1.7599927152697281,success,True,0.5801642560452885,5.801642560452885,4.821332853958757,15.639285334564155,5.619107958989014,0.903278203255243,123,123,1.0,1.7481736622982003,1.793711581496792,0.6960193327082068,0.7071067811865476,0.5,0.5,0.5,-1.5707963705062866,velocity,post_controller_hold,False,,0.1106,1.3041,not_attempted,0.0,False,False
6.0289364,23,5314.814275,True,0.35916882335301525,False,False,1.8310023919543927,success,True,0.9605688862189459,9.605688862189458,2.2541745351237217,3.2631439680430847,2.2541745351237217,1.7131712994699353,23,23,1.0,1.7787846091352908,1.793711581496792,0.7071067811865478,0.7071067811865476,-0.5,-0.5,0.28417015075683594,1.5707963705062866,velocity,post_controller_hold,False,,0.0225,2.9901,not_attempted,0.0,False,False
3.682252,123,5338.680628,True,0.38194163385908947,False,False,1.2853333260128499,success,True,0.08074931657260047,0.8074931657260047,2.39644487765007,17.31628146621438,3.4733566305195716,1.0440994586597143,123,123,1.0,1.6934933479394456,1.793711581496792,0.707030766468294,0.7071067811865476,0.5,-0.5,-0.5,-1.5707963705062866,velocity,post_controller_hold,False,,0.1017,0.0421,not_attempted,0.0,False,False
9.2497425,35,5365.39716,True,0.3337747304287625,False,False,1.5973748875717433,success,True,0.18611598191740492,1.8611598191740493,4.100412967606303,5.5576936382271604,4.100412967606303,1.0985653359362098,35,35,1.0,1.7300277063260954,1.793711581496792,0.7071067811865472,0.7071067811865476,-0.5,-0.5,0.5,-1.5707963705062866,velocity,post_controller_hold,False,,0.0039,0.6256,not_attempted,0.0,True,False
6.5326643,28,5387.187173,True,0.14468886151596022,False,False,1.1608918250133586,success,True,0.7517619038998665,7.5176190389986655,2.894361195808914,4.326169909405632,2.894361195808914,1.1608918250133586,28,28,1.0,1.7912928979595681,1.793711581496792,0.7071067811865476,0.7071067811865476,-0.5,0.5,0.5,-1.5707963705062866,velocity,post_controller_hold,False,,0.1881,1.8065,not_attempted,0.0,False,False
-16.506792,9,5399.573372,False,1.366462359897941,True,False,0.2832245008906649,out_of_bounds,True,0.24454519493921756,0.0,1.4752313435671656,1.1744486783791526,1.1744486783791526,0.5583426599365698,8,8,1.0,1.793711581496792,1.793711581496792,0.7071067811865477,0.7071067811865476,0.5,-0.5,-0.5,1.5707963705062866,velocity,post_controller_hold,False,,0.055,0.3444,not_attempted,0.0,False,False
11.543862,35,5428.531518,True,0.31032101820112024,False,False,1.47170185151943,success,True,0.3026160490379766,3.026160490379766,2.860145006730295,4.746289828682483,2.97882498327088,1.1527889890420173,35,35,1.0,1.7161202457144231,1.793711581496792,0.7071067811865472,0.7071067811865476,0.5,0.5,-0.5,1.5707963705062866,simulator_service,service_success,True,,0.012,0.0,service_success,0.0,False,True
-1.8004227,60,5460.437037,True,0.3696198141244851,False,False,1.1550920628650108,success,True,0.921405578128722,9.21405578128722,2.8162777561219174,9.311057391067443,3.224513861264431,0.8714960701469423,60,60,1.0,1.766946355471653,1.793711581496792,0.6802606774766368,0.7071067811865476,0.5,0.5,-0.5,-1.5707963705062866,velocity,post_controller_hold,False,,0.2181,1.1983,not_attempted,0.0,False,False
3.3236392,68,5487.349826,True,0.30587731302465154,False,False,1.2822863369862991,success,True,0.6742224181903245,6.742224181903245,3.211207918921368,9.663433310394076,4.100856718917717,0.6104776491236518,68,68,1.0,1.7929837066994438,1.793711581496792,0.7052112933925463,0.7071067811865476,0.5,-0.5,-0.5,1.5707963705062866,velocity,post_controller_hold,False,,0.0445,2.6738,not_attempted,0.0,False,False
-2.049894,59,5510.331341,True,0.25328977965255306,False,False,1.0284609688918058,success,True,0.9781960146058752,9.781960146058752,4.315607913430376,7.955360472091934,4.460897259741571,0.7065860857042715,59,59,1.0,1.7402474168238287,1.793711581496792,0.6896263893923431,0.7071067811865476,0.5,0.5,0.5,1.5707963705062866,velocity,post_controller_hold,False,,0.1693,0.6083,not_attempted,0.0,True,False
-3.8061903,71,5545.953049,True,0.35301927050221293,False,False,1.5438722652841756,success,True,0.4251551123135783,4.2515511231357825,3.629300931132699,10.236743973428577,3.972651410921027,0.7543541857068112,71,71,1.0,1.7937115814967937,1.793711581496792,0.7071067811865467,0.7071067811865476,0.5,-0.5,0.5,1.5707963705062866,velocity,post_controller_hold,False,,0.1984,0.7845,not_attempted,0.0,False,False
5.852422,93,5568.466126,True,0.21819942453503827,False,False,1.875706594644628,success,True,0.16713927755166258,1.6713927755166258,2.374628817040583,13.011117239799203,3.1345870566708625,0.5611475016360316,93,93,1.0,1.7088518162801611,1.793711581496792,0.7052939160715844,0.7071067811865476,-0.5,0.5,0.5,-0.48269718885421753,velocity,post_controller_hold,False,,0.1647,2.1961,not_attempted,0.0,False,False
-17.091755,8,5580.478054,False,1.9835587848418883,True,False,2.5066918700958065,out_of_bounds,True,0.1886626087190514,0.0,1.679886017913628,0.0,0.0,1.517875268719855,7,7,1.0,1.793711581496792,1.793711581496792,0.7071067811865477,0.7071067811865476,0.5,-0.5,0.5,-1.5707963705062866,velocity,post_controller_hold,False,,0.2122,1.5517,not_attempted,0.0,False,False
8.773952,30,5615.790483,True,0.3312307290297327,False,False,1.1093623994693713,success,True,0.7849996238119973,7.849996238119973,1.3822219067585593,3.949375418648061,1.9711621150487457,1.0758861569656453,30,30,1.0,1.726064223615691,1.793711581496792,0.7024689028538853,0.7071067811865476,-0.5,0.5,-0.5,1.5707963705062866,simulator_service,service_success,True,,0.0118,0.0,service_success,0.0,False,False
1.9820484,55,5647.705122,True,0.19516595744273038,False,False,1.5054667524217793,success,True,0.43832675328421256,4.383267532842126,4.1506022481987825,7.77604133069042,4.878807090483516,1.1252558143511475,55,55,1.0,1.7521796902821307,1.793711581496792,0.7071067811865469,0.7071067811865476,-0.5,-0.5,-0.5,-1.0184285640716553,velocity,post_controller_hold,False,,0.1374,0.8395,not_attempted,0.0,False,False
-2.7415893,92,5669.197159,True,0.3775526229929353,False,False,1.6479635145866123,success,True,0.2931874277795049,2.931874277795049,4.763377663706269,15.287381219063453,5.923611038898554,0.7812774508639501,92,92,1.0,1.7546804651712045,1.793711581496792,0.7071067811865468,0.7071067811865476,0.5,-0.5,-0.5,-1.5707963705062866,velocity,post_controller_hold,False,,0.2116,0.5355,not_attempted,0.0,False,False
7.324031,31,5697.343065,True,0.23624212908960027,False,False,1.0624535728442561,success,True,0.7523378030585802,7.5233780305858025,2.8673018253821954,3.968790592304913,2.8673018253821954,0.7764073391117314,31,31,1.0,1.540269651822412,1.793711581496792,0.6831586142639597,0.7071067811865476,-0.5,0.5,0.5,1.5707963705062866,velocity,post_controller_hold,False,,0.0871,0.6005,not_attempted,0.0,True,False
5.1167316,60,5728.955252,True,0.3392522045140571,False,False,1.4913648946874023,success,True,0.7722163757391851,7.722163757391851,2.3191831801667626,8.459747413728838,2.5656778520564223,1.3562599849950108,60,60,1.0,1.654345521602067,1.793711581496792,0.6984196255545255,0.7071067811865476,-0.5,0.5,0.5,-1.5707963705062866,velocity,post_controller_hold,False,,0.0634,3.0558,not_attempted,0.0,True,False
11.000929,35,5728.955326,True,0.3744001733486116,False,False,1.615402478934518,success,True,0.0569735671021173,0.5697356710211731,4.164050902329023,5.185578974104198,4.164050902329023,1.082358593739809,35,35,1.0,1.6976953649560202,1.793711581496792,0.7071067811865472,0.7071067811865476,0.5,-0.5,0.5,1.5707963705062866,velocity,post_controller_hold,False,,0.1343,2.8415,not_attempted,0.0,False,False
2.3946798,43,5760.174138,True,0.3613861486838665,False,False,1.688475213306549,success,True,0.7169219959565838,7.169219959565838,3.708927168131001,5.411097877224652,3.7193425259178703,1.1327002851760481,43,43,1.0,1.7764993932582358,1.793711581496792,0.707106781186547,0.7071067811865476,-0.5,-0.5,-0.5,-1.5707963705062866,velocity,post_controller_hold,False,,0.0201,2.0463,not_attempted,0.0,False,True
4.700918,92,5798.591551,True,0.3882204891737524,False,False,1.1971966188067333,success,True,0.6235797641218075,6.235797641218075,1.122980219939857,12.36384773370701,2.2115355409859823,0.8700308178050293,92,92,1.0,1.7433404772143866,1.793711581496792,0.7071067811865468,0.7071067811865476,-0.5,0.5,-0.5,1.5707963705062866,velocity,post_controller_hold,False,,0.1859,1.9641,not_attempted,0.0,False,False
-19.071314,9,5819.940467,False,3.888619022359214,False,True,0.3718266761173974,unsafe_low_altitude,True,0.5773791904385246,0.0,1.257201957281,1.257201957281,1.257201957281,0.3718266761173974,9,9,1.0,1.7937115814967923,1.793711581496792,0.7071067811865477,0.7071067811865476,0.5,-0.5,-0.5,-1.5707963705062866,velocity,post_controller_hold,False,,0.1198,1.5469,not_attempted,0.0,False,False
-12.90617,159,5847.764864,True,0.28517360440380396,False,False,1.9340869112095471,success,True,0.6374231086612675,6.374231086612675,5.189307637494498,22.720769407988755,5.819050120163717,0.7334243548350236,159,159,1.0,1.7360017235392355,1.793711581496792,0.7071067811865495,0.7071067811865476,-0.5,0.5,-0.5,1.5707963705062866,velocity,post_controller_hold,False,,0.1627,1.587,not_attempted,0.0,False,True
16.031357,21,5874.162127,True,0.27410014067220584,False,False,1.4510883736032123,success,True,0.04360792015351108,0.4360792015351108,2.164379908598489,2.8193679337162028,2.164379908598489,1.1214413688682532,21,21,1.0,1.7774787761091735,1.793711581496792,0.6601685775214229,0.7071067811865476,0.5,0.5,-0.5,1.5707963705062866,velocity,post_controller_hold,False,,0.0073,3.1147,not_attempted,0.0,False,False
-18.240587,9,5899.256803,False,3.1271727148764707,False,True,0.4883786223569804,unsafe_low_altitude,True,0.674008607162545,0.0,1.1693668982832766,1.1693668982832766,1.1693668982832766,0.4883786223569804,9,9,1.0,1.7937115814967923,1.793711581496792,0.7071067811865477,0.7071067811865476,0.5,-0.5,-0.5,1.5707963705062866,velocity,post_controller_hold,False,,0.2072,1.3281,not_attempted,0.0,False,False
6.156369,49,5938.992263,True,0.28055195205386746,False,False,1.461068565623817,success,True,0.8052198202248882,8.052198202248883,2.1315438132327955,6.648659496452548,2.4191084898646853,1.2284845129109974,49,49,1.0,1.640803590638461,1.793711581496792,0.7034124498557313,0.7071067811865476,-0.5,0.5,-0.5,1.5707963705062866,simulator_service,service_success,True,,0.0134,0.0,service_success,0.0,False,True
-0.056517605,110,5965.027096,True,0.30282054857110585,False,False,1.42880671399179,success,True,0.8253659016478235,8.253659016478235,1.7860707245994556,16.59646429761385,2.817272514232674,0.6366970656522726,110,110,1.0,1.7190820543777101,1.793711581496792,0.6904193729955075,0.7071067811865476,-0.5,0.5,-0.5,-1.5707963705062866,simulator_service,service_success,True,,0.0118,0.0,service_success,0.0,False,False
3.6849442,49,5998.149244,True,0.39849225083568707,False,False,1.7878692554775315,success,True,0.16835802902378122,1.683580290237812,4.286774333111221,6.790367763928326,4.349147858274174,1.3755380018281478,49,49,1.0,1.7937115814967937,1.793711581496792,0.707106781186547,0.7071067811865476,0.5,0.5,-0.5,1.5707963705062866,velocity,post_controller_hold,False,,0.1341,1.2131,not_attempted,0.0,False,False
-6.120103,47,6023.946598,True,0.35078544397912514,False,False,1.80821448108797,success,True,0.8610618981292646,8.610618981292646,4.8036982976067835,6.931372816205908,4.8036982976067835,1.1246838218495419,47,47,1.0,1.7935130870852214,1.793711581496792,0.7065958974190101,0.7071067811865476,0.5,-0.5,-0.5,1.5707963705062866,velocity,post_controller_hold,False,,0.194,0.8882,not_attempted,0.0,False,True
-18.344025,9,6038.566997,False,3.8962504277487926,True,False,2.669657561562132,out_of_bounds,True,0.6188281985698256,0.0,1.0226004844749064,1.0226004844749064,1.0226004844749064,1.9527590931894443,9,9,1.0,1.7937115814967923,1.793711581496792,0.7071067811865477,0.7071067811865476,0.5,0.5,0.5,1.5707963705062866,velocity,post_controller_hold,False,,0.0942,0.684,not_attempted,0.0,False,False
14.448718,30,6056.950089,True,0.2644003938723369,False,False,1.4625331661112206,success,True,0.004591887810879219,0.045918878108792194,3.045769073609504,5.0071799572126885,3.045769073609504,0.8161608095209714,30,30,1.0,1.7243428186434429,1.793711581496792,0.7004566349071663,0.7071067811865476,-0.5,-0.5,0.5,1.5707963705062866,velocity,post_controller_hold,False,,0.1689,2.8628,not_attempted,0.0,False,False
2.3887217,53,6096.620207,True,0.3721376775124882,False,False,1.7407455700777499,success,True,0.6419689749953491,6.419689749953491,3.494486891424627,7.074872544396493,4.1681156316109815,0.9328388966633084,53,53,1.0,1.7772097198624244,1.793711581496792,0.6964786979564902,0.7071067811865476,-0.5,-0.5,0.5,1.5707963705062866,velocity,post_controller_hold,False,,0.2123,1.6052,not_attempted,0.0,True,False
1.6467245,69,6125.870248,True,0.3878784016059378,False,False,1.304914290423143,success,True,0.9879065753659474,9.879065753659473,1.9902412396055351,8.207990885066641,2.0596845564158817,1.1320315321886358,69,69,1.0,1.7899133152518745,1.793711581496792,0.6981557399712507,0.7071067811865476,0.5,-0.5,0.5,-1.5707963705062866,simulator_service,service_success,True,,0.0115,0.0002,service_success,0.0,True,False
-2.0291522,126,6183.923132,True,0.3181234002217985,False,False,1.1536777025435323,success,True,0.2213157865941713,2.2131578659417133,3.9524552907575856,17.19092186075438,4.57605548700596,0.7394688672570131,126,126,1.0,1.768674291092302,1.793711581496792,0.7059065759728752,0.7071067811865476,0.5,-0.5,-0.5,1.5707963705062866,velocity,post_controller_hold,False,,0.0927,0.6282,not_attempted,0.0,False,False
-9.217354,139,6209.353121,True,0.22978633088363568,False,False,1.633514522227788,success,True,0.8619990703217559,8.61999070321756,4.670948468999572,19.04608366968768,5.207295216811178,0.9186058041376534,139,139,1.0,1.7847503016566497,1.793711581496792,0.6985074817503417,0.7071067811865476,0.5,0.5,0.5,-1.5707963705062866,velocity,post_controller_hold,False,,0.1346,2.6359,not_attempted,0.0,False,False
5.9311986,48,6239.017113,True,0.34791310441219553,False,False,1.4499669848426215,success,True,0.7780954782668317,7.780954782668317,2.8640846905546544,7.128498503323537,3.440989330279217,1.1451482469496077,48,48,1.0,1.7788716315125297,1.793711581496792,0.707106781186547,0.7071067811865476,0.5,0.5,0.5,1.433735728263855,velocity,post_controller_hold,False,,0.0508,0.3573,not_attempted,0.0,True,False
2.8827085,47,6271.742056,True,0.3109773250030753,False,False,1.3283373741743805,success,True,0.7866912088424647,7.866912088424646,3.335039555422419,6.327520015657299,3.335039555422419,0.8816926417488475,47,47,1.0,1.7937115814967937,1.793711581496792,0.707106781186547,0.7071067811865476,0.5,-0.5,-0.5,1.5707963705062866,velocity,post_controller_hold,False,,0.1046,2.6755,not_attempted,0.0,False,True
8.9745455,41,6313.884074,True,0.3083624246688187,False,False,1.9040728250051264,success,True,0.40220824501798913,4.022082450179891,2.680570307590658,5.655111688810159,2.6851094928823853,1.2115137903769015,41,41,1.0,1.7835805263613982,1.793711581496792,0.7071067811865471,0.7071067811865476,-0.5,-0.5,0.5,1.5707963705062866,velocity,post_controller_hold,False,,0.1533,2.2674,not_attempted,0.0,False,False
-14.493899,175,6355.930563,True,0.39970118105664554,False,False,1.1052011129461443,success,True,0.9591277158842192,9.591277158842193,4.256047323916813,23.747033882983473,5.5114760756297265,0.720753587716699,175,175,1.0,1.7875349241064347,1.793711581496792,0.69554630781921,0.7071067811865476,-0.3659963607788086,-0.5,-0.5,1.5707963705062866,velocity,post_controller_hold,False,,0.0559,0.4164,not_attempted,0.0,False,False
13.410614,59,6384.687178,True,0.35240121365628585,False,False,1.6724803323749358,success,True,0.06396856273235962,0.6396856273235962,1.983803946343626,6.562951350152569,2.3232341019684726,1.124954661629419,59,59,1.0,1.706933772059157,1.793711581496792,0.7071067811865469,0.7071067811865476,0.5,-0.5,-0.5,1.5707963705062866,velocity,post_controller_hold,False,,0.09,0.9323,not_attempted,0.0,False,True
7.41661,31,6419.530477,True,0.3513159514369289,False,False,1.5017956070421736,success,True,0.44904412227749807,4.49044122277498,4.242498058304102,4.576061276676787,4.242498058304102,1.0711888678957884,31,31,1.0,1.791161692171796,1.793711581496792,0.700184586084913,0.7071067811865476,-0.33132362365722656,0.5,-0.5,-1.5707963705062866,velocity,post_controller_hold,False,,0.0905,0.4858,not_attempted,0.0,False,True
13.011302,22,6450.830287,True,0.1997868107158729,False,False,1.2696527138707814,success,True,0.33918824625379174,3.391882462537917,2.5283558216254667,3.095715292404841,2.5283558216254667,0.6585097582526995,22,22,1.0,1.7937115814967932,1.793711581496792,0.7071067811865478,0.7071067811865476,-0.5,-0.5,-0.5,-1.5707963705062866,velocity,post_controller_hold,False,,0.1685,0.757,not_attempted,0.0,False,False
-19.908756,10,6466.355172,False,4.090083888014123,True,False,2.7597429239725364,out_of_bounds,True,0.45791467243013584,0.0,1.3805663087775577,1.3805663087775577,1.3805663087775577,1.9534267767345628,10,10,1.0,1.7937115814967926,1.793711581496792,0.7071067811865477,0.7071067811865476,0.5,-0.5,-0.5,1.5707963705062866,velocity,post_controller_hold,False,,0.1295,0.8957,not_attempted,0.0,False,False
-0.918484,95,6496.616132,True,0.3199209742622083,False,False,1.1470061958821178,success,True,0.464672518928573,4.64672518928573,3.5196384648648786,14.271765893527558,3.85888573749189,0.7238896623236794,95,95,1.0,1.7717949155181232,1.793711581496792,0.6983880631676445,0.7071067811865476,-0.5,-0.5,0.5,-1.5707963705062866,velocity,post_controller_hold,False,,0.222,2.6222,not_attempted,0.0,True,False
8.162669,38,6541.378462,True,0.35286607851018886,False,False,0.9684739493764821,success,True,0.3528800970176834,3.5288009701768344,3.105461917441173,5.429356338263711,3.1520055453554185,0.9684739493764821,38,38,1.0,1.7937115814967934,1.793711581496792,0.7071067811865471,0.7071067811865476,-0.5,-0.5,-0.5,1.5707963705062866,velocity,post_controller_hold,False,,0.0973,0.7775,not_attempted,0.0,False,False
6.1020694,76,6568.35322,True,0.38533565365869926,False,False,1.439658002741684,success,True,0.5901846103001378,5.901846103001378,1.535288704911185,11.465690899715591,2.5368783528973724,0.7265361639676333,76,76,1.0,1.7851479575755402,1.793711581496792,0.7071067811865467,0.7071067811865476,-0.5,0.5,0.5,1.5707963705062866,simulator_service,service_success,True,,0.0118,0.0008,service_success,0.0,True,False
-1.1950701,68,6603.05714,True,0.3755875988943284,False,False,2.027719102059164,success,True,0.04820557487353241,0.4820557487353241,4.458110685782651,10.219614258429756,5.464678477557711,0.9887204470924624,68,68,1.0,1.7710229235148103,1.793711581496792,0.7071067811865468,0.7071067811865476,0.5,-0.5,0.5,1.5707963705062866,velocity,post_controller_hold,False,,0.2325,2.8186,not_attempted,0.0,False,False
6.555259,54,6631.686074,True,0.3533840793898487,False,False,1.5046859670756594,success,True,0.5190017043153953,5.1900170431539525,2.9044530288735655,6.978284582114069,3.06901589644184,0.7869822273483509,54,54,1.0,1.7926250390413248,1.793711581496792,0.7071067811865469,0.7071067811865476,-0.5,0.5,0.5,-1.5707963705062866,velocity,post_controller_hold,False,,0.1413,0.9984,not_attempted,0.0,False,False
8.084283,62,6665.169265,True,0.3940878527325665,False,False,1.464333572876828,success,True,0.2039802270437744,2.039802270437744,3.120581672806633,9.054233010430055,3.2482740366681857,0.8530805055687323,62,62,1.0,1.7905945586743504,1.793711581496792,0.6981763791372757,0.7071067811865476,0.5,0.5,0.5,-1.5707963705062866,velocity,post_controller_hold,False,,0.2082,1.3323,not_attempted,0.0,False,False
17.490088,22,6702.116322,True,0.3237850016469451,False,False,0.8071912802077263,success,True,0.004829002008120827,0.048290020081208265,1.7947004725575457,3.0678181918747676,2.144512099664591,0.7766063263308117,22,22,1.0,1.7937115814967932,1.793711581496792,0.7071067811865478,0.7071067811865476,-0.5,-0.5,-0.5,-1.5707963705062866,velocity,post_controller_hold,False,,0.1184,2.3317,not_attempted,0.0,False,False
-2.1147559,108,6733.498298,True,0.32146487163866494,False,False,1.7182082162958525,success,True,0.5371894496229694,5.371894496229695,3.084924892260453,15.243804087445415,4.391955818579715,0.964691758211217,108,108,1.0,1.701719889635694,1.793711581496792,0.7054021540149426,0.7071067811865476,-0.5,-0.5,0.5,-1.5707963705062866,velocity,post_controller_hold,False,,0.13,2.2316,not_attempted,0.0,False,False
1.1676615,60,6768.558316,True,0.32432213527337234,False,False,1.3802569097700919,success,True,0.6485939524708578,6.485939524708578,3.287802464190063,7.758496507232694,3.287802464190063,1.2342239969046003,60,60,1.0,1.76841678834166,1.793711581496792,0.7071067811865468,0.7071067811865476,0.5,-0.5,-0.5,1.5707963705062866,velocity,post_controller_hold,False,,0.1443,1.6959,not_attempted,0.0,False,True
6.8461914,105,6810.3251,True,0.2833686623988585,False,False,1.846519695278044,success,True,0.32029945325141135,3.2029945325141136,1.9069640881800252,13.766218440053242,2.400620996992675,0.7040325012086606,105,105,1.0,1.716129518810601,1.793711581496792,0.7071067811865476,0.7071067811865476,-0.5,0.5,0.5,-1.5707963705062866,velocity,post_controller_hold,False,,0.1018,2.9368,not_attempted,0.0,False,False
-11.857079,79,6840.854212,True,0.3847594066252156,False,False,1.9010617260188571,success,True,0.3877573064970244,3.877573064970244,4.41289228551217,12.004611913400144,4.789489891577535,0.8678980739605135,79,79,1.0,1.7306447918523187,1.793711581496792,0.7071067811865467,0.7071067811865476,0.5,0.5,-0.5,1.5707963705062866,velocity,post_controller_hold,False,,0.2291,1.2971,not_attempted,0.0,False,False
-16.86431,8,6856.051087,False,1.8599934992217226,True,False,2.569618676698473,out_of_bounds,True,0.42470148408185276,0.0,1.6311387153361168,1.6313206845477712,1.6311387153361168,1.5890718558504031,8,8,1.0,1.793711581496792,1.793711581496792,0.7071067811865477,0.7071067811865476,0.5,-0.5,0.5,1.5707963705062866,velocity,post_controller_hold,False,,0.0546,3.0418,not_attempted,0.0,False,False
8.422062,83,6902.077171,True,0.2840598390827174,False,False,1.7642305750725469,success,True,0.38246309311481214,3.8246309311481212,1.0655010100685094,10.720868533923845,2.0163514982086266,0.6255848235733957,83,83,1.0,1.6678301042867543,1.793711581496792,0.7068288552117905,0.7071067811865476,0.5,0.5,-0.5,0.9315404891967773,velocity,post_controller_hold,False,,0.1508,1.4031,not_attempted,0.0,False,True
9.63224,28,6944.000151,True,0.3420852738991754,False,False,1.034947289672121,success,True,0.6899747782494242,6.899747782494242,1.1167212084450555,3.1386410702393426,1.1356479575151561,0.6443411235429451,28,28,1.0,1.6613432257091294,1.793711581496792,0.7071067811865476,0.7071067811865476,0.5,-0.5,-0.5,1.5707963705062866,velocity,post_controller_hold,False,,0.1292,0.5271,not_attempted,0.0,False,False
-18.22622,11,6960.870134,False,2.4756302844897937,True,False,0.18872033086262233,out_of_bounds,True,0.801057767145443,0.0,1.4454995164122768,1.4454995164122768,1.4454995164122768,0.18872033086262233,11,11,1.0,1.7794562883947231,1.793711581496792,0.6690030072131944,0.7071067811865476,0.5,0.37212371826171875,-0.5,1.5707963705062866,velocity,post_controller_hold,False,,0.1867,1.9386,not_attempted,0.0,False,False
-8.037009,150,6989.853288,True,0.35850239101719333,False,False,1.7890765091449965,success,True,0.8992715835368102,8.992715835368102,4.483636230271969,21.170630717278595,5.538792754489739,1.1342664662819892,150,150,1.0,1.7787826698398772,1.793711581496792,0.7071067811865492,0.7071067811865476,-0.5,0.5,-0.5,-1.5707963705062866,simulator_service,service_success,True,,0.0113,0.0011,service_success,0.0,False,True
8.15033,27,7018.671296,True,0.2893770031077003,False,False,1.2280353906809598,success,True,0.38461738782471155,3.8461738782471153,3.6809222177307843,3.909073897224502,3.6809222177307843,1.0404015450200783,27,27,1.0,1.7909600842580917,1.793711581496792,0.7071067811865476,0.7071067811865476,-0.5,0.5,0.5,1.528242588043213,velocity,post_controller_hold,False,,0.196,0.9492,not_attempted,0.0,True,False
1.1330262,73,7066.659184,True,0.29202168033035447,False,False,1.0584511047179488,success,True,0.276349268960782,2.76349268960782,4.168207865483447,10.282819962214692,4.680828508435805,1.0584511047179488,73,73,1.0,1.7853637783436647,1.793711581496792,0.7047973250156824,0.7071067811865476,-0.5,-0.5,-0.5,1.5707963705062866,simulator_service,service_success,True,,0.011,0.0001,service_success,0.0,False,False
8.017619,89,7119.680598,True,0.2607523561319852,False,False,1.3142559654157704,success,True,0.19767113190537489,1.9767113190537489,2.788266550993268,11.566882364632976,3.2285328705895457,1.0362250158782218,89,89,1.0,1.679747104364574,1.793711581496792,0.7029007079552732,0.7071067811865476,0.5,-0.5,-0.5,0.8180822134017944,velocity,post_controller_hold,False,,0.0638,1.4095,not_attempted,0.0,False,False
11.788118,13,7156.46522,True,0.15626958541092764,False,False,1.6850870904764983,success,True,0.6662591382977144,6.662591382977144,1.3003612664459276,1.8761468420803995,1.3003612664459276,1.3530122457648386,13,13,1.0,1.7937115814967928,1.793711581496792,0.7071067811865478,0.7071067811865476,0.5,-0.5,0.5,1.5707963705062866,velocity,post_controller_hold,False,,0.0667,0.3058,not_attempted,0.0,True,False
5.508791,115,7192.336025,True,0.38920755707733123,False,False,1.5832268942239471,success,True,0.21089917773214797,2.1089917773214797,2.49117107668448,15.902599101719725,3.5045679433071344,0.8890357647139099,115,115,1.0,1.7367807865858498,1.793711581496792,0.707106781186548,0.7071067811865476,0.5,-0.5,0.5,-1.5707963705062866,velocity,post_controller_hold,False,,0.2192,1.9068,not_attempted,0.0,False,False
9.624426,20,7222.00709,True,0.18452042534072344,False,False,1.6160639125088188,success,True,0.7271249568426664,7.271249568426664,2.2740870703811336,3.414916043505451,2.2740870703811336,0.7616931926274211,20,20,1.0,1.7937115814967932,1.793711581496792,0.7071067811865478,0.7071067811865476,0.5,0.5,0.5,-1.5707963705062866,velocity,post_controller_hold,False,,0.2313,1.0406,not_attempted,0.0,False,False
