#{"t_start": 1783271078.4855707, "env_id": "None"}
r,l,t,is_success,final_distance,is_out_of_bounds,is_unsafe_low_altitude,altitude,terminal_reason,terminal_stop_command_accepted,terminal_yaw_error,terminal_yaw_penalty,physical_displacement,path_length,max_physical_displacement,min_altitude,motion_command_steps,motion_command_accepted_steps,motion_command_acceptance_rate,mean_action_norm,max_action_norm,mean_xy_action_norm,max_xy_action_norm,last_action_vx,last_action_vy,last_action_vz,last_action_vyaw,reset_method,reset_path,reset_service_attempted,reset_failure_class,reset_position_error,reset_yaw_error,reset_service_status,vertical_safety_penalty,low_altitude_guard_active,bounds_guard_active
11.355829,7,20.404996,True,0.35719549098538317,False,False,1.670260821986412,success,True,0.8006730580363418,8.006730580363419,1.0635611226981871,1.0723631943161385,1.0635611226981871,1.0675633127723538,7,7,1.0,1.793711581496792,1.793711581496792,0.7071067811865477,0.7071067811865476,0.5,0.5,-0.5,1.5707963705062866,simulator_service,service_success,True,,0.1102,1.446,service_success,0.0,False,True
-15.951296,8,22.858786,False,1.609052598566628,True,False,0.0,out_of_bounds,True,0.932665036555239,0.0,2.7727213965842825,0.8878198551749006,0.7013101669233689,1.158019541114945,7,7,1.0,1.793711581496792,1.793711581496792,0.7071067811865477,0.7071067811865476,0.5,-0.5,-0.5,-1.5707963705062866,simulator_service,service_success,True,,0.1137,0.7123,service_success,0.0,False,False
-15.51806,2,26.824671,False,3.2601114107597393,True,False,2.7590268040495727,out_of_bounds,True,0.29046439481559544,0.0,1.993405561219644,0.03384942909301522,0.03384942909301522,1.575577284120244,1,1,1.0,1.793711581496792,1.793711581496792,0.7071067811865476,0.7071067811865476,0.5,-0.5,0.5,-1.5707963705062866,velocity,post_controller_hold,False,,0.1682,1.6001,not_attempted,0.0,False,False
-15.413227,2,30.867004,False,2.7066018982999553,True,False,0.0,out_of_bounds,True,0.9879578987254753,0.0,1.8550343197072436,0.03497816989494928,0.03497816989494928,1.0741331934444498,1,1,1.0,1.793711581496792,1.793711581496792,0.7071067811865476,0.7071067811865476,0.5,-0.5,-0.5,-1.5707963705062866,simulator_service,service_success,True,,0.0235,0.0036,service_success,0.0,False,False
-15.47438,2,34.956268,False,2.332083953285385,True,False,3.6974816531419386,out_of_bounds,True,0.8836485685761504,0.0,3.348269008711539,0.012825671354781375,0.012825671354781375,1.7451899315521053,1,1,1.0,1.793711581496792,1.793711581496792,0.7071067811865476,0.7071067811865476,-0.5,0.5,0.5,-1.5707963705062866,simulator_service,service_success,True,,0.0198,0.0,service_success,0.0,False,False
-15.149186,2,39.093256,False,3.000115056309879,True,False,3.291134315250247,out_of_bounds,True,0.9124550427078456,0.0,3.3655629167532193,0.01570474367793223,0.01570474367793223,1.3284371958088406,1,1,1.0,1.793711581496792,1.793711581496792,0.7071067811865476,0.7071067811865476,0.5,0.5,0.5,1.5707963705062866,simulator_service,service_success,True,,0.0201,0.0001,service_success,0.0,False,False
-15.118853,2,43.164182,False,2.094299029625715,True,False,0.0,out_of_bounds,True,0.5558027599506675,0.0,3.0996215999780135,0.016010810277085438,0.016010810277085438,1.8047826922608854,1,1,1.0,1.793711581496792,1.793711581496792,0.7071067811865476,0.7071067811865476,0.5,0.5,-0.5,-1.5707963705062866,simulator_service,service_success,True,,0.0191,0.0,service_success,0.0,False,False
-15.5491705,2,47.293998,False,2.638093309036581,True,False,3.5219740395437262,out_of_bounds,True,0.5540782912701084,0.0,3.346113821163823,0.01621957437915161,0.01621957437915161,1.5699576804431448,1,1,1.0,1.793711581496792,1.793711581496792,0.7071067811865476,0.7071067811865476,-0.5,0.5,0.5,1.5707963705062866,simulator_service,service_success,True,,0.0177,0.0001,service_success,0.0,False,False
-15.4460535,2,51.47797,False,2.423327442664048,True,False,0.0,out_of_bounds,True,0.1594155761690511,0.0,2.8088594448542215,0.007573727681218778,0.007573727681218778,1.6474629093039141,1,1,1.0,1.793711581496792,1.793711581496792,0.7071067811865476,0.7071067811865476,0.5,0.5,-0.5,-1.5707963705062866,simulator_service,service_success,True,,0.0217,0.0002,service_success,0.0,False,False
-15.367647,2,55.605202,False,2.3652154349573835,True,False,0.0,out_of_bounds,True,0.9716066734529054,0.0,2.7196863143203127,0.01471400634073602,0.01471400634073602,1.5864027217959968,1,1,1.0,1.793711581496792,1.793711581496792,0.7071067811865476,0.7071067811865476,-0.5,-0.5,-0.5,-1.5707963705062866,simulator_service,service_success,True,,0.0188,0.0,service_success,0.0,False,False
-15.13277,2,59.819935,False,1.4403501860808554,True,False,0.0,out_of_bounds,True,0.8359188591360247,0.0,1.697684744437868,0.0035436331515122307,0.0035436331515122307,1.016904938311342,1,1,1.0,1.793711581496792,1.793711581496792,0.7071067811865476,0.7071067811865476,-0.5,-0.5,-0.5,1.5707963705062866,simulator_service,service_success,True,,0.0184,0.0039,service_success,0.0,False,False
-15.311758,2,64.031996,False,3.483495892227693,True,False,3.8322753623783603,out_of_bounds,True,0.13327597056019413,0.0,3.4611220405757166,0.012752456659759374,0.012752456659759374,1.8137126017683969,1,1,1.0,1.793711581496792,1.793711581496792,0.7071067811865476,0.7071067811865476,-0.5,0.5,0.5,-1.5707963705062866,simulator_service,service_success,True,,0.0196,0.0007,service_success,0.0,False,False
-15.533746,2,68.221056,False,3.5040054836589603,True,False,0.0,out_of_bounds,True,0.0800868717880378,0.0,2.1631065293621514,0.002006864809466484,0.002006864809466484,1.2809732547607218,1,1,1.0,1.793711581496792,1.793711581496792,0.7071067811865476,0.7071067811865476,0.5,0.5,-0.5,-1.5707963705062866,simulator_service,service_success,True,,0.0185,0.0001,service_success,0.0,False,False
-15.454258,2,72.450068,False,3.0098419533092513,True,False,3.6510620127199735,out_of_bounds,True,0.9964251753641201,0.0,3.4338824726606485,0.005554269264454831,0.005554269264454831,1.6481478290269054,1,1,1.0,1.793711581496792,1.793711581496792,0.7071067811865476,0.7071067811865476,-0.5,0.5,0.5,-1.5707963705062866,simulator_service,service_success,True,,0.0171,0.0001,service_success,0.0,False,False
-15.364432,2,76.741192,False,2.1310502161175022,True,False,0.0,out_of_bounds,True,0.03753527223043145,0.0,2.4255001029848438,0.001204623053261112,0.001204623053261112,1.4343343357643408,1,1,1.0,1.793711581496792,1.793711581496792,0.7071067811865476,0.7071067811865476,0.5,-0.5,-0.5,-1.5707963705062866,simulator_service,service_success,True,,0.0191,0.0049,service_success,0.0,False,False
-15.249029,2,81.038102,False,1.945110565231705,True,False,0.0,out_of_bounds,True,0.052225810647439024,0.0,1.8842365278251265,0.0016236174377848864,0.0016236174377848864,1.351595832492783,1,1,1.0,1.7226361770879686,1.7226361770879686,0.500074155517487,0.500074155517487,0.008611679077148438,0.5,-0.5,1.5707963705062866,simulator_service,service_success,True,,0.0169,0.0001,service_success,0.0,False,False
-15.400553,2,85.325015,False,2.511107906082495,True,False,0.0,out_of_bounds,True,0.8007706078725336,0.0,1.8230207952759838,0.0012470950564299605,0.0012470950564299605,1.0875326760099142,1,1,1.0,1.793711581496792,1.793711581496792,0.7071067811865476,0.7071067811865476,0.5,0.5,-0.5,-1.5707963705062866,simulator_service,service_success,True,,0.0171,0.0115,service_success,0.0,False,False
-15.437884,2,89.65596,False,1.853894712913248,True,False,0.0,out_of_bounds,True,0.8558003197387899,0.0,3.3001149166663954,0.0022421917516661743,0.0022421917516661743,1.9334937477922733,1,1,1.0,1.793711581496792,1.793711581496792,0.7071067811865476,0.7071067811865476,0.5,-0.5,-0.5,-1.5707963705062866,simulator_service,service_success,True,,0.017,0.0001,service_success,0.0,False,False
-15.550177,2,94.150033,False,2.8917427151020187,True,False,0.0,out_of_bounds,True,0.2993054477153063,0.0,2.9751275628071614,0.0011885903578803534,0.0011885903578803534,1.7493754239988784,1,1,1.0,1.793711581496792,1.793711581496792,0.7071067811865476,0.7071067811865476,0.5,-0.5,-0.5,-1.5707963705062866,simulator_service,service_success,True,,0.0162,0.0015,service_success,0.0,False,False
-15.280751,2,98.618211,False,4.866924353666039,True,False,4.014481298621986,out_of_bounds,True,0.2083842714980441,0.0,3.672953862456188,0.001983425513973689,0.001983425513973689,1.872679471312409,1,1,1.0,1.3765879009328228,1.3765879009328228,0.7071067811865476,0.7071067811865476,-0.5,0.5,0.5,-1.0700440406799316,simulator_service,service_success,True,,0.0155,0.002,service_success,0.0,False,False
-15.331713,2,103.266068,False,2.189701670815756,True,False,0.0,out_of_bounds,True,0.8409262781917817,0.0,1.7286973437814548,0.0012582131638644732,0.0012582131638644732,1.0373553662817045,1,1,1.0,1.793711581496792,1.793711581496792,0.7071067811865476,0.7071067811865476,0.5,-0.5,-0.5,1.5707963705062866,simulator_service,service_success,True,,0.0113,0.0045,service_success,0.0,False,False
-15.209946,2,107.78025,False,1.5503827417143343,True,False,0.0,out_of_bounds,True,0.2219880291851966,0.0,2.656020882076607,0.005049616635712564,0.005049616635712564,1.560711759221517,1,1,1.0,1.793711581496792,1.793711581496792,0.7071067811865476,0.7071067811865476,-0.5,0.5,-0.5,1.5707963705062866,simulator_service,service_success,True,,0.0127,0.0001,service_success,0.0,False,False
-15.305002,2,112.376071,False,1.3139891470033824,True,False,0.0,out_of_bounds,True,0.5174236850612861,0.0,2.6757428880983705,0.001013645204112117,0.001013645204112117,1.577000812041685,1,1,1.0,1.793711581496792,1.793711581496792,0.7071067811865476,0.7071067811865476,0.5,-0.5,-0.5,1.5707963705062866,simulator_service,service_success,True,,0.0114,0.0009,service_success,0.0,False,False
-15.351668,2,116.894435,False,2.9355523429381636,True,False,3.6713873562488,out_of_bounds,True,0.4491043572397192,0.0,3.7505095790457896,0.0015804077541074805,0.0015804077541074805,1.4856902148010294,1,1,1.0,1.793711581496792,1.793711581496792,0.7071067811865476,0.7071067811865476,0.5,-0.5,0.5,1.5707963705062866,simulator_service,service_success,True,,0.0144,0.0118,service_success,0.0,False,False
-15.352323,2,121.488184,False,1.7235175683196453,True,False,3.6177948455279108,out_of_bounds,True,0.6287771999530561,0.0,3.742394278208032,0.0007916634344609967,0.0007916634344609967,1.4353525152080915,1,1,1.0,1.1020119102974884,1.1020119102974884,0.7071067811865476,0.7071067811865476,-0.5,0.5,0.5,0.6814911961555481,simulator_service,service_success,True,,0.0119,0.0114,service_success,0.0,False,False
-15.307206,2,126.010072,False,4.7925597510966815,True,False,0.0,out_of_bounds,True,0.3171080191485668,0.0,2.598092441079328,0.0005110508556783536,0.0005110508556783536,1.5332511330954846,1,1,1.0,1.793711581496792,1.793711581496792,0.7071067811865476,0.7071067811865476,-0.5,-0.5,-0.5,1.5707963705062866,simulator_service,service_success,True,,0.0118,0.0003,service_success,0.0,False,False
-15.453876,2,130.601996,False,3.5508991871383446,True,False,0.0,out_of_bounds,True,0.3283743538575049,0.0,2.152230849994854,0.0006763159188995446,0.0006763159188995446,1.2773090244948786,1,1,1.0,1.793711581496792,1.793711581496792,0.7071067811865476,0.7071067811865476,0.5,-0.5,-0.5,1.5707963705062866,simulator_service,service_success,True,,0.0108,0.0,service_success,0.0,False,False
-15.131341,2,135.429048,False,1.9613888246397935,True,False,0.0,out_of_bounds,True,0.8817165307798692,0.0,2.0750187176656363,0.009603378051362316,0.009603378051362316,1.2264116487011922,1,1,1.0,1.793711581496792,1.793711581496792,0.7071067811865476,0.7071067811865476,-0.5,-0.5,-0.5,1.5707963705062866,simulator_service,service_success,True,,0.014,0.0095,service_success,0.0,False,False
-15.196024,2,140.117158,False,1.375403612257741,True,False,0.0,out_of_bounds,True,0.720982679542275,0.0,2.6713098858184194,0.01205625601268022,0.01205625601268022,1.874785291519545,1,1,1.0,1.7257723931729914,1.7257723931729914,0.5107730566918253,0.5107730566918253,0.10435092449188232,-0.5,-0.5,1.5707963705062866,simulator_service,service_success,True,,0.0125,0.0127,service_success,0.0,False,False
-15.420167,2,144.841281,False,3.12468486113623,True,False,3.296560245078709,out_of_bounds,True,0.17457560930635896,0.0,3.811067605944436,0.012572406243073897,0.012572406243073897,1.076896185213603,1,1,1.0,1.793711581496792,1.793711581496792,0.7071067811865476,0.7071067811865476,0.5,-0.5,0.5,1.5707963705062866,simulator_service,service_success,True,,0.0122,0.0051,service_success,0.0,False,False
-15.23769,2,149.531313,False,2.1130327133797766,True,False,0.0,out_of_bounds,True,0.7601405635455157,0.0,1.6856058916565355,0.006279944046306031,0.006279944046306031,1.0044212330987863,1,1,1.0,1.793711581496792,1.793711581496792,0.7071067811865476,0.7071067811865476,-0.5,-0.5,-0.5,-1.5707963705062866,simulator_service,service_success,True,,0.011,0.0021,service_success,0.0,False,False
-15.138102,2,154.456422,False,2.2095983881560466,True,False,0.0,out_of_bounds,True,0.8780431430588516,0.0,2.8297670633567535,0.007975188839468822,0.007975188839468822,1.6598932297383797,1,1,1.0,1.4127136071517912,1.4127136071517912,0.7071067811865476,0.7071067811865476,-0.5,0.5,-0.5,-1.116136074066162,simulator_service,service_success,True,,0.0087,0.0003,service_success,0.0,False,False
-15.160089,2,159.248026,False,1.7764681350755875,True,False,0.0,out_of_bounds,True,0.07730985891680524,0.0,2.006041082532009,0.003375443189063172,0.003375443189063172,1.1934222335527178,1,1,1.0,1.793711581496792,1.793711581496792,0.7071067811865476,0.7071067811865476,0.5,0.5,-0.5,-1.5707963705062866,simulator_service,service_success,True,,0.0107,0.0132,service_success,0.0,False,False
-15.208937,2,164.070891,False,1.5973367612987701,True,False,0.0,out_of_bounds,True,0.057186143663925625,0.0,1.9049000375243441,0.00838840326710452,0.00838840326710452,1.132142797679054,1,1,1.0,1.793711581496792,1.793711581496792,0.7071067811865476,0.7071067811865476,0.5,0.5,-0.5,-1.5707963705062866,simulator_service,service_success,True,,0.0085,0.0034,service_success,0.0,False,False
-15.415851,2,169.063485,False,2.7180862238750043,True,False,0.0,out_of_bounds,True,0.815131029609756,0.0,2.1892796729428845,0.005048425530437345,0.005048425530437345,1.2935058556080326,1,1,1.0,1.793711581496792,1.793711581496792,0.7071067811865476,0.7071067811865476,-0.5,0.5,-0.5,-1.5707963705062866,simulator_service,service_success,True,,0.0094,0.0019,service_success,0.0,False,False
-15.430028,2,173.980709,False,3.753541036127796,True,False,4.265696388200211,out_of_bounds,True,0.048783973744031955,0.0,4.144383843604892,0.007470492771621572,0.007470492771621572,1.8525876242474144,1,1,1.0,1.793711581496792,1.793711581496792,0.7071067811865476,0.7071067811865476,-0.5,0.5,0.5,-1.5707963705062866,simulator_service,service_success,True,,0.0088,0.0004,service_success,0.0,False,False
-15.342716,2,178.974461,False,5.15911083526133,True,False,0.0,out_of_bounds,True,0.9035868404539406,0.0,2.768816530493931,0.0023252395769201347,0.0023252395769201347,1.6298512188752152,1,1,1.0,1.793711581496792,1.793711581496792,0.7071067811865476,0.7071067811865476,-0.5,0.5,-0.5,-1.5707963705062866,simulator_service,service_success,True,,0.0098,0.0121,service_success,0.0,False,False
-15.519886,2,183.995023,False,3.150160992081437,True,False,4.066017023935029,out_of_bounds,True,0.06432181929126007,0.0,4.143811067906015,0.007681667311492042,0.007681667311492042,1.653739700319736,1,1,1.0,1.793711581496792,1.793711581496792,0.7071067811865476,0.7071067811865476,0.5,0.5,0.5,-1.5707963705062866,simulator_service,service_success,True,,0.0081,0.0,service_success,0.0,False,False
-15.520058,2,189.105018,False,3.376248247031058,True,False,0.0,out_of_bounds,True,0.6123626622461734,0.0,2.7273761793101854,0.003380212431179261,0.003380212431179261,1.600998580750637,1,1,1.0,1.793711581496792,1.793711581496792,0.7071067811865476,0.7071067811865476,0.5,0.5,-0.5,-1.5707963705062866,simulator_service,service_success,True,,0.0097,0.0123,service_success,0.0,False,False
-15.526417,2,194.108898,False,4.0317720031792845,True,False,0.0,out_of_bounds,True,0.6608886348773289,0.0,1.9199707878339867,0.002015186580457691,0.002015186580457691,1.142675970397414,1,1,1.0,1.793711581496792,1.793711581496792,0.7071067811865476,0.7071067811865476,0.5,-0.5,-0.5,-1.5707963705062866,simulator_service,service_success,True,,0.0072,0.0,service_success,0.0,False,False
-15.234224,2,199.202024,False,3.9063818983701344,True,False,3.5115819205528167,out_of_bounds,True,0.811115194303347,0.0,4.119123635734222,0.0022064123458880192,0.0022064123458880192,1.1144019731228616,1,1,1.0,1.793711581496792,1.793711581496792,0.7071067811865476,0.7071067811865476,-0.5,0.5,0.5,-1.5707963705062866,simulator_service,service_success,True,,0.0083,0.001,service_success,0.0,False,False
-15.381374,2,204.423008,False,2.3574142081357152,True,False,0.0,out_of_bounds,True,0.22768329530522813,0.0,1.7502821214150206,0.0031413772522990466,0.0031413772522990466,1.0451998890988456,1,1,1.0,1.793711581496792,1.793711581496792,0.7071067811865476,0.7071067811865476,0.5,-0.5,-0.5,-1.5707963705062866,simulator_service,service_success,True,,0.0098,0.0124,service_success,0.0,False,False
-15.41976,2,209.508013,False,2.524021093771412,True,False,3.8115161332164504,out_of_bounds,True,0.5355235430811583,0.0,4.284659520935667,0.0025310346139704805,0.0025310346139704805,1.3185023172846646,1,1,1.0,1.793711581496792,1.793711581496792,0.7071067811865476,0.7071067811865476,-0.5,0.5,0.5,-1.5707963705062866,simulator_service,service_success,True,,0.0062,0.0,service_success,0.0,False,False
-15.546285,2,214.841085,False,3.303956561548428,True,False,4.225870975146961,out_of_bounds,True,0.5553413644971493,0.0,4.144063581234465,0.003577571377195166,0.003577571377195166,1.8141255337334194,1,1,1.0,1.793711581496792,1.793711581496792,0.7071067811865476,0.7071067811865476,-0.5,-0.5,0.5,1.5707963705062866,simulator_service,service_success,True,,0.0063,0.004,service_success,0.0,False,False
-15.221652,2,220.027019,False,3.149330520375284,True,False,4.079574264486065,out_of_bounds,True,0.1663816756703899,0.0,4.3103010267753294,0.0025626720572515626,0.0025626720572515626,1.5717800456225524,1,1,1.0,1.793711581496792,1.793711581496792,0.7071067811865476,0.7071067811865476,0.5,-0.5,0.5,1.5707963705062866,simulator_service,service_success,True,,0.0058,0.0002,service_success,0.0,False,False
-15.194256,2,225.350006,False,1.3064660248530418,True,False,0.0,out_of_bounds,True,0.896066305409986,0.0,2.71378233828414,0.00025348441780545386,0.00025348441780545386,1.6007138606948312,1,1,1.0,1.793711581496792,1.793711581496792,0.7071067811865476,0.7071067811865476,0.5,-0.5,-0.5,-1.5707963705062866,simulator_service,service_success,True,,0.0061,0.0003,service_success,0.0,False,False
-15.52463,2,230.746701,False,3.879153686921628,True,False,4.317858235569029,out_of_bounds,True,0.7855404689422081,0.0,4.362600216309518,0.0023664558606960725,0.0023664558606960725,1.77971109261822,1,1,1.0,1.793711581496792,1.793711581496792,0.7071067811865476,0.7071067811865476,-0.5,-0.5,0.5,1.5707963705062866,simulator_service,service_success,True,,0.0065,0.0003,service_success,0.0,False,False
-15.3294,2,236.16897,False,3.6564276134272804,True,False,3.756960101319437,out_of_bounds,True,0.10364542231887619,0.0,4.467765836953529,0.0006842757270229863,0.0006842757270229863,1.1582848660641252,1,1,1.0,1.793711581496792,1.793711581496792,0.7071067811865476,0.7071067811865476,-0.5,-0.5,0.5,1.5707963705062866,simulator_service,service_success,True,,0.0074,0.0006,service_success,0.0,False,False
-15.231,2,241.861069,False,2.9790829627113387,True,False,3.8587462492160594,out_of_bounds,True,0.7093530587445865,0.0,4.449618660782136,0.0012666703754224769,0.0012666703754224769,1.2703851720967592,1,1,1.0,1.793711581496792,1.793711581496792,0.7071067811865476,0.7071067811865476,-0.5,-0.5,0.5,1.5707963705062866,simulator_service,service_success,True,,0.0019,0.0003,service_success,0.0,False,False
-15.418887,2,247.382107,False,3.0613903920780325,True,False,4.058816625388467,out_of_bounds,True,0.3606708099332268,0.0,4.6245129167325585,0.0009456511513865577,0.0009456511513865577,1.3692803255913657,1,1,1.0,1.793711581496792,1.793711581496792,0.7071067811865476,0.7071067811865476,-0.5,-0.5,0.5,1.5707963705062866,simulator_service,service_success,True,,0.0059,0.0004,service_success,0.0,False,False
-15.27351,2,252.77501,False,3.2218350142193386,True,False,4.063353768348132,out_of_bounds,True,0.2988447967357048,0.0,4.608946218843495,0.0007768509317226868,0.0007768509317226868,1.3841978784374431,1,1,1.0,1.793711581496792,1.793711581496792,0.7071067811865476,0.7071067811865476,0.5,-0.5,0.5,1.5707963705062866,simulator_service,service_success,True,,0.0019,0.0,service_success,0.0,False,False
-15.385908,2,258.395392,False,2.4534145931599083,True,False,3.5989491222686074,out_of_bounds,True,0.07322855446590078,0.0,4.363062920251931,0.0004855594789624202,0.0004855594789624202,1.060755814629403,1,1,1.0,1.793711581496792,1.793711581496792,0.7071067811865476,0.7071067811865476,-0.5,0.5,0.5,1.5707963705062866,simulator_service,service_success,True,,0.0024,0.0001,service_success,0.0,False,False
-15.340538,2,263.789062,False,4.04333714487676,True,False,0.0,out_of_bounds,True,0.7165762868177457,0.0,3.1526471231621103,0.0009918991598798857,0.0009918991598798857,1.8513405651223285,1,1,1.0,1.793711581496792,1.793711581496792,0.7071067811865476,0.7071067811865476,0.5,-0.5,-0.5,1.5707963705062866,simulator_service,service_success,True,,0.0038,0.0002,service_success,0.0,False,False
-15.520609,2,269.508943,False,4.134466879167804,True,False,0.0,out_of_bounds,True,0.8877499664234835,0.0,1.818732252670817,0.0008234881468280807,0.0008234881468280807,1.0884856355099335,1,1,1.0,1.793711581496792,1.793711581496792,0.7071067811865476,0.7071067811865476,-0.5,-0.5,-0.5,1.5707963705062866,simulator_service,service_success,True,,0.0018,0.0004,service_success,0.0,False,False
-15.1213,2,275.102037,False,2.0960832852758466,True,False,0.0,out_of_bounds,True,0.2685428547039378,0.0,2.8875109190465786,0.000957545800700412,0.000957545800700412,1.697803701954734,1,1,1.0,1.793711581496792,1.793711581496792,0.7071067811865476,0.7071067811865476,0.5,-0.5,-0.5,1.5707963705062866,simulator_service,service_success,True,,0.0039,0.0034,service_success,0.0,False,False
-15.246533,2,280.825924,False,4.390632913478581,True,False,4.342343863384672,out_of_bounds,True,0.34744772525955414,0.0,4.5301884609563565,0.001043468550644295,0.001043468550644295,1.7075172504497462,1,1,1.0,1.793711581496792,1.793711581496792,0.7071067811865476,0.7071067811865476,0.5,-0.5,0.5,-1.5707963705062866,simulator_service,service_success,True,,0.0025,0.0058,service_success,0.0,False,False
-15.265513,2,286.516987,False,2.2997358752150014,True,False,0.0,out_of_bounds,True,0.3032629777319102,0.0,3.006820398261427,0.009981634718684148,0.009981634718684148,1.759020330369541,1,1,1.0,1.793711581496792,1.793711581496792,0.7071067811865476,0.7071067811865476,0.5,-0.5,-0.5,1.5707963705062866,simulator_service,service_success,True,,0.001,0.0003,service_success,0.0,False,False
-15.459994,2,292.437956,False,5.046610391127053,True,False,4.281621104643277,out_of_bounds,True,0.6219648819759632,0.0,4.687002910138831,0.012905323116652502,0.012905323116652502,1.5567250328883377,1,1,1.0,1.793711581496792,1.793711581496792,0.7071067811865476,0.7071067811865476,0.5,-0.5,0.5,-1.5707963705062866,simulator_service,service_success,True,,0.0021,0.0001,service_success,0.0,False,False
-15.377359,2,298.028047,False,2.211551582933124,True,False,0.0,out_of_bounds,True,0.17130554100639633,0.0,2.309838561054041,0.0005706650242137245,0.0005706650242137245,1.3691848970018552,1,1,1.0,1.793711581496792,1.793711581496792,0.7071067811865476,0.7071067811865476,-0.5,-0.5,-0.5,1.5707963705062866,simulator_service,service_success,True,,0.0017,0.001,service_success,0.0,False,False
-15.17298,2,303.853107,False,3.580959444763612,True,False,4.536759971276648,out_of_bounds,True,0.20579025202988036,0.0,4.501327602558707,0.009772922608496952,0.009772922608496952,1.9188284981758827,1,1,1.0,1.793711581496792,1.793711581496792,0.7071067811865476,0.7071067811865476,0.5,0.5,0.5,-1.5707963705062866,simulator_service,service_success,True,,0.0002,0.0002,service_success,0.0,False,False
-15.450277,2,309.643043,False,3.8553084969567495,True,False,4.332305919751621,out_of_bounds,True,0.2976533714691893,0.0,4.774382013449125,0.0006205897408551587,0.0006205897408551587,1.5568138611858868,1,1,1.0,1.793711581496792,1.793711581496792,0.7071067811865476,0.7071067811865476,0.5,0.5,0.5,-1.5707963705062866,simulator_service,service_success,True,,0.0029,0.0015,service_success,0.0,False,False
-15.350236,2,315.666181,False,3.4416051982272085,True,False,4.235750556978488,out_of_bounds,True,0.6229032371469843,0.0,4.773412616162936,0.0005147368091709542,0.0005147368091709542,1.4608498703301696,1,1,1.0,1.793711581496792,1.793711581496792,0.7071067811865476,0.7071067811865476,-0.5,-0.5,0.5,1.5707963705062866,simulator_service,service_success,True,,0.0015,0.0002,service_success,0.0,False,False
-15.269393,2,321.66118,False,3.5374477048260173,True,False,3.9899094300085496,out_of_bounds,True,0.015194153666026784,0.0,4.930836087366995,0.0005119992620125451,0.0005119992620125451,1.1235999084407005,1,1,1.0,1.793711581496792,1.793711581496792,0.7071067811865476,0.7071067811865476,0.5,-0.5,0.5,-1.5707963705062866,simulator_service,service_success,True,,0.0009,0.0002,service_success,0.0,False,False
-15.201539,2,327.383096,False,2.6135202337464563,True,False,0.0,out_of_bounds,True,0.5823380132284991,0.0,3.285686817739266,0.0004973729539909841,0.0004973729539909841,1.928306285976207,1,1,1.0,1.793711581496792,1.793711581496792,0.7071067811865476,0.7071067811865476,-0.5,-0.5,-0.5,-1.5707963705062866,simulator_service,service_success,True,,0.0003,0.0001,service_success,0.0,False,False
-15.226337,2,333.376215,False,4.148601395744241,True,False,4.535176314833939,out_of_bounds,True,0.8399882062052318,0.0,4.650629742286431,0.0037462845069507617,0.0037462845069507617,1.8313512094919362,1,1,1.0,1.793711581496792,1.793711581496792,0.7071067811865476,0.7071067811865476,0.5,0.5,0.5,-1.5707963705062866,simulator_service,service_success,True,,0.0005,0.0001,service_success,0.0,False,False
-15.471686,2,339.496439,False,6.4822024229181014,True,False,4.739264393603755,out_of_bounds,True,0.4547221785640298,0.0,4.932748941879271,0.0009183339634331279,0.0009183339634331279,1.8724347695954497,1,1,1.0,1.793711581496792,1.793711581496792,0.7071067811865476,0.7071067811865476,-0.5,-0.5,0.5,1.5707963705062866,simulator_service,service_success,True,,0.0007,0.003,service_success,0.0,False,False
-15.161431,2,345.790076,False,4.122362715699423,True,False,4.914102683191133,out_of_bounds,True,0.033902912052332417,0.0,5.010426230537813,0.00516584134389162,0.00516584134389162,2.002986803267137,1,1,1.0,1.793711581496792,1.793711581496792,0.7071067811865476,0.7071067811865476,0.5,0.5,0.5,-1.5707963705062866,simulator_service,service_success,True,,0.0005,0.0002,service_success,0.0,False,False
-15.409128,2,351.808173,False,3.544970811821582,True,False,4.976607597450982,out_of_bounds,True,0.100687363323616,0.0,5.2630967317258,0.0005446516584021039,0.0005446516584021039,1.9189626386406844,1,1,1.0,1.793711581496792,1.793711581496792,0.7071067811865476,0.7071067811865476,0.5,0.5,0.5,1.5707963705062866,simulator_service,service_success,True,,0.0006,0.0003,service_success,0.0,False,False
-15.529076,2,357.702139,False,3.522165438332913,True,False,0.0,out_of_bounds,True,0.7611778767651769,0.0,1.837017442018847,0.0006405903394733789,0.0006405903394733789,1.0968803425225169,1,1,1.0,1.793711581496792,1.793711581496792,0.7071067811865476,0.7071067811865476,0.5,-0.5,-0.5,-1.5707963705062866,simulator_service,service_success,True,,0.0006,0.0001,service_success,0.0,False,False
-15.422127,2,363.823224,False,2.693493160606492,True,False,0.0,out_of_bounds,True,0.0350387001766411,0.0,2.67943584185854,0.00045024514298086765,0.00045024514298086765,1.5811189506420162,1,1,1.0,1.793711581496792,1.793711581496792,0.7071067811865476,0.7071067811865476,-0.5,0.5,-0.5,1.5707963705062866,simulator_service,service_success,True,,0.0008,0.0002,service_success,0.0,False,False
-15.462786,2,370.008273,False,3.753954282498572,True,False,0.0,out_of_bounds,True,0.6683341228951183,0.0,1.7767014874251155,0.001111256437437957,0.001111256437437957,1.062397723299827,1,1,1.0,1.793711581496792,1.793711581496792,0.7071067811865476,0.7071067811865476,0.5,-0.5,-0.5,-1.5707963705062866,simulator_service,service_success,True,,0.0004,0.0015,service_success,0.0,False,False
-15.130414,2,376.337084,False,4.370451885261218,True,False,4.23376604673863,out_of_bounds,True,0.7622823939417407,0.0,5.176298092465809,0.003580292871835497,0.003580292871835497,1.2265800115799599,1,1,1.0,1.793711581496792,1.793711581496792,0.7071067811865476,0.7071067811865476,-0.5,0.5,0.5,1.5707963705062866,simulator_service,service_success,True,,0.0005,0.0014,service_success,0.0,False,False
-15.571943,2,382.72803,False,3.7479152236976208,True,False,4.632440080374304,out_of_bounds,True,0.10608224695810262,0.0,5.255011374801875,0.0,0.0,1.5795531691665727,1,1,1.0,1.793711581496792,1.793711581496792,0.7071067811865476,0.7071067811865476,-0.5,0.5,0.5,-1.5707963705062866,simulator_service,service_success,True,,0.0017,0.0074,service_success,0.0,False,False
-15.538303,2,388.951163,False,3.6637701469938024,True,False,4.660807907569798,out_of_bounds,True,0.05753776478311094,0.0,5.246966684177785,0.0005314807604799249,0.0005314807604799249,1.6135987969578305,1,1,1.0,1.793711581496792,1.793711581496792,0.7071067811865476,0.7071067811865476,0.5,0.5,0.5,1.5707963705062866,simulator_service,service_success,True,,0.0003,0.0002,service_success,0.0,False,False
-15.448218,2,395.044307,False,3.049454022339853,True,False,0.0,out_of_bounds,True,0.6010222308528218,0.0,1.9339008568081981,0.0,0.0,1.1553042979595822,1,1,1.0,1.793711581496792,1.793711581496792,0.7071067811865476,0.7071067811865476,-0.5,-0.5,-0.5,-1.5707963705062866,simulator_service,service_success,True,,0.0007,0.0001,service_success,0.0,False,False
-15.310339,2,401.366039,False,4.958385129588561,True,False,4.090027669308843,out_of_bounds,True,0.17576189064576547,0.0,5.079920375899525,0.0,0.0,1.1387580925212264,1,1,1.0,1.793711581496792,1.793711581496792,0.7071067811865476,0.7071067811865476,0.5,-0.5,0.5,-1.5707963705062866,simulator_service,service_success,True,,0.0012,0.0002,service_success,0.0,False,False
-15.371997,2,407.860224,False,3.2389907485451386,True,False,4.47916065765699,out_of_bounds,True,0.9982580327550191,0.0,5.2368459980902795,0.0,0.0,1.435984505741932,1,1,1.0,1.793711581496792,1.793711581496792,0.7071067811865476,0.7071067811865476,0.5,0.5,0.5,-1.5707963705062866,simulator_service,service_success,True,,0.0024,0.0018,service_success,0.0,False,False
-15.507374,2,414.378434,False,2.6315281598088753,True,False,4.056381070373176,out_of_bounds,True,0.6622115232596446,0.0,5.236964510989376,0.0,0.0,1.0142705446387146,1,1,1.0,1.793711581496792,1.793711581496792,0.7071067811865476,0.7071067811865476,-0.5,0.5,0.5,-1.5707963705062866,simulator_service,service_success,True,,0.0019,0.0,service_success,0.0,False,False
-15.183829,2,420.968979,False,4.173582184909097,True,False,4.232856037728287,out_of_bounds,True,0.7139241768626762,0.0,5.490278216713939,0.0,0.0,1.0446666877251591,1,1,1.0,1.793711581496792,1.793711581496792,0.7071067811865476,0.7071067811865476,-0.5,0.5,0.5,-1.5707963705062866,simulator_service,service_success,True,,0.0022,0.0001,service_success,0.0,False,False
-15.159431,2,427.590993,False,5.225558398229482,True,False,5.068618301345001,out_of_bounds,True,0.42496244142315015,0.0,5.324307066252887,0.0008717784070416172,0.0008717784070416172,1.9760251566689633,1,1,1.0,1.793711581496792,1.793711581496792,0.7071067811865476,0.7071067811865476,-0.5,0.5,0.5,-1.5707963705062866,simulator_service,service_success,True,,0.0039,0.0001,service_success,0.0,False,False
-15.327414,2,434.285504,False,4.056448211147805,True,False,4.904642272334771,out_of_bounds,True,0.8842133734944633,0.0,5.586977418323233,0.0006702310282230041,0.0006702310282230041,1.6609589137205238,1,1,1.0,1.793711581496792,1.793711581496792,0.7071067811865476,0.7071067811865476,-0.5,0.5,0.5,-1.5707963705062866,simulator_service,service_success,True,,0.0041,0.0004,service_success,0.0,False,False
-15.562711,2,440.807929,False,3.928969861709962,True,False,5.112564895836264,out_of_bounds,True,0.07219605673532963,0.0,5.57740949075945,0.0006310113118498682,0.0006310113118498682,1.873628276743754,1,1,1.0,1.793711581496792,1.793711581496792,0.7071067811865476,0.7071067811865476,0.5,-0.5,0.5,1.5707963705062866,simulator_service,service_success,True,,0.0033,0.0002,service_success,0.0,False,False
-15.535406,2,447.701081,False,3.394440963833626,True,False,4.827838962311791,out_of_bounds,True,0.6129251691275097,0.0,5.306523748504036,0.000652305384364103,0.000652305384364103,1.7453850157816972,1,1,1.0,1.793711581496792,1.793711581496792,0.7071067811865476,0.7071067811865476,0.5,0.5,0.5,-1.5707963705062866,simulator_service,service_success,True,,0.0034,0.0003,service_success,0.0,False,False
-15.120983,2,454.42086,False,2.4139938947021284,True,False,0.0,out_of_bounds,True,0.2606603519073725,0.0,3.3057619438097365,0.0007698673353604471,0.0007698673353604471,1.9338875179763872,1,1,1.0,1.1544217548020383,1.1544217548020383,0.7071067811865476,0.7071067811865476,0.5,-0.5,-0.5,0.7633410692214966,simulator_service,service_success,True,,0.0034,0.0003,service_success,0.0,False,False
-15.356646,2,461.016109,False,3.3520491028396266,True,False,4.501477587794236,out_of_bounds,True,0.645528959221062,0.0,5.472409102526439,0.012955626176236423,0.012955626176236423,1.3240164935841041,1,1,1.0,1.793711581496792,1.793711581496792,0.7071067811865476,0.7071067811865476,0.5,-0.5,0.5,1.5707963705062866,simulator_service,service_success,True,,0.0042,0.0,service_success,0.0,False,False
-15.2325945,2,467.835265,False,2.598119600610717,True,False,0.0,out_of_bounds,True,0.2725374116594803,0.0,2.9256265567054704,0.0006271291564193583,0.0006271291564193583,1.342766906853514,1,1,1.0,1.7587913101429384,1.7587913101429384,0.7071067811865476,0.7071067811865476,0.5,0.5,-0.3548882007598877,-1.5707963705062866,simulator_service,service_success,True,,0.004,0.0035,service_success,0.0,False,False
-15.352034,2,474.328076,False,3.092765213252727,True,False,4.402895380288089,out_of_bounds,True,0.14323035532865375,0.0,5.638763208043118,0.0007532198620408122,0.0007532198620408122,1.1290168216183671,1,1,1.0,1.793711581496792,1.793711581496792,0.7071067811865476,0.7071067811865476,0.5,0.5,0.5,1.5707963705062866,simulator_service,service_success,True,,0.0036,0.0003,service_success,0.0,False,False
-15.457377,2,481.24809,False,2.5235842018436845,True,False,0.0,out_of_bounds,True,0.33434930658357154,0.0,2.6412759925968863,0.0,0.0,1.5620858040527215,1,1,1.0,1.793711581496792,1.793711581496792,0.7071067811865476,0.7071067811865476,0.5,-0.5,-0.5,1.5707963705062866,simulator_service,service_success,True,,0.005,0.0072,service_success,0.0,False,False
-15.567237,2,488.241032,False,4.854176619923935,True,False,4.675045137845964,out_of_bounds,True,0.23943841776171143,0.0,5.648238041793802,0.000869200641379466,0.000869200641379466,1.3957574391819279,1,1,1.0,1.793711581496792,1.793711581496792,0.7071067811865476,0.7071067811865476,-0.5,-0.5,0.5,-1.5707963705062866,simulator_service,service_success,True,,0.0031,0.0001,service_success,0.0,False,False
-15.312351,2,495.165096,False,2.021791828411626,True,False,0.0,out_of_bounds,True,0.083893584132377,0.0,1.7147336847057422,0.0009505372904376768,0.0009505372904376768,1.0318626426089015,1,1,1.0,1.793711581496792,1.793711581496792,0.7071067811865476,0.7071067811865476,0.5,-0.5,-0.5,1.5707963705062866,simulator_service,service_success,True,,0.0053,0.0053,service_success,0.0,False,False
-15.311828,2,501.95611,False,4.591099932171081,True,False,5.267723187589684,out_of_bounds,True,0.11926946626054576,0.0,5.630882542561797,0.0008400939382967454,0.0008400939382967454,1.9991085011235123,1,1,1.0,1.793711581496792,1.793711581496792,0.7071067811865476,0.7071067811865476,0.5,0.5,0.5,1.5707963705062866,simulator_service,service_success,True,,0.0049,0.0,service_success,0.0,False,False
-15.28633,2,508.779147,False,4.156762013567137,True,False,0.0,out_of_bounds,True,0.2748789995223353,0.0,2.7807295384166744,0.0007782341656327837,0.0007782341656327837,1.6390052323639375,1,1,1.0,1.793711581496792,1.793711581496792,0.7071067811865476,0.7071067811865476,-0.5,-0.5,-0.5,-1.5707963705062866,simulator_service,service_success,True,,0.0046,0.0049,service_success,0.0,False,False
-15.317304,2,515.874248,False,3.9346585471514928,True,False,5.0419658950420505,out_of_bounds,True,0.5525364531115897,0.0,4.619474777940563,0.000637290775613934,0.000637290775613934,1.7652919653397368,1,1,1.0,1.7230541298186988,1.7230541298186988,0.5015120105137559,0.5015120105137559,0.03891396522521973,0.5,0.5,1.5707963705062866,simulator_service,service_success,True,,0.0045,0.0001,service_success,0.0,False,False
-15.279113,2,522.790215,False,1.8979618521288784,True,False,0.0,out_of_bounds,True,0.7922477507445322,0.0,2.0060593121615433,0.000992032106323195,0.000992032106323195,1.1946028836603937,1,1,1.0,1.793711581496792,1.793711581496792,0.7071067811865476,0.7071067811865476,-0.5,0.5,-0.5,-1.5707963705062866,simulator_service,service_success,True,,0.0046,0.0023,service_success,0.0,False,False
-15.453287,2,529.582065,False,3.3064198770729245,True,False,4.665428389985851,out_of_bounds,True,0.1518850728262571,0.0,5.794853897049893,0.0,0.0,1.3017990160644763,1,1,1.0,1.793711581496792,1.793711581496792,0.7071067811865476,0.7071067811865476,0.5,0.5,0.5,1.5707963705062866,simulator_service,service_success,True,,0.0039,0.0004,service_success,0.0,False,False
-15.390749,2,536.505955,False,6.356722090684519,True,False,0.0,out_of_bounds,True,0.8614288173856579,0.0,3.3698032630348567,0.0007304414302519236,0.0007304414302519236,1.9765867731304216,1,1,1.0,1.793711581496792,1.793711581496792,0.7071067811865476,0.7071067811865476,-0.5,-0.5,-0.5,-1.5707963705062866,simulator_service,service_success,True,,0.0039,0.0004,service_success,0.0,False,False
-15.181726,2,543.499208,False,5.054932194481756,True,False,4.96732723563324,out_of_bounds,True,0.9011870837198368,0.0,5.699295698493358,0.0038342792104799498,0.0038342792104799498,1.6586502498014037,1,1,1.0,1.793711581496792,1.793711581496792,0.7071067811865476,0.7071067811865476,-0.5,0.5,0.5,1.5707963705062866,simulator_service,service_success,True,,0.0039,0.0003,service_success,0.0,False,False
-15.213534,2,550.619137,False,1.436970952080385,True,False,0.0,out_of_bounds,True,0.4182010609791521,0.0,2.568458070446031,0.0008348158543065542,0.0008348158543065542,1.5192691376593914,1,1,1.0,1.793711581496792,1.793711581496792,0.7071067811865476,0.7071067811865476,-0.5,0.5,-0.5,-1.5707963705062866,simulator_service,service_success,True,,0.004,0.0026,service_success,0.0,False,False
-15.340896,2,557.907012,False,4.936147842977344,True,False,4.9516678493284205,out_of_bounds,True,0.972253814688474,0.0,5.961089720842226,0.0037610360491985187,0.0037610360491985187,1.4918407370737008,1,1,1.0,1.793711581496792,1.793711581496792,0.7071067811865476,0.7071067811865476,0.5,-0.5,0.5,1.5707963705062866,simulator_service,service_success,True,,0.0039,0.0001,service_success,0.0,False,False
-15.341017,2,565.233975,False,5.24744544873934,True,False,5.133635475130815,out_of_bounds,True,0.6636794305504884,0.0,5.961661156515459,0.0038442010219301432,0.0038442010219301432,1.6736728698184382,1,1,1.0,1.793711581496792,1.793711581496792,0.7071067811865476,0.7071067811865476,0.5,-0.5,0.5,1.5707963705062866,simulator_service,service_success,True,,0.0057,0.0014,service_success,0.0,False,False
-15.324084,2,572.726157,False,1.6148233793771927,True,False,0.0,out_of_bounds,True,0.7831303477805536,0.0,2.5534634131649723,0.0,0.0,1.5093742143215707,1,1,1.0,1.793711581496792,1.793711581496792,0.7071067811865476,0.7071067811865476,-0.5,-0.5,-0.5,-1.5707963705062866,simulator_service,service_success,True,,0.0051,0.0004,service_success,0.0,False,False
-15.429991,2,579.946332,False,4.640504089095292,True,False,4.898379737482328,out_of_bounds,True,0.3276305016562213,0.0,6.128002918854427,0.0024616117145187643,0.0024616117145187643,1.3429894327712568,1,1,1.0,1.793711581496792,1.793711581496792,0.7071067811865476,0.7071067811865476,-0.5,0.5,0.5,-1.5707963705062866,simulator_service,service_success,True,,0.0061,0.0003,service_success,0.0,False,False
-15.497964,2,587.238054,False,4.018147194585545,True,False,4.657870639736754,out_of_bounds,True,0.037252418659738176,0.0,5.953380843235138,0.0,0.0,1.2036644359695925,1,1,1.0,1.793711581496792,1.793711581496792,0.7071067811865476,0.7071067811865476,-0.5,0.5,0.5,1.5707963705062866,simulator_service,service_success,True,,0.0067,0.0062,service_success,0.0,False,False
-15.228965,2,594.464379,False,4.0103955440983166,True,False,3.4789089833150535,out_of_bounds,True,0.9981112443638714,0.0,5.248396941204668,0.0,0.0,1.4776969657954924,1,1,1.0,1.7467808021228985,1.7467808021228985,0.7071067811865476,0.7071067811865476,-0.5,-0.5,0.2895547151565552,-1.5707963705062866,simulator_service,service_success,True,,0.0061,0.0003,service_success,0.0,False,False
-15.178116,2,601.95508,False,2.484583868977237,True,False,0.0,out_of_bounds,True,0.27668991725374553,0.0,4.006164352014578,0.0,0.0,1.974142508786773,1,1,1.0,0.9416487144808979,0.9416487144808979,0.7071067811865476,0.7071067811865476,-0.5,0.5,-0.3942708969116211,0.4808874726295471,simulator_service,service_success,True,,0.0053,0.0001,service_success,0.0,False,False
-15.423574,2,609.476135,False,4.030223028251856,True,False,5.343079092389439,out_of_bounds,True,0.3510302460227499,0.0,6.031602957289008,0.0,0.0,1.843378833926807,1,1,1.0,1.793711581496792,1.793711581496792,0.7071067811865476,0.7071067811865476,0.5,0.5,0.5,1.5707963705062866,simulator_service,service_success,True,,0.0059,0.0003,service_success,0.0,False,False
-15.45725,2,617.167341,False,2.1294568360258865,True,False,0.0,out_of_bounds,True,0.6306283358451377,0.0,3.3774623966955324,0.0008629358558738056,0.0008629358558738056,1.9816915441676668,1,1,1.0,1.793711581496792,1.793711581496792,0.7071067811865476,0.7071067811865476,0.5,-0.5,-0.5,-1.5707963705062866,simulator_service,service_success,True,,0.0068,0.0006,service_success,0.0,False,False
-15.443882,2,624.689996,False,3.9667303230176207,True,False,0.0,out_of_bounds,True,0.4959981382533442,0.0,1.925280283323167,0.0007611180198883055,0.0007611180198883055,1.1505840206282525,1,1,1.0,1.793711581496792,1.793711581496792,0.7071067811865476,0.7071067811865476,-0.5,0.5,-0.5,1.5707963705062866,simulator_service,service_success,True,,0.0077,0.0003,service_success,0.0,False,False
-15.145633,2,632.492976,False,5.5806788579734885,True,False,5.229308848188442,out_of_bounds,True,0.1511722951026169,0.0,6.1108454781882084,0.0008162632634285474,0.0008162632634285474,1.6839073035319134,1,1,1.0,1.793711581496792,1.793711581496792,0.7071067811865476,0.7071067811865476,-0.5,-0.5,0.5,-1.5707963705062866,simulator_service,service_success,True,,0.0086,0.001,service_success,0.0,False,False
-15.454361,2,639.90408,False,7.806251662899879,True,False,5.602446599414318,out_of_bounds,True,0.8611211699510137,0.0,6.450382248708087,0.0008747966786208211,0.0008747966786208211,1.8600989421600482,1,1,1.0,1.793711581496792,1.793711581496792,0.7071067811865476,0.7071067811865476,0.5,-0.5,0.5,1.5707963705062866,simulator_service,service_success,True,,0.0075,0.0015,service_success,0.0,False,False
-15.300884,2,647.396374,False,3.0775150221451004,True,False,0.0,out_of_bounds,True,0.050261010978695626,0.0,2.1667779785409156,0.0007552289706564996,0.0007552289706564996,1.286861020127769,1,1,1.0,1.793711581496792,1.793711581496792,0.7071067811865476,0.7071067811865476,0.5,0.5,-0.5,-1.5707963705062866,simulator_service,service_success,True,,0.0074,0.0003,service_success,0.0,False,False
-15.518915,2,654.417253,False,5.102979930225616,True,False,0.0,out_of_bounds,True,0.43943973353663374,0.0,2.8212695022802454,0.0007917770369499684,0.0007917770369499684,1.6616508809207644,1,1,1.0,1.793711581496792,1.793711581496792,0.7071067811865476,0.7071067811865476,-0.5,0.5,-0.5,1.5707963705062866,simulator_service,service_success,True,,0.0068,0.0,service_success,0.0,False,False
-15.230959,2,662.010933,False,5.820421428610598,True,False,5.260862582081763,out_of_bounds,True,0.6160634298696508,0.0,5.7429675102195406,0.0008520301670125235,0.0008520301670125235,1.9268572117513965,1,1,1.0,1.793711581496792,1.793711581496792,0.7071067811865476,0.7071067811865476,0.5,-0.5,0.5,-1.5707963705062866,simulator_service,service_success,True,,0.0064,0.006,service_success,0.0,False,False
-15.260635,2,669.734004,False,7.648165768689987,True,False,4.946127312384381,out_of_bounds,True,0.08888208506454584,0.0,6.0922073576440345,0.0009240782703246456,0.0009240782703246456,1.4096883675946434,1,1,1.0,1.793711581496792,1.793711581496792,0.7071067811865476,0.7071067811865476,-0.5,-0.5,0.5,1.5707963705062866,simulator_service,service_success,True,,0.0055,0.0015,service_success,0.0,False,False
-15.260819,2,677.425031,False,2.7270757294049726,True,False,0.0,out_of_bounds,True,0.0882393638013551,0.0,2.7906008340572823,0.0,0.0,1.6462525748725008,1,1,1.0,1.793711581496792,1.793711581496792,0.7071067811865476,0.7071067811865476,0.5,0.5,-0.5,-1.5707963705062866,simulator_service,service_success,True,,0.0062,0.0001,service_success,0.0,False,False
-15.316268,2,685.147412,False,4.154930216890559,True,False,4.827682901307613,out_of_bounds,True,0.40933899389629474,0.0,6.4322813625008495,0.0,0.0,1.0968981363561543,1,1,1.0,1.793711581496792,1.793711581496792,0.7071067811865476,0.7071067811865476,-0.5,0.5,0.5,1.5707963705062866,simulator_service,service_success,True,,0.0081,0.0001,service_success,0.0,False,False
-15.295765,2,693.038186,False,4.432117868945643,True,False,5.035394418495035,out_of_bounds,True,0.013119016951411992,0.0,6.51964673026291,0.0007572112242667368,0.0007572112242667368,1.2536627933848783,1,1,1.0,1.793711581496792,1.793711581496792,0.7071067811865476,0.7071067811865476,-0.5,-0.5,0.5,1.5707963705062866,simulator_service,service_success,True,,0.0072,0.0054,service_success,0.0,False,False
-15.451062,2,700.767461,False,5.356484030081557,True,False,4.874054324228716,out_of_bounds,True,0.5968410928458286,0.0,6.518849361132858,0.0006688910356277077,0.0006688910356277077,1.0927949583931817,1,1,1.0,1.793711581496792,1.793711581496792,0.7071067811865476,0.7071067811865476,-0.5,0.5,0.5,1.5707963705062866,simulator_service,service_success,True,,0.0069,0.0003,service_success,0.0,False,False
-15.30767,2,708.653126,False,4.479152800159909,True,False,5.226986340935154,out_of_bounds,True,0.8950098798239505,0.0,6.511799184722566,0.0006615270212703532,0.0006615270212703532,1.450478076370883,1,1,1.0,1.793711581496792,1.793711581496792,0.7071067811865476,0.7071067811865476,-0.5,0.5,0.5,1.5707963705062866,simulator_service,service_success,True,,0.0075,0.0,service_success,0.0,False,False
-15.368247,2,716.376066,False,4.207613189391204,True,False,5.3844415060004716,out_of_bounds,True,0.4044582186250252,0.0,6.502526284819602,0.0006794734770685512,0.0006794734770685512,1.6131288441697582,1,1,1.0,1.793711581496792,1.793711581496792,0.7071067811865476,0.7071067811865476,-0.5,0.5,0.5,1.5707963705062866,simulator_service,service_success,True,,0.0066,0.0002,service_success,0.0,False,False
-15.57749,2,724.765155,False,5.505740428960496,True,False,4.881242159456236,out_of_bounds,True,0.14973625489543796,0.0,6.4928399776163035,0.0006647550890586298,0.0006647550890586298,1.115066786695999,1,1,1.0,1.793711581496792,1.793711581496792,0.7071067811865476,0.7071067811865476,0.5,-0.5,0.5,1.5707963705062866,simulator_service,service_success,True,,0.0075,0.0,service_success,0.0,False,False
-15.463848,2,732.889099,False,4.565187621438913,True,False,5.909048617128244,out_of_bounds,True,0.6550864228576928,0.0,6.8508594533916085,0.0006722998343610769,0.0006722998343610769,1.9361868520165564,1,1,1.0,1.793711581496792,1.793711581496792,0.7071067811865476,0.7071067811865476,-0.5,0.5,0.5,1.5707963705062866,simulator_service,service_success,True,,0.0067,0.0,service_success,0.0,False,False
-15.425893,2,740.982035,False,4.542208794815825,True,False,4.986721065691619,out_of_bounds,True,0.345727020705051,0.0,6.851043664723467,0.0006176615422274779,0.0006176615422274779,1.0145594701539329,1,1,1.0,1.793711581496792,1.793711581496792,0.7071067811865476,0.7071067811865476,-0.5,0.5,0.5,1.5707963705062866,simulator_service,service_success,True,,0.0089,0.0001,service_success,0.0,False,False
-15.421503,2,749.003028,False,4.495393030582465,True,False,5.335076615192433,out_of_bounds,True,0.46786188064613954,0.0,6.841818599175951,0.0006455516055304625,0.0006455516055304625,1.3678308533785326,1,1,1.0,1.793711581496792,1.793711581496792,0.7071067811865476,0.7071067811865476,-0.5,0.5,0.5,1.5707963705062866,simulator_service,service_success,True,,0.0083,0.0003,service_success,0.0,False,False
-15.441781,2,756.896791,False,6.62108942812296,True,False,5.609662493599819,out_of_bounds,True,0.26886162694543875,0.0,6.581029156080813,0.0037083028465022348,0.0037083028465022348,1.7932904516461636,1,1,1.0,1.793711581496792,1.793711581496792,0.7071067811865476,0.7071067811865476,0.5,0.5,0.5,1.5707963705062866,simulator_service,service_success,True,,0.008,0.0004,service_success,0.0,False,False
-15.132074,2,764.816211,False,5.448377122387063,True,False,5.103638759843071,out_of_bounds,True,0.4007542209298492,0.0,6.502141445553733,0.0006512926582448894,0.0006512926582448894,1.33241469140588,1,1,1.0,1.793711581496792,1.793711581496792,0.7071067811865476,0.7071067811865476,-0.5,-0.5,0.5,-1.5707963705062866,simulator_service,service_success,True,,0.0078,0.0001,service_success,0.0,False,False
-15.242544,2,773.104963,False,6.608272281010915,True,False,5.153884799997403,out_of_bounds,True,0.7345631578942674,0.0,6.5713285018818235,0.003910475873852904,0.003910475873852904,1.3425502432678182,1,1,1.0,1.793711581496792,1.793711581496792,0.7071067811865476,0.7071067811865476,0.5,0.5,0.5,1.5707963705062866,simulator_service,service_success,True,,0.007,0.0002,service_success,0.0,False,False
-15.195497,2,781.132007,False,3.0626207241172936,True,False,0.0,out_of_bounds,True,0.678241228683645,0.0,4.224807254834594,0.0009453326818383975,0.0009453326818383975,1.2975164370761028,1,1,1.0,1.737224039027987,1.737224039027987,0.7071067811865476,0.7071067811865476,-0.5,-0.5,-0.22482465207576752,-1.5707963705062866,simulator_service,service_success,True,,0.0072,0.0003,service_success,0.0,False,False
-15.340159,2,789.422038,False,4.271952823921829,True,False,0.0,out_of_bounds,True,0.1304152786090114,0.0,2.1267335339215814,0.0,0.0,1.2671336965815827,1,1,1.0,1.793711581496792,1.793711581496792,0.7071067811865476,0.7071067811865476,0.5,0.5,-0.5,1.5707963705062866,simulator_service,service_success,True,,0.0082,0.0001,service_success,0.0,False,False
-15.552757,2,797.948018,False,8.881140943956131,True,False,5.366441817081029,out_of_bounds,True,0.8403539453699576,0.0,7.000006897552848,0.005358782680409234,0.005358782680409234,1.307703665954386,1,1,1.0,1.793711581496792,1.793711581496792,0.7071067811865476,0.7071067811865476,-0.5,0.5,0.5,1.5707963705062866,simulator_service,service_success,True,,0.0099,0.0013,service_success,0.0,False,False
-15.202096,2,806.237339,False,2.9065491380537978,True,False,0.0,out_of_bounds,True,0.9482677711824279,0.0,3.0815087668657375,0.0,0.0,1.8136411743896397,1,1,1.0,1.793711581496792,1.793711581496792,0.7071067811865476,0.7071067811865476,-0.5,0.5,-0.5,1.5707963705062866,simulator_service,service_success,True,,0.0102,0.0018,service_success,0.0,False,False
-15.402308,2,814.656972,False,1.4719287400856793,True,False,0.0,out_of_bounds,True,0.8842659914625673,0.0,3.0171068392130613,0.0,0.0,1.7751827317777147,1,1,1.0,1.793711581496792,1.793711581496792,0.7071067811865476,0.7071067811865476,0.5,-0.5,-0.5,-1.5707963705062866,simulator_service,service_success,True,,0.0087,0.0001,service_success,0.0,False,False
-15.333555,2,823.150268,False,2.4050247416049277,True,False,0.0,out_of_bounds,True,0.26317262465290664,0.0,1.7232978089269213,0.0,0.0,1.0321263771021567,1,1,1.0,1.5823874266427347,1.5823874266427347,0.7071067811865476,0.7071067811865476,0.5,0.5,-0.5,-1.3243677616119385,simulator_service,service_success,True,,0.0087,0.0003,service_success,0.0,False,False
-15.163957,2,831.471195,False,1.5434597930089828,True,False,0.0,out_of_bounds,True,0.10334859719208643,0.0,2.5527544687954666,0.0,0.0,1.5102786311402927,1,1,1.0,1.793711581496792,1.793711581496792,0.7071067811865476,0.7071067811865476,-0.5,-0.5,-0.5,-1.5707963705062866,simulator_service,service_success,True,,0.0102,0.008,service_success,0.0,False,False
-15.475044,2,840.16516,False,3.888200377080057,True,False,0.0,out_of_bounds,True,0.8094908979187599,0.0,3.4246942560515325,0.0,0.0,2.006908935571951,1,1,1.0,1.793711581496792,1.793711581496792,0.7071067811865476,0.7071067811865476,0.5,-0.5,-0.5,-1.5707963705062866,simulator_service,service_success,True,,0.0094,0.0001,service_success,0.0,False,False
-15.348993,2,848.889392,False,2.6488553373250507,True,False,0.0,out_of_bounds,True,0.047488050546350705,0.0,3.3935542574334763,0.0,0.0,1.9918300780379152,1,1,1.0,1.793711581496792,1.793711581496792,0.7071067811865476,0.7071067811865476,0.5,0.5,-0.5,1.5707963705062866,simulator_service,service_success,True,,0.0092,0.0027,service_success,0.0,False,False
-15.419711,2,857.779267,False,7.949910655139049,True,False,5.9869926223306615,out_of_bounds,True,0.3620866557960653,0.0,7.069615790276334,0.0,0.0,1.8892009137949755,1,1,1.0,1.793711581496792,1.793711581496792,0.7071067811865476,0.7071067811865476,0.5,0.5,0.5,1.5707963705062866,simulator_service,service_success,True,,0.0112,0.0086,service_success,0.0,False,False
-15.313614,2,866.401158,False,1.9413484988548677,True,False,0.0,out_of_bounds,True,0.2019925471186892,0.0,2.8913945920086683,0.0,0.0,1.7022668557227816,1,1,1.0,1.793711581496792,1.793711581496792,0.7071067811865476,0.7071067811865476,-0.5,0.5,-0.5,1.5707963705062866,simulator_service,service_success,True,,0.0116,0.0016,service_success,0.0,False,False
-15.248388,2,874.993994,False,1.666447751775177,True,False,0.0,out_of_bounds,True,0.26998835837607116,0.0,3.0115286075831373,0.0,0.0,1.772231462031088,1,1,1.0,1.793711581496792,1.793711581496792,0.7071067811865476,0.7071067811865476,0.5,-0.5,-0.5,-1.5707963705062866,simulator_service,service_success,True,,0.01,0.0003,service_success,0.0,False,False
-15.25879,2,883.514363,False,2.8818325906670483,True,False,0.0,out_of_bounds,True,0.9603730180814066,0.0,3.294107352356257,0.0,0.0,1.9312763551731742,1,1,1.0,1.5796104375681084,1.5796104375681084,0.7071067811865476,0.7071067811865476,-0.5,-0.5,-0.5,-1.3210484981536865,simulator_service,service_success,True,,0.0103,0.0015,service_success,0.0,False,False
-15.298699,2,892.20604,False,2.435335948318133,True,False,0.0,out_of_bounds,True,0.46662663560019485,0.0,1.8469290433240357,0.0,0.0,1.1089170895776705,1,1,1.0,1.793711581496792,1.793711581496792,0.7071067811865476,0.7071067811865476,0.5,-0.5,-0.5,1.5707963705062866,simulator_service,service_success,True,,0.0106,0.0092,service_success,0.0,False,False
-15.334545,2,900.729377,False,2.8916136326431383,True,False,0.0,out_of_bounds,True,0.5153823910276341,0.0,2.6602344693511837,0.0,0.0,1.571350251200471,1,1,1.0,1.793711581496792,1.793711581496792,0.7071067811865476,0.7071067811865476,0.5,0.5,-0.5,-1.5707963705062866,simulator_service,service_success,True,,0.0091,0.0001,service_success,0.0,False,False
-15.353133,2,909.421965,False,1.7290803381130107,True,False,0.0,out_of_bounds,True,0.5402349933897371,0.0,2.981072450803517,0.0,0.0,1.7564606778253726,1,1,1.0,1.793711581496792,1.793711581496792,0.7071067811865476,0.7071067811865476,0.5,0.5,-0.5,1.5707963705062866,simulator_service,service_success,True,,0.0104,0.0005,service_success,0.0,False,False
-15.205636,2,918.045044,False,2.373628107077594,True,False,0.0,out_of_bounds,True,0.3302482519497397,0.0,2.973742161463824,0.0,0.0,1.7514488141561562,1,1,1.0,1.793711581496792,1.793711581496792,0.7071067811865476,0.7071067811865476,0.5,0.5,-0.5,1.5707963705062866,simulator_service,service_success,True,,0.0108,0.0103,service_success,0.0,False,False
-15.529694,2,926.836018,False,6.179198821042279,True,False,5.248602372126664,out_of_bounds,True,0.3886417793127391,0.0,7.129620757379037,0.0,0.0,1.115799589272085,1,1,1.0,1.793711581496792,1.793711581496792,0.7071067811865476,0.7071067811865476,-0.5,0.5,0.5,-1.5707963705062866,simulator_service,service_success,True,,0.0117,0.0078,service_success,0.0,False,False
-15.514585,2,935.957111,False,4.053862388376599,True,False,0.0,out_of_bounds,True,0.8562297272740711,0.0,1.9256845967452756,0.0,0.0,1.1523700508294887,1,1,1.0,1.793711581496792,1.793711581496792,0.7071067811865476,0.7071067811865476,0.5,0.5,-0.5,-1.5707963705062866,simulator_service,service_success,True,,0.0097,0.0007,service_success,0.0,False,False
-15.387997,2,944.748992,False,5.112994710360056,True,False,5.786963193735589,out_of_bounds,True,0.9082363455458644,0.0,7.5555596880723215,0.0,0.0,1.4083899482104967,1,1,1.0,1.793711581496792,1.793711581496792,0.7071067811865476,0.7071067811865476,-0.5,-0.5,0.5,-1.5707963705062866,simulator_service,service_success,True,,0.0096,0.0001,service_success,0.0,False,False
-15.458021,2,953.872462,False,9.752110585067527,True,False,5.546394215404609,out_of_bounds,True,0.7018957130111564,0.0,7.121325726434429,0.0,0.0,1.4191251773539384,1,1,1.0,1.793711581496792,1.793711581496792,0.7071067811865476,0.7071067811865476,0.5,-0.5,0.5,1.5707963705062866,simulator_service,service_success,True,,0.0125,0.0074,service_success,0.0,False,False
-15.4484415,2,962.765031,False,3.3714860490009295,True,False,0.0,out_of_bounds,True,0.4859232401608179,0.0,2.0264951475238697,0.0,0.0,1.2105377848459384,1,1,1.0,1.793711581496792,1.793711581496792,0.7071067811865476,0.7071067811865476,-0.5,0.5,-0.5,-1.5707963705062866,simulator_service,service_success,True,,0.0097,0.0001,service_success,0.0,False,False
-15.256388,2,971.887963,False,6.2649464250715186,True,False,5.863357145071043,out_of_bounds,True,0.687399140410192,0.0,7.5560988244265985,0.0,0.0,1.4850674892983866,1,1,1.0,1.793711581496792,1.793711581496792,0.7071067811865476,0.7071067811865476,-0.5,0.5,0.5,1.5707963705062866,simulator_service,service_success,True,,0.0103,0.0002,service_success,0.0,False,False
-15.259948,2,980.881033,False,3.209022330054244,True,False,0.0,out_of_bounds,True,0.2292174275355166,0.0,2.1136793413507666,0.0,0.0,1.2591532620232861,1,1,1.0,1.793711581496792,1.793711581496792,0.7071067811865476,0.7071067811865476,-0.5,0.5,-0.5,-1.5707963705062866,simulator_service,service_success,True,,0.0114,0.002,service_success,0.0,False,False
-15.3859415,2,989.908964,False,9.115349641304897,True,False,6.253798754862402,out_of_bounds,True,0.7973548083428169,0.0,7.538431940392929,0.0,0.0,1.885550161033759,1,1,1.0,1.793711581496792,1.793711581496792,0.7071067811865476,0.7071067811865476,0.5,-0.5,0.5,1.5707963705062866,simulator_service,service_success,True,,0.0104,0.0003,service_success,0.0,False,False
-15.396968,2,999.592029,False,5.894520163930787,True,False,3.4943141612459008,out_of_bounds,True,0.14583697701502815,0.0,4.866178737409733,0.0,0.0,1.4828652880244861,1,1,1.0,1.6653807683139195,1.6653807683139195,0.5043669399640063,0.5043669399640063,0.5,0.06622695922851562,0.22738921642303467,-1.5707963705062866,simulator_service,service_success,True,,0.0103,0.0019,service_success,0.0,False,False
-15.423301,2,1008.217003,False,8.443280723185511,True,False,6.152717143940865,out_of_bounds,True,0.774807205921907,0.0,8.060499817089413,0.0,0.0,1.4830640904003538,1,1,1.0,1.793711581496792,1.793711581496792,0.7071067811865476,0.7071067811865476,-0.5,0.5,0.5,1.5707963705062866,simulator_service,service_success,True,,0.0101,0.0001,service_success,0.0,False,False
-15.557373,2,1017.602937,False,4.637727505809309,True,False,0.0,out_of_bounds,True,0.6192257107542797,0.0,2.1224704877108356,0.0,0.0,1.2665927453390642,1,1,1.0,1.793711581496792,1.793711581496792,0.7071067811865476,0.7071067811865476,0.5,0.5,-0.5,-1.5707963705062866,simulator_service,service_success,True,,0.0108,0.0,service_success,0.0,False,False
-15.54641,2,1027.022249,False,5.583602894968019,True,False,6.021467412143096,out_of_bounds,True,0.046108215946125394,0.0,7.616768604875141,0.0,0.0,1.607630577163057,1,1,1.0,1.793711581496792,1.793711581496792,0.7071067811865476,0.7071067811865476,-0.5,0.5,0.5,-1.5707963705062866,simulator_service,service_success,True,,0.0089,0.0001,service_success,0.0,False,False
-15.432193,2,1036.116032,False,2.801406343654925,True,False,0.0,out_of_bounds,True,0.38887229160620856,0.0,1.974181444191009,0.0,0.0,1.1802324988417994,1,1,1.0,1.793711581496792,1.793711581496792,0.7071067811865476,0.7071067811865476,-0.5,-0.5,-0.5,1.5707963705062866,simulator_service,service_success,True,,0.0107,0.0019,service_success,0.0,False,False
-15.552193,2,1042.955118,False,6.122254029725509,True,False,6.0879793459194405,out_of_bounds,True,0.05100988456085166,0.0,7.372833887694115,0.0,0.0,1.8155174696263716,1,1,1.0,1.793711581496792,1.793711581496792,0.7071067811865476,0.7071067811865476,-0.5,-0.5,0.5,-1.5707963705062866,simulator_service,service_success,True,,0.0106,0.0001,service_success,0.0,False,False
-15.501549,2,1052.141044,False,5.00302696587756,True,False,0.0,out_of_bounds,True,0.42036237810563265,0.0,2.400479068487252,0.0,0.0,1.4208218179415666,1,1,1.0,1.793711581496792,1.793711581496792,0.7071067811865476,0.7071067811865476,-0.5,0.5,-0.5,-1.5707963705062866,simulator_service,service_success,True,,0.0123,0.0013,service_success,0.0,False,False
-15.469109,2,1061.05309,False,4.211089788461224,True,False,5.844286661498407,out_of_bounds,True,0.9254776510560507,0.0,6.255545573655223,0.0,0.0,1.4882337325195887,1,1,1.0,1.7280309901457325,1.7280309901457325,0.5183530315415524,0.5183530315415524,0.5,-0.13671088218688965,0.5,-1.5707963705062866,simulator_service,service_success,True,,0.0109,0.0002,service_success,0.0,False,False
-15.40207,2,1069.955009,False,1.5169737894406405,True,False,0.0,out_of_bounds,True,0.13413737800462197,0.0,3.218436866997281,0.0,0.0,1.8890742878871463,1,1,1.0,1.793711581496792,1.793711581496792,0.7071067811865476,0.7071067811865476,-0.5,-0.5,-0.5,1.5707963705062866,simulator_service,service_success,True,,0.011,0.0015,service_success,0.0,False,False
-15.398099,2,1079.464348,False,4.78186339690102,True,False,5.1398322500293,out_of_bounds,True,0.7676851511372007,0.0,7.085685593146015,0.0,0.0,1.0329558572549664,1,1,1.0,1.793711581496792,1.793711581496792,0.7071067811865476,0.7071067811865476,-0.5,0.5,0.5,-1.5707963705062866,simulator_service,service_success,True,,0.0103,0.0001,service_success,0.0,False,False
-15.463159,2,1088.56825,False,2.1744087687590508,True,False,0.0,out_of_bounds,True,0.050553653051179676,0.0,3.042217736980176,0.0010963455995547562,0.0010963455995547562,1.7914208188090865,1,1,1.0,1.793711581496792,1.793711581496792,0.7071067811865476,0.7071067811865476,-0.5,-0.5,-0.5,1.5707963705062866,simulator_service,service_success,True,,0.011,0.0008,service_success,0.0,False,False
-15.283757,2,1097.880216,False,2.357541388061437,True,False,0.0,out_of_bounds,True,0.8476964258664291,0.0,3.0086721924976647,0.0,0.0,1.768912139998939,1,1,1.0,1.793711581496792,1.793711581496792,0.7071067811865476,0.7071067811865476,0.5,-0.5,-0.5,1.5707963705062866,simulator_service,service_success,True,,0.0111,0.0003,service_success,0.0,False,False
-15.501995,2,1107.377949,False,8.235342544316069,True,False,6.502902973409122,out_of_bounds,True,0.5517732538478072,0.0,7.764849343285977,0.000886698133307426,0.000886698133307426,2.003018478456359,1,1,1.0,1.793711581496792,1.793711581496792,0.7071067811865476,0.7071067811865476,-0.5,0.5,0.5,1.5707963705062866,simulator_service,service_success,True,,0.0115,0.0006,service_success,0.0,False,False
-15.242439,2,1116.495126,False,5.844484851749424,True,False,5.810233342066421,out_of_bounds,True,0.034521403652044265,0.0,7.679590042655384,0.0010154649528498001,0.0010154649528498001,1.3607926418445053,1,1,1.0,1.793711581496792,1.793711581496792,0.7071067811865476,0.7071067811865476,-0.5,0.5,0.5,1.5707963705062866,simulator_service,service_success,True,,0.0122,0.0015,service_success,0.0,False,False
-15.314576,2,1126.089242,False,5.931530961456022,True,False,5.930626090863815,out_of_bounds,True,0.8407836576420848,0.0,7.669770535630699,0.0007946550949329921,0.0007946550949329921,1.486645097806175,1,1,1.0,1.793711581496792,1.793711581496792,0.7071067811865476,0.7071067811865476,0.5,-0.5,0.5,1.5707963705062866,simulator_service,service_success,True,,0.01,0.0002,service_success,0.0,False,False
-15.428829,2,1135.309018,False,4.799528131142055,True,False,5.773239242057171,out_of_bounds,True,0.021278833291001303,0.0,7.76503775488364,0.0008495119052836371,0.0008495119052836371,1.2737658168046255,1,1,1.0,1.793711581496792,1.793711581496792,0.7071067811865476,0.7071067811865476,-0.5,-0.5,0.5,1.5707963705062866,simulator_service,service_success,True,,0.0106,0.0002,service_success,0.0,False,False
-15.470668,2,1144.907988,False,2.736152905972852,True,False,0.0,out_of_bounds,True,0.32327887421430307,0.0,2.9800050637151343,0.0007387295226579782,0.0007387295226579782,1.75228973410144,1,1,1.0,1.793711581496792,1.793711581496792,0.7071067811865476,0.7071067811865476,-0.5,0.5,-0.5,1.5707963705062866,simulator_service,service_success,True,,0.0102,0.0001,service_success,0.0,False,False
-15.407703,2,1154.62201,False,2.191480110429032,True,False,0.0,out_of_bounds,True,0.545092676819358,0.0,2.6219463656184034,0.0007960171987258375,0.0007960171987258375,1.5518811754339514,1,1,1.0,1.793711581496792,1.793711581496792,0.7071067811865476,0.7071067811865476,0.5,-0.5,-0.5,1.5707963705062866,simulator_service,service_success,True,,0.0096,0.0002,service_success,0.0,False,False
-15.162794,2,1164.319095,False,7.650020782996512,True,False,6.091454372744733,out_of_bounds,True,0.14868436057270787,0.0,8.173977996135868,0.0007222922742975524,0.0007222922742975524,1.3564344350685376,1,1,1.0,1.793711581496792,1.793711581496792,0.7071067811865476,0.7071067811865476,0.5,-0.5,0.5,1.5707963705062866,simulator_service,service_success,True,,0.0102,0.0001,service_success,0.0,False,False
-15.302236,2,1174.037051,False,2.271260363337754,True,False,0.0,out_of_bounds,True,0.418239745816201,0.0,2.4481973095840264,0.0007558788206051941,0.0007558788206051941,1.448050916642136,1,1,1.0,1.793711581496792,1.793711581496792,0.7071067811865476,0.7071067811865476,0.5,0.5,-0.5,-1.5707963705062866,simulator_service,service_success,True,,0.0113,0.0059,service_success,0.0,False,False
-15.46164,2,1183.932055,False,3.1411354656772774,True,False,0.0,out_of_bounds,True,0.20061022911124568,0.0,1.7170933475614827,0.0008466992834344654,0.0008466992834344654,1.033679899770613,1,1,1.0,1.793711581496792,1.793711581496792,0.7071067811865476,0.7071067811865476,-0.5,-0.5,-0.5,1.5707963705062866,simulator_service,service_success,True,,0.0103,0.0002,service_success,0.0,False,False
-15.346226,2,1193.450989,False,6.253130059739539,True,False,6.011567113056952,out_of_bounds,True,0.18706160816684467,0.0,8.182297222844873,0.000780479618187791,0.000780479618187791,1.2711902330393314,1,1,1.0,1.793711581496792,1.793711581496792,0.7071067811865476,0.7071067811865476,-0.5,0.5,0.5,1.5707963705062866,simulator_service,service_success,True,,0.0112,0.0057,service_success,0.0,False,False
-15.440494,2,1203.049013,False,2.943154773563395,True,False,0.0,out_of_bounds,True,0.45337555916168676,0.0,2.165101849423893,0.0008178761356207161,0.0008178761356207161,1.2895009878524324,1,1,1.0,1.793711581496792,1.793711581496792,0.7071067811865476,0.7071067811865476,-0.5,0.5,-0.5,1.5707963705062866,simulator_service,service_success,True,,0.0108,0.0025,service_success,0.0,False,False
-15.368744,2,1213.063271,False,6.070567874676607,True,False,5.6368582991356435,out_of_bounds,True,0.10525600072139653,0.0,7.738889271159013,0.0008798535830246617,0.0008798535830246617,1.1526749482364322,1,1,1.0,1.793711581496792,1.793711581496792,0.7071067811865476,0.7071067811865476,0.5,-0.5,0.5,1.5707963705062866,simulator_service,service_success,True,,0.0101,0.0001,service_success,0.0,False,False
-15.363278,2,1222.762087,False,2.4428958048495097,True,False,0.0,out_of_bounds,True,0.6289807980626196,0.0,3.3557014358601345,0.0008155341924402882,0.0008155341924402882,1.9687341942379568,1,1,1.0,1.793711581496792,1.793711581496792,0.7071067811865476,0.7071067811865476,0.5,-0.5,-0.5,1.5707963705062866,simulator_service,service_success,True,,0.0117,0.0016,service_success,0.0,False,False
-15.514208,2,1232.692956,False,2.5595978656103644,True,False,0.0,out_of_bounds,True,0.9017204901462218,0.0,3.2032370479641,0.000768557414822265,0.000768557414822265,1.8817844029352053,1,1,1.0,1.793711581496792,1.793711581496792,0.7071067811865476,0.7071067811865476,0.5,0.5,-0.5,-1.5707963705062866,simulator_service,service_success,True,,0.0104,0.0001,service_success,0.0,False,False
-15.173072,2,1242.580378,False,1.939560670361747,True,False,0.0,out_of_bounds,True,0.3289117140433058,0.0,1.7269468343367163,0.0007860210961356684,0.0007860210961356684,1.0387286124609365,1,1,1.0,1.793711581496792,1.793711581496792,0.7071067811865476,0.7071067811865476,0.5,0.5,-0.5,1.5707963705062866,simulator_service,service_success,True,,0.0115,0.0008,service_success,0.0,False,False
-15.399508,2,1252.394035,False,1.7511741882936662,True,False,0.0,out_of_bounds,True,0.26256364543291677,0.0,3.0315360245200442,0.0007793611164675115,0.0007793611164675115,1.783496172628126,1,1,1.0,1.793711581496792,1.793711581496792,0.7071067811865476,0.7071067811865476,-0.5,0.5,-0.5,1.5707963705062866,simulator_service,service_success,True,,0.0108,0.0014,service_success,0.0,False,False
-15.380229,2,1262.493009,False,4.275954836778995,True,False,0.0,out_of_bounds,True,0.4157971283526985,0.0,2.644537935177864,0.0015894475949311492,0.0015894475949311492,1.5584575994190746,1,1,1.0,1.793711581496792,1.793711581496792,0.7071067811865476,0.7071067811865476,0.5,0.5,-0.5,1.5707963705062866,simulator_service,service_success,True,,0.0118,0.0031,service_success,0.0,False,False
-15.31789,2,1272.305038,False,1.537049832767034,True,False,0.0,out_of_bounds,True,0.14199040420972409,0.0,2.595313938784244,0.0007528639877382565,0.0007528639877382565,1.5349567757000075,1,1,1.0,1.793711581496792,1.793711581496792,0.7071067811865476,0.7071067811865476,-0.5,0.5,-0.5,1.5707963705062866,simulator_service,service_success,True,,0.0111,0.0041,service_success,0.0,False,False
-15.15293,2,1282.804968,False,3.734803332541107,True,False,0.0,out_of_bounds,True,0.5066163983191313,0.0,3.161333162806037,0.0015161104315654043,0.0015161104315654043,1.9919031837369943,1,1,1.0,1.764096749318321,1.764096749318321,0.6282006871691117,0.6282006871691117,0.5,-0.3803105354309082,-0.5,1.5707963705062866,simulator_service,service_success,True,,0.0116,0.0006,service_success,0.0,False,False
-15.329765,2,1292.832064,False,6.89447337343112,True,False,6.806008983759939,out_of_bounds,True,0.07849083876495147,0.0,8.764902896039043,0.0007500248408469975,0.0007500248408469975,1.729654158182425,1,1,1.0,1.793711581496792,1.793711581496792,0.7071067811865476,0.7071067811865476,-0.5,0.5,0.5,1.5707963705062866,simulator_service,service_success,True,,0.0106,0.0007,service_success,0.0,False,False
-15.2137375,2,1303.616948,False,2.0751300701354882,True,False,0.0,out_of_bounds,True,0.6140314271338312,0.0,3.4358161973911416,0.0006574998296612098,0.0006574998296612098,2.0129067397578573,1,1,1.0,1.793711581496792,1.793711581496792,0.7071067811865476,0.7071067811865476,0.5,-0.5,-0.5,1.5707963705062866,simulator_service,service_success,True,,0.0114,0.0041,service_success,0.0,False,False
-15.413692,2,1313.833185,False,6.874031823143063,True,False,6.894428543643276,out_of_bounds,True,0.0848550047080286,0.0,9.00034952740448,0.005507994709881794,0.005507994709881794,1.6827159632954611,1,1,1.0,1.793711581496792,1.793711581496792,0.7071067811865476,0.7071067811865476,-0.5,0.5,0.5,1.5707963705062866,simulator_service,service_success,True,,0.0107,0.0003,service_success,0.0,False,False
-15.234448,2,1324.431137,False,3.039123571234891,True,False,0.0,out_of_bounds,True,0.48460071258329435,0.0,1.9291328282905198,0.0017902107014065188,0.0017902107014065188,1.1520403158507995,1,1,1.0,1.793711581496792,1.793711581496792,0.7071067811865476,0.7071067811865476,0.5,0.5,-0.5,1.5707963705062866,simulator_service,service_success,True,,0.0122,0.0033,service_success,0.0,False,False
-15.394932,2,1334.748162,False,3.144742630499436,True,False,0.0,out_of_bounds,True,0.5076381262547784,0.0,2.522008994797085,0.003334588954125744,0.003334588954125744,1.4907670939914268,1,1,1.0,1.793711581496792,1.793711581496792,0.7071067811865476,0.7071067811865476,0.5,0.5,-0.5,1.5707963705062866,simulator_service,service_success,True,,0.0108,0.0002,service_success,0.0,False,False
-15.340949,2,1345.247392,False,6.122456001594884,True,False,6.344589830856396,out_of_bounds,True,0.12873980119096323,0.0,8.469392938664692,0.001596457981210499,0.001596457981210499,1.43946022230154,1,1,1.0,1.793711581496792,1.793711581496792,0.7071067811865476,0.7071067811865476,-0.5,0.5,0.5,1.5707963705062866,simulator_service,service_success,True,,0.0121,0.0011,service_success,0.0,False,False
-15.536494,2,1355.561075,False,5.681704828282422,True,False,6.753350799140649,out_of_bounds,True,0.39727273661549706,0.0,8.478015110584122,0.002690055663539738,0.002690055663539738,1.8430597621954352,1,1,1.0,1.793711581496792,1.793711581496792,0.7071067811865476,0.7071067811865476,-0.5,-0.5,0.5,-1.5707963705062866,simulator_service,service_success,True,,0.0112,0.0026,service_success,0.0,False,False
-15.429275,2,1362.989477,False,5.92518378211643,True,False,6.070051116904416,out_of_bounds,True,0.15154155864845673,0.0,8.56508871385113,0.0,0.0,1.1100418029678545,1,1,1.0,1.793711581496792,1.793711581496792,0.7071067811865476,0.7071067811865476,-0.5,0.5,0.5,1.5707963705062866,simulator_service,service_success,True,,0.011,0.0,service_success,0.0,False,False
-15.5215645,2,1373.57603,False,3.835747817150007,True,False,4.559392416988275,out_of_bounds,True,0.6183615198480468,0.0,6.0389762819092905,0.002325962732770517,0.002325962732770517,1.0571017386955603,1,1,1.0,1.793711581496792,1.793711581496792,0.7071067811865476,0.7071067811865476,-0.5,0.5,0.5,1.5707963705062866,simulator_service,service_success,True,,0.0108,0.0002,service_success,0.0,False,False
-15.552057,2,1384.466406,False,7.857592335992532,True,False,6.697134722022693,out_of_bounds,True,0.7620591057359457,0.0,8.96491741603923,0.0,0.0,1.5035832412730488,1,1,1.0,1.793711581496792,1.793711581496792,0.7071067811865476,0.7071067811865476,-0.5,-0.5,0.5,1.5707963705062866,simulator_service,service_success,True,,0.0111,0.0002,service_success,0.0,False,False
-15.492078,2,1395.29021,False,4.395507514814358,True,False,0.0,out_of_bounds,True,0.39169893037793885,0.0,3.404381685690151,0.0,0.0,1.9970951557793515,1,1,1.0,1.793711581496792,1.793711581496792,0.7071067811865476,0.7071067811865476,0.5,0.5,-0.5,1.5707963705062866,simulator_service,service_success,True,,0.011,0.0001,service_success,0.0,False,False
-15.535328,2,1406.38201,False,5.063242850530792,True,False,6.067389539370824,out_of_bounds,True,0.7714702059742555,0.0,8.635277265416596,0.0,0.0,1.0671977068877139,1,1,1.0,1.793711581496792,1.793711581496792,0.7071067811865476,0.7071067811865476,-0.5,0.5,0.5,1.5707963705062866,simulator_service,service_success,True,,0.011,0.0001,service_success,0.0,False,False
-15.133265,2,1417.204971,False,1.9769206376210524,True,False,0.0,out_of_bounds,True,0.17913584249747144,0.0,3.0446525895862506,0.0,0.0,1.7898236768583946,1,1,1.0,1.793711581496792,1.793711581496792,0.7071067811865476,0.7071067811865476,-0.5,0.5,-0.5,-1.5707963705062866,simulator_service,service_success,True,,0.0129,0.0009,service_success,0.0,False,False
-15.530442,2,1428.193125,False,7.0165521920651175,True,False,6.457453659211593,out_of_bounds,True,0.07114617013981775,0.0,9.148637393606672,0.0,0.0,1.161337299565131,1,1,1.0,1.793711581496792,1.793711581496792,0.7071067811865476,0.7071067811865476,0.5,0.5,0.5,1.5707963705062866,simulator_service,service_success,True,,0.0111,0.0002,service_success,0.0,False,False
-15.424039,2,1439.018113,False,2.1521844683881497,True,False,0.0,out_of_bounds,True,0.23636997285496916,0.0,3.357897502860922,0.0,0.0,1.9708429138706967,1,1,1.0,1.793711581496792,1.793711581496792,0.7071067811865476,0.7071067811865476,0.5,-0.5,-0.5,1.5707963705062866,simulator_service,service_success,True,,0.0116,0.0008,service_success,0.0,False,False
-15.344793,2,1446.810364,False,2.18715368605355,True,False,0.0,out_of_bounds,True,0.6074371059243322,0.0,2.1321464782274533,0.0,0.0,1.271987331290098,1,1,1.0,1.793711581496792,1.793711581496792,0.7071067811865476,0.7071067811865476,0.5,-0.5,-0.5,1.5707963705062866,simulator_service,service_success,True,,0.0111,0.0001,service_success,0.0,False,False
-15.337103,2,1454.175659,False,2.5330845582283077,True,False,0.0,out_of_bounds,True,0.6098791697361946,0.0,2.6648517067929327,0.0,0.0,1.5751036442802437,1,1,1.0,1.793711581496792,1.793711581496792,0.7071067811865476,0.7071067811865476,-0.5,0.5,-0.5,-1.5707963705062866,simulator_service,service_success,True,,0.0114,0.0004,service_success,0.0,False,False
-15.150323,2,1465.019184,False,1.563016727337818,True,False,0.0,out_of_bounds,True,0.05001486744884929,0.0,2.8111552315643022,0.0,0.0,1.7639710600300622,1,1,1.0,0.8265915492394411,0.8265915492394411,0.6342915283038391,0.6342915283038391,-0.390289306640625,-0.5,-0.5,-0.1758631467819214,simulator_service,service_success,True,,0.0114,0.0003,service_success,0.0,False,False
-15.253449,2,1475.84032,False,2.930453579659932,True,False,0.0,out_of_bounds,True,0.16377525222927497,0.0,1.8306154297850914,0.0,0.0,1.0944084244215395,1,1,1.0,1.793711581496792,1.793711581496792,0.7071067811865476,0.7071067811865476,-0.5,0.5,-0.5,-1.5707963705062866,simulator_service,service_success,True,,0.0118,0.0002,service_success,0.0,False,False
-15.47936,2,1483.848174,False,3.068304823180245,True,False,0.0,out_of_bounds,True,0.3856509605902291,0.0,1.9265180438814238,0.0,0.0,1.1527851428861626,1,1,1.0,1.793711581496792,1.793711581496792,0.7071067811865476,0.7071067811865476,0.5,-0.5,-0.5,-1.5707963705062866,simulator_service,service_success,True,,0.0119,0.0022,service_success,0.0,False,False
-15.29868,2,1491.895354,False,6.074874152199027,True,False,5.05105953170092,out_of_bounds,True,0.9625613033648087,0.0,6.7883576230077765,0.0,0.0,1.1158631044144358,1,1,1.0,1.793711581496792,1.793711581496792,0.7071067811865476,0.7071067811865476,-0.5,0.5,0.5,1.5707963705062866,simulator_service,service_success,True,,0.0124,0.0043,service_success,0.0,False,False
-15.19424,2,1502.839201,False,5.052524963285694,True,False,5.0047574245815865,out_of_bounds,True,0.5077717235529472,0.0,6.501756021223443,0.0,0.0,1.234826967997515,1,1,1.0,1.793711581496792,1.793711581496792,0.7071067811865476,0.7071067811865476,-0.5,0.5,0.5,1.5707963705062866,simulator_service,service_success,True,,0.0133,0.0069,service_success,0.0,False,False
-15.344765,2,1510.377201,False,8.976210956503657,True,False,7.1114079515588,out_of_bounds,True,0.19860980075042153,0.0,8.913777110095344,0.0,0.0,1.9498218019491675,1,1,1.0,1.793711581496792,1.793711581496792,0.7071067811865476,0.7071067811865476,-0.5,0.5,0.5,1.5707963705062866,simulator_service,service_success,True,,0.0112,0.0002,service_success,0.0,False,False
-15.534461,2,1518.276664,False,3.760557414715414,True,False,5.148520095454367,out_of_bounds,True,0.813416581950306,0.0,6.159867434386162,0.0,0.0,1.576264708589542,1,1,1.0,1.793711581496792,1.793711581496792,0.7071067811865476,0.7071067811865476,-0.5,-0.5,0.5,1.5707963705062866,simulator_service,service_success,True,,0.0114,0.0001,service_success,0.0,False,False
-15.514269,2,1529.370458,False,6.322987077712645,True,False,5.487890129749035,out_of_bounds,True,0.7542748040563936,0.0,6.5013797170100815,0.0,0.0,1.7168918929954395,1,1,1.0,1.793711581496792,1.793711581496792,0.7071067811865476,0.7071067811865476,0.5,-0.5,0.5,1.5707963705062866,simulator_service,service_success,True,,0.0113,0.0002,service_success,0.0,False,False
-15.389641,2,1537.616086,False,9.153985812044292,True,False,7.120866242862206,out_of_bounds,True,0.4136623740046042,0.0,8.931788920330415,0.0,0.0,1.948003958546009,1,1,1.0,1.793711581496792,1.793711581496792,0.7071067811865476,0.7071067811865476,-0.5,0.5,0.5,1.5707963705062866,simulator_service,service_success,True,,0.0115,0.0001,service_success,0.0,False,False
-15.513157,2,1545.460975,False,6.6224969671322045,True,False,5.306663593840803,out_of_bounds,True,0.146761896513788,0.0,6.770337815047206,0.0,0.0,1.382130894178106,1,1,1.0,1.793711581496792,1.793711581496792,0.7071067811865476,0.7071067811865476,0.5,-0.5,0.5,1.5707963705062866,simulator_service,service_success,True,,0.0114,0.0002,service_success,0.0,False,False
-15.18433,2,1553.472847,False,5.55422748457829,True,False,5.014920256449139,out_of_bounds,True,0.7472464802276776,0.0,6.545177497764796,0.0,0.0,1.2191641849660757,1,1,1.0,1.793711581496792,1.793711581496792,0.7071067811865476,0.7071067811865476,0.5,0.5,0.5,1.5707963705062866,simulator_service,service_success,True,,0.0113,0.0002,service_success,0.0,False,False
-15.358673,2,1561.279856,False,3.6462369298201214,True,False,4.105980165140291,out_of_bounds,True,0.9578251434746059,0.0,5.8531098443641545,0.0,0.0,1.6491859905767818,1,1,1.0,1.7529139581438626,1.7529139581438626,0.7071067811865476,0.7071067811865476,0.5,-0.5,0.32450902462005615,1.5707963705062866,simulator_service,service_success,True,,0.0117,0.0008,service_success,0.0,False,False
-15.450338,2,1569.356381,False,5.929706465190058,True,False,5.134235857942031,out_of_bounds,True,0.740468014287537,0.0,6.493082654512945,0.0,0.0,1.3697469313488764,1,1,1.0,1.793711581496792,1.793711581496792,0.7071067811865476,0.7071067811865476,0.5,0.5,0.5,1.5707963705062866,simulator_service,service_success,True,,0.0114,0.0002,service_success,0.0,False,False
-15.160691,2,1577.30859,False,5.89401457360779,True,False,5.817149916720944,out_of_bounds,True,0.4588082957764532,0.0,6.580099552466081,0.0,0.0,2.0007481986823588,1,1,1.0,1.793711581496792,1.793711581496792,0.7071067811865476,0.7071067811865476,-0.5,0.5,0.5,-1.5707963705062866,simulator_service,service_success,True,,0.0115,0.0,service_success,0.0,False,False
-15.426185,2,1585.285151,False,4.802789471451887,True,False,4.903066385877179,out_of_bounds,True,0.42371028742183414,0.0,6.510736882623446,0.0,0.0,1.1276950677533448,1,1,1.0,1.793711581496792,1.793711581496792,0.7071067811865476,0.7071067811865476,0.5,0.5,0.5,1.5707963705062866,simulator_service,service_success,True,,0.0115,0.0003,service_success,0.0,False,False
-15.521699,2,1593.20759,False,4.510816014230372,True,False,5.355570432072114,out_of_bounds,True,0.9065971340839758,0.0,6.4931133909003105,0.0,0.0,1.5905536323015996,1,1,1.0,1.7645493297887642,1.7645493297887642,0.7071067811865476,0.7071067811865476,-0.5,0.5,0.5,1.5374115705490112,simulator_service,service_success,True,,0.0114,0.0002,service_success,0.0,False,False
-15.555802,2,1601.26603,False,4.549916182008329,True,False,0.0,out_of_bounds,True,0.8169820505766024,0.0,1.7530226085646088,0.0,0.0,1.056714530360942,1,1,1.0,1.793711581496792,1.793711581496792,0.7071067811865476,0.7071067811865476,0.5,-0.5,-0.5,-1.5707963705062866,simulator_service,service_success,True,,0.0116,0.0,service_success,0.0,False,False
-15.449156,2,1609.116908,False,4.913055727070841,True,False,5.6005448849118675,out_of_bounds,True,0.106294572615177,0.0,6.492839619890846,0.0,0.0,1.8347304567692833,1,1,1.0,1.793711581496792,1.793711581496792,0.7071067811865476,0.7071067811865476,-0.5,-0.5,0.5,-1.5707963705062866,simulator_service,service_success,True,,0.0116,0.0003,service_success,0.0,False,False
-15.259422,2,1617.286825,False,5.618400040286965,True,False,5.286208333029456,out_of_bounds,True,0.7778938465418092,0.0,6.510908332233473,0.0,0.0,1.5113275575531864,1,1,1.0,1.793711581496792,1.793711581496792,0.7071067811865476,0.7071067811865476,0.5,0.5,0.5,1.5707963705062866,simulator_service,service_success,True,,0.0118,0.0003,service_success,0.0,False,False
-15.205042,2,1624.997661,False,4.919800660334169,True,False,5.068620595544119,out_of_bounds,True,0.19452899214685004,0.0,6.485430569497621,0.0,0.0,1.308193639092633,1,1,1.0,1.793711581496792,1.793711581496792,0.7071067811865476,0.7071067811865476,-0.5,-0.5,0.5,1.5707963705062866,simulator_service,service_success,True,,0.012,0.0007,service_success,0.0,False,False
-15.437229,2,1636.801244,False,5.1969734032102695,True,False,4.971404630862027,out_of_bounds,True,0.7271944569163836,0.0,6.4943917566049505,0.0,0.0,1.2055470991651585,1,1,1.0,1.793711581496792,1.793711581496792,0.7071067811865476,0.7071067811865476,0.5,0.5,0.5,1.5707963705062866,simulator_service,service_success,True,,0.0116,0.0,service_success,0.0,False,False
-15.302236,2,1644.424395,False,7.876508542543179,True,False,6.5855899263401945,out_of_bounds,True,0.597320560000634,0.0,9.549403311417333,0.0,0.0,1.0560792621775037,1,1,1.0,1.793711581496792,1.793711581496792,0.7071067811865476,0.7071067811865476,0.5,-0.5,0.5,-1.5707963705062866,simulator_service,service_success,True,,0.012,0.0012,service_success,0.0,False,False
-15.462278,2,1652.669028,False,2.1399061603283274,True,False,0.0,out_of_bounds,True,0.22654421204927805,0.0,3.3058125678825148,0.0,0.0,1.9413173882589314,1,1,1.0,1.793711581496792,1.793711581496792,0.7071067811865476,0.7071067811865476,0.5,-0.5,-0.5,1.5707963705062866,simulator_service,service_success,True,,0.0114,0.0,service_success,0.0,False,False
-15.471848,2,1660.793248,False,5.551908431878209,True,False,5.7985047262810125,out_of_bounds,True,0.43180713066330034,0.0,6.746934253231773,0.0,0.0,1.8858501327065498,1,1,1.0,1.793711581496792,1.793711581496792,0.7071067811865476,0.7071067811865476,0.5,-0.5,0.5,-1.5707963705062866,simulator_service,service_success,True,,0.0084,0.0001,service_success,0.0,False,False
-15.277727,2,1669.20089,False,6.580746296156747,True,False,5.44446506235532,out_of_bounds,True,0.43374859186299003,0.0,6.688459676883581,0.0,0.0,1.56745780835921,1,1,1.0,1.793711581496792,1.793711581496792,0.7071067811865476,0.7071067811865476,0.5,-0.5,0.5,1.5707963705062866,simulator_service,service_success,True,,0.0125,0.0047,service_success,0.0,False,False
-15.248749,2,1677.531302,False,5.885547712910026,True,False,5.97494287880333,out_of_bounds,True,0.10860277640518087,0.0,6.929135094712091,0.0,0.0,1.9583367783015107,1,1,1.0,1.793711581496792,1.793711581496792,0.7071067811865476,0.7071067811865476,0.5,-0.5,0.5,-1.5707963705062866,simulator_service,service_success,True,,0.0115,0.0001,service_success,0.0,False,False
-15.321428,2,1689.432106,False,6.432727009535615,True,False,5.142097117621264,out_of_bounds,True,0.3171480547608343,0.0,6.752213592552228,0.0,0.0,1.2266388506541104,1,1,1.0,1.793711581496792,1.793711581496792,0.7071067811865476,0.7071067811865476,0.5,0.5,0.5,1.5707963705062866,simulator_service,service_success,True,,0.0115,0.0001,service_success,0.0,False,False
-15.479598,2,1698.206292,False,3.0735459054905707,True,False,0.0,out_of_bounds,True,0.6165092177125526,0.0,2.6100455051942095,0.0,0.0,1.5409439375433238,1,1,1.0,1.793711581496792,1.793711581496792,0.7071067811865476,0.7071067811865476,0.5,-0.5,-0.5,-1.5707963705062866,simulator_service,service_success,True,,0.0115,0.0001,service_success,0.0,False,False
-15.378593,2,1710.146579,False,7.582590191127902,True,False,5.162627251503863,out_of_bounds,True,0.20239886142282806,0.0,7.067178821029575,0.0,0.0,1.0676851194005157,1,1,1.0,1.793711581496792,1.793711581496792,0.7071067811865476,0.7071067811865476,-0.5,-0.5,0.5,1.5707963705062866,simulator_service,service_success,True,,0.0116,0.0002,service_success,0.0,False,False
-15.326453,2,1718.718773,False,7.83297319347663,True,False,6.88944890996047,out_of_bounds,True,0.904294721422961,0.0,9.989489957031402,0.0,0.0,1.105589984970839,1,1,1.0,1.793711581496792,1.793711581496792,0.7071067811865476,0.7071067811865476,0.5,0.5,0.5,1.5707963705062866,simulator_service,service_success,True,,0.0113,0.0011,service_success,0.0,False,False
-15.410372,2,1727.433763,False,6.696646715292169,True,False,5.707108492159737,out_of_bounds,True,0.2478754352861582,0.0,7.172665081000597,0.0,0.0,1.5517157600882856,1,1,1.0,1.793711581496792,1.793711581496792,0.7071067811865476,0.7071067811865476,-0.5,0.5,0.5,1.5707963705062866,simulator_service,service_success,True,,0.0117,0.0001,service_success,0.0,False,False
-15.408849,2,1736.219495,False,4.727038754275083,True,False,5.566578571897804,out_of_bounds,True,0.5182970030297955,0.0,6.766835196504115,0.0,0.0,1.6448482590378546,1,1,1.0,1.793711581496792,1.793711581496792,0.7071067811865476,0.7071067811865476,-0.5,-0.5,0.5,1.5707963705062866,simulator_service,service_success,True,,0.0114,0.0002,service_success,0.0,False,False
-15.424726,2,1745.10603,False,4.6391899420339335,True,False,5.742607189212768,out_of_bounds,True,0.5580786405411954,0.0,7.4434043497570155,0.0,0.0,1.4295388929569752,1,1,1.0,1.793711581496792,1.793711581496792,0.7071067811865476,0.7071067811865476,-0.5,0.5,0.5,-1.5707963705062866,simulator_service,service_success,True,,0.0115,0.0003,service_success,0.0,False,False
-15.445461,2,1753.844693,False,5.341172890847575,True,False,5.689324365097196,out_of_bounds,True,0.3838947761112776,0.0,7.471946293925432,0.0,0.0,1.360695887429523,1,1,1.0,1.793711581496792,1.793711581496792,0.7071067811865476,0.7071067811865476,-0.5,-0.5,0.5,1.5707963705062866,simulator_service,service_success,True,,0.0112,0.0,service_success,0.0,False,False
-15.159076,2,1762.837258,False,6.020190875270832,True,False,5.39931996327262,out_of_bounds,True,0.7527738931123381,0.0,6.774522187863972,0.0,0.0,1.4734013058661117,1,1,1.0,1.793711581496792,1.793711581496792,0.7071067811865476,0.7071067811865476,-0.5,0.5,0.5,-1.5707963705062866,simulator_service,service_success,True,,0.0114,0.0002,service_success,0.0,False,False
-15.392941,2,1771.428719,False,5.182866376944186,True,False,0.0,out_of_bounds,True,0.41851333449328465,0.0,2.689526176435423,0.0,0.0,1.579988008354031,1,1,1.0,0.9024450204470705,0.9024450204470705,0.7071067811865476,0.7071067811865476,-0.5,-0.5,-0.5,0.2537853717803955,simulator_service,service_success,True,,0.0114,0.0002,service_success,0.0,False,False
-15.57426,2,1779.714332,False,4.081142336648474,True,False,0.0,out_of_bounds,True,0.324279224287904,0.0,2.392521104445083,0.0,0.0,1.416511701177477,1,1,1.0,1.793711581496792,1.793711581496792,0.7071067811865476,0.7071067811865476,0.5,-0.5,-0.5,-1.5707963705062866,simulator_service,service_success,True,,0.0113,0.0,service_success,0.0,False,False
-15.39971,2,1788.248176,False,4.5842684318962466,True,False,5.069441102935607,out_of_bounds,True,0.7795729965921367,0.0,6.762263468826287,0.0,0.0,1.1480030038152311,1,1,1.0,1.793711581496792,1.793711581496792,0.7071067811865476,0.7071067811865476,-0.5,0.5,0.5,1.5707963705062866,simulator_service,service_success,True,,0.013,0.0038,service_success,0.0,False,False
-15.495642,2,1796.722914,False,4.678045575759014,True,False,5.372343451394938,out_of_bounds,True,0.6299440135866791,0.0,6.774456655952372,0.0,0.0,1.4454660415973684,1,1,1.0,1.793711581496792,1.793711581496792,0.7071067811865476,0.7071067811865476,-0.5,0.5,0.5,1.5707963705062866,simulator_service,service_success,True,,0.0141,0.0097,service_success,0.0,False,False
-15.231327,2,1805.131188,False,5.54469027956743,True,False,5.797375026824221,out_of_bounds,True,0.7048386494624272,0.0,6.747993361662346,0.0,0.0,1.8863126068050768,1,1,1.0,1.793711581496792,1.793711581496792,0.7071067811865476,0.7071067811865476,-0.5,0.5,0.5,1.5707963705062866,simulator_service,service_success,True,,0.0116,0.0003,service_success,0.0,False,False
-15.338029,2,1813.72403,False,2.881320504500824,True,False,0.0,out_of_bounds,True,0.4404383662979876,0.0,2.627153003519047,0.0,0.0,1.54749154163779,1,1,1.0,1.793711581496792,1.793711581496792,0.7071067811865476,0.7071067811865476,-0.5,0.5,-0.5,1.5707963705062866,simulator_service,service_success,True,,0.0121,0.0,service_success,0.0,False,False
-15.349601,2,1822.060565,False,4.922849093456718,True,False,5.903996605703591,out_of_bounds,True,0.07880521461655565,0.0,6.7617647047511005,0.0,0.0,1.983579185734319,1,1,1.0,1.793711581496792,1.793711581496792,0.7071067811865476,0.7071067811865476,-0.5,-0.5,0.5,-1.5707963705062866,simulator_service,service_success,True,,0.0119,0.0,service_success,0.0,False,False
-15.531493,2,1830.747465,False,4.3803755718540245,True,False,5.640029195913823,out_of_bounds,True,0.1883098553801838,0.0,6.765386334112907,0.0,0.0,1.718668892129594,1,1,1.0,1.793711581496792,1.793711581496792,0.7071067811865476,0.7071067811865476,-0.5,-0.5,0.5,1.5707963705062866,simulator_service,service_success,True,,0.0135,0.0066,service_success,0.0,False,False
-15.563597,2,1839.865937,False,3.345537539366782,True,False,0.0,out_of_bounds,True,0.6991710032121713,0.0,2.1987881898423254,0.0,0.0,1.3033165788146475,1,1,1.0,1.793711581496792,1.793711581496792,0.7071067811865476,0.7071067811865476,0.5,0.5,-0.5,1.5707963705062866,simulator_service,service_success,True,,0.0119,0.0,service_success,0.0,False,False
-15.263256,2,1851.408997,False,3.3298895697803865,True,False,0.0,out_of_bounds,True,0.8703232345791221,0.0,1.7496618484656614,0.0,0.0,1.2308581534886762,1,1,1.0,1.7293055919155966,1.7293055919155966,0.5225864451311658,0.5225864451311658,-0.1519756317138672,-0.5,-0.5,1.5707963705062866,simulator_service,service_success,True,,0.0118,0.0002,service_success,0.0,False,False
-15.518429,2,1859.160996,False,7.291520172075216,True,False,6.706291128843365,out_of_bounds,True,0.8384266020531815,0.0,9.53376037164655,0.0,0.0,1.1878104500687179,1,1,1.0,1.793711581496792,1.793711581496792,0.7071067811865476,0.7071067811865476,0.5,-0.5,0.5,1.5707963705062866,simulator_service,service_success,True,,0.0124,0.0052,service_success,0.0,False,False
-15.271689,2,1871.019998,False,3.107140501410955,True,False,0.0,out_of_bounds,True,0.681470258032322,0.0,3.1970897847266033,0.0,0.0,1.8791202578503325,1,1,1.0,1.793711581496792,1.793711581496792,0.7071067811865476,0.7071067811865476,-0.5,-0.5,-0.5,1.5707963705062866,simulator_service,service_success,True,,0.0123,0.0034,service_success,0.0,False,False
-15.420941,2,1880.141612,False,3.1465330584709275,True,False,0.0,out_of_bounds,True,0.528854674578959,0.0,2.2986087337553607,0.0,0.0,1.361943321669506,1,1,1.0,1.793711581496792,1.793711581496792,0.7071067811865476,0.7071067811865476,0.5,0.5,-0.5,-1.5707963705062866,simulator_service,service_success,True,,0.0086,0.0001,service_success,0.0,False,False
-15.365262,2,1891.542147,False,5.616445071385092,True,False,5.972195788446098,out_of_bounds,True,0.4906438426369879,0.0,7.224044410313323,0.0,0.0,1.7862194087200567,1,1,1.0,1.793711581496792,1.793711581496792,0.7071067811865476,0.7071067811865476,-0.5,-0.5,0.5,-1.5707963705062866,simulator_service,service_success,True,,0.013,0.0066,service_success,0.0,False,False
-15.153388,2,1900.376716,False,1.705005035272224,True,False,0.0,out_of_bounds,True,0.29132007286923034,0.0,2.883227682258088,0.0,0.0,1.6972227264427358,1,1,1.0,1.793711581496792,1.793711581496792,0.7071067811865476,0.7071067811865476,0.5,0.5,-0.5,1.5707963705062866,simulator_service,service_success,True,,0.0119,0.0005,service_success,0.0,False,False
-15.38386,2,1912.126076,False,3.303817660731864,True,False,0.0,out_of_bounds,True,0.5477237277317684,0.0,2.12978133995143,0.0,0.0,1.4516648310443727,1,1,1.0,1.7390068016137488,1.7390068016137488,0.5538442185878233,0.5538442185878233,0.23820877075195312,-0.5,-0.5,1.5707963705062866,simulator_service,service_success,True,,0.0122,0.0002,service_success,0.0,False,False
-15.473107,2,1923.432121,False,2.7104449502551606,True,False,0.0,out_of_bounds,True,0.41901776066328894,0.0,2.2882788086695474,0.0,0.0,1.3586650463531318,1,1,1.0,1.793711581496792,1.793711581496792,0.7071067811865476,0.7071067811865476,-0.5,0.5,-0.5,1.5707963705062866,simulator_service,service_success,True,,0.012,0.0007,service_success,0.0,False,False
-15.542436,2,1935.166152,False,2.9902224942466558,True,False,0.0,out_of_bounds,True,0.7835012477011379,0.0,2.8588454546973656,0.0,0.0,1.686494507130701,1,1,1.0,1.793711581496792,1.793711581496792,0.7071067811865476,0.7071067811865476,0.5,-0.5,-0.5,-1.5707963705062866,simulator_service,service_success,True,,0.0121,0.0008,service_success,0.0,False,False
-15.462231,2,1944.156603,False,2.9146919187593285,True,False,0.0,out_of_bounds,True,0.5179142089223733,0.0,3.028283453700923,0.0,0.0,1.7821754497131788,1,1,1.0,1.793711581496792,1.793711581496792,0.7071067811865476,0.7071067811865476,-0.5,0.5,-0.5,1.5707963705062866,simulator_service,service_success,True,,0.014,0.0009,service_success,0.0,False,False
-15.263215,2,1955.878047,False,2.005296298428615,True,False,0.0,out_of_bounds,True,0.2803388748887098,0.0,2.0603232682805914,0.0,0.0,1.231366459585221,1,1,1.0,1.793711581496792,1.793711581496792,0.7071067811865476,0.7071067811865476,0.5,-0.5,-0.5,1.5707963705062866,simulator_service,service_success,True,,0.0132,0.0064,service_success,0.0,False,False
-15.139843,2,1967.351227,False,1.7843356105678059,True,False,0.0,out_of_bounds,True,0.34997679446991825,0.0,1.7584409226396351,0.0,0.0,1.0555058286058796,1,1,1.0,1.793711581496792,1.793711581496792,0.7071067811865476,0.7071067811865476,-0.5,-0.5,-0.5,1.5707963705062866,simulator_service,service_success,True,,0.0131,0.0065,service_success,0.0,False,False
-15.316996,2,1979.290013,False,2.208167374295534,True,False,0.0,out_of_bounds,True,0.27763901747588093,0.0,2.6498263789875307,0.0,0.0,1.565525165047547,1,1,1.0,1.793711581496792,1.793711581496792,0.7071067811865476,0.7071067811865476,0.5,-0.5,-0.5,-1.5707963705062866,simulator_service,service_success,True,,0.0126,0.0011,service_success,0.0,False,False
-15.128036,2,1991.168226,False,1.7030221213858001,True,False,0.0,out_of_bounds,True,0.11414218123544285,0.0,2.7010149050966437,0.0,0.0,1.7342693708141814,1,1,1.0,1.758983941932093,1.758983941932093,0.6136963991903823,0.6136963991903823,0.35584163665771484,-0.5,-0.5,1.5707963705062866,simulator_service,service_success,True,,0.0132,0.0007,service_success,0.0,False,False
-15.472758,2,2003.405967,False,8.295763450959166,True,False,7.508800959746449,out_of_bounds,True,0.35592051604410274,0.0,9.798888518033507,0.0,0.0,1.8368811137684997,1,1,1.0,1.793711581496792,1.793711581496792,0.7071067811865476,0.7071067811865476,-0.5,-0.5,0.5,1.5707963705062866,simulator_service,service_success,True,,0.0136,0.0061,service_success,0.0,False,False
-15.525497,2,2014.980453,False,3.1073339900448125,True,False,0.0,out_of_bounds,True,0.09430384930428402,0.0,2.81268528694336,0.0,0.0,1.6607833443534634,1,1,1.0,1.793711581496792,1.793711581496792,0.7071067811865476,0.7071067811865476,0.5,0.5,-0.5,-1.5707963705062866,simulator_service,service_success,True,,0.0123,0.004,service_success,0.0,False,False
-15.495654,2,2027.421103,False,3.5030214015804066,True,False,0.0,out_of_bounds,True,0.519006774476249,0.0,2.231367522729111,0.0,0.0,1.3285686943714168,1,1,1.0,1.793711581496792,1.793711581496792,0.7071067811865476,0.7071067811865476,0.5,-0.5,-0.5,1.5707963705062866,simulator_service,service_success,True,,0.0121,0.0,service_success,0.0,False,False
-15.458114,2,2039.595087,False,7.763961459351447,True,False,7.011939416976821,out_of_bounds,True,0.7647811668061182,0.0,10.001028731354722,0.0,0.0,1.224272134815057,1,1,1.0,1.793711581496792,1.793711581496792,0.7071067811865476,0.7071067811865476,-0.5,-0.5,0.5,-1.5707963705062866,simulator_service,service_success,True,,0.0142,0.0013,service_success,0.0,False,False
-15.230169,2,2052.637138,False,8.345774571175406,True,False,7.5577092379835324,out_of_bounds,True,0.6544805192072246,0.0,9.695369593910293,0.0,0.0,1.9461845592609655,1,1,1.0,1.793711581496792,1.793711581496792,0.7071067811865476,0.7071067811865476,0.5,-0.5,0.5,1.5707963705062866,simulator_service,service_success,True,,0.0137,0.0067,service_success,0.0,False,False
-15.30764,2,2064.306066,False,1.3567193933483737,True,False,0.0,out_of_bounds,True,0.2975339756382257,0.0,2.8977486621070323,0.0,0.0,1.7072231116618388,1,1,1.0,1.793711581496792,1.793711581496792,0.7071067811865476,0.7071067811865476,0.5,0.5,-0.5,-1.5707963705062866,simulator_service,service_success,True,,0.0114,0.0001,service_success,0.0,False,False
-15.5094,2,2076.951176,False,6.921500221485546,True,False,7.181123178572465,out_of_bounds,True,0.5092511659644952,0.0,9.703510366791683,0.0,0.0,1.5653199495182992,1,1,1.0,1.793711581496792,1.793711581496792,0.7071067811865476,0.7071067811865476,0.5,-0.5,0.5,1.5707963705062866,simulator_service,service_success,True,,0.011,0.0,service_success,0.0,False,False
-15.333476,2,2089.418129,False,8.91872561231927,True,False,7.23719189314012,out_of_bounds,True,0.7511845912851682,0.0,10.147207792602698,0.0,0.0,1.3644993938447307,1,1,1.0,1.793711581496792,1.793711581496792,0.7071067811865476,0.7071067811865476,-0.5,0.5,0.5,-1.5707963705062866,simulator_service,service_success,True,,0.0139,0.0016,service_success,0.0,False,False
-15.324155,2,2102.263611,False,1.6240889477087803,True,False,0.0,out_of_bounds,True,0.8863359976951866,0.0,2.212331370664451,0.0,0.0,1.3105203888799055,1,1,1.0,0.8960431457019433,0.8960431457019433,0.7071067811865476,0.7071067811865476,-0.5,-0.5,-0.5,-0.22998547554016113,simulator_service,service_success,True,,0.0119,0.0001,service_success,0.0,False,False
-15.33219,2,2114.438086,False,2.8596392133639554,True,False,0.0,out_of_bounds,True,0.7972698605463406,0.0,2.7195735884696424,0.0,0.0,1.6065936756256254,1,1,1.0,1.793711581496792,1.793711581496792,0.7071067811865476,0.7071067811865476,-0.5,-0.5,-0.5,1.5707963705062866,simulator_service,service_success,True,,0.0113,0.0,service_success,0.0,False,False
-15.537963,2,2126.677111,False,3.6458122125704295,True,False,0.0,out_of_bounds,True,0.3002733786163951,0.0,2.0164915807681445,0.0,0.0,1.2058581385883245,1,1,1.0,1.793711581496792,1.793711581496792,0.7071067811865476,0.7071067811865476,-0.5,0.5,-0.5,1.5707963705062866,simulator_service,service_success,True,,0.0117,0.0004,service_success,0.0,False,False
-15.501797,2,2139.353668,False,2.803049301446233,True,False,0.0,out_of_bounds,True,0.09446231604870826,0.0,2.4274424471028984,0.0,0.0,1.4373455500927588,1,1,1.0,1.793711581496792,1.793711581496792,0.7071067811865476,0.7071067811865476,0.5,-0.5,-0.5,-1.5707963705062866,simulator_service,service_success,True,,0.0139,0.0015,service_success,0.0,False,False
-15.339759,2,2152.089106,False,2.0106761272278453,True,False,0.0,out_of_bounds,True,0.788921065907556,0.0,2.0958943295901236,0.0,0.0,1.2506007830467358,1,1,1.0,1.793711581496792,1.793711581496792,0.7071067811865476,0.7071067811865476,-0.5,0.5,-0.5,1.5707963705062866,simulator_service,service_success,True,,0.0127,0.0001,service_success,0.0,False,False
-15.414981,2,2164.46369,False,2.981557544345454,True,False,0.0,out_of_bounds,True,0.7751673633791275,0.0,2.183464343376083,0.0,0.0,1.4976765505691114,1,1,1.0,1.736640970420049,1.736640970420049,0.5463704078240017,0.5463704078240017,-0.5,-0.2202739715576172,-0.5,1.5707963705062866,simulator_service,service_success,True,,0.0131,0.0064,service_success,0.0,False,False
-46.220535,121,2208.207032,True,0.1750518340673325,False,False,1.193603817523165,success,True,0.066443399672951,0.66443399672951,1.1567674368321001,25.051639744007776,8.812750263436097,1.0952177023964702,121,121,1.0,1.7624852266229494,1.793711581496792,0.7057134729181755,0.7071067811865476,0.5,0.5,-0.5,1.5707963705062866,simulator_service,service_success,True,,0.0129,0.0009,service_success,0.0,False,False
-37.175316,121,2221.179876,False,3.863723390203735,True,False,0.0,out_of_bounds,True,0.2709730009062963,0.0,6.183667654463609,15.101044663441936,3.4269610581331484,1.0385910867497445,120,120,1.0,1.7231847345110238,1.793711581496792,0.702952387662051,0.7071067811865476,0.5,-0.5,-0.5,-1.5707963705062866,simulator_service,service_success,True,,0.0129,0.0052,service_success,0.0,False,False
-15.2512045,2,2232.919034,False,2.511286935066832,True,False,0.0,out_of_bounds,True,0.7967455672951611,0.0,2.065278548846331,0.0,0.0,1.224105447925623,1,1,1.0,1.793711581496792,1.793711581496792,0.7071067811865476,0.7071067811865476,-0.5,0.5,-0.5,1.5707963705062866,velocity,post_controller_hold,False,,0.0413,0.9819,not_attempted,0.0,False,False
-15.176849,2,2245.690966,False,9.13745724969328,True,False,6.867651843273737,out_of_bounds,True,0.8477086159897259,0.0,9.851526247374856,0.0,0.0,1.166043189279097,1,1,1.0,1.4736167156934301,1.4736167156934301,0.7071067811865476,0.7071067811865476,0.5,-0.5,0.5,-1.1922861337661743,simulator_service,service_success,True,,0.0126,0.0057,service_success,0.0,False,False
-15.145832,2,2257.833325,False,2.009958666977012,True,False,0.0,out_of_bounds,True,0.700385921247063,0.0,2.392647877363284,0.0,0.0,1.4195898973311964,1,1,1.0,1.793711581496792,1.793711581496792,0.7071067811865476,0.7071067811865476,-0.5,-0.5,-0.5,1.5707963705062866,simulator_service,service_success,True,,0.0109,0.0065,service_success,0.0,False,False
-15.506436,2,2270.208006,False,3.925452239605422,True,False,0.0,out_of_bounds,True,0.8400504536119616,0.0,3.236708971552963,0.0,0.0,1.90287675615389,1,1,1.0,1.793711581496792,1.793711581496792,0.7071067811865476,0.7071067811865476,0.5,0.5,-0.5,-1.5707963705062866,simulator_service,service_success,True,,0.0116,0.0001,service_success,0.0,False,False
-15.553698,2,2282.746777,False,3.7626955291383384,True,False,0.0,out_of_bounds,True,0.5337236005230716,0.0,2.131680092644726,0.0,0.0,1.2704259463212697,1,1,1.0,1.793711581496792,1.793711581496792,0.7071067811865476,0.7071067811865476,-0.5,0.5,-0.5,1.5707963705062866,simulator_service,service_success,True,,0.0106,0.003,service_success,0.0,False,False
-15.318744,2,2295.62097,False,2.2204358677413243,True,False,0.0,out_of_bounds,True,0.7559042497198923,0.0,2.2905858362920384,0.0,0.0,1.361650058245771,1,1,1.0,1.793711581496792,1.793711581496792,0.7071067811865476,0.7071067811865476,-0.5,0.5,-0.5,1.5707963705062866,simulator_service,service_success,True,,0.0125,0.001,service_success,0.0,False,False
-15.273289,2,2308.664131,False,9.969335857386952,True,False,7.929350599748779,out_of_bounds,True,0.6989628054508992,0.0,10.69405349405544,0.0,0.0,1.741726962680432,1,1,1.0,1.793711581496792,1.793711581496792,0.7071067811865476,0.7071067811865476,-0.5,0.5,0.5,1.5707963705062866,simulator_service,service_success,True,,0.009,0.0002,service_success,0.0,False,False
-15.482018,2,2321.144123,False,2.417564636043681,True,False,0.0,out_of_bounds,True,0.9209174765165113,0.0,2.693952625058908,0.0,0.0,1.5913918707800554,1,1,1.0,1.793711581496792,1.793711581496792,0.7071067811865476,0.7071067811865476,-0.5,-0.5,-0.5,-1.5707963705062866,simulator_service,service_success,True,,0.0133,0.0006,service_success,0.0,False,False
-15.44473,2,2334.768438,False,7.26129236474163,True,False,6.91354779445599,out_of_bounds,True,0.5208435784355337,0.0,9.99002151117091,0.0,0.0,1.1322139205283202,1,1,1.0,1.793711581496792,1.793711581496792,0.7071067811865476,0.7071067811865476,-0.5,0.5,0.5,1.5707963705062866,simulator_service,service_success,True,,0.0121,0.0002,service_success,0.0,False,False
-15.437282,2,2347.651148,False,9.902111480849868,True,False,8.188360794356395,out_of_bounds,True,0.21051651242826408,0.0,11.396729498429238,0.0,0.0,1.5945501009785394,1,1,1.0,1.793711581496792,1.793711581496792,0.7071067811865476,0.7071067811865476,-0.5,-0.5,0.5,1.5707963705062866,simulator_service,service_success,True,,0.0144,0.0082,service_success,0.0,False,False
-15.191593,2,2359.889888,False,9.792575018264312,True,False,7.391831408903049,out_of_bounds,True,0.3894678875748438,0.0,10.598621112674628,0.0,0.0,1.2599740139931417,1,1,1.0,1.793711581496792,1.793711581496792,0.7071067811865476,0.7071067811865476,0.5,-0.5,0.5,-1.5707963705062866,simulator_service,service_success,True,,0.0113,0.0001,service_success,0.0,False,False
-15.167518,2,2371.767045,False,2.3014039633500682,True,False,0.0,out_of_bounds,True,0.7380325890186727,0.0,3.3162949475311683,0.0,0.0,1.9455776289052733,1,1,1.0,1.476183194918178,1.476183194918178,0.7071067811865476,0.7071067811865476,-0.5,0.5,-0.5,1.1954567432403564,simulator_service,service_success,True,,0.0119,0.0001,service_success,0.0,False,False
-15.30058,2,2385.302999,False,8.562599838479912,True,False,7.563246904600242,out_of_bounds,True,0.7330695746686291,0.0,9.730080895495064,0.0,0.0,1.9320883252135883,1,1,1.0,1.793711581496792,1.793711581496792,0.7071067811865476,0.7071067811865476,0.5,-0.5,0.5,-1.5707963705062866,simulator_service,service_success,True,,0.0095,0.0002,service_success,0.0,False,False
-15.507284,2,2397.579304,False,9.801784011583527,True,False,7.614984573806657,out_of_bounds,True,0.025861328796997225,0.0,11.380162037879588,0.0,0.0,1.0309672127261447,1,1,1.0,1.793711581496792,1.793711581496792,0.7071067811865476,0.7071067811865476,0.5,-0.5,0.5,1.5707963705062866,simulator_service,service_success,True,,0.0102,0.001,service_success,0.0,False,False
-15.342544,2,2411.022008,False,8.319269802392757,True,False,7.661011549245103,out_of_bounds,True,0.0950141587327005,0.0,9.97241592003694,0.0,0.0,1.8899797377059127,1,1,1.0,1.598774108966223,1.598774108966223,0.7071067811865476,0.7071067811865476,0.5,0.5,0.5,-1.3439042568206787,simulator_service,service_success,True,,0.0121,0.0,service_success,0.0,False,False
-15.20483,2,2424.293405,False,10.376703783012681,True,False,8.164612746276307,out_of_bounds,True,0.49041721694500284,0.0,11.388459149642252,0.0,0.0,1.576020751872198,1,1,1.0,1.793711581496792,1.793711581496792,0.7071067811865476,0.7071067811865476,0.5,-0.5,0.5,1.5707963705062866,simulator_service,service_success,True,,0.0091,0.0,service_success,0.0,False,False
-15.274554,2,2437.933151,False,10.081871672513682,True,False,7.663837085751862,out_of_bounds,True,0.014759755498447267,0.0,10.911024498060192,0.0,0.0,1.3515011316521424,1,1,1.0,1.793711581496792,1.793711581496792,0.7071067811865476,0.7071067811865476,0.5,0.5,0.5,-1.5707963705062866,simulator_service,service_success,True,,0.0122,0.0002,service_success,0.0,False,False
-15.564417,2,2451.107,False,10.571366117763514,True,False,8.50003408917014,out_of_bounds,True,0.923256461533314,0.0,11.379739913017781,0.0,0.0,1.916868943887538,1,1,1.0,1.793711581496792,1.793711581496792,0.7071067811865476,0.7071067811865476,0.5,-0.5,0.5,1.5707963705062866,simulator_service,service_success,True,,0.0117,0.0,service_success,0.0,False,False
-15.55664,2,2464.847184,False,4.70255831915022,True,False,0.0,out_of_bounds,True,0.9068242726071554,0.0,2.545720340581613,0.0,0.0,1.5099722672771256,1,1,1.0,1.793711581496792,1.793711581496792,0.7071067811865476,0.7071067811865476,-0.5,0.5,-0.5,1.5707963705062866,simulator_service,service_success,True,,0.0121,0.0001,service_success,0.0,False,False
-15.412717,2,2478.319952,False,9.690832593593095,True,False,8.5526555788685,out_of_bounds,True,0.7803861447880008,0.0,11.449115023546659,0.0,0.0,1.9293927217648648,1,1,1.0,1.793711581496792,1.793711581496792,0.7071067811865476,0.7071067811865476,0.5,0.5,0.5,-1.5707963705062866,simulator_service,service_success,True,,0.0121,0.0002,service_success,0.0,False,False
-15.2503,2,2491.972202,False,1.4802621277356787,True,False,0.0,out_of_bounds,True,0.52546506650196,0.0,2.519515125212365,0.0,0.0,1.4905605159288788,1,1,1.0,1.793711581496792,1.793711581496792,0.7071067811865476,0.7071067811865476,-0.5,0.5,-0.5,1.5707963705062866,simulator_service,service_success,True,,0.0122,0.0013,service_success,0.0,False,False
-15.203939,2,2504.538488,False,10.539421482331429,True,False,8.331898512703237,out_of_bounds,True,0.8712091661699123,0.0,11.371807514392952,0.0,0.0,1.7540082666274017,1,1,1.0,1.793711581496792,1.793711581496792,0.7071067811865476,0.7071067811865476,-0.5,0.5,0.5,-1.5707963705062866,simulator_service,service_success,True,,0.0118,0.0002,service_success,0.0,False,False
-15.567383,2,2518.155035,False,3.9085446345445565,True,False,0.0,out_of_bounds,True,0.9093178006280543,0.0,1.9376923056437099,0.0,0.0,1.15784212158361,1,1,1.0,1.793711581496792,1.793711581496792,0.7071067811865476,0.7071067811865476,0.5,0.5,-0.5,-1.5707963705062866,simulator_service,service_success,True,,0.0143,0.0019,service_success,0.0,False,False
-15.417543,2,2531.349979,False,9.7546362590389,True,False,7.585310878094763,out_of_bounds,True,0.9338659702952289,0.0,10.919970674852337,0.0,0.0,1.2675451127575519,1,1,1.0,1.793711581496792,1.793711581496792,0.7071067811865476,0.7071067811865476,0.5,0.5,0.5,-1.5707963705062866,simulator_service,service_success,True,,0.0091,0.0,service_success,0.0,False,False
-15.262907,2,2545.392236,False,1.7097244126382498,True,False,0.0,out_of_bounds,True,0.926234978265596,0.0,2.7902036544314854,0.0,0.0,1.645992671635305,1,1,1.0,1.793711581496792,1.793711581496792,0.7071067811865476,0.7071067811865476,0.5,-0.5,-0.5,-1.5707963705062866,simulator_service,service_success,True,,0.0126,0.0003,service_success,0.0,False,False
-15.288076,2,2559.264262,False,10.421398495213,True,False,8.099316028155824,out_of_bounds,True,0.1507389818294164,0.0,11.78744207861497,0.0,0.0,1.2807457864728653,1,1,1.0,1.793711581496792,1.793711581496792,0.7071067811865476,0.7071067811865476,0.5,0.5,0.5,-1.5707963705062866,simulator_service,service_success,True,,0.0126,0.0002,service_success,0.0,False,False
-15.395473,2,2573.70715,False,9.48095739514465,True,False,8.028639515364116,out_of_bounds,True,0.19856883704548287,0.0,11.830826788158854,0.0,0.0,1.1852719655090762,1,1,1.0,1.793711581496792,1.793711581496792,0.7071067811865476,0.7071067811865476,0.5,-0.5,0.5,-1.5707963705062866,simulator_service,service_success,True,,0.0133,0.0004,service_success,0.0,False,False
-15.364017,2,2587.379486,False,11.264346286545948,True,False,8.696904622737444,out_of_bounds,True,0.8240893711444618,0.0,11.865504840061762,0.0,0.0,1.8333790210574445,1,1,1.0,1.459869848060948,1.459869848060948,0.7071067811865476,0.7071067811865476,-0.5,-0.5,0.5,-1.17525315284729,simulator_service,service_success,True,,0.0116,0.0,service_success,0.0,False,False
-15.229657,2,2601.117,False,2.7444531786668085,True,False,0.0,out_of_bounds,True,0.897258662353655,0.0,3.180140231470922,0.0,0.0,1.8696271960012993,1,1,1.0,1.793711581496792,1.793711581496792,0.7071067811865476,0.7071067811865476,-0.5,-0.5,-0.5,-1.5707963705062866,simulator_service,service_success,True,,0.0114,0.0001,service_success,0.0,False,False
-15.314125,2,2613.60911,False,2.271772085583627,True,False,0.0,out_of_bounds,True,0.770453168107768,0.0,2.758796574351763,0.0,0.0,1.6299413737695942,1,1,1.0,1.793711581496792,1.793711581496792,0.7071067811865476,0.7071067811865476,-0.5,-0.5,-0.5,1.5707963705062866,simulator_service,service_success,True,,0.0122,0.0001,service_success,0.0,False,False
-15.536454,2,2626.62432,False,3.2109689551998555,True,False,0.0,out_of_bounds,True,0.4953221005666298,0.0,2.681032509957964,0.0,0.0,1.5861151040433035,1,1,1.0,1.793711581496792,1.793711581496792,0.7071067811865476,0.7071067811865476,-0.5,0.5,-0.5,-1.5707963705062866,simulator_service,service_success,True,,0.0149,0.0078,service_success,0.0,False,False
-15.250331,2,2640.810119,False,1.7972226945676906,True,False,0.0,out_of_bounds,True,0.7510254562756882,0.0,3.228436137451322,0.0,0.0,1.8996346462632694,1,1,1.0,1.793711581496792,1.793711581496792,0.7071067811865476,0.7071067811865476,-0.5,-0.5,-0.5,1.5707963705062866,simulator_service,service_success,True,,0.0106,0.0047,service_success,0.0,False,False
-15.309474,2,2654.34797,False,2.5468519190818566,True,False,0.0,out_of_bounds,True,0.9794738748734103,0.0,2.9858335437413888,0.0,0.0,1.7590595652721797,1,1,1.0,1.793711581496792,1.793711581496792,0.7071067811865476,0.7071067811865476,-0.5,0.5,-0.5,-1.5707963705062866,simulator_service,service_success,True,,0.011,0.0057,service_success,0.0,False,False
-15.45502,2,2668.019975,False,4.61658281695349,True,False,0.0,out_of_bounds,True,0.01762021731965249,0.0,2.1750157453368253,0.0,0.0,1.2924325534760672,1,1,1.0,1.793711581496792,1.793711581496792,0.7071067811865476,0.7071067811865476,-0.5,-0.5,-0.5,1.5707963705062866,simulator_service,service_success,True,,0.0134,0.0014,service_success,0.0,False,False
-15.429471,2,2677.748738,False,3.478672806536999,True,False,0.0,out_of_bounds,True,0.1265968483633616,0.0,2.5595471213347603,0.0,0.0,1.5149177784405972,1,1,1.0,1.793711581496792,1.793711581496792,0.7071067811865476,0.7071067811865476,0.5,0.5,-0.5,-1.5707963705062866,simulator_service,service_success,True,,0.0102,0.0044,service_success,0.0,False,False
-15.254693,2,2691.335109,False,1.3911578644471971,True,False,0.0,out_of_bounds,True,0.47878356379418724,0.0,1.9101838997181773,0.0,0.0,1.1435441050070492,1,1,1.0,1.793711581496792,1.793711581496792,0.7071067811865476,0.7071067811865476,-0.5,-0.5,-0.5,1.5707963705062866,simulator_service,service_success,True,,0.0134,0.0051,service_success,0.0,False,False
-15.511437,2,2704.470158,False,8.072629002098788,True,False,7.722893106488403,out_of_bounds,True,0.34378172064266627,0.0,11.13147638429669,0.0,0.0,1.2836120667664832,1,1,1.0,1.793711581496792,1.793711581496792,0.7071067811865476,0.7071067811865476,-0.5,-0.5,0.5,-1.5707963705062866,simulator_service,service_success,True,,0.0146,0.0079,service_success,0.0,False,False
-15.554058,2,2717.74805,False,3.0541118013716133,True,False,0.0,out_of_bounds,True,0.2500001959370262,0.0,3.2989166226846574,0.0,0.0,1.936337098674254,1,1,1.0,1.793711581496792,1.793711581496792,0.7071067811865476,0.7071067811865476,-0.5,0.5,-0.5,1.5707963705062866,simulator_service,service_success,True,,0.0091,0.0006,service_success,0.0,False,False
-15.500217,2,2733.491,False,9.70969022099211,True,False,7.7251672442252515,out_of_bounds,True,0.4887508799837136,0.0,11.023965293064578,0.0,0.0,1.3476139933558995,1,1,1.0,1.793711581496792,1.793711581496792,0.7071067811865476,0.7071067811865476,0.5,-0.5,0.5,-1.5707963705062866,simulator_service,service_success,True,,0.0095,0.0001,service_success,0.0,False,False
-15.207837,2,2747.36508,False,1.880329188235665,True,False,0.0,out_of_bounds,True,0.952643491796999,0.0,2.3093683375047918,0.0,0.0,1.3700714950360096,1,1,1.0,1.793711581496792,1.793711581496792,0.7071067811865476,0.7071067811865476,0.5,-0.5,-0.5,-1.5707963705062866,simulator_service,service_success,True,,0.0095,0.0009,service_success,0.0,False,False
-15.391816,2,2762.092978,False,9.474287944240423,True,False,8.232441818382021,out_of_bounds,True,0.28982373716758325,0.0,11.526866480715821,0.0,0.0,1.565237253052258,1,1,1.0,1.793711581496792,1.793711581496792,0.7071067811865476,0.7071067811865476,-0.5,-0.5,0.5,-1.5707963705062866,simulator_service,service_success,True,,0.0098,0.0,service_success,0.0,False,False
-15.336682,2,2774.975944,False,2.17068011111828,True,False,0.0,out_of_bounds,True,0.5700533350672145,0.0,2.491832494376704,0.0,0.0,1.7023465683933643,1,1,1.0,1.7373456432332013,1.7373456432332013,0.5486060940835988,0.5486060940835988,0.22576236724853516,0.5,-0.5,1.5707963705062866,simulator_service,service_success,True,,0.0086,0.0014,service_success,0.0,False,False
-15.38099,2,2785.897973,False,2.895816400607814,True,False,0.0,out_of_bounds,True,0.07453253066168157,0.0,3.085872709999132,0.0,0.0,1.8165447774698187,1,1,1.0,1.793711581496792,1.793711581496792,0.7071067811865476,0.7071067811865476,0.5,0.5,-0.5,1.5707963705062866,simulator_service,service_success,True,,0.0118,0.0001,service_success,0.0,False,False
-15.350356,2,2800.596956,False,7.620334680836139,True,False,6.817268666427699,out_of_bounds,True,0.6311281034950009,0.0,9.303144448498752,0.0,0.0,1.4324320907612345,1,1,1.0,1.793711581496792,1.793711581496792,0.7071067811865476,0.7071067811865476,-0.5,0.5,0.5,1.5707963705062866,simulator_service,service_success,True,,0.0099,0.0003,service_success,0.0,False,False
-15.560772,2,2815.519195,False,3.272712580492029,True,False,0.0,out_of_bounds,True,0.235099162606267,0.0,2.8320816692786366,0.0,0.0,1.6710057174349997,1,1,1.0,1.793711581496792,1.793711581496792,0.7071067811865476,0.7071067811865476,0.5,0.5,-0.5,1.5707963705062866,simulator_service,service_success,True,,0.0113,0.0019,service_success,0.0,False,False
-15.1768675,2,2826.126937,False,1.7646642417806224,True,False,0.0,out_of_bounds,True,0.08868881903567279,0.0,1.7045267756032656,0.0,0.0,1.027863194940398,1,1,1.0,1.793711581496792,1.793711581496792,0.7071067811865476,0.7071067811865476,-0.5,-0.5,-0.5,-1.5707963705062866,simulator_service,service_success,True,,0.0112,0.0001,service_success,0.0,False,False
-15.358047,2,2836.330235,False,6.761024053778826,True,False,6.051871682432833,out_of_bounds,True,0.2935747025109074,0.0,8.311888856473171,0.0,0.0,1.2397480485063406,1,1,1.0,1.793711581496792,1.793711581496792,0.7071067811865476,0.7071067811865476,-0.5,0.5,0.5,-1.5707963705062866,simulator_service,service_success,True,,0.0134,0.0001,service_success,0.0,False,False
-15.3054085,2,2851.126909,False,2.2406729341196434,True,False,0.0,out_of_bounds,True,0.6623600860683524,0.0,2.783685052855229,0.0,0.0,1.6455377104469873,1,1,1.0,1.793711581496792,1.793711581496792,0.7071067811865476,0.7071067811865476,-0.5,-0.5,-0.5,-1.5707963705062866,simulator_service,service_success,True,,0.012,0.0038,service_success,0.0,False,False
-15.1826,2,2861.616342,False,1.5794126517170888,True,False,0.0,out_of_bounds,True,0.7855764499787149,0.0,3.041344476712904,0.0,0.0,1.7889993703973883,1,1,1.0,1.793711581496792,1.793711581496792,0.7071067811865476,0.7071067811865476,0.5,0.5,-0.5,1.5707963705062866,simulator_service,service_success,True,,0.0125,0.0,service_success,0.0,False,False
-15.495085,2,2876.614139,False,2.601507093680624,True,False,0.0,out_of_bounds,True,0.5426439095944079,0.0,3.0839696569787614,0.0,0.0,1.8158271657050318,1,1,1.0,1.793711581496792,1.793711581496792,0.7071067811865476,0.7071067811865476,-0.5,-0.5,-0.5,-1.5707963705062866,simulator_service,service_success,True,,0.0119,0.0025,service_success,0.0,False,False
-15.337703,2,2891.425028,False,4.69384996260633,True,False,0.0,out_of_bounds,True,0.5289547546973526,0.0,2.069140018850055,0.0,0.0,1.2355381250599349,1,1,1.0,1.793711581496792,1.793711581496792,0.7071067811865476,0.7071067811865476,-0.5,-0.5,-0.5,-1.5707963705062866,simulator_service,service_success,True,,0.0121,0.0006,service_success,0.0,False,False
-15.464342,2,2904.643985,False,2.262857527642704,True,False,0.0,out_of_bounds,True,0.05229402687913397,0.0,2.58743807823835,0.0,0.0,1.5273630223559642,1,1,1.0,1.094631531493047,1.094631531493047,0.7071067811865476,0.7071067811865476,-0.5,0.5,-0.5,0.6694909930229187,simulator_service,service_success,True,,0.0125,0.0047,service_success,0.0,False,False
-15.492693,2,2915.609107,False,3.910090699534736,True,False,0.0,out_of_bounds,True,0.7253146299588157,0.0,3.4134007979618795,0.0,0.0,2.002608186250758,1,1,1.0,1.793711581496792,1.793711581496792,0.7071067811865476,0.7071067811865476,0.5,-0.5,-0.5,1.5707963705062866,simulator_service,service_success,True,,0.0131,0.0042,service_success,0.0,False,False
-15.304714,2,2925.408833,False,9.066195452670618,True,False,7.342626623775729,out_of_bounds,True,0.9842504408682078,0.0,9.26846697284509,0.0,0.0,1.9777425098324568,1,1,1.0,1.793711581496792,1.793711581496792,0.7071067811865476,0.7071067811865476,-0.5,-0.5,0.5,1.5707963705062866,simulator_service,service_success,True,,0.0113,0.0048,service_success,0.0,False,False
-15.139051,2,2936.616343,False,2.726414007582551,True,False,0.0,out_of_bounds,True,0.2422706990673709,0.0,2.182448003034408,0.0,0.0,1.2967656675558414,1,1,1.0,1.793711581496792,1.793711581496792,0.7071067811865476,0.7071067811865476,0.5,0.5,-0.5,1.5707963705062866,simulator_service,service_success,True,,0.0119,0.0,service_success,0.0,False,False
-15.33365,2,2950.768155,False,2.8534710223609427,True,False,0.0,out_of_bounds,True,0.4386924526933267,0.0,1.704483539121579,0.0,0.0,1.2228837309066058,1,1,1.0,1.7244266979358602,1.7244266979358602,0.506207663867559,0.506207663867559,0.07903289794921875,0.5,-0.5,1.5707963705062866,simulator_service,service_success,True,,0.0086,0.0001,service_success,0.0,False,False
-15.141158,2,2961.050622,False,1.4665247147910514,True,False,0.0,out_of_bounds,True,0.11121307210986275,0.0,1.6369172193338266,0.0,0.0,1.1263421139311796,1,1,1.0,1.7380290650635695,1.7380290650635695,0.5507665507363552,0.5507665507363552,0.23096275329589844,-0.5,-0.5,1.5707963705062866,simulator_service,service_success,True,,0.0108,0.0003,service_success,0.0,False,False
-15.222384,2,2971.703876,False,2.1936306717621736,True,False,0.0,out_of_bounds,True,0.5307474320607005,0.0,2.697647153801743,0.0,0.0,1.5925141164836845,1,1,1.0,1.793711581496792,1.793711581496792,0.7071067811865476,0.7071067811865476,0.5,-0.5,-0.5,1.5707963705062866,simulator_service,service_success,True,,0.0102,0.0016,service_success,0.0,False,False
-15.33029,2,2982.133944,False,2.2247211465311283,True,False,0.0,out_of_bounds,True,0.07244300098698446,0.0,1.9258541253513122,0.0,0.0,1.1523821132111742,1,1,1.0,1.793711581496792,1.793711581496792,0.7071067811865476,0.7071067811865476,0.5,0.5,-0.5,1.5707963705062866,simulator_service,service_success,True,,0.0129,0.0002,service_success,0.0,False,False
-15.5307,2,2992.76581,False,6.345155671071943,True,False,6.568438935454522,out_of_bounds,True,0.5926365614991707,0.0,8.460288031915592,0.0,0.0,1.6696525614116442,1,1,1.0,1.793711581496792,1.793711581496792,0.7071067811865476,0.7071067811865476,-0.5,-0.5,0.5,-1.5707963705062866,simulator_service,service_success,True,,0.0124,0.0013,service_success,0.0,False,False
-15.499585,2,3003.258781,False,5.929465332773368,True,False,6.534270290938458,out_of_bounds,True,0.9861618068786852,0.0,8.409313030936737,0.0,0.0,1.6643746337651737,1,1,1.0,1.4403555317476717,1.4403555317476717,0.7071067811865476,0.7071067811865476,-0.5,-0.5,0.5,-1.1509231328964233,simulator_service,service_success,True,,0.0133,0.0011,service_success,0.0,False,False
-15.495894,2,3013.747763,False,11.07288430277259,True,False,6.455918303982905,out_of_bounds,True,0.8988733875077138,0.0,8.399149099172769,0.0,0.0,1.5926638407183236,1,1,1.0,1.793711581496792,1.793711581496792,0.7071067811865476,0.7071067811865476,0.5,0.5,0.5,1.5707963705062866,simulator_service,service_success,True,,0.0118,0.0002,service_success,0.0,False,False
-15.330857,2,3023.353307,False,6.395848755697945,True,False,6.4019726600968925,out_of_bounds,True,0.27185618165711584,0.0,8.391596639074047,0.0,0.0,1.5425157683849657,1,1,1.0,1.0151123170545286,1.0151123170545286,0.7071067811865476,0.7071067811865476,-0.5,-0.5,0.5,0.5295781493186951,simulator_service,service_success,True,,0.0123,0.0,service_success,0.0,False,False
-15.279679,2,3032.611728,False,1.9991718119556254,True,False,0.0,out_of_bounds,True,0.00722653999186646,0.0,2.1335374468641097,0.0,0.0,1.2680184709719597,1,1,1.0,1.793711581496792,1.793711581496792,0.7071067811865476,0.7071067811865476,0.5,0.5,-0.5,-1.5707963705062866,simulator_service,service_success,True,,0.012,0.0001,service_success,0.0,False,False
-15.157362,2,3043.519395,False,6.686419003329833,True,False,6.320492024899082,out_of_bounds,True,0.997375516692741,0.0,7.538155625668381,0.0,0.0,1.9530838824128114,1,1,1.0,1.3550233737685944,1.3550233737685944,0.7071067811865476,0.7071067811865476,-0.5,-0.5,0.5,-1.0421556234359741,simulator_service,service_success,True,,0.0093,0.0,service_success,0.0,False,False
-15.455919,2,3054.849284,False,6.199305439776823,True,False,6.586803271903347,out_of_bounds,True,0.4885992170659727,0.0,8.45271125064659,0.0,0.0,1.6920536205065504,1,1,1.0,1.793711581496792,1.793711581496792,0.7071067811865476,0.7071067811865476,-0.5,-0.5,0.5,-1.5707963705062866,simulator_service,service_success,True,,0.0097,0.0001,service_success,0.0,False,False
5.0908737,68,3091.427988,True,0.33033852320370105,False,False,1.7087719202186982,success,True,0.5698865965899159,5.698865965899159,2.9903776988059727,8.585802767844163,3.0936500908114777,1.2939233555806962,68,68,1.0,1.78573959578254,1.793711581496792,0.6941342376392567,0.7071067811865476,0.5,0.5,0.3635813295841217,1.555821180343628,simulator_service,service_success,True,,0.0105,0.0001,service_success,0.0,False,False
-37.927338,70,3101.055888,False,2.971085696788271,True,False,0.0,out_of_bounds,True,0.4540056094179236,0.0,3.7812465766025123,17.74814384829123,8.088121643383406,0.7602764318892167,69,69,1.0,1.7424409652455282,1.793711581496792,0.6995670481432783,0.7071067811865476,0.5,0.5,-0.5,1.5707963705062866,simulator_service,service_success,True,,0.0116,0.0001,service_success,0.0,False,False
-15.530589,2,3110.474186,False,5.020111962511945,True,False,0.0,out_of_bounds,True,0.17136212141937338,0.0,2.7806852809450087,0.0,0.0,1.6316756071200806,1,1,1.0,1.793711581496792,1.793711581496792,0.7071067811865476,0.7071067811865476,0.5,0.5,-0.5,-1.5707963705062866,velocity,post_controller_hold,False,,0.1833,0.3907,not_attempted,0.0,False,False
-15.390208,2,3121.3716,False,6.3869429616244835,True,False,6.3246665322500455,out_of_bounds,True,0.049142508184908944,0.0,7.538424471456233,0.0,0.0,1.9563172559456463,1,1,1.0,0.928068564731965,0.928068564731965,0.7071067811865476,0.7071067811865476,0.5,0.5,0.5,-0.3336334228515625,simulator_service,service_success,True,,0.0095,0.0004,service_success,0.0,False,False
-15.2652025,2,3130.675464,False,1.5801081687813687,True,False,0.0,out_of_bounds,True,0.74739837083829,0.0,3.049335793457903,0.0,0.0,1.7972345083546968,1,1,1.0,1.793711581496792,1.793711581496792,0.7071067811865476,0.7071067811865476,0.5,0.5,-0.5,1.5707963705062866,simulator_service,service_success,True,,0.011,0.0053,service_success,0.0,False,False
-15.266245,2,3141.679698,False,8.412367378461182,True,False,6.294977242923555,out_of_bounds,True,0.009909760932693794,0.0,7.434354316502542,0.0,0.0,1.9878538935162469,1,1,1.0,1.356936384168209,1.356936384168209,0.7071067811865476,0.7071067811865476,-0.5,0.5,0.5,-1.0446417331695557,simulator_service,service_success,True,,0.0118,0.0,service_success,0.0,False,False
-15.212563,2,3153.156525,False,1.9394593747000966,True,False,0.0,out_of_bounds,True,0.736364390622743,0.0,3.314877687068906,0.0,0.0,1.945033478558095,1,1,1.0,1.793711581496792,1.793711581496792,0.7071067811865476,0.7071067811865476,-0.5,-0.5,-0.5,-1.5707963705062866,simulator_service,service_success,True,,0.0101,0.0015,service_success,0.0,False,False
-15.360014,2,3164.078252,False,1.8693519935085472,True,False,0.0,out_of_bounds,True,0.03900360996424661,0.0,2.8628300179533004,0.0,0.0,1.6861415531542157,1,1,1.0,1.793711581496792,1.793711581496792,0.7071067811865476,0.7071067811865476,-0.5,0.5,-0.5,1.5707963705062866,simulator_service,service_success,True,,0.0119,0.0,service_success,0.0,False,False
-15.368314,2,3175.574841,False,3.101035963498445,True,False,0.0,out_of_bounds,True,0.779365222478895,0.0,2.431942656274541,0.0,0.0,1.441552156715154,1,1,1.0,1.793711581496792,1.793711581496792,0.7071067811865476,0.7071067811865476,0.5,-0.5,-0.5,1.5707963705062866,simulator_service,service_success,True,,0.0113,0.0006,service_success,0.0,False,False
-15.129246,2,3185.34371,False,1.83323491974438,True,False,0.0,out_of_bounds,True,0.09120041194806307,0.0,2.68408143924335,0.0,0.0,1.5836854439544041,1,1,1.0,1.793711581496792,1.793711581496792,0.7071067811865476,0.7071067811865476,-0.5,0.5,-0.5,1.5707963705062866,simulator_service,service_success,True,,0.0121,0.0016,service_success,0.0,False,False
-15.562489,2,3196.891272,False,3.758303707221135,True,False,0.0,out_of_bounds,True,0.02458704529851312,0.0,3.074516505607018,0.0,0.0,1.8079432699456857,1,1,1.0,1.793711581496792,1.793711581496792,0.7071067811865476,0.7071067811865476,-0.5,-0.5,-0.5,-1.5707963705062866,simulator_service,service_success,True,,0.0098,0.0026,service_success,0.0,False,False
-15.453007,2,3207.984653,False,3.41838198057317,True,False,0.0,out_of_bounds,True,0.812347313648747,0.0,2.982584928872351,0.0,0.0,1.7580783693691406,1,1,1.0,1.793711581496792,1.793711581496792,0.7071067811865476,0.7071067811865476,-0.5,0.5,-0.5,1.5707963705062866,simulator_service,service_success,True,,0.0096,0.0005,service_success,0.0,False,False
-15.18555,2,3219.379814,False,2.3981580620576506,True,False,0.0,out_of_bounds,True,0.6474950549943298,0.0,2.611888325720114,0.0,0.0,1.5430923842429245,1,1,1.0,1.793711581496792,1.793711581496792,0.7071067811865476,0.7071067811865476,0.5,-0.5,-0.5,1.5707963705062866,simulator_service,service_success,True,,0.0124,0.0007,service_success,0.0,False,False
-15.141399,2,3230.459728,False,2.358967540823302,True,False,0.0,out_of_bounds,True,0.2624264046852641,0.0,2.252050984755564,0.0,0.0,1.3912460751020377,1,1,1.0,1.77626329752248,1.77626329752248,0.6615966025681439,0.6615966025681439,-0.4332551956176758,0.5,-0.5,1.5707963705062866,simulator_service,service_success,True,,0.0133,0.0007,service_success,0.0,False,False
-15.406808,2,3242.095286,False,6.0038214351440535,True,False,6.813026398911768,out_of_bounds,True,0.47863004945123167,0.0,8.593010662542888,0.0,0.0,1.8378965893363166,1,1,1.0,1.793711581496792,1.793711581496792,0.7071067811865476,0.7071067811865476,-0.5,0.5,0.5,-1.5707963705062866,simulator_service,service_success,True,,0.0127,0.0006,service_success,0.0,False,False
-15.269305,2,3253.060271,False,2.300803762012441,True,False,0.0,out_of_bounds,True,0.9259350219320247,0.0,3.248764869569152,0.0,0.0,1.9084473152400876,1,1,1.0,1.793711581496792,1.793711581496792,0.7071067811865476,0.7071067811865476,-0.5,-0.5,-0.5,1.5707963705062866,simulator_service,service_success,True,,0.0136,0.0012,service_success,0.0,False,False
-15.523657,2,3264.578092,False,5.291117649757877,True,False,5.877513971577311,out_of_bounds,True,0.9478750253467422,0.0,8.401016267664184,0.0,0.0,1.0131827033502925,1,1,1.0,1.793711581496792,1.793711581496792,0.7071067811865476,0.7071067811865476,-0.5,0.5,0.5,-1.5707963705062866,simulator_service,service_success,True,,0.0105,0.0001,service_success,0.0,False,False
-15.282939,2,3275.691007,False,2.1502018829166163,True,False,0.0,out_of_bounds,True,0.4093047034488006,0.0,3.028381485296763,0.0,0.0,1.7818802696239748,1,1,1.0,1.793711581496792,1.793711581496792,0.7071067811865476,0.7071067811865476,0.5,-0.5,-0.5,1.5707963705062866,simulator_service,service_success,True,,0.0123,0.0007,service_success,0.0,False,False
-15.330772,2,3285.986022,False,7.905623870268195,True,False,7.372421047239437,out_of_bounds,True,0.3825199406129149,0.0,9.391992652745714,0.0,0.0,1.9364743465623702,1,1,1.0,1.793711581496792,1.793711581496792,0.7071067811865476,0.7071067811865476,0.5,0.5,0.5,-1.5707963705062866,simulator_service,service_success,True,,0.0107,0.0,service_success,0.0,False,False
-15.439002,2,3297.288264,False,2.5685371631740375,True,False,0.0,out_of_bounds,True,0.964133697635525,0.0,1.8541194062060224,0.0,0.0,1.110855090882297,1,1,1.0,1.793711581496792,1.793711581496792,0.7071067811865476,0.7071067811865476,-0.5,-0.5,-0.5,1.5707963705062866,simulator_service,service_success,True,,0.0137,0.0062,service_success,0.0,False,False
-15.274704,2,3312.181194,False,8.182742862829185,True,False,7.0332982946128935,out_of_bounds,True,0.046151961848274047,0.0,9.469586379929277,0.0,0.0,1.5519576633068524,1,1,1.0,1.793711581496792,1.793711581496792,0.7071067811865476,0.7071067811865476,0.5,0.5,0.5,-1.5707963705062866,simulator_service,service_success,True,,0.0086,0.0,service_success,0.0,False,False
-15.394041,2,3324.6064,False,2.28457680080936,True,False,0.0,out_of_bounds,True,0.24328195434396577,0.0,3.2193833690396576,0.0,0.0,1.890609118695637,1,1,1.0,1.793711581496792,1.793711581496792,0.7071067811865476,0.7071067811865476,-0.5,0.5,-0.5,1.5707963705062866,simulator_service,service_success,True,,0.0119,0.0001,service_success,0.0,False,False
-15.177337,2,3334.816891,False,2.1048154344730072,True,False,0.0,out_of_bounds,True,0.4843068991981322,0.0,3.178856177320811,0.0,0.0,1.8696286709911534,1,1,1.0,1.793711581496792,1.793711581496792,0.7071067811865476,0.7071067811865476,-0.5,-0.5,-0.5,-1.5707963705062866,simulator_service,service_success,True,,0.0091,0.0001,service_success,0.0,False,False
-15.224553,2,3346.7068,False,1.8281960133333792,True,False,0.0,out_of_bounds,True,0.942184110414873,0.0,2.5567145018859754,0.0,0.0,1.5123931702397213,1,1,1.0,1.793711581496792,1.793711581496792,0.7071067811865476,0.7071067811865476,-0.5,0.5,-0.5,1.5707963705062866,simulator_service,service_success,True,,0.0105,0.0002,service_success,0.0,False,False
-15.358759,2,3356.866453,False,3.3886792119210094,True,False,0.0,out_of_bounds,True,0.4177514102186989,0.0,1.6810581846928936,0.0,0.0,1.0133256160481494,1,1,1.0,1.793711581496792,1.793711581496792,0.7071067811865476,0.7071067811865476,0.5,0.5,-0.5,-1.5707963705062866,simulator_service,service_success,True,,0.0098,0.004,service_success,0.0,False,False
-15.390444,2,3366.550281,False,2.6017435682331915,True,False,0.0,out_of_bounds,True,0.39221980169484494,0.0,2.1368433334819987,0.0,0.0,1.273283251608783,1,1,1.0,1.793711581496792,1.793711581496792,0.7071067811865476,0.7071067811865476,0.5,-0.5,-0.5,-1.5707963705062866,simulator_service,service_success,True,,0.0107,0.0002,service_success,0.0,False,False
-15.313343,2,3377.839736,False,8.686736029424383,True,False,6.199605796055774,out_of_bounds,True,0.4319147604909012,0.0,7.765166573671368,0.0,0.0,1.7012329282478122,1,1,1.0,1.793711581496792,1.793711581496792,0.7071067811865476,0.7071067811865476,-0.5,0.5,0.5,-1.5707963705062866,simulator_service,service_success,True,,0.01,0.0012,service_success,0.0,False,False
-15.455056,2,3387.855071,False,3.360896400775339,True,False,0.0,out_of_bounds,True,0.27237090330169117,0.0,1.5054012696028993,0.0,0.0,1.078825640941497,1,1,1.0,1.7245352051111769,1.7245352051111769,0.5065771768172406,0.5065771768172406,0.08136606216430664,-0.5,-0.5,-1.5707963705062866,simulator_service,service_success,True,,0.0101,0.0014,service_success,0.0,False,False
-15.500566,2,3398.936296,False,5.553660064748109,True,False,0.0,out_of_bounds,True,0.21993050455598617,0.0,2.6101593077646137,0.0,0.0,1.5439192964242638,1,1,1.0,1.793711581496792,1.793711581496792,0.7071067811865476,0.7071067811865476,0.5,0.5,-0.5,-1.5707963705062866,simulator_service,service_success,True,,0.0128,0.0001,service_success,0.0,False,False
-15.492145,2,3410.498762,False,6.206924505992551,True,False,6.582432679754531,out_of_bounds,True,0.5188442087156399,0.0,9.063161948861458,0.0,0.0,1.3351564402545268,1,1,1.0,1.793711581496792,1.793711581496792,0.7071067811865476,0.7071067811865476,-0.5,0.5,0.5,1.5707963705062866,simulator_service,service_success,True,,0.0108,0.0007,service_success,0.0,False,False
-15.427329,2,3421.386444,False,3.150501597373404,True,False,0.0,out_of_bounds,True,0.0751956050840923,0.0,3.062420528372398,0.0,0.0,1.8582026515628371,1,1,1.0,1.7813053827522467,1.7813053827522467,0.6750167620336588,0.6750167620336588,-0.5,0.4534838795661926,-0.5,-1.5707963705062866,simulator_service,service_success,True,,0.0128,0.0005,service_success,0.0,False,False
-15.564222,2,3432.070666,False,6.690109619027498,True,False,7.208872277669181,out_of_bounds,True,0.7058456134967188,0.0,9.20262166224598,0.0,0.0,1.8829331742695017,1,1,1.0,1.793711581496792,1.793711581496792,0.7071067811865476,0.7071067811865476,-0.5,0.5,0.5,1.5707963705062866,simulator_service,service_success,True,,0.0102,0.0,service_success,0.0,False,False
-15.389104,2,3444.130031,False,2.0244357418100933,True,False,0.0,out_of_bounds,True,0.22134550323505428,0.0,2.3214511392460437,0.0,0.0,1.3747589414200718,1,1,1.0,1.793711581496792,1.793711581496792,0.7071067811865476,0.7071067811865476,-0.5,0.5,-0.5,-1.5707963705062866,simulator_service,service_success,True,,0.0086,0.0006,service_success,0.0,False,False
-15.4039135,2,3454.894992,False,8.436316812353876,True,False,7.3025318238088825,out_of_bounds,True,0.17503803933733472,0.0,10.26284560948728,0.0,0.0,1.3641078600292507,1,1,1.0,1.793711581496792,1.793711581496792,0.7071067811865476,0.7071067811865476,-0.5,0.5,0.5,1.5707963705062866,simulator_service,service_success,True,,0.0083,0.0,service_success,0.0,False,False
-15.368406,2,3465.699986,False,3.1574464676436778,True,False,0.0,out_of_bounds,True,0.8394432093501815,0.0,2.857713481609507,0.0,0.0,1.6882779127750678,1,1,1.0,1.793711581496792,1.793711581496792,0.7071067811865476,0.7071067811865476,-0.5,0.5,-0.5,-1.5707963705062866,simulator_service,service_success,True,,0.0096,0.0015,service_success,0.0,False,False
-15.22865,2,3477.824979,False,8.115788590211741,True,False,6.3735923900452285,out_of_bounds,True,0.4769102534023813,0.0,9.20060540037035,0.0,0.0,1.047550079199903,1,1,1.0,1.793711581496792,1.793711581496792,0.7071067811865476,0.7071067811865476,0.5,0.5,0.5,1.5707963705062866,simulator_service,service_success,True,,0.0082,0.0001,service_success,0.0,False,False
-15.4177685,2,3493.353407,False,7.095070969473007,True,False,7.096943135123349,out_of_bounds,True,0.9213342836611087,0.0,10.269847604512528,0.0,0.0,1.153816268620192,1,1,1.0,1.793711581496792,1.793711581496792,0.7071067811865476,0.7071067811865476,0.5,0.5,0.5,-1.5707963705062866,simulator_service,service_success,True,,0.0086,0.0023,service_success,0.0,False,False
-15.533313,2,3505.500005,False,8.678667658412811,True,False,8.270728025779931,out_of_bounds,True,0.7160688977063864,0.0,12.320357511607783,0.0,0.0,1.1458915434586425,1,1,1.0,1.793711581496792,1.793711581496792,0.7071067811865476,0.7071067811865476,-0.5,-0.5,0.5,1.5707963705062866,simulator_service,service_success,True,,0.0094,0.0001,service_success,0.0,False,False
-15.166614,2,3517.517312,False,3.856779230940784,True,False,0.0,out_of_bounds,True,0.1455105782969846,0.0,2.8129538169303183,0.0007208457227638117,0.0007208457227638117,1.6580945359546246,1,1,1.0,1.793711581496792,1.793711581496792,0.7071067811865476,0.7071067811865476,0.5,-0.5,-0.5,-1.5707963705062866,simulator_service,service_success,True,,0.0088,0.0001,service_success,0.0,False,False
-15.138927,2,3529.797441,False,9.475149728037227,True,False,7.327245218436426,out_of_bounds,True,0.29893864827982164,0.0,10.250157091456911,0.0,0.0,1.395161673175439,1,1,1.0,1.793711581496792,1.793711581496792,0.7071067811865476,0.7071067811865476,-0.5,-0.5,0.5,1.5707963705062866,simulator_service,service_success,True,,0.0092,0.0001,service_success,0.0,False,False
-15.266768,2,3541.668295,False,2.2780516600175615,True,False,0.0,out_of_bounds,True,0.6166072760166315,0.0,2.3489829621554823,0.0,0.0,1.3940494288184226,1,1,1.0,1.793711581496792,1.793711581496792,0.7071067811865476,0.7071067811865476,0.5,-0.5,-0.5,1.5707963705062866,simulator_service,service_success,True,,0.0099,0.0006,service_success,0.0,False,False
-15.169995,2,3551.613609,False,1.7788397671815397,True,False,0.0,out_of_bounds,True,0.6515838211028486,0.0,2.335266168362352,0.0,0.0,1.38873014599536,1,1,1.0,1.793711581496792,1.793711581496792,0.7071067811865476,0.7071067811865476,0.5,0.5,-0.5,1.5707963705062866,simulator_service,service_success,True,,0.0099,0.0,service_success,0.0,False,False
-15.545954,2,3566.982039,False,4.13359681288639,True,False,0.0,out_of_bounds,True,0.6176276524481397,0.0,2.803237107213101,0.0,0.0,1.649161968138962,1,1,1.0,1.793711581496792,1.793711581496792,0.7071067811865476,0.7071067811865476,0.5,0.5,-0.5,-1.5707963705062866,simulator_service,service_success,True,,0.0106,0.0032,service_success,0.0,False,False
-15.134558,2,3578.212293,False,2.02336350696596,True,False,0.0,out_of_bounds,True,0.4849188182458259,0.0,2.9451026409819825,0.0,0.0,1.7344460177076366,1,1,1.0,1.793711581496792,1.793711581496792,0.7071067811865476,0.7071067811865476,0.5,0.5,-0.5,1.5707963705062866,simulator_service,service_success,True,,0.01,0.0003,service_success,0.0,False,False
-15.418281,2,3588.999594,False,1.916773172519859,True,False,0.0,out_of_bounds,True,0.9803761642661252,0.0,3.1768208784499548,0.0007238819607762092,0.0007238819607762092,1.868490854164671,1,1,1.0,1.793711581496792,1.793711581496792,0.7071067811865476,0.7071067811865476,0.5,0.5,-0.5,-1.5707963705062866,simulator_service,service_success,True,,0.0101,0.0001,service_success,0.0,False,False
-15.261583,2,3599.970687,False,10.806329664233068,True,False,6.548227979126329,out_of_bounds,True,0.2987155354218877,0.0,9.210992057257696,0.0,0.0,1.2169223673692637,1,1,1.0,1.793711581496792,1.793711581496792,0.7071067811865476,0.7071067811865476,0.5,-0.5,0.5,1.5707963705062866,simulator_service,service_success,True,,0.0121,0.0043,service_success,0.0,False,False
-15.50257,2,3612.184803,False,6.281868058206953,True,False,6.757936120690277,out_of_bounds,True,0.8317101279344923,0.0,7.601314907160955,0.0,0.0,1.4049618017492889,1,1,1.0,1.7243477641743454,1.7243477641743454,0.5059387059885224,0.5059387059885224,0.07729148864746094,0.5,0.5,1.5707963705062866,simulator_service,service_success,True,,0.0087,0.0007,service_success,0.0,False,False
-15.549888,2,3623.175279,False,2.8199089452639514,True,False,0.0,out_of_bounds,True,0.6712609065723623,0.0,2.719907987871541,0.0,0.0,1.6067244360569786,1,1,1.0,1.793711581496792,1.793711581496792,0.7071067811865476,0.7071067811865476,0.5,0.5,-0.5,-1.5707963705062866,simulator_service,service_success,True,,0.0081,0.0001,service_success,0.0,False,False
-15.344198,2,3635.275174,False,7.728973607419453,True,False,6.339285562286512,out_of_bounds,True,0.2875071029363333,0.0,9.174321707116476,0.0,0.0,1.0285852616118485,1,1,1.0,1.793711581496792,1.793711581496792,0.7071067811865476,0.7071067811865476,-0.5,0.5,0.5,1.5707963705062866,simulator_service,service_success,True,,0.0103,0.0,service_success,0.0,False,False
-15.377086,2,3647.534919,False,2.5896510876652794,True,False,0.0,out_of_bounds,True,0.6792051331436632,0.0,1.9910118226531346,0.0,0.0,1.1837938778383281,1,1,1.0,1.793711581496792,1.793711581496792,0.7071067811865476,0.7071067811865476,0.5,0.5,-0.5,-1.5707963705062866,simulator_service,service_success,True,,0.0087,0.0016,service_success,0.0,False,False
-15.528017,2,3658.404204,False,6.82508771430421,True,False,6.9495556294272225,out_of_bounds,True,0.3196432022356051,0.0,10.242773208339797,0.0,0.0,1.0225938590727324,1,1,1.0,1.793711581496792,1.793711581496792,0.7071067811865476,0.7071067811865476,0.5,0.5,0.5,1.5707963705062866,simulator_service,service_success,True,,0.0097,0.0001,service_success,0.0,False,False
-15.477195,2,3670.652939,False,3.088509604279521,True,False,0.0,out_of_bounds,True,0.9437650500523058,0.0,2.1390880891436046,0.0,0.0,1.2725280120494473,1,1,1.0,1.793711581496792,1.793711581496792,0.7071067811865476,0.7071067811865476,0.5,0.5,-0.5,1.5707963705062866,simulator_service,service_success,True,,0.0098,0.0016,service_success,0.0,False,False
-15.507197,2,3682.953082,False,2.6010346474440564,True,False,0.0,out_of_bounds,True,0.5767675832093984,0.0,2.9048278400969902,0.0,0.0,1.7120840538185431,1,1,1.0,1.793711581496792,1.793711581496792,0.7071067811865476,0.7071067811865476,-0.5,0.5,-0.5,-1.5707963705062866,simulator_service,service_success,True,,0.0088,0.0001,service_success,0.0,False,False
-15.366228,2,3693.860868,False,3.0675192437427357,True,False,0.0,out_of_bounds,True,0.11284796871068625,0.0,3.120932362809362,0.0,0.0,1.8387010033642068,1,1,1.0,1.793711581496792,1.793711581496792,0.7071067811865476,0.7071067811865476,-0.5,-0.5,-0.5,1.5707963705062866,simulator_service,service_success,True,,0.0119,0.003,service_success,0.0,False,False
-15.12929,2,3704.951092,False,2.506535107871961,True,False,0.0,out_of_bounds,True,0.1682233539085973,0.0,2.387890452597674,0.0,0.0,1.415322447830167,1,1,1.0,1.793711581496792,1.793711581496792,0.7071067811865476,0.7071067811865476,-0.5,-0.5,-0.5,1.5707963705062866,simulator_service,service_success,True,,0.0103,0.0,service_success,0.0,False,False
-15.178514,2,3717.159687,False,8.433196440152646,True,False,6.864731074445683,out_of_bounds,True,0.14922481294583415,0.0,9.267323482503278,0.0,0.0,1.498529158135256,1,1,1.0,1.793711581496792,1.793711581496792,0.7071067811865476,0.7071067811865476,0.5,0.5,0.5,-1.5707963705062866,simulator_service,service_success,True,,0.009,0.0022,service_success,0.0,False,False
-15.4898405,2,3729.372914,False,2.503641617733896,True,False,0.0,out_of_bounds,True,0.2813920836291862,0.0,2.654681748618276,0.0,0.0,1.5665142961859204,1,1,1.0,1.793711581496792,1.793711581496792,0.7071067811865476,0.7071067811865476,0.5,-0.5,-0.5,1.5707963705062866,simulator_service,service_success,True,,0.0087,0.0003,service_success,0.0,False,False
-15.537361,2,3740.355296,False,6.208565302658628,True,False,0.0,out_of_bounds,True,0.8376707462311103,0.0,2.8403514846728743,0.0,0.0,1.674807604519447,1,1,1.0,1.793711581496792,1.793711581496792,0.7071067811865476,0.7071067811865476,0.5,0.5,-0.5,1.5707963705062866,simulator_service,service_success,True,,0.0096,0.0001,service_success,0.0,False,False
-15.408914,2,3753.968204,False,2.0980402711971524,True,False,0.0,out_of_bounds,True,0.4936171224263176,0.0,3.089103300120085,0.0,0.0,1.8217573102614606,1,1,1.0,1.793711581496792,1.793711581496792,0.7071067811865476,0.7071067811865476,-0.5,-0.5,-0.5,1.5707963705062866,simulator_service,service_success,True,,0.0102,0.0016,service_success,0.0,False,False
-15.181072,2,3764.86816,False,3.3922456350212076,True,False,0.0,out_of_bounds,True,0.9578402045453595,0.0,2.214953822072604,0.0,0.0,1.3152747951055697,1,1,1.0,1.793711581496792,1.793711581496792,0.7071067811865476,0.7071067811865476,0.5,-0.5,-0.5,1.5707963705062866,simulator_service,service_success,True,,0.0092,0.0003,service_success,0.0,False,False
-15.329672,2,3776.006277,False,4.086400357884231,True,False,0.0,out_of_bounds,True,0.07102730576531224,0.0,2.177977814418314,0.0,0.0,1.291931865856336,1,1,1.0,1.793711581496792,1.793711581496792,0.7071067811865476,0.7071067811865476,-0.5,-0.5,-0.5,1.5707963705062866,simulator_service,service_success,True,,0.0085,0.0004,service_success,0.0,False,False
-15.45124,2,3787.077833,False,7.997241085031339,True,False,7.273644703225653,out_of_bounds,True,0.14918475124566802,0.0,9.359226717108129,0.0,0.0,1.8568954131911317,1,1,1.0,1.793711581496792,1.793711581496792,0.7071067811865476,0.7071067811865476,0.5,-0.5,0.5,1.5707963705062866,simulator_service,service_success,True,,0.0087,0.0001,service_success,0.0,False,False
-15.239973,2,3803.05907,False,2.0673343594952636,True,False,0.0,out_of_bounds,True,0.1015309629149342,0.0,2.7715774469286028,0.0,0.0,1.6389052379136202,1,1,1.0,1.793711581496792,1.793711581496792,0.7071067811865476,0.7071067811865476,0.5,-0.5,-0.5,1.5707963705062866,simulator_service,service_success,True,,0.0089,0.0026,service_success,0.0,False,False
-15.488588,2,3816.565735,False,10.787811301345776,True,False,9.586033894815014,out_of_bounds,True,0.04817653854190973,0.0,13.440311084742842,0.0,0.0,1.814505267467624,1,1,1.0,1.793711581496792,1.793711581496792,0.7071067811865476,0.7071067811865476,-0.5,-0.5,0.5,-1.5707963705062866,simulator_service,service_success,True,,0.0083,0.0,service_success,0.0,False,False
-15.215703,2,3827.757801,False,2.3874791183662025,True,False,0.0,out_of_bounds,True,0.9303110844925684,0.0,2.5068672565164123,0.0006894322246221517,0.0006894322246221517,1.485584129870688,1,1,1.0,1.793711581496792,1.793711581496792,0.7071067811865476,0.7071067811865476,-0.5,-0.5,-0.5,1.5707963705062866,simulator_service,service_success,True,,0.0096,0.0028,service_success,0.0,False,False
-15.406689,2,3838.683403,False,7.357058372340407,True,False,6.7387399134817025,out_of_bounds,True,0.35019268042236007,0.0,9.182275571649603,0.0,0.0,1.4242649647466434,1,1,1.0,1.7862248028523509,1.7862248028523509,0.7071067811865476,0.7071067811865476,-0.5,-0.5,0.5,-1.5622416734695435,simulator_service,service_success,True,,0.0078,0.0001,service_success,0.0,False,False
-15.314664,2,3851.277816,False,1.4545037539646182,True,False,0.0,out_of_bounds,True,0.209182266622854,0.0,2.944812811406352,0.0,0.0,1.7309377928147929,1,1,1.0,1.793711581496792,1.793711581496792,0.7071067811865476,0.7071067811865476,0.5,-0.5,-0.5,1.5707963705062866,simulator_service,service_success,True,,0.0096,0.0036,service_success,0.0,False,False
-15.164013,2,3867.148061,False,9.312693665803666,True,False,7.151620755521348,out_of_bounds,True,0.7172884438340292,0.0,10.40042965169923,0.0,0.0,1.133439538269848,1,1,1.0,1.793711581496792,1.793711581496792,0.7071067811865476,0.7071067811865476,0.5,-0.5,0.5,1.5707963705062866,simulator_service,service_success,True,,0.009,0.0,service_success,0.0,False,False
-15.325731,2,3878.293589,False,3.047976169430076,True,False,0.0,out_of_bounds,True,0.29105293414299005,0.0,3.255112859810965,0.0,0.0,1.9094729779779696,1,1,1.0,1.793711581496792,1.793711581496792,0.7071067811865476,0.7071067811865476,-0.5,0.5,-0.5,1.5707963705062866,simulator_service,service_success,True,,0.0093,0.0,service_success,0.0,False,False
-15.560799,2,3889.567943,False,12.352288409517886,True,False,7.078089247100245,out_of_bounds,True,0.1653685106602854,0.0,9.390648987629838,0.0007169332606527755,0.0007169332606527755,1.6430934698239932,1,1,1.0,1.3328767083562296,1.3328767083562296,0.7071067811865476,0.7071067811865476,-0.5,0.5,0.5,1.013193130493164,simulator_service,service_success,True,,0.0095,0.0,service_success,0.0,False,False
-15.515937,2,3901.887688,False,6.602739464496066,True,False,0.0,out_of_bounds,True,0.08917089628849455,0.0,3.102414097390368,0.0,0.0,1.8253121857214352,1,1,1.0,1.793711581496792,1.793711581496792,0.7071067811865476,0.7071067811865476,0.5,0.5,-0.5,1.5707963705062866,simulator_service,service_success,True,,0.0092,0.0005,service_success,0.0,False,False
-15.415558,2,3914.364759,False,8.492088762278605,True,False,7.579279752418582,out_of_bounds,True,0.6462522180579761,0.0,10.339269861134882,0.0,0.0,1.5961310984601504,1,1,1.0,1.793711581496792,1.793711581496792,0.7071067811865476,0.7071067811865476,-0.5,-0.5,0.5,-1.5707963705062866,simulator_service,service_success,True,,0.0083,0.0,service_success,0.0,False,False
-15.124948,2,3926.803314,False,2.137877940734293,True,False,0.0,out_of_bounds,True,0.7771625506404546,0.0,2.187758165530078,0.0,0.0,1.303932645619846,1,1,1.0,1.793711581496792,1.793711581496792,0.7071067811865476,0.7071067811865476,0.5,0.5,-0.5,1.5707963705062866,simulator_service,service_success,True,,0.0108,0.0034,service_success,0.0,False,False
-15.491028,2,3939.376462,False,10.733721248870895,True,False,7.47358602027379,out_of_bounds,True,0.2033904874035706,0.0,10.333998180605105,0.0,0.0,1.4908819243492886,1,1,1.0,1.7935420718751534,1.7935420718751534,0.7066766771236292,0.7066766771236292,-0.4993915557861328,-0.5,0.5,-1.5707963705062866,simulator_service,service_success,True,,0.0096,0.0,service_success,0.0,False,False
-15.13113,2,3950.71762,False,9.742786676828166,True,False,7.6925817735163085,out_of_bounds,True,0.16941118302502578,0.0,10.607551506798963,0.0,0.0,1.5542946649218514,1,1,1.0,1.793711581496792,1.793711581496792,0.7071067811865476,0.7071067811865476,-0.5,-0.5,0.5,1.5707963705062866,simulator_service,service_success,True,,0.011,0.0044,service_success,0.0,False,False
-15.129734,2,3963.308124,False,9.776970324640835,True,False,7.126449790199655,out_of_bounds,True,0.6038416223189786,0.0,9.459509380599986,0.0,0.0,1.6509132015229473,1,1,1.0,1.793711581496792,1.793711581496792,0.7071067811865476,0.7071067811865476,-0.5,-0.5,0.5,-1.5707963705062866,simulator_service,service_success,True,,0.0096,0.0001,service_success,0.0,False,False
-15.367917,2,3974.87376,False,5.271983322640975,True,False,0.0,out_of_bounds,True,0.9135099920643172,0.0,3.276622176662214,0.0,0.0,1.924582744802161,1,1,1.0,1.793711581496792,1.793711581496792,0.7071067811865476,0.7071067811865476,0.5,0.5,-0.5,1.5707963705062866,simulator_service,service_success,True,,0.0081,0.0001,service_success,0.0,False,False
-15.479664,2,3986.143895,False,2.2268265557332807,True,False,0.0,out_of_bounds,True,0.7316413045264852,0.0,3.2061101500199722,0.0,0.0,1.8823149576971487,1,1,1.0,1.793711581496792,1.793711581496792,0.7071067811865476,0.7071067811865476,0.5,-0.5,-0.5,-1.5707963705062866,simulator_service,service_success,True,,0.0095,0.0,service_success,0.0,False,False
-15.217145,2,4001.831087,False,7.460964723948629,True,False,6.444686332724691,out_of_bounds,True,0.34717571076666,0.0,8.633705567035372,0.0,0.0,1.4442496850111175,1,1,1.0,1.793711581496792,1.793711581496792,0.7071067811865476,0.7071067811865476,-0.5,0.5,0.5,1.5707963705062866,simulator_service,service_success,True,,0.0086,0.0016,service_success,0.0,False,False
-15.410119,2,4014.452151,False,3.6398418115023223,True,False,0.0,out_of_bounds,True,0.5876500460039867,0.0,2.7084097740420248,0.0,0.0,1.6005762339197571,1,1,1.0,1.793711581496792,1.793711581496792,0.7071067811865476,0.7071067811865476,-0.5,0.5,-0.5,-1.5707963705062866,simulator_service,service_success,True,,0.0088,0.0005,service_success,0.0,False,False
-15.4642515,2,4025.290284,False,7.722104156419916,True,False,6.836726343017097,out_of_bounds,True,0.36551619971466964,0.0,9.98101531816171,0.0008277902285486116,0.0008277902285486116,1.060832956374344,1,1,1.0,1.597928267580699,1.597928267580699,0.7071067811865476,0.7071067811865476,0.5,0.5,0.5,-1.342897891998291,simulator_service,service_success,True,,0.0103,0.0002,service_success,0.0,False,False
-15.304832,2,4036.355759,False,6.345292929470199,True,False,6.184457136190278,out_of_bounds,True,0.7039261992637069,0.0,8.695753768374805,0.0,0.0,1.1500897261768837,1,1,1.0,1.793711581496792,1.793711581496792,0.7071067811865476,0.7071067811865476,-0.5,0.5,0.5,1.5707963705062866,simulator_service,service_success,True,,0.0072,0.0021,service_success,0.0,False,False
-15.339785,2,4047.401974,False,8.40236992192943,True,False,6.725932332912047,out_of_bounds,True,0.28373952170537226,0.0,8.800489603182385,0.0,0.0,1.63009268348145,1,1,1.0,1.793711581496792,1.793711581496792,0.7071067811865476,0.7071067811865476,-0.5,0.5,0.5,1.5707963705062866,simulator_service,service_success,True,,0.0093,0.0,service_success,0.0,False,False
-15.411064,2,4058.531689,False,6.368998359940706,True,False,6.92003880210053,out_of_bounds,True,0.5074684171861975,0.0,8.800617196461417,0.0,0.0,1.8250130713358255,1,1,1.0,1.793711581496792,1.793711581496792,0.7071067811865476,0.7071067811865476,0.5,0.5,0.5,1.5707963705062866,simulator_service,service_success,True,,0.0088,0.0001,service_success,0.0,False,False
-15.371884,2,4069.672212,False,7.517115312514408,True,False,7.073797316255218,out_of_bounds,True,0.4206240588679376,0.0,8.878309211414628,0.0,0.0,1.9332098303229353,1,1,1.0,1.793711581496792,1.793711581496792,0.7071067811865476,0.7071067811865476,0.5,-0.5,0.5,-1.5707963705062866,simulator_service,service_success,True,,0.0089,0.0001,service_success,0.0,False,False
-15.38988,2,4080.742452,False,6.961570886077005,True,False,6.166079014651635,out_of_bounds,True,0.013027871255852334,0.0,8.818955560071434,0.0,0.0,1.0604842859781753,1,1,1.0,1.793711581496792,1.793711581496792,0.7071067811865476,0.7071067811865476,-0.5,0.5,0.5,1.5707963705062866,simulator_service,service_success,True,,0.0091,0.0001,service_success,0.0,False,False
-15.541167,2,4093.344235,False,3.720550487679701,True,False,0.0,out_of_bounds,True,0.43457921194207383,0.0,1.7541208088398166,0.0,0.0,1.050538888208496,1,1,1.0,1.793711581496792,1.793711581496792,0.7071067811865476,0.7071067811865476,0.5,-0.5,-0.5,1.5707963705062866,simulator_service,service_success,True,,0.009,0.0,service_success,0.0,False,False
-15.386601,2,4104.372135,False,7.448074753476097,True,False,6.84606117277298,out_of_bounds,True,0.3770898525892919,0.0,10.02664919158171,0.0,0.0,1.0435960588035795,1,1,1.0,1.793711581496792,1.793711581496792,0.7071067811865476,0.7071067811865476,-0.5,0.5,0.5,1.5707963705062866,simulator_service,service_success,True,,0.0092,0.0001,service_success,0.0,False,False
-15.402568,2,4115.675333,False,8.224329729546763,True,False,6.271534214747927,out_of_bounds,True,0.5853815560614894,0.0,8.844314580530476,0.0,0.0,1.1515918402887046,1,1,1.0,1.793711581496792,1.793711581496792,0.7071067811865476,0.7071067811865476,-0.5,0.5,0.5,-1.5707963705062866,simulator_service,service_success,True,,0.0101,0.0006,service_success,0.0,False,False
-15.449851,2,4126.739563,False,9.053328228456937,True,False,6.683511082482279,out_of_bounds,True,0.5497258351987325,0.0,8.876635104764901,0.0,0.0,1.5438242335289838,1,1,1.0,1.793711581496792,1.793711581496792,0.7071067811865476,0.7071067811865476,0.5,-0.5,0.5,1.5707963705062866,simulator_service,service_success,True,,0.0109,0.0001,service_success,0.0,False,False
-15.252088,2,4137.97874,False,7.201780176527969,True,False,6.6973627799624245,out_of_bounds,True,0.37069755483808714,0.0,8.83443493995413,0.0,0.0,1.5825038430372882,1,1,1.0,1.793711581496792,1.793711581496792,0.7071067811865476,0.7071067811865476,-0.5,-0.5,0.5,-1.5707963705062866,simulator_service,service_success,True,,0.0087,0.0,service_success,0.0,False,False
-15.228394,2,4149.047983,False,7.881566667121032,True,False,6.270001440532839,out_of_bounds,True,0.9421304773443947,0.0,8.834465721987062,0.0,0.0,1.1553141560694358,1,1,1.0,1.793711581496792,1.793711581496792,0.7071067811865476,0.7071067811865476,0.5,-0.5,0.5,-1.5707963705062866,simulator_service,service_success,True,,0.0091,0.0,service_success,0.0,False,False
-15.538102,2,4160.399453,False,2.8248716323611096,True,False,0.0,out_of_bounds,True,0.7202128373348243,0.0,3.2313759586704256,0.0,0.0,1.8966760109925256,1,1,1.0,1.793711581496792,1.793711581496792,0.7071067811865476,0.7071067811865476,0.5,-0.5,-0.5,1.5707963705062866,simulator_service,service_success,True,,0.0091,0.0001,service_success,0.0,False,False
-15.290124,2,4171.499973,False,6.9800973587215,True,False,7.031630310308519,out_of_bounds,True,0.20208764735762835,0.0,8.825469851169842,0.0,0.0,1.9225489763358155,1,1,1.0,1.793711581496792,1.793711581496792,0.7071067811865476,0.7071067811865476,-0.5,0.5,0.5,-1.5707963705062866,simulator_service,service_success,True,,0.0096,0.0002,service_success,0.0,False,False
-15.383645,2,4182.805094,False,7.873539981660838,True,False,7.0599591466864595,out_of_bounds,True,0.752804411859279,0.0,8.913489242706392,0.0,0.0,1.8991635727301917,1,1,1.0,1.793711581496792,1.793711581496792,0.7071067811865476,0.7071067811865476,-0.5,-0.5,0.5,-1.5707963705062866,simulator_service,service_success,True,,0.0095,0.0006,service_success,0.0,False,False
-15.545322,2,4193.858783,False,4.863784511069664,True,False,0.0,out_of_bounds,True,0.8387647243548229,0.0,2.8873314989988197,0.0,0.0,1.7004738087138767,1,1,1.0,1.793711581496792,1.793711581496792,0.7071067811865476,0.7071067811865476,-0.5,-0.5,-0.5,-1.5707963705062866,simulator_service,service_success,True,,0.0096,0.0001,service_success,0.0,False,False
-15.16522,2,4207.868244,False,8.960955035705307,True,False,6.909611012438193,out_of_bounds,True,0.5162326951072168,0.0,8.894985607393192,0.0,0.0,1.7593755315385642,1,1,1.0,1.793711581496792,1.793711581496792,0.7071067811865476,0.7071067811865476,-0.5,0.5,0.5,-1.5707963705062866,simulator_service,service_success,True,,0.0087,0.0,service_success,0.0,False,False
-15.373536,2,4220.124609,False,1.9708233404300017,True,False,0.0,out_of_bounds,True,0.7014869756616694,0.0,2.563242590284324,0.0,0.0,1.5171321446537076,1,1,1.0,1.793711581496792,1.793711581496792,0.7071067811865476,0.7071067811865476,0.5,-0.5,-0.5,-1.5707963705062866,simulator_service,service_success,True,,0.0095,0.0006,service_success,0.0,False,False
-15.412859,2,4231.738909,False,2.735889908488454,True,False,0.0,out_of_bounds,True,0.001993258067840663,0.0,1.982351093684675,0.0,0.0,1.1828963055575816,1,1,1.0,1.793711581496792,1.793711581496792,0.7071067811865476,0.7071067811865476,0.5,0.5,-0.5,-1.5707963705062866,simulator_service,service_success,True,,0.0076,0.0001,service_success,0.0,False,False
-15.179809,2,4245.114799,False,1.6509494397802895,True,False,0.0,out_of_bounds,True,0.4420260006017962,0.0,1.7189499114206137,0.0,0.0,1.0357771071986488,1,1,1.0,1.793711581496792,1.793711581496792,0.7071067811865476,0.7071067811865476,0.5,-0.5,-0.5,-1.5707963705062866,simulator_service,service_success,True,,0.0108,0.0003,service_success,0.0,False,False
-15.389673,2,4258.144572,False,8.672331556310967,True,False,7.664569594344458,out_of_bounds,True,0.9503857987679513,0.0,11.13898813624586,0.0,0.0,1.2201564754118595,1,1,1.0,1.793711581496792,1.793711581496792,0.7071067811865476,0.7071067811865476,-0.5,-0.5,0.5,-1.5707963705062866,simulator_service,service_success,True,,0.0101,0.001,service_success,0.0,False,False
-15.476366,2,4270.278645,False,2.2402839650873636,True,False,0.0,out_of_bounds,True,0.5504315656426396,0.0,2.729777220618289,0.0,0.0,1.613795063098296,1,1,1.0,1.793711581496792,1.793711581496792,0.7071067811865476,0.7071067811865476,-0.5,-0.5,-0.5,1.5707963705062866,simulator_service,service_success,True,,0.0101,0.0034,service_success,0.0,False,False
-15.376037,2,4283.282027,False,8.708592763509941,True,False,6.898485608909996,out_of_bounds,True,0.39011874287789167,0.0,10.005902179819229,0.0,0.0,1.107183086577846,1,1,1.0,1.793711581496792,1.793711581496792,0.7071067811865476,0.7071067811865476,-0.5,0.5,0.5,1.5707963705062866,simulator_service,service_success,True,,0.0094,0.0001,service_success,0.0,False,False
-15.497915,2,4295.449429,False,3.9016049693193704,True,False,0.0,out_of_bounds,True,0.4168114836264877,0.0,2.4563542492323203,0.0,0.0,1.4594439748584185,1,1,1.0,1.6376910647175116,1.6376910647175116,0.7071067811865476,0.7071067811865476,-0.5,0.5,-0.5,1.3899755477905273,simulator_service,service_success,True,,0.0081,0.001,service_success,0.0,False,False
-15.5220175,2,4307.146253,False,10.30132189375885,True,False,7.72371889156853,out_of_bounds,True,0.11011019820223712,0.0,9.97473168208754,0.0,0.0,1.9519477546746369,1,1,1.0,1.793711581496792,1.793711581496792,0.7071067811865476,0.7071067811865476,0.5,-0.5,0.5,-1.5707963705062866,simulator_service,service_success,True,,0.0095,0.0001,service_success,0.0,False,False
-15.13394,2,4319.246963,False,2.1216103573612473,True,False,0.0,out_of_bounds,True,0.14483845955866947,0.0,1.8296951855636603,0.0,0.0,1.0971165772857872,1,1,1.0,1.793711581496792,1.793711581496792,0.7071067811865476,0.7071067811865476,0.5,0.5,-0.5,1.5707963705062866,simulator_service,service_success,True,,0.0083,0.0024,service_success,0.0,False,False
-15.553423,2,4333.787762,False,11.074851880701669,True,False,7.585718605906198,out_of_bounds,True,0.4272778849495704,0.0,10.08575532837803,0.0,0.0,1.7489783507715602,1,1,1.0,1.793711581496792,1.793711581496792,0.7071067811865476,0.7071067811865476,-0.5,0.5,0.5,-1.5707963705062866,simulator_service,service_success,True,,0.0087,0.0001,service_success,0.0,False,False
-15.278721,2,4345.837901,False,1.7170066421591061,True,False,0.0,out_of_bounds,True,0.39044854427481906,0.0,1.7340643130216262,0.0,0.0,1.0396019582508054,1,1,1.0,1.793711581496792,1.793711581496792,0.7071067811865476,0.7071067811865476,-0.5,-0.5,-0.5,1.5707963705062866,simulator_service,service_success,True,,0.008,0.0002,service_success,0.0,False,False
-15.4156475,2,4362.839076,False,7.1003039731463575,True,False,6.933198514182744,out_of_bounds,True,0.4189134338921583,0.0,9.963457846932583,0.0,0.0,1.167251178738984,1,1,1.0,1.793711581496792,1.793711581496792,0.7071067811865476,0.7071067811865476,0.5,0.5,0.5,1.5707963705062866,simulator_service,service_success,True,,0.0071,0.0001,service_success,0.0,False,False
-15.449203,2,4374.857975,False,13.192647800725311,True,False,9.888567064451506,out_of_bounds,True,0.3872786963905959,0.0,14.505100598587385,0.0,0.0,1.5015571568049646,1,1,1.0,1.793711581496792,1.793711581496792,0.7071067811865476,0.7071067811865476,0.5,-0.5,0.5,-1.5707963705062866,simulator_service,service_success,True,,0.0087,0.0005,service_success,0.0,False,False
-15.494524,2,4387.016302,False,4.483628362025452,True,False,0.0,out_of_bounds,True,0.7077622692888825,0.0,2.376320117589476,0.003715642304115434,0.003715642304115434,1.408799980312779,1,1,1.0,1.793711581496792,1.793711581496792,0.7071067811865476,0.7071067811865476,0.5,-0.5,-0.5,1.5707963705062866,simulator_service,service_success,True,,0.0089,0.0001,service_success,0.0,False,False
-15.548722,2,4398.863819,False,7.622771153475459,True,False,7.707526129751835,out_of_bounds,True,0.9570370385222179,0.0,10.059186653502584,0.0,0.0,1.8852699558171302,1,1,1.0,1.793711581496792,1.793711581496792,0.7071067811865476,0.7071067811865476,0.5,-0.5,0.5,-1.5707963705062866,simulator_service,service_success,True,,0.0078,0.0001,service_success,0.0,False,False
-15.230729,2,4411.301312,False,8.321611937832511,True,False,7.0941429467172314,out_of_bounds,True,0.3461816428377753,0.0,9.075706322678164,0.0,0.0,1.8391608173892753,1,1,1.0,1.793711581496792,1.793711581496792,0.7071067811865476,0.7071067811865476,0.5,0.5,0.5,1.5707963705062866,simulator_service,service_success,True,,0.0087,0.0024,service_success,0.0,False,False
-15.337525,2,4422.975898,False,7.740042081679545,True,False,7.119128864130197,out_of_bounds,True,0.5652133218042065,0.0,10.05957238666649,0.0,0.0,1.2977938841520689,1,1,1.0,1.793711581496792,1.793711581496792,0.7071067811865476,0.7071067811865476,-0.5,-0.5,0.5,-1.5707963705062866,simulator_service,service_success,True,,0.0087,0.0,service_success,0.0,False,False
-15.352744,2,4436.715396,False,8.790077007922704,True,False,6.558903043258652,out_of_bounds,True,0.553808385203292,0.0,8.93988156877647,0.0,0.0,1.3847647796504938,1,1,1.0,1.793711581496792,1.793711581496792,0.7071067811865476,0.7071067811865476,0.5,0.5,0.5,1.5707963705062866,simulator_service,service_success,True,,0.0078,0.0001,service_success,0.0,False,False
-15.409176,2,4448.334047,False,8.781800482762248,True,False,7.9371527960571235,out_of_bounds,True,0.1642550054432367,0.0,11.172596519052671,0.0,0.0,1.4731533671522345,1,1,1.0,1.793711581496792,1.793711581496792,0.7071067811865476,0.7071067811865476,-0.5,0.5,0.5,-1.5707963705062866,simulator_service,service_success,True,,0.0086,0.0001,service_success,0.0,False,False
-15.387181,2,4462.089263,False,6.086461792092363,True,False,7.108940525468728,out_of_bounds,True,0.7216588302339745,0.0,7.797940263735804,0.0,0.0,1.993540394111347,1,1,1.0,1.7467450679621477,1.7467450679621477,0.5776825208143003,0.5776825208143003,-0.2893390655517578,0.5,0.5,1.5707963705062866,simulator_service,service_success,True,,0.0085,0.0001,service_success,0.0,False,False
-15.282126,2,4473.757096,False,10.428216247312598,True,False,7.788808977719475,out_of_bounds,True,0.3119925762386597,0.0,11.213622813646461,0.0,0.0,1.3002773368173475,1,1,1.0,1.793711581496792,1.793711581496792,0.7071067811865476,0.7071067811865476,0.5,0.5,0.5,1.5707963705062866,simulator_service,service_success,True,,0.009,0.0,service_success,0.0,False,False
-15.498922,2,4491.580516,False,3.7579686874194977,True,False,0.0,out_of_bounds,True,0.5940656455512884,0.0,2.112103621197857,0.0,0.0,1.2594429068546014,1,1,1.0,1.793711581496792,1.793711581496792,0.7071067811865476,0.7071067811865476,-0.5,-0.5,-0.5,1.5707963705062866,simulator_service,service_success,True,,0.0087,0.0001,service_success,0.0,False,False
-15.1997595,2,4503.17407,False,2.738386802195649,True,False,0.0,out_of_bounds,True,0.550201570661312,0.0,3.098583224423013,0.0,0.0,1.8227966298279983,1,1,1.0,1.793711581496792,1.793711581496792,0.7071067811865476,0.7071067811865476,-0.5,-0.5,-0.5,1.5707963705062866,simulator_service,service_success,True,,0.0087,0.0001,service_success,0.0,False,False
-15.439965,2,4516.030845,False,2.2269308866572644,True,False,0.0,out_of_bounds,True,0.2246262086600247,0.0,2.4819259197475447,0.009646858195428997,0.009646858195428997,1.4627081789542282,1,1,1.0,1.793711581496792,1.793711581496792,0.7071067811865476,0.7071067811865476,0.5,-0.5,-0.5,1.5707963705062866,simulator_service,service_success,True,,0.0081,0.0002,service_success,0.0,False,False
-15.273596,2,4527.42137,False,1.4143506240676205,True,False,0.0,out_of_bounds,True,0.6302654565044634,0.0,3.148918703160469,0.0,0.0,1.8510715465568537,1,1,1.0,1.793711581496792,1.793711581496792,0.7071067811865476,0.7071067811865476,0.5,0.5,-0.5,1.5707963705062866,simulator_service,service_success,True,,0.01,0.0038,service_success,0.0,False,False
-15.444747,2,4540.625558,False,2.386017198887513,True,False,0.0,out_of_bounds,True,0.5972501524623439,0.0,2.455202659741027,0.0,0.0,1.453798798102842,1,1,1.0,1.793711581496792,1.793711581496792,0.7071067811865476,0.7071067811865476,-0.5,0.5,-0.5,1.5707963705062866,simulator_service,service_success,True,,0.0123,0.0005,service_success,0.0,False,False
-15.55301,2,4558.15449,False,3.025844650420937,True,False,0.0,out_of_bounds,True,0.9521280094473243,0.0,2.6793743059839197,0.0,0.0,1.586650138412142,1,1,1.0,1.793711581496792,1.793711581496792,0.7071067811865476,0.7071067811865476,-0.5,0.5,-0.5,1.5707963705062866,simulator_service,service_success,True,,0.0115,0.001,service_success,0.0,False,False
-15.210219,2,4572.016502,False,2.0200648234000234,True,False,0.0,out_of_bounds,True,0.5351642012633092,0.0,3.17638114614299,0.0,0.0,1.868139952737191,1,1,1.0,1.793711581496792,1.793711581496792,0.7071067811865476,0.7071067811865476,-0.5,-0.5,-0.5,1.5707963705062866,simulator_service,service_success,True,,0.0101,0.0015,service_success,0.0,False,False
-15.27494,2,4584.015977,False,9.559594004132036,True,False,8.019457483724418,out_of_bounds,True,0.552961147091633,0.0,11.301287272897897,0.012824579657292511,0.012824579657292511,1.4824267610715887,1,1,1.0,1.793711581496792,1.793711581496792,0.7071067811865476,0.7071067811865476,0.5,0.5,0.5,-1.5707963705062866,simulator_service,service_success,True,,0.0086,0.0013,service_success,0.0,False,False
-15.55236,2,4596.917229,False,8.733921986569706,True,False,6.767719856399933,out_of_bounds,True,0.7287391507881632,0.0,9.269491432382873,0.0,0.0,1.4027857731279494,1,1,1.0,1.793711581496792,1.793711581496792,0.7071067811865476,0.7071067811865476,0.5,-0.5,0.5,-1.5707963705062866,simulator_service,service_success,True,,0.0098,0.0037,service_success,0.0,False,False
-15.546017,2,4608.476628,False,6.781739530840012,True,False,7.201613943767744,out_of_bounds,True,0.0816516585872948,0.0,10.209080196404654,0.0,0.0,1.2942428018547782,1,1,1.0,1.793711581496792,1.793711581496792,0.7071067811865476,0.7071067811865476,0.5,-0.5,0.5,-1.5707963705062866,simulator_service,service_success,True,,0.0088,0.0,service_success,0.0,False,False
-15.442885,2,4621.958524,False,8.096364321452485,True,False,7.146741499040941,out_of_bounds,True,0.9555305373900993,0.0,9.355998264357476,0.0,0.0,1.7307364460481491,1,1,1.0,1.793711581496792,1.793711581496792,0.7071067811865476,0.7071067811865476,0.5,0.5,0.5,-1.5707963705062866,simulator_service,service_success,True,,0.0105,0.0001,service_success,0.0,False,False
-15.413111,2,4634.369254,False,10.487552379808884,True,False,8.464540525652252,out_of_bounds,True,0.08955052438456597,0.0,11.37207474316147,0.0,0.0,1.8849689835946832,1,1,1.0,1.793711581496792,1.793711581496792,0.7071067811865476,0.7071067811865476,-0.5,0.5,0.5,1.5707963705062866,simulator_service,service_success,True,,0.009,0.0,service_success,0.0,False,False
-15.219235,2,4648.642697,False,8.221355067509608,True,False,7.323836629094165,out_of_bounds,True,0.060303036863165495,0.0,9.425450274218777,0.0,0.0,1.8680038933075243,1,1,1.0,1.793711581496792,1.793711581496792,0.7071067811865476,0.7071067811865476,-0.5,0.5,0.5,1.5707963705062866,simulator_service,service_success,True,,0.0095,0.0001,service_success,0.0,False,False
-15.404591,2,4660.645935,False,9.410557228745057,True,False,8.430804676279019,out_of_bounds,True,0.9375572005012307,0.0,11.64064219950976,0.0,0.0,1.697128094340582,1,1,1.0,1.793711581496792,1.793711581496792,0.7071067811865476,0.7071067811865476,0.5,-0.5,0.5,-1.5707963705062866,simulator_service,service_success,True,,0.0082,0.0001,service_success,0.0,False,False
-15.353384,2,4674.040642,False,8.32864843654176,True,False,7.3063822942203664,out_of_bounds,True,0.8899422248746581,0.0,9.538451421936802,0.0,0.0,1.7859988078821971,1,1,1.0,1.793711581496792,1.793711581496792,0.7071067811865476,0.7071067811865476,0.5,0.5,0.5,-1.5707963705062866,simulator_service,service_success,True,,0.0081,0.0,service_success,0.0,False,False
-15.208884,2,4685.746748,False,2.7344838464888634,True,False,0.0,out_of_bounds,True,0.8396613147008143,0.0,2.2107011066516815,0.0,0.0,1.511613748014561,1,1,1.0,1.737506435416015,1.737506435416015,0.5491150840364372,0.5491150840364372,0.5,0.22699642181396484,-0.5,-1.5707963705062866,simulator_service,service_success,True,,0.0084,0.0001,service_success,0.0,False,False
-15.160075,2,4699.450013,False,8.892624244191106,True,False,7.350295753025599,out_of_bounds,True,0.8671858595344301,0.0,9.538497320856361,0.0,0.0,1.8292155498298956,1,1,1.0,1.793711581496792,1.793711581496792,0.7071067811865476,0.7071067811865476,0.5,0.5,0.5,1.5707963705062866,simulator_service,service_success,True,,0.0097,0.0001,service_success,0.0,False,False
-15.432977,2,4710.988267,False,2.4564447306809707,True,False,0.0,out_of_bounds,True,0.22789397942890635,0.0,1.9645713001588396,0.0,0.0,1.1785150839018452,1,1,1.0,1.793711581496792,1.793711581496792,0.7071067811865476,0.7071067811865476,0.5,0.5,-0.5,-1.5707963705062866,simulator_service,service_success,True,,0.0103,0.0004,service_success,0.0,False,False
-15.480304,2,4724.938938,False,3.506282618251799,True,False,0.0,out_of_bounds,True,0.5042054689530835,0.0,1.597205914204893,0.0,0.0,1.0580501406552998,1,1,1.0,1.7533259005586186,1.7533259005586186,0.5972859248081841,0.5972859248081841,0.32672691345214844,-0.5,-0.5,-1.5707963705062866,simulator_service,service_success,True,,0.0092,0.0001,service_success,0.0,False,False
-15.263913,2,4739.237295,False,2.3864787672507677,True,False,0.0,out_of_bounds,True,0.46965980327504336,0.0,2.65406384854131,0.0,0.0,1.5671146179526256,1,1,1.0,1.793711581496792,1.793711581496792,0.7071067811865476,0.7071067811865476,0.5,0.5,-0.5,-1.5707963705062866,simulator_service,service_success,True,,0.0114,0.0006,service_success,0.0,False,False
-15.383402,2,4753.375897,False,2.855145231328616,True,False,0.0,out_of_bounds,True,0.32590269615715306,0.0,1.8931073386067678,0.0,0.0,1.1303387661859394,1,1,1.0,1.793711581496792,1.793711581496792,0.7071067811865476,0.7071067811865476,-0.5,-0.5,-0.5,-1.5707963705062866,simulator_service,service_success,True,,0.0094,0.0026,service_success,0.0,False,False
-15.348372,2,4767.78421,False,2.469491709805147,True,False,0.0,out_of_bounds,True,0.26889975294690044,0.0,1.8333802957319885,0.0,0.0,1.0990422966939735,1,1,1.0,1.793711581496792,1.793711581496792,0.7071067811865476,0.7071067811865476,0.5,-0.5,-0.5,-1.5707963705062866,simulator_service,service_success,True,,0.0064,0.0019,service_success,0.0,False,False
-15.30396,2,4785.796811,False,9.92079744974014,True,False,8.364877080572743,out_of_bounds,True,0.2484720008894532,0.0,11.961832623086648,0.0,0.0,1.4457168219321814,1,1,1.0,1.793711581496792,1.793711581496792,0.7071067811865476,0.7071067811865476,0.5,0.5,0.5,1.5707963705062866,simulator_service,service_success,True,,0.0095,0.0025,service_success,0.0,False,False
-15.152281,2,4799.041305,False,14.92704532301071,True,False,9.842890191746768,out_of_bounds,True,0.6595389744189445,0.0,14.426641949621754,0.0,0.0,1.502264002130318,1,1,1.0,1.793711581496792,1.793711581496792,0.7071067811865476,0.7071067811865476,0.5,0.5,0.5,1.5707963705062866,simulator_service,service_success,True,,0.0059,0.0002,service_success,0.0,False,False
-15.550953,2,4813.254606,False,8.32865831780166,True,False,7.899476314375154,out_of_bounds,True,0.5546173073378443,0.0,10.98890727373948,0.0,0.0,1.5430637456654708,1,1,1.0,1.793711581496792,1.793711581496792,0.7071067811865476,0.7071067811865476,-0.5,0.5,0.5,1.5707963705062866,simulator_service,service_success,True,,0.0085,0.0001,service_success,0.0,False,False
-15.176756,2,4827.528036,False,13.373307789855533,True,False,8.799048392371478,out_of_bounds,True,0.30315997788939003,0.0,11.96160266052589,0.0,0.0,1.8797645635398772,1,1,1.0,1.793711581496792,1.793711581496792,0.7071067811865476,0.7071067811865476,0.5,0.5,0.5,1.5707963705062866,simulator_service,service_success,True,,0.0104,0.0,service_success,0.0,False,False
-15.328837,2,4841.768306,False,2.7023893244794146,True,False,0.0,out_of_bounds,True,0.12382858732134286,0.0,2.377190343196615,0.0,0.0,1.4118528843054419,1,1,1.0,1.793711581496792,1.793711581496792,0.7071067811865476,0.7071067811865476,-0.5,-0.5,-0.5,1.5707963705062866,simulator_service,service_success,True,,0.0089,0.0,service_success,0.0,False,False
